id,split,group_id,question_type
train_0001.jpg,train,g_train_0001.jpg,text_other
train_0002.jpg,train,g_train_0002.jpg,text_other
train_0003.jpg,train,g_train_0003.jpg,negation
train_0004.jpg,train,g_train_0004.jpg,text_other
train_0005.jpg,holdout,g_train_0005.jpg,text_other
train_0006.jpg,train,g_train_0006.jpg,position
train_0007.jpg,holdout,g_train_0007.jpg,text_other
train_0008.jpg,train,g_train_0008.jpg,number
train_0009.jpg,train,g_train_0009.jpg,number
train_0010.jpg,train,g_train_0010.jpg,price
train_0011.jpg,train,g_train_0011.jpg,text_other
train_0012.jpg,train,g_train_0012.jpg,text_other
train_0013.jpg,holdout,g_train_0013.jpg,text_other
train_0014.jpg,train,g_train_0014.jpg,price
train_0015.jpg,train,g_train_0015.jpg,position
train_0016.jpg,train,g_train_0016.jpg,text_other
train_0017.jpg,valid,g_train_0017.jpg,text_other
train_0018.jpg,train,g_train_0018.jpg,text_other
train_0019.jpg,holdout,g_train_0019.jpg,position
train_0020.jpg,train,g_train_0020.jpg,price
train_0021.jpg,train,g_train_0021.jpg,text_other
train_0022.jpg,holdout,g_train_0022.jpg,text_other
train_0023.jpg,holdout,g_train_0023.jpg,text_other
train_0024.jpg,train,g_train_0024.jpg,text_other
train_0025.jpg,train,g_train_0025.jpg,number
train_0026.jpg,train,g_train_0026.jpg,text_other
train_0027.jpg,train,g_train_0027.jpg,text_other
train_0028.jpg,train,g_train_0028.jpg,text_other
train_0029.jpg,train,g_train_0029.jpg,text_other
train_0030.jpg,train,g_train_0030.jpg,text_other
train_0031.jpg,train,g_train_0031.jpg,text_other
train_0032.jpg,train,g_train_0032.jpg,price
train_0033.jpg,train,g_train_0033.jpg,text_other
train_0034.jpg,valid,g_train_0034.jpg,text_other
train_0035.jpg,train,g_train_0035.jpg,text_other
train_0036.jpg,train,g_train_0036.jpg,position
train_0037.jpg,train,g_train_0037.jpg,text_other
train_0038.jpg,train,g_train_0038.jpg,negation
train_0039.jpg,train,g_train_0039.jpg,price
train_0040.jpg,train,g_train_0040.jpg,text_other
train_0041.jpg,valid,g_train_0041.jpg,position
train_0042.jpg,holdout,g_train_0042.jpg,text_other
train_0043.jpg,holdout,g_train_0043.jpg,price
train_0044.jpg,train,g_train_0044.jpg,price
train_0045.jpg,train,g_train_0045.jpg,price
train_0046.jpg,train,g_train_0046.jpg,text_other
train_0047.jpg,train,g_train_0047.jpg,text_other
train_0048.jpg,train,g_train_0048.jpg,position
train_0049.jpg,train,g_train_0049.jpg,text_other
train_0050.jpg,train,g_train_0050.jpg,text_other
train_0051.jpg,train,g_train_0051.jpg,text_other
train_0052.jpg,train,g_train_0052.jpg,text_other
train_0053.jpg,train,g_train_0053.jpg,negation
train_0054.jpg,holdout,g_train_0054.jpg,text_other
train_0055.jpg,holdout,g_train_0055.jpg,text_other
train_0056.jpg,train,g_train_0056.jpg,text_other
train_0057.jpg,train,g_train_0057.jpg,price
train_0058.jpg,holdout,g_train_0058.jpg,position
train_0059.jpg,train,g_train_0059.jpg,text_other
train_0060.jpg,train,g_train_0060.jpg,text_other
train_0061.jpg,holdout,g_train_0061.jpg,text_other
train_0062.jpg,holdout,g_train_0062.jpg,position
train_0063.jpg,train,g_train_0063.jpg,text_other
train_0064.jpg,train,g_train_0064.jpg,number
train_0065.jpg,valid,g_train_0065.jpg,text_other
train_0066.jpg,train,g_train_0066.jpg,text_other
train_0067.jpg,valid,g_train_0067.jpg,text_other
train_0068.jpg,train,g_train_0068.jpg,position
train_0069.jpg,train,g_train_0069.jpg,text_other
train_0070.jpg,train,g_train_0070.jpg,price
train_0071.jpg,train,g_train_0071.jpg,text_other
train_0072.jpg,train,g_train_0072.jpg,price
train_0073.jpg,holdout,g_train_0073.jpg,number
train_0074.jpg,valid,g_train_0074.jpg,text_other
train_0075.jpg,train,g_train_0075.jpg,text_other
train_0076.jpg,train,g_train_0076.jpg,text_other
train_0077.jpg,train,g_train_0077.jpg,price
train_0078.jpg,train,g_train_0078.jpg,text_other
train_0079.jpg,train,g_train_0079.jpg,text_other
train_0080.jpg,train,g_train_0080.jpg,text_other
train_0081.jpg,train,g_train_0081.jpg,position
train_0082.jpg,valid,g_train_0082.jpg,price
train_0083.jpg,valid,g_train_0083.jpg,text_other
train_0084.jpg,train,g_train_0084.jpg,text_other
train_0085.jpg,train,g_train_0085.jpg,text_other
train_0086.jpg,train,g_train_0086.jpg,text_other
train_0087.jpg,train,g_train_0087.jpg,price
train_0088.jpg,train,g_train_0088.jpg,text_other
train_0089.jpg,train,g_train_0089.jpg,number
train_0090.jpg,train,g_train_0090.jpg,text_other
train_0091.jpg,train,g_train_0091.jpg,text_other
train_0092.jpg,train,g_train_0092.jpg,price
train_0093.jpg,train,g_train_0093.jpg,text_other
train_0094.jpg,train,g_train_0094.jpg,position
train_0095.jpg,train,g_train_0095.jpg,price
train_0096.jpg,train,g_train_0096.jpg,price
train_0097.jpg,train,g_train_0097.jpg,text_other
train_0098.jpg,train,g_train_0098.jpg,text_other
train_0099.jpg,holdout,g_train_0099.jpg,text_other
train_0100.jpg,train,g_train_0100.jpg,price
train_0101.jpg,train,g_train_0101.jpg,text_other
train_0102.jpg,train,g_train_0102.jpg,text_other
train_0103.jpg,valid,g_train_0103.jpg,negation
train_0104.jpg,train,g_train_0104.jpg,price
train_0105.jpg,train,g_train_0105.jpg,text_other
train_0106.jpg,train,g_train_0106.jpg,text_other
train_0107.jpg,train,g_train_0107.jpg,text_other
train_0108.jpg,train,g_train_0108.jpg,text_other
train_0109.jpg,train,g_train_0109.jpg,number
train_0110.jpg,train,g_train_0110.jpg,price
train_0111.jpg,train,g_train_0111.jpg,text_other
train_0112.jpg,train,g_train_0112.jpg,position
train_0113.jpg,valid,g_train_0113.jpg,number
train_0114.jpg,train,g_train_0114.jpg,text_other
train_0115.jpg,train,g_train_0115.jpg,position
train_0116.jpg,train,g_train_0116.jpg,text_other
train_0117.jpg,train,g_train_0117.jpg,text_other
train_0118.jpg,train,g_train_0118.jpg,price
train_0119.jpg,train,g_train_0119.jpg,text_other
train_0120.jpg,train,g_train_0120.jpg,text_other
train_0121.jpg,holdout,g_train_0121.jpg,text_other
train_0122.jpg,train,g_train_0122.jpg,text_other
train_0123.jpg,train,g_train_0123.jpg,text_other
train_0124.jpg,train,g_train_0124.jpg,text_other
train_0125.jpg,train,g_train_0125.jpg,text_other
train_0126.jpg,holdout,g_train_0126.jpg,text_other
train_0127.jpg,train,g_train_0127.jpg,number
train_0128.jpg,train,g_train_0128.jpg,text_other
train_0129.jpg,train,g_train_0129.jpg,number
train_0130.jpg,train,g_train_0130.jpg,position
train_0131.jpg,holdout,g_train_0131.jpg,text_other
train_0132.jpg,train,g_train_0132.jpg,text_other
train_0133.jpg,train,g_train_0133.jpg,text_other
train_0134.jpg,train,g_train_0134.jpg,number
train_0135.jpg,train,g_train_0135.jpg,text_other
train_0136.jpg,train,g_train_0136.jpg,text_other
train_0137.jpg,train,g_train_0137.jpg,number
train_0138.jpg,holdout,g_train_0138.jpg,text_other
train_0139.jpg,train,g_train_0139.jpg,negation
train_0140.jpg,train,g_train_0140.jpg,text_other
train_0141.jpg,train,g_train_0141.jpg,text_other
train_0142.jpg,train,g_train_0142.jpg,number
train_0143.jpg,train,g_train_0143.jpg,text_other
train_0144.jpg,train,g_train_0144.jpg,number
train_0145.jpg,train,g_train_0145.jpg,text_other
train_0146.jpg,holdout,g_train_0146.jpg,text_other
train_0147.jpg,train,g_train_0147.jpg,number
train_0148.jpg,train,g_train_0148.jpg,text_other
train_0149.jpg,train,g_train_0149.jpg,price
train_0150.jpg,train,g_train_0150.jpg,position
train_0151.jpg,train,g_train_0151.jpg,text_other
train_0152.jpg,train,g_train_0152.jpg,text_other
train_0153.jpg,holdout,g_train_0153.jpg,position
train_0154.jpg,train,g_train_0154.jpg,text_other
train_0155.jpg,train,g_train_0155.jpg,position
train_0156.jpg,train,g_train_0156.jpg,number
train_0157.jpg,train,g_train_0157.jpg,number
train_0158.jpg,holdout,g_train_0158.jpg,text_other
train_0159.jpg,train,g_train_0159.jpg,text_other
train_0160.jpg,train,g_train_0160.jpg,text_other
train_0161.jpg,train,g_train_0161.jpg,price
train_0162.jpg,holdout,g_train_0162.jpg,text_other
train_0163.jpg,valid,g_train_0163.jpg,number
train_0164.jpg,valid,g_train_0164.jpg,position
train_0165.jpg,train,g_train_0165.jpg,text_other
train_0166.jpg,train,g_train_0166.jpg,position
train_0167.jpg,train,g_train_0167.jpg,text_other
train_0168.jpg,train,g_train_0168.jpg,price
train_0169.jpg,train,g_train_0169.jpg,text_other
train_0170.jpg,valid,g_train_0170.jpg,text_other
train_0171.jpg,train,g_train_0171.jpg,text_other
train_0172.jpg,train,g_train_0172.jpg,text_other
train_0173.jpg,train,g_train_0173.jpg,text_other
train_0174.jpg,train,g_train_0174.jpg,text_other
train_0175.jpg,train,g_train_0175.jpg,text_other
train_0176.jpg,train,g_train_0176.jpg,text_other
train_0177.jpg,holdout,g_train_0177.jpg,text_other
train_0178.jpg,train,g_train_0178.jpg,text_other
train_0179.jpg,holdout,g_train_0179.jpg,text_other
train_0180.jpg,train,g_train_0180.jpg,text_other
train_0181.jpg,holdout,g_train_0181.jpg,text_other
train_0182.jpg,train,g_train_0182.jpg,text_other
train_0183.jpg,train,g_train_0183.jpg,position
train_0184.jpg,train,g_train_0184.jpg,price
train_0185.jpg,train,g_train_0185.jpg,number
train_0186.jpg,train,g_train_0186.jpg,text_other
train_0187.jpg,valid,g_train_0187.jpg,text_other
train_0188.jpg,train,g_train_0188.jpg,text_other
train_0189.jpg,train,g_train_0189.jpg,text_other
train_0190.jpg,train,g_train_0190.jpg,number
train_0191.jpg,train,g_train_0191.jpg,price
train_0192.jpg,train,g_train_0192.jpg,price
train_0193.jpg,valid,g_train_0193.jpg,text_other
train_0194.jpg,train,g_train_0194.jpg,text_other
train_0195.jpg,train,g_train_0195.jpg,text_other
train_0196.jpg,train,g_train_0196.jpg,price
train_0197.jpg,train,g_train_0197.jpg,text_other
train_0198.jpg,holdout,g_train_0198.jpg,text_other
train_0199.jpg,train,g_train_0199.jpg,text_other
train_0200.jpg,train,g_train_0200.jpg,text_other
train_0201.jpg,train,g_train_0201.jpg,text_other
train_0202.jpg,train,g_train_0202.jpg,text_other
train_0203.jpg,valid,g_train_0203.jpg,price
train_0204.jpg,train,g_train_0204.jpg,text_other
train_0205.jpg,train,g_train_0205.jpg,position
train_0206.jpg,train,g_train_0206.jpg,text_other
train_0207.jpg,valid,g_train_0207.jpg,price
train_0208.jpg,train,g_train_0208.jpg,text_other
train_0209.jpg,valid,g_train_0209.jpg,text_other
train_0210.jpg,train,g_train_0210.jpg,negation
train_0211.jpg,train,g_train_0211.jpg,price
train_0212.jpg,train,g_train_0212.jpg,price
train_0213.jpg,train,g_train_0213.jpg,price
train_0214.jpg,valid,g_train_0214.jpg,position
train_0215.jpg,train,g_train_0215.jpg,price
train_0216.jpg,train,g_train_0216.jpg,text_other
train_0217.jpg,holdout,g_train_0217.jpg,price
train_0218.jpg,valid,g_train_0218.jpg,number
train_0219.jpg,train,g_train_0219.jpg,text_other
train_0220.jpg,train,g_train_0220.jpg,text_other
train_0221.jpg,valid,g_train_0221.jpg,text_other
train_0222.jpg,train,g_train_0222.jpg,text_other
train_0223.jpg,train,g_train_0223.jpg,number
train_0224.jpg,train,g_train_0224.jpg,text_other
train_0225.jpg,train,g_train_0225.jpg,text_other
train_0226.jpg,valid,g_train_0226.jpg,text_other
train_0227.jpg,train,g_train_0227.jpg,position
train_0228.jpg,holdout,g_train_0228.jpg,text_other
train_0229.jpg,valid,g_train_0229.jpg,text_other
train_0230.jpg,train,g_train_0230.jpg,text_other
train_0231.jpg,train,g_train_0231.jpg,text_other
train_0232.jpg,train,g_train_0232.jpg,text_other
train_0233.jpg,train,g_train_0233.jpg,number
train_0234.jpg,train,g_train_0234.jpg,text_other
train_0235.jpg,train,g_train_0235.jpg,price
train_0236.jpg,train,g_train_0236.jpg,price
train_0237.jpg,valid,g_train_0237.jpg,text_other
train_0238.jpg,train,g_train_0238.jpg,text_other
train_0239.jpg,train,g_train_0239.jpg,position
train_0240.jpg,train,g_train_0240.jpg,text_other
train_0241.jpg,train,g_train_0241.jpg,number
train_0242.jpg,train,g_train_0242.jpg,negation
train_0243.jpg,train,g_train_0243.jpg,number
train_0244.jpg,train,g_train_0244.jpg,text_other
train_0245.jpg,train,g_train_0245.jpg,text_other
train_0246.jpg,train,g_train_0246.jpg,text_other
train_0247.jpg,train,g_train_0247.jpg,price
train_0248.jpg,train,g_train_0248.jpg,text_other
train_0249.jpg,holdout,g_train_0249.jpg,price
train_0250.jpg,train,g_train_0250.jpg,position
train_0251.jpg,train,g_train_0251.jpg,negation
train_0252.jpg,train,g_train_0252.jpg,number
train_0253.jpg,train,g_train_0253.jpg,text_other
train_0254.jpg,valid,g_train_0254.jpg,text_other
train_0255.jpg,train,g_train_0255.jpg,text_other
train_0256.jpg,holdout,g_train_0256.jpg,text_other
train_0257.jpg,train,g_train_0257.jpg,text_other
train_0258.jpg,train,g_train_0258.jpg,text_other
train_0259.jpg,train,g_train_0259.jpg,price
train_0260.jpg,train,g_train_0260.jpg,text_other
train_0261.jpg,train,g_train_0261.jpg,text_other
train_0262.jpg,train,g_train_0262.jpg,number
train_0263.jpg,train,g_train_0263.jpg,price
train_0264.jpg,train,g_train_0264.jpg,text_other
train_0265.jpg,train,g_train_0265.jpg,text_other
train_0266.jpg,train,g_train_0266.jpg,text_other
train_0267.jpg,holdout,g_train_0267.jpg,text_other
train_0268.jpg,train,g_train_0268.jpg,text_other
train_0269.jpg,train,g_train_0269.jpg,text_other
train_0270.jpg,train,g_train_0270.jpg,text_other
train_0271.jpg,holdout,g_train_0271.jpg,position
train_0272.jpg,train,g_train_0272.jpg,text_other
train_0273.jpg,train,g_train_0273.jpg,price
train_0274.jpg,train,g_train_0274.jpg,text_other
train_0275.jpg,train,g_train_0275.jpg,price
train_0276.jpg,valid,g_train_0276.jpg,text_other
train_0277.jpg,train,g_train_0277.jpg,text_other
train_0278.jpg,train,g_train_0278.jpg,price
train_0279.jpg,train,g_train_0279.jpg,text_other
train_0280.jpg,train,g_train_0280.jpg,price
train_0281.jpg,train,g_train_0281.jpg,text_other
train_0282.jpg,holdout,g_train_0282.jpg,price
train_0283.jpg,train,g_train_0283.jpg,negation
train_0284.jpg,train,g_train_0284.jpg,number
train_0285.jpg,train,g_train_0285.jpg,text_other
train_0286.jpg,train,g_train_0286.jpg,negation
train_0287.jpg,train,g_train_0287.jpg,text_other
train_0288.jpg,train,g_train_0288.jpg,text_other
train_0289.jpg,holdout,g_train_0289.jpg,text_other
train_0290.jpg,holdout,g_train_0290.jpg,text_other
train_0291.jpg,train,g_train_0291.jpg,price
train_0292.jpg,valid,g_train_0292.jpg,position
train_0293.jpg,train,g_train_0293.jpg,text_other
train_0294.jpg,train,g_train_0294.jpg,text_other
train_0295.jpg,holdout,g_train_0295.jpg,text_other
train_0296.jpg,train,g_train_0296.jpg,text_other
train_0297.jpg,train,g_train_0297.jpg,position
train_0298.jpg,holdout,g_train_0298.jpg,position
train_0299.jpg,valid,g_train_0299.jpg,text_other
train_0300.jpg,holdout,g_train_0300.jpg,text_other
train_0301.jpg,train,g_train_0301.jpg,price
train_0302.jpg,train,g_train_0302.jpg,text_other
train_0303.jpg,holdout,g_train_0303.jpg,price
train_0304.jpg,train,g_train_0304.jpg,number
train_0305.jpg,train,g_train_0305.jpg,text_other
train_0306.jpg,train,g_train_0306.jpg,text_other
train_0307.jpg,train,g_train_0307.jpg,price
train_0308.jpg,train,g_train_0308.jpg,text_other
train_0309.jpg,train,g_train_0309.jpg,text_other
train_0310.jpg,train,g_train_0310.jpg,text_other
train_0311.jpg,train,g_train_0311.jpg,text_other
train_0312.jpg,train,g_train_0312.jpg,text_other
train_0313.jpg,train,g_train_0313.jpg,text_other
train_0314.jpg,train,g_train_0314.jpg,text_other
train_0315.jpg,train,g_train_0315.jpg,text_other
train_0316.jpg,train,g_train_0316.jpg,negation
train_0317.jpg,train,g_train_0317.jpg,text_other
train_0318.jpg,valid,g_train_0318.jpg,text_other
train_0319.jpg,train,g_train_0319.jpg,text_other
train_0320.jpg,holdout,g_train_0320.jpg,text_other
train_0321.jpg,holdout,g_train_0321.jpg,text_other
train_0322.jpg,train,g_train_0322.jpg,position
train_0323.jpg,train,g_train_0323.jpg,price
train_0324.jpg,train,g_train_0324.jpg,position
train_0325.jpg,train,g_train_0325.jpg,text_other
train_0326.jpg,train,g_train_0326.jpg,text_other
train_0327.jpg,holdout,g_train_0327.jpg,number
train_0328.jpg,train,g_train_0328.jpg,text_other
train_0329.jpg,holdout,g_train_0329.jpg,text_other
train_0330.jpg,train,g_train_0330.jpg,text_other
train_0331.jpg,train,g_train_0331.jpg,text_other
train_0332.jpg,train,g_train_0332.jpg,text_other
train_0333.jpg,train,g_train_0333.jpg,text_other
train_0334.jpg,train,g_train_0334.jpg,text_other
train_0335.jpg,train,g_train_0335.jpg,price
train_0336.jpg,train,g_train_0336.jpg,text_other
train_0337.jpg,train,g_train_0337.jpg,text_other
train_0338.jpg,train,g_train_0338.jpg,text_other
train_0339.jpg,train,g_train_0339.jpg,text_other
train_0340.jpg,holdout,g_train_0340.jpg,text_other
train_0341.jpg,train,g_train_0341.jpg,text_other
train_0342.jpg,holdout,g_train_0342.jpg,price
train_0343.jpg,train,g_train_0343.jpg,text_other
train_0344.jpg,train,g_train_0344.jpg,text_other
train_0345.jpg,holdout,g_train_0345.jpg,price
train_0346.jpg,train,g_train_0346.jpg,text_other
train_0347.jpg,train,g_train_0347.jpg,position
train_0348.jpg,train,g_train_0348.jpg,price
train_0349.jpg,train,g_train_0349.jpg,text_other
train_0350.jpg,holdout,g_train_0350.jpg,text_other
train_0351.jpg,train,g_train_0351.jpg,price
train_0352.jpg,train,g_train_0352.jpg,text_other
train_0353.jpg,train,g_train_0353.jpg,number
train_0354.jpg,holdout,g_train_0354.jpg,position
train_0355.jpg,train,g_train_0355.jpg,text_other
train_0356.jpg,train,g_train_0356.jpg,text_other
train_0357.jpg,train,g_train_0357.jpg,text_other
train_0358.jpg,train,g_train_0358.jpg,text_other
train_0359.jpg,train,g_train_0359.jpg,text_other
train_0360.jpg,train,g_train_0360.jpg,text_other
train_0361.jpg,holdout,g_train_0361.jpg,text_other
train_0362.jpg,holdout,g_train_0362.jpg,text_other
train_0363.jpg,holdout,g_train_0363.jpg,number
train_0364.jpg,train,g_train_0364.jpg,price
train_0365.jpg,train,g_train_0365.jpg,negation
train_0366.jpg,train,g_train_0366.jpg,price
train_0367.jpg,train,g_train_0367.jpg,text_other
train_0368.jpg,train,g_train_0368.jpg,position
train_0369.jpg,valid,g_train_0369.jpg,price
train_0370.jpg,train,g_train_0370.jpg,text_other
train_0371.jpg,train,g_train_0371.jpg,text_other
train_0372.jpg,train,g_train_0372.jpg,position
train_0373.jpg,train,g_train_0373.jpg,text_other
train_0374.jpg,train,g_train_0374.jpg,text_other
train_0375.jpg,holdout,g_train_0375.jpg,text_other
train_0376.jpg,holdout,g_train_0376.jpg,price
train_0377.jpg,train,g_train_0377.jpg,text_other
train_0378.jpg,train,g_train_0378.jpg,text_other
train_0379.jpg,holdout,g_train_0379.jpg,text_other
train_0380.jpg,train,g_train_0380.jpg,text_other
train_0381.jpg,train,g_train_0381.jpg,negation
train_0382.jpg,holdout,g_train_0382.jpg,text_other
train_0383.jpg,valid,g_train_0383.jpg,negation
train_0384.jpg,holdout,g_train_0384.jpg,text_other
train_0385.jpg,train,g_train_0385.jpg,text_other
train_0386.jpg,train,g_train_0386.jpg,text_other
train_0387.jpg,holdout,g_train_0387.jpg,text_other
train_0388.jpg,train,g_train_0388.jpg,text_other
train_0389.jpg,train,g_train_0389.jpg,text_other
train_0390.jpg,holdout,g_train_0390.jpg,text_other
train_0391.jpg,holdout,g_train_0391.jpg,price
train_0392.jpg,train,g_train_0392.jpg,number
train_0393.jpg,train,g_train_0393.jpg,price
train_0394.jpg,train,g_train_0394.jpg,text_other
train_0395.jpg,train,g_train_0395.jpg,number
train_0396.jpg,train,g_train_0396.jpg,text_other
train_0397.jpg,train,g_train_0397.jpg,text_other
train_0398.jpg,train,g_train_0398.jpg,negation
train_0399.jpg,train,g_train_0399.jpg,text_other
train_0400.jpg,train,g_train_0400.jpg,text_other
train_0401.jpg,train,g_train_0401.jpg,text_other
train_0402.jpg,train,g_train_0402.jpg,text_other
train_0403.jpg,holdout,g_train_0403.jpg,position
train_0404.jpg,train,g_train_0404.jpg,text_other
train_0405.jpg,holdout,g_train_0405.jpg,price
train_0406.jpg,train,g_train_0406.jpg,text_other
train_0407.jpg,holdout,g_train_0407.jpg,negation
train_0408.jpg,valid,g_train_0408.jpg,text_other
train_0409.jpg,train,g_train_0409.jpg,text_other
train_0410.jpg,train,g_train_0410.jpg,text_other
train_0411.jpg,train,g_train_0411.jpg,text_other
train_0412.jpg,train,g_train_0412.jpg,text_other
train_0413.jpg,train,g_train_0413.jpg,number
train_0414.jpg,train,g_train_0414.jpg,text_other
train_0415.jpg,train,g_train_0415.jpg,number
train_0416.jpg,train,g_train_0416.jpg,text_other
train_0417.jpg,train,g_train_0417.jpg,price
train_0418.jpg,train,g_train_0418.jpg,text_other
train_0419.jpg,holdout,g_train_0419.jpg,text_other
train_0420.jpg,train,g_train_0420.jpg,text_other
train_0421.jpg,train,g_train_0421.jpg,text_other
train_0422.jpg,train,g_train_0422.jpg,text_other
train_0423.jpg,train,g_train_0423.jpg,number
train_0424.jpg,train,g_train_0424.jpg,text_other
train_0425.jpg,train,g_train_0425.jpg,number
train_0426.jpg,train,g_train_0426.jpg,text_other
train_0427.jpg,train,g_train_0427.jpg,text_other
train_0428.jpg,train,g_train_0428.jpg,number
train_0429.jpg,train,g_train_0429.jpg,text_other
train_0430.jpg,train,g_train_0430.jpg,negation
train_0431.jpg,train,g_train_0431.jpg,number
train_0432.jpg,holdout,g_train_0432.jpg,text_other
train_0433.jpg,holdout,g_train_0433.jpg,text_other
train_0434.jpg,holdout,g_train_0434.jpg,text_other
train_0435.jpg,train,g_train_0435.jpg,number
train_0436.jpg,train,g_train_0436.jpg,price
train_0437.jpg,holdout,g_train_0437.jpg,text_other
train_0438.jpg,train,g_train_0438.jpg,price
train_0439.jpg,train,g_train_0439.jpg,price
train_0440.jpg,train,g_train_0440.jpg,text_other
train_0441.jpg,train,g_train_0441.jpg,number
train_0442.jpg,train,g_train_0442.jpg,text_other
train_0443.jpg,train,g_train_0443.jpg,text_other
train_0444.jpg,train,g_train_0444.jpg,text_other
train_0445.jpg,train,g_train_0445.jpg,text_other
train_0446.jpg,train,g_train_0446.jpg,text_other
train_0447.jpg,holdout,g_train_0447.jpg,position
train_0448.jpg,train,g_train_0448.jpg,negation
train_0449.jpg,holdout,g_train_0449.jpg,text_other
train_0450.jpg,train,g_train_0450.jpg,number
train_0451.jpg,train,g_train_0451.jpg,text_other
train_0452.jpg,train,g_train_0452.jpg,price
train_0453.jpg,holdout,g_train_0453.jpg,text_other
train_0454.jpg,train,g_train_0454.jpg,price
train_0455.jpg,valid,g_train_0455.jpg,text_other
train_0456.jpg,train,g_train_0456.jpg,price
train_0457.jpg,train,g_train_0457.jpg,text_other
train_0458.jpg,holdout,g_train_0458.jpg,number
train_0459.jpg,train,g_train_0459.jpg,text_other
train_0460.jpg,holdout,g_train_0460.jpg,text_other
train_0461.jpg,train,g_train_0461.jpg,text_other
train_0462.jpg,train,g_train_0462.jpg,price
train_0463.jpg,train,g_train_0463.jpg,text_other
train_0464.jpg,holdout,g_train_0464.jpg,text_other
train_0465.jpg,train,g_train_0465.jpg,negation
train_0466.jpg,train,g_train_0466.jpg,text_other
train_0467.jpg,train,g_train_0467.jpg,text_other
train_0468.jpg,train,g_train_0468.jpg,text_other
train_0469.jpg,train,g_train_0469.jpg,text_other
train_0470.jpg,train,g_train_0470.jpg,number
train_0471.jpg,train,g_train_0471.jpg,price
train_0472.jpg,train,g_train_0472.jpg,text_other
train_0473.jpg,train,g_train_0473.jpg,number
train_0474.jpg,train,g_train_0474.jpg,text_other
train_0475.jpg,train,g_train_0475.jpg,price
train_0476.jpg,train,g_train_0476.jpg,text_other
train_0477.jpg,holdout,g_train_0477.jpg,text_other
train_0478.jpg,train,g_train_0478.jpg,text_other
train_0479.jpg,train,g_train_0479.jpg,number
train_0480.jpg,holdout,g_train_0480.jpg,text_other
train_0481.jpg,train,g_train_0481.jpg,text_other
train_0482.jpg,train,g_train_0482.jpg,number
train_0483.jpg,holdout,g_train_0483.jpg,text_other
train_0484.jpg,train,g_train_0484.jpg,number
train_0485.jpg,train,g_train_0485.jpg,price
train_0486.jpg,train,g_train_0486.jpg,number
train_0487.jpg,train,g_train_0487.jpg,number
train_0488.jpg,train,g_train_0488.jpg,text_other
train_0489.jpg,train,g_train_0489.jpg,text_other
train_0490.jpg,train,g_train_0490.jpg,text_other
train_0491.jpg,train,g_train_0491.jpg,number
train_0492.jpg,train,g_train_0492.jpg,text_other
train_0493.jpg,train,g_train_0493.jpg,text_other
train_0494.jpg,train,g_train_0494.jpg,text_other
train_0495.jpg,train,g_train_0495.jpg,price
train_0496.jpg,train,g_train_0496.jpg,text_other
train_0497.jpg,holdout,g_train_0497.jpg,number
train_0498.jpg,train,g_train_0498.jpg,number
train_0499.jpg,train,g_train_0499.jpg,text_other
train_0500.jpg,train,g_train_0500.jpg,text_other
train_0501.jpg,train,g_train_0501.jpg,text_other
train_0502.jpg,valid,g_train_0502.jpg,text_other
train_0503.jpg,train,g_train_0503.jpg,text_other
train_0504.jpg,train,g_train_0504.jpg,text_other
train_0505.jpg,valid,g_train_0505.jpg,text_other
train_0506.jpg,train,g_train_0506.jpg,text_other
train_0507.jpg,holdout,g_train_0507.jpg,text_other
train_0508.jpg,train,g_train_0508.jpg,text_other
train_0509.jpg,train,g_train_0509.jpg,price
train_0510.jpg,train,g_train_0510.jpg,text_other
train_0511.jpg,holdout,g_train_0511.jpg,number
train_0512.jpg,train,g_train_0512.jpg,price
train_0513.jpg,train,g_train_0513.jpg,text_other
train_0514.jpg,train,g_train_0514.jpg,text_other
train_0515.jpg,valid,g_train_0515.jpg,text_other
train_0516.jpg,train,g_train_0516.jpg,number
train_0517.jpg,holdout,g_train_0517.jpg,text_other
train_0518.jpg,train,g_train_0518.jpg,text_other
train_0519.jpg,train,g_train_0519.jpg,text_other
train_0520.jpg,train,g_train_0520.jpg,number
train_0521.jpg,train,g_train_0521.jpg,text_other
train_0522.jpg,valid,g_train_0522.jpg,text_other
train_0523.jpg,holdout,g_train_0523.jpg,text_other
train_0524.jpg,train,g_train_0524.jpg,text_other
train_0525.jpg,holdout,g_train_0525.jpg,position
train_0526.jpg,train,g_train_0526.jpg,negation
train_0527.jpg,valid,g_train_0527.jpg,text_other
train_0528.jpg,train,g_train_0528.jpg,text_other
train_0529.jpg,train,g_train_0529.jpg,text_other
train_0530.jpg,train,g_train_0530.jpg,text_other
train_0531.jpg,train,g_train_0531.jpg,text_other
train_0532.jpg,holdout,g_train_0532.jpg,number
train_0533.jpg,train,g_train_0533.jpg,text_other
train_0534.jpg,train,g_train_0534.jpg,text_other
train_0535.jpg,train,g_train_0535.jpg,price
train_0536.jpg,holdout,g_train_0536.jpg,price
train_0537.jpg,train,g_train_0537.jpg,text_other
train_0538.jpg,train,g_train_0538.jpg,text_other
train_0539.jpg,valid,g_train_0539.jpg,text_other
train_0540.jpg,holdout,g_train_0540.jpg,number
train_0541.jpg,train,g_train_0541.jpg,text_other
train_0542.jpg,train,g_train_0542.jpg,text_other
train_0543.jpg,train,g_train_0543.jpg,price
train_0544.jpg,train,g_train_0544.jpg,text_other
train_0545.jpg,holdout,g_train_0545.jpg,price
train_0546.jpg,train,g_train_0546.jpg,text_other
train_0547.jpg,train,g_train_0547.jpg,text_other
train_0548.jpg,train,g_train_0548.jpg,text_other
train_0549.jpg,holdout,g_train_0549.jpg,text_other
train_0550.jpg,train,g_train_0550.jpg,text_other
train_0551.jpg,valid,g_train_0551.jpg,text_other
train_0552.jpg,train,g_train_0552.jpg,text_other
train_0553.jpg,train,g_train_0553.jpg,text_other
train_0554.jpg,train,g_train_0554.jpg,price
train_0555.jpg,train,g_train_0555.jpg,number
train_0556.jpg,train,g_train_0556.jpg,price
train_0557.jpg,train,g_train_0557.jpg,position
train_0558.jpg,train,g_train_0558.jpg,position
train_0559.jpg,train,g_train_0559.jpg,negation
train_0560.jpg,train,g_train_0560.jpg,negation
train_0561.jpg,train,g_train_0561.jpg,text_other
train_0562.jpg,train,g_train_0562.jpg,price
train_0563.jpg,train,g_train_0563.jpg,text_other
train_0564.jpg,holdout,g_train_0564.jpg,text_other
train_0565.jpg,train,g_train_0565.jpg,text_other
train_0566.jpg,train,g_train_0566.jpg,text_other
train_0567.jpg,train,g_train_0567.jpg,text_other
train_0568.jpg,train,g_train_0568.jpg,text_other
train_0569.jpg,train,g_train_0569.jpg,text_other
train_0570.jpg,train,g_train_0570.jpg,text_other
train_0571.jpg,train,g_train_0571.jpg,text_other
train_0572.jpg,train,g_train_0572.jpg,text_other
train_0573.jpg,train,g_train_0573.jpg,text_other
train_0574.jpg,train,g_train_0574.jpg,number
train_0575.jpg,train,g_train_0575.jpg,position
train_0576.jpg,holdout,g_train_0576.jpg,price
train_0577.jpg,train,g_train_0577.jpg,position
train_0578.jpg,train,g_train_0578.jpg,text_other
train_0579.jpg,train,g_train_0579.jpg,number
train_0580.jpg,train,g_train_0580.jpg,text_other
train_0581.jpg,train,g_train_0581.jpg,text_other
train_0582.jpg,holdout,g_train_0582.jpg,negation
train_0583.jpg,train,g_train_0583.jpg,text_other
train_0584.jpg,train,g_train_0584.jpg,text_other
train_0585.jpg,train,g_train_0585.jpg,text_other
train_0586.jpg,holdout,g_train_0586.jpg,text_other
train_0587.jpg,train,g_train_0587.jpg,text_other
train_0588.jpg,train,g_train_0588.jpg,price
train_0589.jpg,train,g_train_0589.jpg,number
train_0590.jpg,train,g_train_0590.jpg,text_other
train_0591.jpg,train,g_train_0591.jpg,text_other
train_0592.jpg,train,g_train_0592.jpg,text_other
train_0593.jpg,train,g_train_0593.jpg,number
train_0594.jpg,train,g_train_0594.jpg,text_other
train_0595.jpg,train,g_train_0595.jpg,negation
train_0596.jpg,train,g_train_0596.jpg,number
train_0597.jpg,train,g_train_0597.jpg,text_other
train_0598.jpg,train,g_train_0598.jpg,number
train_0599.jpg,train,g_train_0599.jpg,text_other
train_0600.jpg,train,g_train_0600.jpg,price
train_0601.jpg,valid,g_train_0601.jpg,number
train_0602.jpg,train,g_train_0602.jpg,price
train_0603.jpg,train,g_train_0603.jpg,text_other
train_0604.jpg,train,g_train_0604.jpg,text_other
train_0605.jpg,train,g_train_0605.jpg,text_other
train_0606.jpg,train,g_train_0606.jpg,position
train_0607.jpg,holdout,g_train_0607.jpg,text_other
train_0608.jpg,holdout,g_train_0608.jpg,text_other
train_0609.jpg,valid,g_train_0609.jpg,number
train_0610.jpg,train,g_train_0610.jpg,text_other
train_0611.jpg,train,g_train_0611.jpg,text_other
train_0612.jpg,train,g_train_0612.jpg,text_other
train_0613.jpg,train,g_train_0613.jpg,text_other
train_0614.jpg,train,g_train_0614.jpg,text_other
train_0615.jpg,holdout,g_train_0615.jpg,text_other
train_0616.jpg,train,g_train_0616.jpg,text_other
train_0617.jpg,train,g_train_0617.jpg,position
train_0618.jpg,train,g_train_0618.jpg,text_other
train_0619.jpg,train,g_train_0619.jpg,text_other
train_0620.jpg,train,g_train_0620.jpg,number
train_0621.jpg,train,g_train_0621.jpg,text_other
train_0622.jpg,train,g_train_0622.jpg,text_other
train_0623.jpg,train,g_train_0623.jpg,number
train_0624.jpg,train,g_train_0624.jpg,text_other
train_0625.jpg,train,g_train_0625.jpg,number
train_0626.jpg,train,g_train_0626.jpg,price
train_0627.jpg,train,g_train_0627.jpg,price
train_0628.jpg,train,g_train_0628.jpg,text_other
train_0629.jpg,train,g_train_0629.jpg,text_other
train_0630.jpg,train,g_train_0630.jpg,text_other
train_0631.jpg,holdout,g_train_0631.jpg,text_other
train_0632.jpg,train,g_train_0632.jpg,text_other
train_0633.jpg,holdout,g_train_0633.jpg,price
train_0634.jpg,holdout,g_train_0634.jpg,number
train_0635.jpg,train,g_train_0635.jpg,text_other
train_0636.jpg,train,g_train_0636.jpg,negation
train_0637.jpg,train,g_train_0637.jpg,text_other
train_0638.jpg,train,g_train_0638.jpg,price
train_0639.jpg,train,g_train_0639.jpg,text_other
train_0640.jpg,train,g_train_0640.jpg,text_other
train_0641.jpg,train,g_train_0641.jpg,number
train_0642.jpg,train,g_train_0642.jpg,text_other
train_0643.jpg,train,g_train_0643.jpg,number
train_0644.jpg,train,g_train_0644.jpg,text_other
train_0645.jpg,train,g_train_0645.jpg,number
train_0646.jpg,train,g_train_0646.jpg,text_other
train_0647.jpg,holdout,g_train_0647.jpg,text_other
train_0648.jpg,train,g_train_0648.jpg,text_other
train_0649.jpg,train,g_train_0649.jpg,price
train_0650.jpg,valid,g_train_0650.jpg,price
train_0651.jpg,train,g_train_0651.jpg,text_other
train_0652.jpg,holdout,g_train_0652.jpg,text_other
train_0653.jpg,train,g_train_0653.jpg,text_other
train_0654.jpg,train,g_train_0654.jpg,text_other
train_0655.jpg,train,g_train_0655.jpg,text_other
train_0656.jpg,train,g_train_0656.jpg,text_other
train_0657.jpg,train,g_train_0657.jpg,price
train_0658.jpg,train,g_train_0658.jpg,position
train_0659.jpg,train,g_train_0659.jpg,text_other
train_0660.jpg,train,g_train_0660.jpg,text_other
train_0661.jpg,train,g_train_0661.jpg,text_other
train_0662.jpg,train,g_train_0662.jpg,text_other
train_0663.jpg,train,g_train_0663.jpg,text_other
train_0664.jpg,valid,g_train_0664.jpg,text_other
train_0665.jpg,valid,g_train_0665.jpg,text_other
train_0666.jpg,valid,g_train_0666.jpg,text_other
train_0667.jpg,train,g_train_0667.jpg,text_other
train_0668.jpg,train,g_train_0668.jpg,price
train_0669.jpg,valid,g_train_0669.jpg,text_other
train_0670.jpg,train,g_train_0670.jpg,number
train_0671.jpg,train,g_train_0671.jpg,text_other
train_0672.jpg,train,g_train_0672.jpg,text_other
train_0673.jpg,train,g_train_0673.jpg,text_other
train_0674.jpg,holdout,g_train_0674.jpg,text_other
train_0675.jpg,holdout,g_train_0675.jpg,price
train_0676.jpg,train,g_train_0676.jpg,number
train_0677.jpg,train,g_train_0677.jpg,text_other
train_0678.jpg,holdout,g_train_0678.jpg,number
train_0679.jpg,train,g_train_0679.jpg,text_other
train_0680.jpg,train,g_train_0680.jpg,text_other
train_0681.jpg,valid,g_train_0681.jpg,text_other
train_0682.jpg,holdout,g_train_0682.jpg,text_other
train_0683.jpg,train,g_train_0683.jpg,number
train_0684.jpg,train,g_train_0684.jpg,number
train_0685.jpg,train,g_train_0685.jpg,text_other
train_0686.jpg,holdout,g_train_0686.jpg,text_other
train_0687.jpg,train,g_train_0687.jpg,text_other
train_0688.jpg,train,g_train_0688.jpg,position
train_0689.jpg,train,g_train_0689.jpg,text_other
train_0690.jpg,train,g_train_0690.jpg,text_other
train_0691.jpg,train,g_train_0691.jpg,text_other
train_0692.jpg,train,g_train_0692.jpg,text_other
train_0693.jpg,train,g_train_0693.jpg,text_other
train_0694.jpg,train,g_train_0694.jpg,price
train_0695.jpg,train,g_train_0695.jpg,number
train_0696.jpg,train,g_train_0696.jpg,text_other
train_0697.jpg,holdout,g_train_0697.jpg,text_other
train_0698.jpg,valid,g_train_0698.jpg,position
train_0699.jpg,train,g_train_0699.jpg,text_other
train_0700.jpg,train,g_train_0700.jpg,text_other
train_0701.jpg,train,g_train_0701.jpg,text_other
train_0702.jpg,train,g_train_0702.jpg,text_other
train_0703.jpg,train,g_train_0703.jpg,text_other
train_0704.jpg,train,g_train_0704.jpg,text_other
train_0705.jpg,train,g_train_0705.jpg,text_other
train_0706.jpg,train,g_train_0706.jpg,number
train_0707.jpg,train,g_train_0707.jpg,text_other
train_0708.jpg,holdout,g_train_0708.jpg,text_other
train_0709.jpg,holdout,g_train_0709.jpg,number
train_0710.jpg,holdout,g_train_0710.jpg,price
train_0711.jpg,train,g_train_0711.jpg,text_other
train_0712.jpg,holdout,g_train_0712.jpg,text_other
train_0713.jpg,train,g_train_0713.jpg,text_other
train_0714.jpg,valid,g_train_0714.jpg,number
train_0715.jpg,train,g_train_0715.jpg,position
train_0716.jpg,holdout,g_train_0716.jpg,price
train_0717.jpg,train,g_train_0717.jpg,text_other
train_0718.jpg,train,g_train_0718.jpg,text_other
train_0719.jpg,train,g_train_0719.jpg,text_other
train_0720.jpg,train,g_train_0720.jpg,text_other
train_0721.jpg,train,g_train_0721.jpg,text_other
train_0722.jpg,train,g_train_0722.jpg,negation
train_0723.jpg,train,g_train_0723.jpg,text_other
train_0724.jpg,train,g_train_0724.jpg,text_other
train_0725.jpg,valid,g_train_0725.jpg,negation
train_0726.jpg,train,g_train_0726.jpg,text_other
train_0727.jpg,train,g_train_0727.jpg,number
train_0728.jpg,train,g_train_0728.jpg,negation
train_0729.jpg,train,g_train_0729.jpg,text_other
train_0730.jpg,train,g_train_0730.jpg,text_other
train_0731.jpg,valid,g_train_0731.jpg,text_other
train_0732.jpg,train,g_train_0732.jpg,negation
train_0733.jpg,train,g_train_0733.jpg,text_other
train_0734.jpg,train,g_train_0734.jpg,text_other
train_0735.jpg,train,g_train_0735.jpg,text_other
train_0736.jpg,train,g_train_0736.jpg,price
train_0737.jpg,valid,g_train_0737.jpg,number
train_0738.jpg,train,g_train_0738.jpg,price
train_0739.jpg,train,g_train_0739.jpg,text_other
train_0740.jpg,train,g_train_0740.jpg,negation
train_0741.jpg,train,g_train_0741.jpg,text_other
train_0742.jpg,holdout,g_train_0742.jpg,negation
train_0743.jpg,train,g_train_0743.jpg,price
train_0744.jpg,train,g_train_0744.jpg,price
train_0745.jpg,valid,g_train_0745.jpg,text_other
train_0746.jpg,train,g_train_0746.jpg,text_other
train_0747.jpg,train,g_train_0747.jpg,position
train_0748.jpg,holdout,g_train_0748.jpg,text_other
train_0749.jpg,train,g_train_0749.jpg,text_other
train_0750.jpg,holdout,g_train_0750.jpg,text_other
train_0751.jpg,train,g_train_0751.jpg,text_other
train_0752.jpg,train,g_train_0752.jpg,text_other
train_0753.jpg,train,g_train_0753.jpg,text_other
train_0754.jpg,train,g_train_0754.jpg,price
train_0755.jpg,train,g_train_0755.jpg,price
train_0756.jpg,train,g_train_0756.jpg,text_other
train_0757.jpg,valid,g_train_0757.jpg,text_other
train_0758.jpg,train,g_train_0758.jpg,negation
train_0759.jpg,train,g_train_0759.jpg,text_other
train_0760.jpg,holdout,g_train_0760.jpg,price
train_0761.jpg,train,g_train_0761.jpg,text_other
train_0762.jpg,holdout,g_train_0762.jpg,text_other
train_0763.jpg,train,g_train_0763.jpg,text_other
train_0764.jpg,holdout,g_train_0764.jpg,position
train_0765.jpg,holdout,g_train_0765.jpg,number
train_0766.jpg,train,g_train_0766.jpg,text_other
train_0767.jpg,train,g_train_0767.jpg,price
train_0768.jpg,train,g_train_0768.jpg,text_other
train_0769.jpg,train,g_train_0769.jpg,number
train_0770.jpg,holdout,g_train_0770.jpg,text_other
train_0771.jpg,train,g_train_0771.jpg,position
train_0772.jpg,train,g_train_0772.jpg,text_other
train_0773.jpg,train,g_train_0773.jpg,text_other
train_0774.jpg,train,g_train_0774.jpg,text_other
train_0775.jpg,train,g_train_0775.jpg,price
train_0776.jpg,holdout,g_train_0776.jpg,position
train_0777.jpg,train,g_train_0777.jpg,text_other
train_0778.jpg,train,g_train_0778.jpg,text_other
train_0779.jpg,holdout,g_train_0779.jpg,text_other
train_0780.jpg,train,g_train_0780.jpg,price
train_0781.jpg,train,g_train_0781.jpg,text_other
train_0782.jpg,train,g_train_0782.jpg,number
train_0783.jpg,train,g_train_0783.jpg,negation
train_0784.jpg,train,g_train_0784.jpg,text_other
train_0785.jpg,train,g_train_0785.jpg,number
train_0786.jpg,train,g_train_0786.jpg,text_other
train_0787.jpg,train,g_train_0787.jpg,text_other
train_0788.jpg,train,g_train_0788.jpg,text_other
train_0789.jpg,train,g_train_0789.jpg,price
train_0790.jpg,train,g_train_0790.jpg,text_other
train_0791.jpg,holdout,g_train_0791.jpg,text_other
train_0792.jpg,holdout,g_train_0792.jpg,text_other
train_0793.jpg,train,g_train_0793.jpg,price
train_0794.jpg,train,g_train_0794.jpg,text_other
train_0795.jpg,train,g_train_0795.jpg,price
train_0796.jpg,train,g_train_0796.jpg,text_other
train_0797.jpg,train,g_train_0797.jpg,text_other
train_0798.jpg,train,g_train_0798.jpg,text_other
train_0799.jpg,train,g_train_0799.jpg,text_other
train_0800.jpg,valid,g_train_0800.jpg,text_other
train_0801.jpg,train,g_train_0801.jpg,price
train_0802.jpg,train,g_train_0802.jpg,text_other
train_0803.jpg,train,g_train_0803.jpg,text_other
train_0804.jpg,train,g_train_0804.jpg,number
train_0805.jpg,train,g_train_0805.jpg,position
train_0806.jpg,holdout,g_train_0806.jpg,text_other
train_0807.jpg,holdout,g_train_0807.jpg,price
train_0808.jpg,holdout,g_train_0808.jpg,text_other
train_0809.jpg,train,g_train_0809.jpg,text_other
train_0810.jpg,train,g_train_0810.jpg,text_other
train_0811.jpg,train,g_train_0811.jpg,text_other
train_0812.jpg,valid,g_train_0812.jpg,position
train_0813.jpg,train,g_train_0813.jpg,number
train_0814.jpg,holdout,g_train_0814.jpg,price
train_0815.jpg,train,g_train_0815.jpg,price
train_0816.jpg,train,g_train_0816.jpg,text_other
train_0817.jpg,train,g_train_0817.jpg,text_other
train_0818.jpg,train,g_train_0818.jpg,number
train_0819.jpg,train,g_train_0819.jpg,text_other
train_0820.jpg,train,g_train_0820.jpg,number
train_0821.jpg,train,g_train_0821.jpg,text_other
train_0822.jpg,train,g_train_0822.jpg,negation
train_0823.jpg,train,g_train_0823.jpg,text_other
train_0824.jpg,train,g_train_0824.jpg,text_other
train_0825.jpg,holdout,g_train_0825.jpg,text_other
train_0826.jpg,train,g_train_0826.jpg,text_other
train_0827.jpg,train,g_train_0827.jpg,price
train_0828.jpg,train,g_train_0828.jpg,text_other
train_0829.jpg,train,g_train_0829.jpg,number
train_0830.jpg,train,g_train_0830.jpg,text_other
train_0831.jpg,train,g_train_0831.jpg,text_other
train_0832.jpg,train,g_train_0832.jpg,text_other
train_0833.jpg,train,g_train_0833.jpg,text_other
train_0834.jpg,train,g_train_0834.jpg,text_other
train_0835.jpg,train,g_train_0835.jpg,text_other
train_0836.jpg,train,g_train_0836.jpg,text_other
train_0837.jpg,valid,g_train_0837.jpg,text_other
train_0838.jpg,valid,g_train_0838.jpg,text_other
train_0839.jpg,train,g_train_0839.jpg,text_other
train_0840.jpg,train,g_train_0840.jpg,text_other
train_0841.jpg,holdout,g_train_0841.jpg,text_other
train_0842.jpg,valid,g_train_0842.jpg,text_other
train_0843.jpg,train,g_train_0843.jpg,text_other
train_0844.jpg,holdout,g_train_0844.jpg,text_other
train_0845.jpg,train,g_train_0845.jpg,text_other
train_0846.jpg,train,g_train_0846.jpg,text_other
train_0847.jpg,train,g_train_0847.jpg,text_other
train_0848.jpg,train,g_train_0848.jpg,text_other
train_0849.jpg,train,g_train_0849.jpg,price
train_0850.jpg,valid,g_train_0850.jpg,text_other
train_0851.jpg,train,g_train_0851.jpg,text_other
train_0852.jpg,train,g_train_0852.jpg,text_other
train_0853.jpg,train,g_train_0853.jpg,text_other
train_0854.jpg,train,g_train_0854.jpg,text_other
train_0855.jpg,train,g_train_0855.jpg,text_other
train_0856.jpg,train,g_train_0856.jpg,text_other
train_0857.jpg,train,g_train_0857.jpg,text_other
train_0858.jpg,train,g_train_0858.jpg,text_other
train_0859.jpg,train,g_train_0859.jpg,text_other
train_0860.jpg,train,g_train_0860.jpg,text_other
train_0861.jpg,holdout,g_train_0861.jpg,text_other
train_0862.jpg,valid,g_train_0862.jpg,text_other
train_0863.jpg,train,g_train_0863.jpg,price
train_0864.jpg,valid,g_train_0864.jpg,text_other
train_0865.jpg,train,g_train_0865.jpg,text_other
train_0866.jpg,holdout,g_train_0866.jpg,text_other
train_0867.jpg,train,g_train_0867.jpg,price
train_0868.jpg,train,g_train_0868.jpg,text_other
train_0869.jpg,train,g_train_0869.jpg,text_other
train_0870.jpg,train,g_train_0870.jpg,text_other
train_0871.jpg,train,g_train_0871.jpg,text_other
train_0872.jpg,valid,g_train_0872.jpg,price
train_0873.jpg,train,g_train_0873.jpg,price
train_0874.jpg,train,g_train_0874.jpg,text_other
train_0875.jpg,train,g_train_0875.jpg,number
train_0876.jpg,holdout,g_train_0876.jpg,text_other
train_0877.jpg,train,g_train_0877.jpg,text_other
train_0878.jpg,train,g_train_0878.jpg,text_other
train_0879.jpg,train,g_train_0879.jpg,text_other
train_0880.jpg,train,g_train_0880.jpg,text_other
train_0881.jpg,train,g_train_0881.jpg,text_other
train_0882.jpg,holdout,g_train_0882.jpg,text_other
train_0883.jpg,valid,g_train_0883.jpg,text_other
train_0884.jpg,train,g_train_0884.jpg,position
train_0885.jpg,train,g_train_0885.jpg,text_other
train_0886.jpg,train,g_train_0886.jpg,text_other
train_0887.jpg,train,g_train_0887.jpg,negation
train_0888.jpg,train,g_train_0888.jpg,text_other
train_0889.jpg,train,g_train_0889.jpg,text_other
train_0890.jpg,train,g_train_0890.jpg,text_other
train_0891.jpg,train,g_train_0891.jpg,number
train_0892.jpg,train,g_train_0892.jpg,text_other
train_0893.jpg,valid,g_train_0893.jpg,position
train_0894.jpg,valid,g_train_0894.jpg,text_other
train_0895.jpg,train,g_train_0895.jpg,text_other
train_0896.jpg,train,g_train_0896.jpg,position
train_0897.jpg,valid,g_train_0897.jpg,negation
train_0898.jpg,train,g_train_0898.jpg,price
train_0899.jpg,train,g_train_0899.jpg,text_other
train_0900.jpg,train,g_train_0900.jpg,text_other
train_0901.jpg,train,g_train_0901.jpg,text_other
train_0902.jpg,holdout,g_train_0902.jpg,negation
train_0903.jpg,valid,g_train_0903.jpg,text_other
train_0904.jpg,train,g_train_0904.jpg,text_other
train_0905.jpg,train,g_train_0905.jpg,text_other
train_0906.jpg,train,g_train_0906.jpg,text_other
train_0907.jpg,train,g_train_0907.jpg,text_other
train_0908.jpg,train,g_train_0908.jpg,text_other
train_0909.jpg,holdout,g_train_0909.jpg,number
train_0910.jpg,train,g_train_0910.jpg,number
train_0911.jpg,train,g_train_0911.jpg,price
train_0912.jpg,train,g_train_0912.jpg,text_other
train_0913.jpg,train,g_train_0913.jpg,position
train_0914.jpg,train,g_train_0914.jpg,price
train_0915.jpg,holdout,g_train_0915.jpg,negation
train_0916.jpg,train,g_train_0916.jpg,text_other
train_0917.jpg,train,g_train_0917.jpg,negation
train_0918.jpg,train,g_train_0918.jpg,text_other
train_0919.jpg,train,g_train_0919.jpg,text_other
train_0920.jpg,train,g_train_0920.jpg,price
train_0921.jpg,holdout,g_train_0921.jpg,text_other
train_0922.jpg,train,g_train_0922.jpg,text_other
train_0923.jpg,train,g_train_0923.jpg,text_other
train_0924.jpg,train,g_train_0924.jpg,text_other
train_0925.jpg,holdout,g_train_0925.jpg,price
train_0926.jpg,train,g_train_0926.jpg,text_other
train_0927.jpg,train,g_train_0927.jpg,position
train_0928.jpg,holdout,g_train_0928.jpg,position
train_0929.jpg,train,g_train_0929.jpg,text_other
train_0930.jpg,train,g_train_0930.jpg,negation
train_0931.jpg,valid,g_train_0931.jpg,position
train_0932.jpg,train,g_train_0932.jpg,text_other
train_0933.jpg,valid,g_train_0933.jpg,number
train_0934.jpg,train,g_train_0934.jpg,text_other
train_0935.jpg,train,g_train_0935.jpg,number
train_0936.jpg,train,g_train_0936.jpg,price
train_0937.jpg,train,g_train_0937.jpg,text_other
train_0938.jpg,train,g_train_0938.jpg,text_other
train_0939.jpg,valid,g_train_0939.jpg,position
train_0940.jpg,train,g_train_0940.jpg,price
train_0941.jpg,holdout,g_train_0941.jpg,text_other
train_0942.jpg,train,g_train_0942.jpg,text_other
train_0943.jpg,holdout,g_train_0943.jpg,price
train_0944.jpg,holdout,g_train_0944.jpg,position
train_0945.jpg,train,g_train_0945.jpg,number
train_0946.jpg,train,g_train_0946.jpg,price
train_0947.jpg,holdout,g_train_0947.jpg,text_other
train_0948.jpg,train,g_train_0948.jpg,text_other
train_0949.jpg,holdout,g_train_0949.jpg,text_other
train_0950.jpg,train,g_train_0950.jpg,price
train_0951.jpg,holdout,g_train_0951.jpg,price
train_0952.jpg,holdout,g_train_0952.jpg,text_other
train_0953.jpg,holdout,g_train_0953.jpg,text_other
train_0954.jpg,train,g_train_0954.jpg,text_other
train_0955.jpg,train,g_train_0955.jpg,text_other
train_0956.jpg,train,g_train_0956.jpg,text_other
train_0957.jpg,train,g_train_0957.jpg,text_other
train_0958.jpg,holdout,g_train_0958.jpg,number
train_0959.jpg,holdout,g_train_0959.jpg,position
train_0960.jpg,train,g_train_0960.jpg,number
train_0961.jpg,train,g_train_0961.jpg,text_other
train_0962.jpg,train,g_train_0962.jpg,text_other
train_0963.jpg,holdout,g_train_0963.jpg,text_other
train_0964.jpg,train,g_train_0964.jpg,position
train_0965.jpg,train,g_train_0965.jpg,text_other
train_0966.jpg,train,g_train_0966.jpg,text_other
train_0967.jpg,train,g_train_0967.jpg,text_other
train_0968.jpg,train,g_train_0968.jpg,text_other
train_0969.jpg,train,g_train_0969.jpg,text_other
train_0970.jpg,train,g_train_0970.jpg,text_other
train_0971.jpg,train,g_train_0971.jpg,number
train_0972.jpg,train,g_train_0972.jpg,text_other
train_0973.jpg,holdout,g_train_0973.jpg,price
train_0974.jpg,train,g_train_0974.jpg,price
train_0975.jpg,train,g_train_0975.jpg,number
train_0976.jpg,train,g_train_0976.jpg,number
train_0977.jpg,train,g_train_0977.jpg,text_other
train_0978.jpg,train,g_train_0978.jpg,text_other
train_0979.jpg,train,g_train_0979.jpg,text_other
train_0980.jpg,train,g_train_0980.jpg,position
train_0981.jpg,train,g_train_0981.jpg,text_other
train_0982.jpg,train,g_train_0982.jpg,text_other
train_0983.jpg,train,g_train_0983.jpg,number
train_0984.jpg,train,g_train_0984.jpg,text_other
train_0985.jpg,train,g_train_0985.jpg,negation
train_0986.jpg,train,g_train_0986.jpg,text_other
train_0987.jpg,holdout,g_train_0987.jpg,text_other
train_0988.jpg,train,g_train_0988.jpg,text_other
train_0989.jpg,valid,g_train_0989.jpg,text_other
train_0990.jpg,holdout,g_train_0990.jpg,text_other
train_0991.jpg,valid,g_train_0991.jpg,text_other
train_0992.jpg,train,g_train_0992.jpg,text_other
train_0993.jpg,train,g_train_0993.jpg,position
train_0994.jpg,train,g_train_0994.jpg,text_other
train_0995.jpg,train,g_train_0995.jpg,text_other
train_0996.jpg,train,g_train_0996.jpg,price
train_0997.jpg,train,g_train_0997.jpg,text_other
train_0998.jpg,train,g_train_0998.jpg,text_other
train_0999.jpg,train,g_train_0999.jpg,negation
train_1000.jpg,train,g_train_1000.jpg,text_other
train_1001.jpg,train,g_train_1001.jpg,text_other
train_1002.jpg,train,g_train_1002.jpg,text_other
train_1003.jpg,train,g_train_1003.jpg,text_other
train_1004.jpg,train,g_train_1004.jpg,text_other
train_1005.jpg,train,g_train_1005.jpg,text_other
train_1006.jpg,train,g_train_1006.jpg,text_other
train_1007.jpg,train,g_train_1007.jpg,text_other
train_1008.jpg,train,g_train_1008.jpg,text_other
train_1009.jpg,train,g_train_1009.jpg,negation
train_1010.jpg,train,g_train_1010.jpg,text_other
train_1011.jpg,train,g_train_1011.jpg,position
train_1012.jpg,train,g_train_1012.jpg,text_other
train_1013.jpg,train,g_train_1013.jpg,text_other
train_1014.jpg,train,g_train_1014.jpg,text_other
train_1015.jpg,holdout,g_train_1015.jpg,text_other
train_1016.jpg,train,g_train_1016.jpg,position
train_1017.jpg,train,g_train_1017.jpg,text_other
train_1018.jpg,train,g_train_1018.jpg,position
train_1019.jpg,train,g_train_1019.jpg,text_other
train_1020.jpg,train,g_train_1020.jpg,text_other
train_1021.jpg,train,g_train_1021.jpg,text_other
train_1022.jpg,holdout,g_train_1022.jpg,number
train_1023.jpg,train,g_train_1023.jpg,price
train_1024.jpg,train,g_train_1024.jpg,text_other
train_1025.jpg,train,g_train_1025.jpg,text_other
train_1026.jpg,train,g_train_1026.jpg,number
train_1027.jpg,train,g_train_1027.jpg,text_other
train_1028.jpg,train,g_train_1028.jpg,text_other
train_1029.jpg,train,g_train_1029.jpg,text_other
train_1030.jpg,train,g_train_1030.jpg,text_other
train_1031.jpg,holdout,g_train_1031.jpg,text_other
train_1032.jpg,holdout,g_train_1032.jpg,price
train_1033.jpg,train,g_train_1033.jpg,negation
train_1034.jpg,train,g_train_1034.jpg,price
train_1035.jpg,valid,g_train_1035.jpg,text_other
train_1036.jpg,valid,g_train_1036.jpg,text_other
train_1037.jpg,train,g_train_1037.jpg,price
train_1038.jpg,train,g_train_1038.jpg,text_other
train_1039.jpg,train,g_train_1039.jpg,position
train_1040.jpg,train,g_train_1040.jpg,text_other
train_1041.jpg,train,g_train_1041.jpg,text_other
train_1042.jpg,train,g_train_1042.jpg,text_other
train_1043.jpg,train,g_train_1043.jpg,text_other
train_1044.jpg,train,g_train_1044.jpg,text_other
train_1045.jpg,train,g_train_1045.jpg,negation
train_1046.jpg,train,g_train_1046.jpg,price
train_1047.jpg,holdout,g_train_1047.jpg,number
train_1048.jpg,holdout,g_train_1048.jpg,price
train_1049.jpg,train,g_train_1049.jpg,number
train_1050.jpg,train,g_train_1050.jpg,text_other
train_1051.jpg,train,g_train_1051.jpg,text_other
train_1052.jpg,train,g_train_1052.jpg,text_other
train_1053.jpg,holdout,g_train_1053.jpg,price
train_1054.jpg,holdout,g_train_1054.jpg,number
train_1055.jpg,train,g_train_1055.jpg,text_other
train_1056.jpg,train,g_train_1056.jpg,text_other
train_1057.jpg,valid,g_train_1057.jpg,negation
train_1058.jpg,train,g_train_1058.jpg,text_other
train_1059.jpg,train,g_train_1059.jpg,text_other
train_1060.jpg,train,g_train_1060.jpg,text_other
train_1061.jpg,train,g_train_1061.jpg,text_other
train_1062.jpg,train,g_train_1062.jpg,text_other
train_1063.jpg,train,g_train_1063.jpg,position
train_1064.jpg,train,g_train_1064.jpg,number
train_1065.jpg,train,g_train_1065.jpg,position
train_1066.jpg,train,g_train_1066.jpg,text_other
train_1067.jpg,train,g_train_1067.jpg,text_other
train_1068.jpg,train,g_train_1068.jpg,number
train_1069.jpg,train,g_train_1069.jpg,text_other
train_1070.jpg,holdout,g_train_1070.jpg,text_other
train_1071.jpg,train,g_train_1071.jpg,text_other
train_1072.jpg,train,g_train_1072.jpg,number
train_1073.jpg,train,g_train_1073.jpg,price
train_1074.jpg,train,g_train_1074.jpg,number
train_1075.jpg,train,g_train_1075.jpg,text_other
train_1076.jpg,train,g_train_1076.jpg,text_other
train_1077.jpg,valid,g_train_1077.jpg,price
train_1078.jpg,train,g_train_1078.jpg,position
train_1079.jpg,train,g_train_1079.jpg,text_other
train_1080.jpg,train,g_train_1080.jpg,price
train_1081.jpg,train,g_train_1081.jpg,number
train_1082.jpg,train,g_train_1082.jpg,text_other
train_1083.jpg,train,g_train_1083.jpg,text_other
train_1084.jpg,valid,g_train_1084.jpg,number
train_1085.jpg,train,g_train_1085.jpg,price
train_1086.jpg,train,g_train_1086.jpg,text_other
train_1087.jpg,train,g_train_1087.jpg,text_other
train_1088.jpg,train,g_train_1088.jpg,text_other
train_1089.jpg,train,g_train_1089.jpg,price
train_1090.jpg,train,g_train_1090.jpg,text_other
train_1091.jpg,train,g_train_1091.jpg,text_other
train_1092.jpg,train,g_train_1092.jpg,position
train_1093.jpg,train,g_train_1093.jpg,text_other
train_1094.jpg,valid,g_train_1094.jpg,number
train_1095.jpg,train,g_train_1095.jpg,text_other
train_1096.jpg,train,g_train_1096.jpg,negation
train_1097.jpg,train,g_train_1097.jpg,text_other
train_1098.jpg,holdout,g_train_1098.jpg,text_other
train_1099.jpg,train,g_train_1099.jpg,price
train_1100.jpg,train,g_train_1100.jpg,text_other
train_1101.jpg,train,g_train_1101.jpg,text_other
train_1102.jpg,train,g_train_1102.jpg,text_other
train_1103.jpg,train,g_train_1103.jpg,text_other
train_1104.jpg,train,g_train_1104.jpg,text_other
train_1105.jpg,train,g_train_1105.jpg,text_other
train_1106.jpg,train,g_train_1106.jpg,text_other
train_1107.jpg,train,g_train_1107.jpg,price
train_1108.jpg,train,g_train_1108.jpg,price
train_1109.jpg,train,g_train_1109.jpg,text_other
train_1110.jpg,train,g_train_1110.jpg,text_other
train_1111.jpg,holdout,g_train_1111.jpg,text_other
train_1112.jpg,valid,g_train_1112.jpg,text_other
train_1113.jpg,holdout,g_train_1113.jpg,text_other
train_1114.jpg,train,g_train_1114.jpg,price
train_1115.jpg,train,g_train_1115.jpg,price
train_1116.jpg,train,g_train_1116.jpg,text_other
train_1117.jpg,train,g_train_1117.jpg,text_other
train_1118.jpg,train,g_train_1118.jpg,number
train_1119.jpg,train,g_train_1119.jpg,number
train_1120.jpg,train,g_train_1120.jpg,price
train_1121.jpg,holdout,g_train_1121.jpg,text_other
train_1122.jpg,holdout,g_train_1122.jpg,text_other
train_1123.jpg,train,g_train_1123.jpg,number
train_1124.jpg,holdout,g_train_1124.jpg,text_other
train_1125.jpg,train,g_train_1125.jpg,text_other
train_1126.jpg,holdout,g_train_1126.jpg,text_other
train_1127.jpg,train,g_train_1127.jpg,text_other
train_1128.jpg,train,g_train_1128.jpg,text_other
train_1129.jpg,train,g_train_1129.jpg,text_other
train_1130.jpg,train,g_train_1130.jpg,price
train_1131.jpg,train,g_train_1131.jpg,text_other
train_1132.jpg,train,g_train_1132.jpg,text_other
train_1133.jpg,train,g_train_1133.jpg,text_other
train_1134.jpg,holdout,g_train_1134.jpg,text_other
train_1135.jpg,train,g_train_1135.jpg,text_other
train_1136.jpg,train,g_train_1136.jpg,text_other
train_1137.jpg,train,g_train_1137.jpg,price
train_1138.jpg,train,g_train_1138.jpg,position
train_1139.jpg,train,g_train_1139.jpg,text_other
train_1140.jpg,train,g_train_1140.jpg,text_other
train_1141.jpg,train,g_train_1141.jpg,text_other
train_1142.jpg,train,g_train_1142.jpg,text_other
train_1143.jpg,valid,g_train_1143.jpg,text_other
train_1144.jpg,train,g_train_1144.jpg,position
train_1145.jpg,valid,g_train_1145.jpg,price
train_1146.jpg,train,g_train_1146.jpg,text_other
train_1147.jpg,train,g_train_1147.jpg,text_other
train_1148.jpg,train,g_train_1148.jpg,text_other
train_1149.jpg,train,g_train_1149.jpg,text_other
train_1150.jpg,valid,g_train_1150.jpg,price
train_1151.jpg,train,g_train_1151.jpg,text_other
train_1152.jpg,holdout,g_train_1152.jpg,text_other
train_1153.jpg,valid,g_train_1153.jpg,text_other
train_1154.jpg,train,g_train_1154.jpg,text_other
train_1155.jpg,train,g_train_1155.jpg,negation
train_1156.jpg,train,g_train_1156.jpg,text_other
train_1157.jpg,train,g_train_1157.jpg,text_other
train_1158.jpg,train,g_train_1158.jpg,text_other
train_1159.jpg,holdout,g_train_1159.jpg,text_other
train_1160.jpg,train,g_train_1160.jpg,text_other
train_1161.jpg,train,g_train_1161.jpg,price
train_1162.jpg,train,g_train_1162.jpg,text_other
train_1163.jpg,train,g_train_1163.jpg,text_other
train_1164.jpg,train,g_train_1164.jpg,number
train_1165.jpg,train,g_train_1165.jpg,text_other
train_1166.jpg,train,g_train_1166.jpg,text_other
train_1167.jpg,train,g_train_1167.jpg,text_other
train_1168.jpg,train,g_train_1168.jpg,negation
train_1169.jpg,train,g_train_1169.jpg,text_other
train_1170.jpg,holdout,g_train_1170.jpg,text_other
train_1171.jpg,valid,g_train_1171.jpg,text_other
train_1172.jpg,train,g_train_1172.jpg,text_other
train_1173.jpg,train,g_train_1173.jpg,price
train_1174.jpg,holdout,g_train_1174.jpg,price
train_1175.jpg,train,g_train_1175.jpg,text_other
train_1176.jpg,train,g_train_1176.jpg,number
train_1177.jpg,holdout,g_train_1177.jpg,price
train_1178.jpg,train,g_train_1178.jpg,position
train_1179.jpg,train,g_train_1179.jpg,text_other
train_1180.jpg,valid,g_train_1180.jpg,text_other
train_1181.jpg,train,g_train_1181.jpg,text_other
train_1182.jpg,train,g_train_1182.jpg,text_other
train_1183.jpg,train,g_train_1183.jpg,number
train_1184.jpg,train,g_train_1184.jpg,price
train_1185.jpg,holdout,g_train_1185.jpg,text_other
train_1186.jpg,train,g_train_1186.jpg,price
train_1187.jpg,train,g_train_1187.jpg,text_other
train_1188.jpg,train,g_train_1188.jpg,text_other
train_1189.jpg,train,g_train_1189.jpg,price
train_1190.jpg,train,g_train_1190.jpg,text_other
train_1191.jpg,train,g_train_1191.jpg,text_other
train_1192.jpg,train,g_train_1192.jpg,text_other
train_1193.jpg,train,g_train_1193.jpg,price
train_1194.jpg,holdout,g_train_1194.jpg,text_other
train_1195.jpg,holdout,g_train_1195.jpg,number
train_1196.jpg,train,g_train_1196.jpg,number
train_1197.jpg,valid,g_train_1197.jpg,text_other
train_1198.jpg,train,g_train_1198.jpg,text_other
train_1199.jpg,valid,g_train_1199.jpg,text_other
train_1200.jpg,train,g_train_1200.jpg,price
train_1201.jpg,holdout,g_train_1201.jpg,price
train_1202.jpg,holdout,g_train_1202.jpg,text_other
train_1203.jpg,train,g_train_1203.jpg,number
train_1204.jpg,train,g_train_1204.jpg,negation
train_1205.jpg,train,g_train_1205.jpg,text_other
train_1206.jpg,train,g_train_1206.jpg,text_other
train_1207.jpg,train,g_train_1207.jpg,text_other
train_1208.jpg,train,g_train_1208.jpg,text_other
train_1209.jpg,train,g_train_1209.jpg,text_other
train_1210.jpg,train,g_train_1210.jpg,text_other
train_1211.jpg,train,g_train_1211.jpg,text_other
train_1212.jpg,train,g_train_1212.jpg,price
train_1213.jpg,train,g_train_1213.jpg,text_other
train_1214.jpg,train,g_train_1214.jpg,position
train_1215.jpg,train,g_train_1215.jpg,price
train_1216.jpg,train,g_train_1216.jpg,text_other
train_1217.jpg,train,g_train_1217.jpg,negation
train_1218.jpg,train,g_train_1218.jpg,number
train_1219.jpg,train,g_train_1219.jpg,price
train_1220.jpg,train,g_train_1220.jpg,text_other
train_1221.jpg,train,g_train_1221.jpg,text_other
train_1222.jpg,train,g_train_1222.jpg,negation
train_1223.jpg,train,g_train_1223.jpg,text_other
train_1224.jpg,holdout,g_train_1224.jpg,text_other
train_1225.jpg,train,g_train_1225.jpg,price
train_1226.jpg,train,g_train_1226.jpg,position
train_1227.jpg,train,g_train_1227.jpg,text_other
train_1228.jpg,train,g_train_1228.jpg,negation
train_1229.jpg,holdout,g_train_1229.jpg,text_other
train_1230.jpg,train,g_train_1230.jpg,text_other
train_1231.jpg,train,g_train_1231.jpg,text_other
train_1232.jpg,train,g_train_1232.jpg,negation
train_1233.jpg,holdout,g_train_1233.jpg,text_other
train_1234.jpg,train,g_train_1234.jpg,position
train_1235.jpg,train,g_train_1235.jpg,negation
train_1236.jpg,train,g_train_1236.jpg,negation
train_1237.jpg,train,g_train_1237.jpg,text_other
train_1238.jpg,train,g_train_1238.jpg,number
train_1239.jpg,train,g_train_1239.jpg,text_other
train_1240.jpg,train,g_train_1240.jpg,price
train_1241.jpg,train,g_train_1241.jpg,text_other
train_1242.jpg,train,g_train_1242.jpg,text_other
train_1243.jpg,train,g_train_1243.jpg,text_other
train_1244.jpg,train,g_train_1244.jpg,price
train_1245.jpg,train,g_train_1245.jpg,text_other
train_1246.jpg,train,g_train_1246.jpg,text_other
train_1247.jpg,train,g_train_1247.jpg,price
train_1248.jpg,train,g_train_1248.jpg,text_other
train_1249.jpg,train,g_train_1249.jpg,text_other
train_1250.jpg,train,g_train_1250.jpg,text_other
train_1251.jpg,train,g_train_1251.jpg,negation
train_1252.jpg,train,g_train_1252.jpg,position
train_1253.jpg,train,g_train_1253.jpg,position
train_1254.jpg,train,g_train_1254.jpg,text_other
train_1255.jpg,train,g_train_1255.jpg,text_other
train_1256.jpg,train,g_train_1256.jpg,text_other
train_1257.jpg,train,g_train_1257.jpg,text_other
train_1258.jpg,train,g_train_1258.jpg,text_other
train_1259.jpg,train,g_train_1259.jpg,price
train_1260.jpg,train,g_train_1260.jpg,text_other
train_1261.jpg,train,g_train_1261.jpg,text_other
train_1262.jpg,train,g_train_1262.jpg,text_other
train_1263.jpg,train,g_train_1263.jpg,text_other
train_1264.jpg,train,g_train_1264.jpg,text_other
train_1265.jpg,holdout,g_train_1265.jpg,text_other
train_1266.jpg,train,g_train_1266.jpg,text_other
train_1267.jpg,train,g_train_1267.jpg,negation
train_1268.jpg,train,g_train_1268.jpg,text_other
train_1269.jpg,train,g_train_1269.jpg,text_other
train_1270.jpg,train,g_train_1270.jpg,text_other
train_1271.jpg,train,g_train_1271.jpg,text_other
train_1272.jpg,train,g_train_1272.jpg,text_other
train_1273.jpg,train,g_train_1273.jpg,number
train_1274.jpg,train,g_train_1274.jpg,text_other
train_1275.jpg,train,g_train_1275.jpg,text_other
train_1276.jpg,train,g_train_1276.jpg,number
train_1277.jpg,train,g_train_1277.jpg,position
train_1278.jpg,train,g_train_1278.jpg,text_other
train_1279.jpg,holdout,g_train_1279.jpg,text_other
train_1280.jpg,holdout,g_train_1280.jpg,text_other
train_1281.jpg,train,g_train_1281.jpg,text_other
train_1282.jpg,train,g_train_1282.jpg,price
train_1283.jpg,train,g_train_1283.jpg,text_other
train_1284.jpg,train,g_train_1284.jpg,text_other
train_1285.jpg,holdout,g_train_1285.jpg,price
train_1286.jpg,train,g_train_1286.jpg,price
train_1287.jpg,train,g_train_1287.jpg,text_other
train_1288.jpg,train,g_train_1288.jpg,negation
train_1289.jpg,train,g_train_1289.jpg,text_other
train_1290.jpg,train,g_train_1290.jpg,price
train_1291.jpg,train,g_train_1291.jpg,number
train_1292.jpg,train,g_train_1292.jpg,text_other
train_1293.jpg,train,g_train_1293.jpg,text_other
train_1294.jpg,train,g_train_1294.jpg,text_other
train_1295.jpg,train,g_train_1295.jpg,price
train_1296.jpg,train,g_train_1296.jpg,text_other
train_1297.jpg,holdout,g_train_1297.jpg,number
train_1298.jpg,train,g_train_1298.jpg,text_other
train_1299.jpg,valid,g_train_1299.jpg,text_other
train_1300.jpg,train,g_train_1300.jpg,text_other
train_1301.jpg,holdout,g_train_1301.jpg,text_other
train_1302.jpg,valid,g_train_1302.jpg,text_other
train_1303.jpg,train,g_train_1303.jpg,text_other
train_1304.jpg,holdout,g_train_1304.jpg,text_other
train_1305.jpg,train,g_train_1305.jpg,number
train_1306.jpg,train,g_train_1306.jpg,text_other
train_1307.jpg,train,g_train_1307.jpg,price
train_1308.jpg,train,g_train_1308.jpg,text_other
train_1309.jpg,train,g_train_1309.jpg,text_other
train_1310.jpg,train,g_train_1310.jpg,price
train_1311.jpg,valid,g_train_1311.jpg,text_other
train_1312.jpg,train,g_train_1312.jpg,negation
train_1313.jpg,train,g_train_1313.jpg,price
train_1314.jpg,train,g_train_1314.jpg,price
train_1315.jpg,holdout,g_train_1315.jpg,text_other
train_1316.jpg,train,g_train_1316.jpg,negation
train_1317.jpg,train,g_train_1317.jpg,negation
train_1318.jpg,train,g_train_1318.jpg,number
train_1319.jpg,train,g_train_1319.jpg,text_other
train_1320.jpg,train,g_train_1320.jpg,price
train_1321.jpg,train,g_train_1321.jpg,text_other
train_1322.jpg,holdout,g_train_1322.jpg,text_other
train_1323.jpg,train,g_train_1323.jpg,text_other
train_1324.jpg,train,g_train_1324.jpg,text_other
train_1325.jpg,valid,g_train_1325.jpg,price
train_1326.jpg,train,g_train_1326.jpg,price
train_1327.jpg,train,g_train_1327.jpg,text_other
train_1328.jpg,train,g_train_1328.jpg,text_other
train_1329.jpg,train,g_train_1329.jpg,text_other
train_1330.jpg,train,g_train_1330.jpg,price
train_1331.jpg,train,g_train_1331.jpg,negation
train_1332.jpg,valid,g_train_1332.jpg,text_other
train_1333.jpg,train,g_train_1333.jpg,price
train_1334.jpg,holdout,g_train_1334.jpg,text_other
train_1335.jpg,train,g_train_1335.jpg,text_other
train_1336.jpg,train,g_train_1336.jpg,text_other
train_1337.jpg,valid,g_train_1337.jpg,text_other
train_1338.jpg,train,g_train_1338.jpg,text_other
train_1339.jpg,holdout,g_train_1339.jpg,text_other
train_1340.jpg,train,g_train_1340.jpg,text_other
train_1341.jpg,train,g_train_1341.jpg,text_other
train_1342.jpg,train,g_train_1342.jpg,position
train_1343.jpg,holdout,g_train_1343.jpg,price
train_1344.jpg,valid,g_train_1344.jpg,price
train_1345.jpg,train,g_train_1345.jpg,text_other
train_1346.jpg,holdout,g_train_1346.jpg,price
train_1347.jpg,train,g_train_1347.jpg,text_other
train_1348.jpg,train,g_train_1348.jpg,text_other
train_1349.jpg,train,g_train_1349.jpg,number
train_1350.jpg,train,g_train_1350.jpg,text_other
train_1351.jpg,train,g_train_1351.jpg,text_other
train_1352.jpg,train,g_train_1352.jpg,text_other
train_1353.jpg,train,g_train_1353.jpg,text_other
train_1354.jpg,train,g_train_1354.jpg,number
train_1355.jpg,train,g_train_1355.jpg,number
train_1356.jpg,train,g_train_1356.jpg,text_other
train_1357.jpg,valid,g_train_1357.jpg,text_other
train_1358.jpg,train,g_train_1358.jpg,text_other
train_1359.jpg,train,g_train_1359.jpg,price
train_1360.jpg,holdout,g_train_1360.jpg,price
train_1361.jpg,train,g_train_1361.jpg,price
train_1362.jpg,train,g_train_1362.jpg,text_other
train_1363.jpg,train,g_train_1363.jpg,number
train_1364.jpg,train,g_train_1364.jpg,text_other
train_1365.jpg,holdout,g_train_1365.jpg,number
train_1366.jpg,holdout,g_train_1366.jpg,text_other
train_1367.jpg,train,g_train_1367.jpg,negation
train_1368.jpg,train,g_train_1368.jpg,text_other
train_1369.jpg,train,g_train_1369.jpg,text_other
train_1370.jpg,valid,g_train_1370.jpg,text_other
train_1371.jpg,train,g_train_1371.jpg,price
train_1372.jpg,train,g_train_1372.jpg,price
train_1373.jpg,holdout,g_train_1373.jpg,text_other
train_1374.jpg,train,g_train_1374.jpg,text_other
train_1375.jpg,train,g_train_1375.jpg,text_other
train_1376.jpg,train,g_train_1376.jpg,text_other
train_1377.jpg,train,g_train_1377.jpg,text_other
train_1378.jpg,holdout,g_train_1378.jpg,text_other
train_1379.jpg,train,g_train_1379.jpg,text_other
train_1380.jpg,train,g_train_1380.jpg,text_other
train_1381.jpg,train,g_train_1381.jpg,text_other
train_1382.jpg,holdout,g_train_1382.jpg,text_other
train_1383.jpg,train,g_train_1383.jpg,number
train_1384.jpg,train,g_train_1384.jpg,text_other
train_1385.jpg,train,g_train_1385.jpg,text_other
train_1386.jpg,holdout,g_train_1386.jpg,text_other
train_1387.jpg,train,g_train_1387.jpg,position
train_1388.jpg,train,g_train_1388.jpg,text_other
train_1389.jpg,train,g_train_1389.jpg,price
train_1390.jpg,train,g_train_1390.jpg,price
train_1391.jpg,train,g_train_1391.jpg,text_other
train_1392.jpg,train,g_train_1392.jpg,position
train_1393.jpg,holdout,g_train_1393.jpg,text_other
train_1394.jpg,holdout,g_train_1394.jpg,negation
train_1395.jpg,train,g_train_1395.jpg,price
train_1396.jpg,train,g_train_1396.jpg,position
train_1397.jpg,train,g_train_1397.jpg,text_other
train_1398.jpg,train,g_train_1398.jpg,negation
train_1399.jpg,train,g_train_1399.jpg,negation
train_1400.jpg,train,g_train_1400.jpg,price
train_1401.jpg,valid,g_train_1401.jpg,text_other
train_1402.jpg,train,g_train_1402.jpg,text_other
train_1403.jpg,train,g_train_1403.jpg,text_other
train_1404.jpg,train,g_train_1404.jpg,text_other
train_1405.jpg,holdout,g_train_1405.jpg,text_other
train_1406.jpg,train,g_train_1406.jpg,text_other
train_1407.jpg,train,g_train_1407.jpg,text_other
train_1408.jpg,train,g_train_1408.jpg,text_other
train_1409.jpg,train,g_train_1409.jpg,text_other
train_1410.jpg,train,g_train_1410.jpg,text_other
train_1411.jpg,train,g_train_1411.jpg,number
train_1412.jpg,train,g_train_1412.jpg,text_other
train_1413.jpg,train,g_train_1413.jpg,text_other
train_1414.jpg,holdout,g_train_1414.jpg,price
train_1415.jpg,train,g_train_1415.jpg,text_other
train_1416.jpg,train,g_train_1416.jpg,text_other
train_1417.jpg,train,g_train_1417.jpg,number
train_1418.jpg,train,g_train_1418.jpg,price
train_1419.jpg,train,g_train_1419.jpg,text_other
train_1420.jpg,train,g_train_1420.jpg,text_other
train_1421.jpg,train,g_train_1421.jpg,price
train_1422.jpg,train,g_train_1422.jpg,text_other
train_1423.jpg,train,g_train_1423.jpg,text_other
train_1424.jpg,valid,g_train_1424.jpg,text_other
train_1425.jpg,train,g_train_1425.jpg,text_other
train_1426.jpg,train,g_train_1426.jpg,text_other
train_1427.jpg,train,g_train_1427.jpg,text_other
train_1428.jpg,train,g_train_1428.jpg,text_other
train_1429.jpg,train,g_train_1429.jpg,negation
train_1430.jpg,train,g_train_1430.jpg,text_other
train_1431.jpg,train,g_train_1431.jpg,text_other
train_1432.jpg,train,g_train_1432.jpg,text_other
train_1433.jpg,train,g_train_1433.jpg,text_other
train_1434.jpg,train,g_train_1434.jpg,text_other
train_1435.jpg,train,g_train_1435.jpg,text_other
train_1436.jpg,train,g_train_1436.jpg,text_other
train_1437.jpg,train,g_train_1437.jpg,price
train_1438.jpg,train,g_train_1438.jpg,text_other
train_1439.jpg,train,g_train_1439.jpg,text_other
train_1440.jpg,holdout,g_train_1440.jpg,text_other
train_1441.jpg,train,g_train_1441.jpg,text_other
train_1442.jpg,valid,g_train_1442.jpg,text_other
train_1443.jpg,train,g_train_1443.jpg,text_other
train_1444.jpg,train,g_train_1444.jpg,text_other
train_1445.jpg,train,g_train_1445.jpg,text_other
train_1446.jpg,holdout,g_train_1446.jpg,number
train_1447.jpg,train,g_train_1447.jpg,price
train_1448.jpg,holdout,g_train_1448.jpg,text_other
train_1449.jpg,valid,g_train_1449.jpg,text_other
train_1450.jpg,train,g_train_1450.jpg,text_other
train_1451.jpg,train,g_train_1451.jpg,text_other
train_1452.jpg,holdout,g_train_1452.jpg,position
train_1453.jpg,valid,g_train_1453.jpg,position
train_1454.jpg,train,g_train_1454.jpg,text_other
train_1455.jpg,valid,g_train_1455.jpg,price
train_1456.jpg,train,g_train_1456.jpg,text_other
train_1457.jpg,train,g_train_1457.jpg,negation
train_1458.jpg,train,g_train_1458.jpg,text_other
train_1459.jpg,train,g_train_1459.jpg,number
train_1460.jpg,train,g_train_1460.jpg,text_other
train_1461.jpg,train,g_train_1461.jpg,text_other
train_1462.jpg,train,g_train_1462.jpg,price
train_1463.jpg,train,g_train_1463.jpg,negation
train_1464.jpg,holdout,g_train_1464.jpg,text_other
train_1465.jpg,valid,g_train_1465.jpg,negation
train_1466.jpg,train,g_train_1466.jpg,text_other
train_1467.jpg,train,g_train_1467.jpg,number
train_1468.jpg,train,g_train_1468.jpg,price
train_1469.jpg,train,g_train_1469.jpg,text_other
train_1470.jpg,train,g_train_1470.jpg,text_other
train_1471.jpg,train,g_train_1471.jpg,text_other
train_1472.jpg,train,g_train_1472.jpg,number
train_1473.jpg,holdout,g_train_1473.jpg,text_other
train_1474.jpg,train,g_train_1474.jpg,text_other
train_1475.jpg,train,g_train_1475.jpg,price
train_1476.jpg,train,g_train_1476.jpg,text_other
train_1477.jpg,train,g_train_1477.jpg,negation
train_1478.jpg,train,g_train_1478.jpg,text_other
train_1479.jpg,train,g_train_1479.jpg,text_other
train_1480.jpg,train,g_train_1480.jpg,negation
train_1481.jpg,train,g_train_1481.jpg,price
train_1482.jpg,holdout,g_train_1482.jpg,text_other
train_1483.jpg,train,g_train_1483.jpg,text_other
train_1484.jpg,train,g_train_1484.jpg,text_other
train_1485.jpg,train,g_train_1485.jpg,text_other
train_1486.jpg,holdout,g_train_1486.jpg,text_other
train_1487.jpg,train,g_train_1487.jpg,text_other
train_1488.jpg,valid,g_train_1488.jpg,text_other
train_1489.jpg,holdout,g_train_1489.jpg,text_other
train_1490.jpg,train,g_train_1490.jpg,text_other
train_1491.jpg,train,g_train_1491.jpg,text_other
train_1492.jpg,train,g_train_1492.jpg,text_other
train_1493.jpg,train,g_train_1493.jpg,text_other
train_1494.jpg,train,g_train_1494.jpg,text_other
train_1495.jpg,valid,g_train_1495.jpg,text_other
train_1496.jpg,holdout,g_train_1496.jpg,text_other
train_1497.jpg,valid,g_train_1497.jpg,text_other
train_1498.jpg,train,g_train_1498.jpg,text_other
train_1499.jpg,valid,g_train_1499.jpg,text_other
train_1500.jpg,holdout,g_train_1500.jpg,text_other
train_1501.jpg,train,g_train_1501.jpg,text_other
train_1502.jpg,train,g_train_1502.jpg,price
train_1503.jpg,train,g_train_1503.jpg,position
train_1504.jpg,holdout,g_train_1504.jpg,number
train_1505.jpg,train,g_train_1505.jpg,number
train_1506.jpg,train,g_train_1506.jpg,text_other
train_1507.jpg,train,g_train_1507.jpg,text_other
train_1508.jpg,train,g_train_1508.jpg,text_other
train_1509.jpg,train,g_train_1509.jpg,text_other
train_1510.jpg,train,g_train_1510.jpg,text_other
train_1511.jpg,train,g_train_1511.jpg,text_other
train_1512.jpg,holdout,g_train_1512.jpg,text_other
train_1513.jpg,train,g_train_1513.jpg,price
train_1514.jpg,train,g_train_1514.jpg,price
train_1515.jpg,valid,g_train_1515.jpg,text_other
train_1516.jpg,train,g_train_1516.jpg,text_other
train_1517.jpg,train,g_train_1517.jpg,text_other
train_1518.jpg,valid,g_train_1518.jpg,text_other
train_1519.jpg,train,g_train_1519.jpg,text_other
train_1520.jpg,train,g_train_1520.jpg,text_other
train_1521.jpg,train,g_train_1521.jpg,text_other
train_1522.jpg,holdout,g_train_1522.jpg,negation
train_1523.jpg,train,g_train_1523.jpg,text_other
train_1524.jpg,train,g_train_1524.jpg,text_other
train_1525.jpg,train,g_train_1525.jpg,text_other
train_1526.jpg,valid,g_train_1526.jpg,negation
train_1527.jpg,train,g_train_1527.jpg,text_other
train_1528.jpg,train,g_train_1528.jpg,text_other
train_1529.jpg,train,g_train_1529.jpg,price
train_1530.jpg,train,g_train_1530.jpg,text_other
train_1531.jpg,train,g_train_1531.jpg,text_other
train_1532.jpg,train,g_train_1532.jpg,text_other
train_1533.jpg,train,g_train_1533.jpg,text_other
train_1534.jpg,holdout,g_train_1534.jpg,text_other
train_1535.jpg,holdout,g_train_1535.jpg,price
train_1536.jpg,valid,g_train_1536.jpg,number
train_1537.jpg,train,g_train_1537.jpg,text_other
train_1538.jpg,train,g_train_1538.jpg,text_other
train_1539.jpg,train,g_train_1539.jpg,text_other
train_1540.jpg,train,g_train_1540.jpg,text_other
train_1541.jpg,holdout,g_train_1541.jpg,price
train_1542.jpg,train,g_train_1542.jpg,price
train_1543.jpg,train,g_train_1543.jpg,text_other
train_1544.jpg,train,g_train_1544.jpg,text_other
train_1545.jpg,train,g_train_1545.jpg,text_other
train_1546.jpg,train,g_train_1546.jpg,text_other
train_1547.jpg,train,g_train_1547.jpg,price
train_1548.jpg,holdout,g_train_1548.jpg,text_other
train_1549.jpg,train,g_train_1549.jpg,text_other
train_1550.jpg,train,g_train_1550.jpg,number
train_1551.jpg,train,g_train_1551.jpg,price
train_1552.jpg,train,g_train_1552.jpg,text_other
train_1553.jpg,valid,g_train_1553.jpg,text_other
train_1554.jpg,train,g_train_1554.jpg,text_other
train_1555.jpg,train,g_train_1555.jpg,text_other
train_1556.jpg,train,g_train_1556.jpg,text_other
train_1557.jpg,train,g_train_1557.jpg,text_other
train_1558.jpg,train,g_train_1558.jpg,text_other
train_1559.jpg,train,g_train_1559.jpg,text_other
train_1560.jpg,train,g_train_1560.jpg,position
train_1561.jpg,train,g_train_1561.jpg,number
train_1562.jpg,train,g_train_1562.jpg,number
train_1563.jpg,train,g_train_1563.jpg,text_other
train_1564.jpg,train,g_train_1564.jpg,text_other
train_1565.jpg,holdout,g_train_1565.jpg,text_other
train_1566.jpg,train,g_train_1566.jpg,text_other
train_1567.jpg,train,g_train_1567.jpg,price
train_1568.jpg,train,g_train_1568.jpg,negation
train_1569.jpg,train,g_train_1569.jpg,text_other
train_1570.jpg,train,g_train_1570.jpg,text_other
train_1571.jpg,train,g_train_1571.jpg,text_other
train_1572.jpg,train,g_train_1572.jpg,text_other
train_1573.jpg,valid,g_train_1573.jpg,text_other
train_1574.jpg,train,g_train_1574.jpg,text_other
train_1575.jpg,train,g_train_1575.jpg,text_other
train_1576.jpg,holdout,g_train_1576.jpg,text_other
train_1577.jpg,train,g_train_1577.jpg,text_other
train_1578.jpg,train,g_train_1578.jpg,text_other
train_1579.jpg,train,g_train_1579.jpg,price
train_1580.jpg,train,g_train_1580.jpg,text_other
train_1581.jpg,train,g_train_1581.jpg,text_other
train_1582.jpg,train,g_train_1582.jpg,text_other
train_1583.jpg,train,g_train_1583.jpg,text_other
train_1584.jpg,train,g_train_1584.jpg,negation
train_1585.jpg,train,g_train_1585.jpg,text_other
train_1586.jpg,holdout,g_train_1586.jpg,text_other
train_1587.jpg,train,g_train_1587.jpg,text_other
train_1588.jpg,train,g_train_1588.jpg,text_other
train_1589.jpg,train,g_train_1589.jpg,text_other
train_1590.jpg,valid,g_train_1590.jpg,price
train_1591.jpg,train,g_train_1591.jpg,text_other
train_1592.jpg,train,g_train_1592.jpg,text_other
train_1593.jpg,valid,g_train_1593.jpg,text_other
train_1594.jpg,train,g_train_1594.jpg,text_other
train_1595.jpg,train,g_train_1595.jpg,position
train_1596.jpg,train,g_train_1596.jpg,text_other
train_1597.jpg,holdout,g_train_1597.jpg,number
train_1598.jpg,train,g_train_1598.jpg,number
train_1599.jpg,train,g_train_1599.jpg,text_other
train_1600.jpg,train,g_train_1600.jpg,price
train_1601.jpg,train,g_train_1601.jpg,text_other
train_1602.jpg,train,g_train_1602.jpg,number
train_1603.jpg,train,g_train_1603.jpg,text_other
train_1604.jpg,train,g_train_1604.jpg,text_other
train_1605.jpg,valid,g_train_1605.jpg,text_other
train_1606.jpg,train,g_train_1606.jpg,text_other
train_1607.jpg,train,g_train_1607.jpg,text_other
train_1608.jpg,train,g_train_1608.jpg,text_other
train_1609.jpg,train,g_train_1609.jpg,text_other
train_1610.jpg,holdout,g_train_1610.jpg,position
train_1611.jpg,train,g_train_1611.jpg,number
train_1612.jpg,valid,g_train_1612.jpg,text_other
train_1613.jpg,train,g_train_1613.jpg,text_other
train_1614.jpg,train,g_train_1614.jpg,number
train_1615.jpg,valid,g_train_1615.jpg,text_other
train_1616.jpg,holdout,g_train_1616.jpg,text_other
train_1617.jpg,valid,g_train_1617.jpg,text_other
train_1618.jpg,train,g_train_1618.jpg,text_other
train_1619.jpg,train,g_train_1619.jpg,price
train_1620.jpg,train,g_train_1620.jpg,number
train_1621.jpg,train,g_train_1621.jpg,price
train_1622.jpg,train,g_train_1622.jpg,text_other
train_1623.jpg,train,g_train_1623.jpg,position
train_1624.jpg,train,g_train_1624.jpg,text_other
train_1625.jpg,train,g_train_1625.jpg,text_other
train_1626.jpg,train,g_train_1626.jpg,text_other
train_1627.jpg,train,g_train_1627.jpg,text_other
train_1628.jpg,train,g_train_1628.jpg,text_other
train_1629.jpg,valid,g_train_1629.jpg,price
train_1630.jpg,train,g_train_1630.jpg,text_other
train_1631.jpg,train,g_train_1631.jpg,negation
train_1632.jpg,train,g_train_1632.jpg,text_other
train_1633.jpg,train,g_train_1633.jpg,text_other
train_1634.jpg,train,g_train_1634.jpg,number
train_1635.jpg,train,g_train_1635.jpg,text_other
train_1636.jpg,train,g_train_1636.jpg,text_other
train_1637.jpg,train,g_train_1637.jpg,text_other
train_1638.jpg,train,g_train_1638.jpg,text_other
train_1639.jpg,train,g_train_1639.jpg,text_other
train_1640.jpg,holdout,g_train_1640.jpg,negation
train_1641.jpg,train,g_train_1641.jpg,price
train_1642.jpg,train,g_train_1642.jpg,position
train_1643.jpg,train,g_train_1643.jpg,text_other
train_1644.jpg,train,g_train_1644.jpg,text_other
train_1645.jpg,train,g_train_1645.jpg,text_other
train_1646.jpg,train,g_train_1646.jpg,text_other
train_1647.jpg,train,g_train_1647.jpg,price
train_1648.jpg,train,g_train_1648.jpg,text_other
train_1649.jpg,train,g_train_1649.jpg,text_other
train_1650.jpg,train,g_train_1650.jpg,text_other
train_1651.jpg,train,g_train_1651.jpg,negation
train_1652.jpg,train,g_train_1652.jpg,text_other
train_1653.jpg,train,g_train_1653.jpg,text_other
train_1654.jpg,train,g_train_1654.jpg,text_other
train_1655.jpg,train,g_train_1655.jpg,number
train_1656.jpg,holdout,g_train_1656.jpg,number
train_1657.jpg,train,g_train_1657.jpg,number
train_1658.jpg,train,g_train_1658.jpg,text_other
train_1659.jpg,train,g_train_1659.jpg,text_other
train_1660.jpg,train,g_train_1660.jpg,number
train_1661.jpg,valid,g_train_1661.jpg,price
train_1662.jpg,train,g_train_1662.jpg,text_other
train_1663.jpg,train,g_train_1663.jpg,price
train_1664.jpg,holdout,g_train_1664.jpg,number
train_1665.jpg,train,g_train_1665.jpg,text_other
train_1666.jpg,train,g_train_1666.jpg,text_other
train_1667.jpg,holdout,g_train_1667.jpg,number
train_1668.jpg,valid,g_train_1668.jpg,negation
train_1669.jpg,train,g_train_1669.jpg,text_other
train_1670.jpg,train,g_train_1670.jpg,text_other
train_1671.jpg,train,g_train_1671.jpg,text_other
train_1672.jpg,train,g_train_1672.jpg,text_other
train_1673.jpg,train,g_train_1673.jpg,text_other
train_1674.jpg,valid,g_train_1674.jpg,text_other
train_1675.jpg,train,g_train_1675.jpg,number
train_1676.jpg,train,g_train_1676.jpg,position
train_1677.jpg,train,g_train_1677.jpg,text_other
train_1678.jpg,train,g_train_1678.jpg,price
train_1679.jpg,train,g_train_1679.jpg,text_other
train_1680.jpg,train,g_train_1680.jpg,negation
train_1681.jpg,train,g_train_1681.jpg,text_other
train_1682.jpg,valid,g_train_1682.jpg,text_other
train_1683.jpg,train,g_train_1683.jpg,text_other
train_1684.jpg,valid,g_train_1684.jpg,price
train_1685.jpg,train,g_train_1685.jpg,position
train_1686.jpg,valid,g_train_1686.jpg,text_other
train_1687.jpg,train,g_train_1687.jpg,text_other
train_1688.jpg,train,g_train_1688.jpg,text_other
train_1689.jpg,train,g_train_1689.jpg,text_other
train_1690.jpg,train,g_train_1690.jpg,position
train_1691.jpg,train,g_train_1691.jpg,text_other
train_1692.jpg,train,g_train_1692.jpg,negation
train_1693.jpg,train,g_train_1693.jpg,text_other
train_1694.jpg,train,g_train_1694.jpg,price
train_1695.jpg,holdout,g_train_1695.jpg,text_other
train_1696.jpg,holdout,g_train_1696.jpg,text_other
train_1697.jpg,train,g_train_1697.jpg,text_other
train_1698.jpg,train,g_train_1698.jpg,price
train_1699.jpg,train,g_train_1699.jpg,text_other
train_1700.jpg,holdout,g_train_1700.jpg,text_other
train_1701.jpg,train,g_train_1701.jpg,text_other
train_1702.jpg,train,g_train_1702.jpg,text_other
train_1703.jpg,train,g_train_1703.jpg,text_other
train_1704.jpg,train,g_train_1704.jpg,text_other
train_1705.jpg,train,g_train_1705.jpg,text_other
train_1706.jpg,train,g_train_1706.jpg,position
train_1707.jpg,holdout,g_train_1707.jpg,negation
train_1708.jpg,train,g_train_1708.jpg,text_other
train_1709.jpg,train,g_train_1709.jpg,text_other
train_1710.jpg,train,g_train_1710.jpg,text_other
train_1711.jpg,train,g_train_1711.jpg,negation
train_1712.jpg,train,g_train_1712.jpg,text_other
train_1713.jpg,train,g_train_1713.jpg,negation
train_1714.jpg,train,g_train_1714.jpg,negation
train_1715.jpg,train,g_train_1715.jpg,text_other
train_1716.jpg,valid,g_train_1716.jpg,text_other
train_1717.jpg,train,g_train_1717.jpg,price
train_1718.jpg,train,g_train_1718.jpg,negation
train_1719.jpg,train,g_train_1719.jpg,text_other
train_1720.jpg,train,g_train_1720.jpg,text_other
train_1721.jpg,train,g_train_1721.jpg,number
train_1722.jpg,train,g_train_1722.jpg,text_other
train_1723.jpg,train,g_train_1723.jpg,position
train_1724.jpg,train,g_train_1724.jpg,text_other
train_1725.jpg,train,g_train_1725.jpg,number
train_1726.jpg,train,g_train_1726.jpg,price
train_1727.jpg,train,g_train_1727.jpg,position
train_1728.jpg,train,g_train_1728.jpg,text_other
train_1729.jpg,train,g_train_1729.jpg,text_other
train_1730.jpg,train,g_train_1730.jpg,number
train_1731.jpg,train,g_train_1731.jpg,text_other
train_1732.jpg,train,g_train_1732.jpg,price
train_1733.jpg,holdout,g_train_1733.jpg,number
train_1734.jpg,train,g_train_1734.jpg,text_other
train_1735.jpg,holdout,g_train_1735.jpg,text_other
train_1736.jpg,train,g_train_1736.jpg,number
train_1737.jpg,train,g_train_1737.jpg,text_other
train_1738.jpg,train,g_train_1738.jpg,text_other
train_1739.jpg,train,g_train_1739.jpg,text_other
train_1740.jpg,train,g_train_1740.jpg,text_other
train_1741.jpg,train,g_train_1741.jpg,text_other
train_1742.jpg,valid,g_train_1742.jpg,text_other
train_1743.jpg,train,g_train_1743.jpg,position
train_1744.jpg,train,g_train_1744.jpg,negation
train_1745.jpg,train,g_train_1745.jpg,price
train_1746.jpg,valid,g_train_1746.jpg,text_other
train_1747.jpg,train,g_train_1747.jpg,text_other
train_1748.jpg,train,g_train_1748.jpg,text_other
train_1749.jpg,train,g_train_1749.jpg,price
train_1750.jpg,valid,g_train_1750.jpg,price
train_1751.jpg,valid,g_train_1751.jpg,text_other
train_1752.jpg,train,g_train_1752.jpg,text_other
train_1753.jpg,train,g_train_1753.jpg,text_other
train_1754.jpg,valid,g_train_1754.jpg,text_other
train_1755.jpg,train,g_train_1755.jpg,text_other
train_1756.jpg,train,g_train_1756.jpg,price
train_1757.jpg,train,g_train_1757.jpg,price
train_1758.jpg,train,g_train_1758.jpg,text_other
train_1759.jpg,train,g_train_1759.jpg,text_other
train_1760.jpg,train,g_train_1760.jpg,position
train_1761.jpg,holdout,g_train_1761.jpg,price
train_1762.jpg,holdout,g_train_1762.jpg,price
train_1763.jpg,train,g_train_1763.jpg,text_other
train_1764.jpg,train,g_train_1764.jpg,text_other
train_1765.jpg,train,g_train_1765.jpg,text_other
train_1766.jpg,train,g_train_1766.jpg,price
train_1767.jpg,train,g_train_1767.jpg,price
train_1768.jpg,train,g_train_1768.jpg,text_other
train_1769.jpg,train,g_train_1769.jpg,text_other
train_1770.jpg,train,g_train_1770.jpg,position
train_1771.jpg,train,g_train_1771.jpg,text_other
train_1772.jpg,train,g_train_1772.jpg,text_other
train_1773.jpg,train,g_train_1773.jpg,text_other
train_1774.jpg,train,g_train_1774.jpg,position
train_1775.jpg,train,g_train_1775.jpg,number
train_1776.jpg,train,g_train_1776.jpg,text_other
train_1777.jpg,train,g_train_1777.jpg,text_other
train_1778.jpg,valid,g_train_1778.jpg,text_other
train_1779.jpg,train,g_train_1779.jpg,text_other
train_1780.jpg,train,g_train_1780.jpg,text_other
train_1781.jpg,train,g_train_1781.jpg,price
train_1782.jpg,train,g_train_1782.jpg,text_other
train_1783.jpg,holdout,g_train_1783.jpg,text_other
train_1784.jpg,train,g_train_1784.jpg,text_other
train_1785.jpg,valid,g_train_1785.jpg,text_other
train_1786.jpg,holdout,g_train_1786.jpg,text_other
train_1787.jpg,train,g_train_1787.jpg,negation
train_1788.jpg,train,g_train_1788.jpg,text_other
train_1789.jpg,train,g_train_1789.jpg,text_other
train_1790.jpg,holdout,g_train_1790.jpg,text_other
train_1791.jpg,train,g_train_1791.jpg,negation
train_1792.jpg,train,g_train_1792.jpg,text_other
train_1793.jpg,train,g_train_1793.jpg,text_other
train_1794.jpg,train,g_train_1794.jpg,number
train_1795.jpg,valid,g_train_1795.jpg,text_other
train_1796.jpg,train,g_train_1796.jpg,text_other
train_1797.jpg,train,g_train_1797.jpg,text_other
train_1798.jpg,train,g_train_1798.jpg,text_other
train_1799.jpg,train,g_train_1799.jpg,text_other
train_1800.jpg,train,g_train_1800.jpg,text_other
train_1801.jpg,holdout,g_train_1801.jpg,number
train_1802.jpg,train,g_train_1802.jpg,text_other
train_1803.jpg,train,g_train_1803.jpg,price
train_1804.jpg,train,g_train_1804.jpg,number
train_1805.jpg,train,g_train_1805.jpg,negation
train_1806.jpg,train,g_train_1806.jpg,text_other
train_1807.jpg,holdout,g_train_1807.jpg,negation
train_1808.jpg,train,g_train_1808.jpg,price
train_1809.jpg,train,g_train_1809.jpg,price
train_1810.jpg,train,g_train_1810.jpg,price
train_1811.jpg,train,g_train_1811.jpg,text_other
train_1812.jpg,holdout,g_train_1812.jpg,text_other
train_1813.jpg,valid,g_train_1813.jpg,price
train_1814.jpg,train,g_train_1814.jpg,text_other
train_1815.jpg,train,g_train_1815.jpg,text_other
train_1816.jpg,train,g_train_1816.jpg,text_other
train_1817.jpg,valid,g_train_1817.jpg,text_other
train_1818.jpg,train,g_train_1818.jpg,text_other
train_1819.jpg,train,g_train_1819.jpg,price
train_1820.jpg,train,g_train_1820.jpg,text_other
train_1821.jpg,train,g_train_1821.jpg,text_other
train_1822.jpg,train,g_train_1822.jpg,number
train_1823.jpg,train,g_train_1823.jpg,text_other
train_1824.jpg,train,g_train_1824.jpg,price
train_1825.jpg,valid,g_train_1825.jpg,negation
train_1826.jpg,train,g_train_1826.jpg,text_other
train_1827.jpg,holdout,g_train_1827.jpg,text_other
train_1828.jpg,train,g_train_1828.jpg,number
train_1829.jpg,train,g_train_1829.jpg,text_other
train_1830.jpg,train,g_train_1830.jpg,number
train_1831.jpg,train,g_train_1831.jpg,number
train_1832.jpg,holdout,g_train_1832.jpg,text_other
train_1833.jpg,train,g_train_1833.jpg,text_other
train_1834.jpg,train,g_train_1834.jpg,number
train_1835.jpg,valid,g_train_1835.jpg,price
train_1836.jpg,holdout,g_train_1836.jpg,number
train_1837.jpg,train,g_train_1837.jpg,text_other
train_1838.jpg,holdout,g_train_1838.jpg,text_other
train_1839.jpg,valid,g_train_1839.jpg,text_other
train_1840.jpg,train,g_train_1840.jpg,text_other
train_1841.jpg,train,g_train_1841.jpg,negation
train_1842.jpg,train,g_train_1842.jpg,text_other
train_1843.jpg,train,g_train_1843.jpg,text_other
train_1844.jpg,train,g_train_1844.jpg,position
train_1845.jpg,train,g_train_1845.jpg,text_other
train_1846.jpg,holdout,g_train_1846.jpg,price
train_1847.jpg,holdout,g_train_1847.jpg,text_other
train_1848.jpg,train,g_train_1848.jpg,number
train_1849.jpg,holdout,g_train_1849.jpg,price
train_1850.jpg,holdout,g_train_1850.jpg,text_other
train_1851.jpg,train,g_train_1851.jpg,text_other
train_1852.jpg,train,g_train_1852.jpg,text_other
train_1853.jpg,valid,g_train_1853.jpg,text_other
train_1854.jpg,train,g_train_1854.jpg,text_other
train_1855.jpg,train,g_train_1855.jpg,position
train_1856.jpg,train,g_train_1856.jpg,text_other
train_1857.jpg,train,g_train_1857.jpg,text_other
train_1858.jpg,train,g_train_1858.jpg,number
train_1859.jpg,train,g_train_1859.jpg,number
train_1860.jpg,train,g_train_1860.jpg,text_other
train_1861.jpg,train,g_train_1861.jpg,text_other
train_1862.jpg,train,g_train_1862.jpg,text_other
train_1863.jpg,train,g_train_1863.jpg,text_other
train_1864.jpg,holdout,g_train_1864.jpg,position
train_1865.jpg,valid,g_train_1865.jpg,price
train_1866.jpg,train,g_train_1866.jpg,text_other
train_1867.jpg,train,g_train_1867.jpg,text_other
train_1868.jpg,train,g_train_1868.jpg,number
train_1869.jpg,valid,g_train_1869.jpg,text_other
train_1870.jpg,holdout,g_train_1870.jpg,price
train_1871.jpg,train,g_train_1871.jpg,text_other
train_1872.jpg,train,g_train_1872.jpg,number
train_1873.jpg,train,g_train_1873.jpg,position
train_1874.jpg,train,g_train_1874.jpg,text_other
train_1875.jpg,train,g_train_1875.jpg,position
train_1876.jpg,train,g_train_1876.jpg,number
train_1877.jpg,train,g_train_1877.jpg,text_other
train_1878.jpg,train,g_train_1878.jpg,text_other
train_1879.jpg,valid,g_train_1879.jpg,number
train_1880.jpg,train,g_train_1880.jpg,text_other
train_1881.jpg,train,g_train_1881.jpg,price
train_1882.jpg,holdout,g_train_1882.jpg,text_other
train_1883.jpg,train,g_train_1883.jpg,number
train_1884.jpg,train,g_train_1884.jpg,negation
train_1885.jpg,holdout,g_train_1885.jpg,price
train_1886.jpg,train,g_train_1886.jpg,text_other
train_1887.jpg,train,g_train_1887.jpg,text_other
train_1888.jpg,train,g_train_1888.jpg,text_other
train_1889.jpg,train,g_train_1889.jpg,number
train_1890.jpg,holdout,g_train_1890.jpg,text_other
train_1891.jpg,valid,g_train_1891.jpg,number
train_1892.jpg,train,g_train_1892.jpg,text_other
train_1893.jpg,train,g_train_1893.jpg,text_other
train_1894.jpg,valid,g_train_1894.jpg,text_other
train_1895.jpg,train,g_train_1895.jpg,text_other
train_1896.jpg,train,g_train_1896.jpg,number
train_1897.jpg,train,g_train_1897.jpg,text_other
train_1898.jpg,holdout,g_train_1898.jpg,text_other
train_1899.jpg,train,g_train_1899.jpg,text_other
train_1900.jpg,holdout,g_train_1900.jpg,text_other
train_1901.jpg,train,g_train_1901.jpg,text_other
train_1902.jpg,train,g_train_1902.jpg,text_other
train_1903.jpg,holdout,g_train_1903.jpg,text_other
train_1904.jpg,valid,g_train_1904.jpg,price
train_1905.jpg,train,g_train_1905.jpg,number
train_1906.jpg,train,g_train_1906.jpg,text_other
train_1907.jpg,train,g_train_1907.jpg,text_other
train_1908.jpg,holdout,g_train_1908.jpg,price
train_1909.jpg,train,g_train_1909.jpg,number
train_1910.jpg,train,g_train_1910.jpg,position
train_1911.jpg,holdout,g_train_1911.jpg,text_other
train_1912.jpg,train,g_train_1912.jpg,text_other
train_1913.jpg,valid,g_train_1913.jpg,text_other
train_1914.jpg,train,g_train_1914.jpg,text_other
train_1915.jpg,train,g_train_1915.jpg,text_other
train_1916.jpg,valid,g_train_1916.jpg,text_other
train_1917.jpg,train,g_train_1917.jpg,price
train_1918.jpg,valid,g_train_1918.jpg,text_other
train_1919.jpg,valid,g_train_1919.jpg,text_other
train_1920.jpg,train,g_train_1920.jpg,position
train_1921.jpg,holdout,g_train_1921.jpg,price
train_1922.jpg,train,g_train_1922.jpg,price
train_1923.jpg,train,g_train_1923.jpg,number
train_1924.jpg,train,g_train_1924.jpg,position
train_1925.jpg,train,g_train_1925.jpg,position
train_1926.jpg,train,g_train_1926.jpg,text_other
train_1927.jpg,valid,g_train_1927.jpg,text_other
train_1928.jpg,train,g_train_1928.jpg,text_other
train_1929.jpg,train,g_train_1929.jpg,number
train_1930.jpg,train,g_train_1930.jpg,price
train_1931.jpg,holdout,g_train_1931.jpg,text_other
train_1932.jpg,train,g_train_1932.jpg,number
train_1933.jpg,train,g_train_1933.jpg,text_other
train_1934.jpg,train,g_train_1934.jpg,text_other
train_1935.jpg,train,g_train_1935.jpg,price
train_1936.jpg,train,g_train_1936.jpg,text_other
train_1937.jpg,train,g_train_1937.jpg,text_other
train_1938.jpg,train,g_train_1938.jpg,text_other
train_1939.jpg,train,g_train_1939.jpg,text_other
train_1940.jpg,train,g_train_1940.jpg,text_other
train_1941.jpg,train,g_train_1941.jpg,price
train_1942.jpg,train,g_train_1942.jpg,text_other
train_1943.jpg,train,g_train_1943.jpg,text_other
train_1944.jpg,train,g_train_1944.jpg,text_other
train_1945.jpg,train,g_train_1945.jpg,text_other
train_1946.jpg,valid,g_train_1946.jpg,text_other
train_1947.jpg,train,g_train_1947.jpg,text_other
train_1948.jpg,valid,g_train_1948.jpg,text_other
train_1949.jpg,train,g_train_1949.jpg,text_other
train_1950.jpg,train,g_train_1950.jpg,price
train_1951.jpg,train,g_train_1951.jpg,price
train_1952.jpg,train,g_train_1952.jpg,text_other
train_1953.jpg,train,g_train_1953.jpg,text_other
train_1954.jpg,train,g_train_1954.jpg,text_other
train_1955.jpg,holdout,g_train_1955.jpg,text_other
train_1956.jpg,train,g_train_1956.jpg,text_other
train_1957.jpg,train,g_train_1957.jpg,price
train_1958.jpg,train,g_train_1958.jpg,text_other
train_1959.jpg,train,g_train_1959.jpg,text_other
train_1960.jpg,train,g_train_1960.jpg,text_other
train_1961.jpg,train,g_train_1961.jpg,position
train_1962.jpg,train,g_train_1962.jpg,text_other
train_1963.jpg,train,g_train_1963.jpg,text_other
train_1964.jpg,train,g_train_1964.jpg,text_other
train_1965.jpg,train,g_train_1965.jpg,text_other
train_1966.jpg,train,g_train_1966.jpg,text_other
train_1967.jpg,holdout,g_train_1967.jpg,text_other
train_1968.jpg,holdout,g_train_1968.jpg,text_other
train_1969.jpg,train,g_train_1969.jpg,text_other
train_1970.jpg,holdout,g_train_1970.jpg,text_other
train_1971.jpg,train,g_train_1971.jpg,text_other
train_1972.jpg,train,g_train_1972.jpg,text_other
train_1973.jpg,train,g_train_1973.jpg,position
train_1974.jpg,train,g_train_1974.jpg,text_other
train_1975.jpg,train,g_train_1975.jpg,text_other
train_1976.jpg,train,g_train_1976.jpg,price
train_1977.jpg,train,g_train_1977.jpg,number
train_1978.jpg,holdout,g_train_1978.jpg,text_other
train_1979.jpg,train,g_train_1979.jpg,text_other
train_1980.jpg,train,g_train_1980.jpg,text_other
train_1981.jpg,train,g_train_1981.jpg,text_other
train_1982.jpg,train,g_train_1982.jpg,position
train_1983.jpg,train,g_train_1983.jpg,price
train_1984.jpg,train,g_train_1984.jpg,text_other
train_1985.jpg,train,g_train_1985.jpg,text_other
train_1986.jpg,train,g_train_1986.jpg,text_other
train_1987.jpg,holdout,g_train_1987.jpg,position
train_1988.jpg,train,g_train_1988.jpg,text_other
train_1989.jpg,train,g_train_1989.jpg,text_other
train_1990.jpg,train,g_train_1990.jpg,text_other
train_1991.jpg,holdout,g_train_1991.jpg,text_other
train_1992.jpg,train,g_train_1992.jpg,text_other
train_1993.jpg,train,g_train_1993.jpg,position
train_1994.jpg,valid,g_train_1994.jpg,text_other
train_1995.jpg,train,g_train_1995.jpg,price
train_1996.jpg,train,g_train_1996.jpg,negation
train_1997.jpg,train,g_train_1997.jpg,text_other
train_1998.jpg,valid,g_train_1998.jpg,text_other
train_1999.jpg,train,g_train_1999.jpg,number
train_2000.jpg,train,g_train_2000.jpg,text_other
train_2001.jpg,valid,g_train_2001.jpg,price
train_2002.jpg,valid,g_train_2002.jpg,price
train_2003.jpg,train,g_train_2003.jpg,text_other
train_2004.jpg,train,g_train_2004.jpg,text_other
train_2005.jpg,train,g_train_2005.jpg,text_other
train_2006.jpg,train,g_train_2006.jpg,text_other
train_2007.jpg,holdout,g_train_2007.jpg,text_other
train_2008.jpg,train,g_train_2008.jpg,number
train_2009.jpg,train,g_train_2009.jpg,text_other
train_2010.jpg,train,g_train_2010.jpg,text_other
train_2011.jpg,train,g_train_2011.jpg,price
train_2012.jpg,train,g_train_2012.jpg,text_other
train_2013.jpg,train,g_train_2013.jpg,text_other
train_2014.jpg,train,g_train_2014.jpg,text_other
train_2015.jpg,train,g_train_2015.jpg,text_other
train_2016.jpg,train,g_train_2016.jpg,text_other
train_2017.jpg,train,g_train_2017.jpg,text_other
train_2018.jpg,train,g_train_2018.jpg,negation
train_2019.jpg,train,g_train_2019.jpg,price
train_2020.jpg,train,g_train_2020.jpg,text_other
train_2021.jpg,holdout,g_train_2021.jpg,position
train_2022.jpg,train,g_train_2022.jpg,text_other
train_2023.jpg,train,g_train_2023.jpg,price
train_2024.jpg,train,g_train_2024.jpg,number
train_2025.jpg,holdout,g_train_2025.jpg,text_other
train_2026.jpg,train,g_train_2026.jpg,text_other
train_2027.jpg,train,g_train_2027.jpg,position
train_2028.jpg,train,g_train_2028.jpg,text_other
train_2029.jpg,train,g_train_2029.jpg,text_other
train_2030.jpg,train,g_train_2030.jpg,text_other
train_2031.jpg,train,g_train_2031.jpg,price
train_2032.jpg,train,g_train_2032.jpg,text_other
train_2033.jpg,train,g_train_2033.jpg,position
train_2034.jpg,train,g_train_2034.jpg,text_other
train_2035.jpg,train,g_train_2035.jpg,text_other
train_2036.jpg,train,g_train_2036.jpg,text_other
train_2037.jpg,train,g_train_2037.jpg,price
train_2038.jpg,train,g_train_2038.jpg,number
train_2039.jpg,train,g_train_2039.jpg,text_other
train_2040.jpg,train,g_train_2040.jpg,price
train_2041.jpg,train,g_train_2041.jpg,text_other
train_2042.jpg,train,g_train_2042.jpg,text_other
train_2043.jpg,train,g_train_2043.jpg,position
train_2044.jpg,train,g_train_2044.jpg,position
train_2045.jpg,train,g_train_2045.jpg,position
train_2046.jpg,train,g_train_2046.jpg,text_other
train_2047.jpg,train,g_train_2047.jpg,number
train_2048.jpg,train,g_train_2048.jpg,price
train_2049.jpg,train,g_train_2049.jpg,text_other
train_2050.jpg,train,g_train_2050.jpg,text_other
train_2051.jpg,train,g_train_2051.jpg,text_other
train_2052.jpg,train,g_train_2052.jpg,text_other
train_2053.jpg,train,g_train_2053.jpg,number
train_2054.jpg,train,g_train_2054.jpg,text_other
train_2055.jpg,train,g_train_2055.jpg,negation
train_2056.jpg,train,g_train_2056.jpg,text_other
train_2057.jpg,train,g_train_2057.jpg,negation
train_2058.jpg,holdout,g_train_2058.jpg,text_other
train_2059.jpg,train,g_train_2059.jpg,text_other
train_2060.jpg,train,g_train_2060.jpg,number
train_2061.jpg,train,g_train_2061.jpg,text_other
train_2062.jpg,valid,g_train_2062.jpg,text_other
train_2063.jpg,train,g_train_2063.jpg,number
train_2064.jpg,train,g_train_2064.jpg,price
train_2065.jpg,train,g_train_2065.jpg,number
train_2066.jpg,train,g_train_2066.jpg,position
train_2067.jpg,train,g_train_2067.jpg,text_other
train_2068.jpg,train,g_train_2068.jpg,text_other
train_2069.jpg,valid,g_train_2069.jpg,text_other
train_2070.jpg,holdout,g_train_2070.jpg,number
train_2071.jpg,valid,g_train_2071.jpg,text_other
train_2072.jpg,train,g_train_2072.jpg,price
train_2073.jpg,train,g_train_2073.jpg,text_other
train_2074.jpg,train,g_train_2074.jpg,number
train_2075.jpg,train,g_train_2075.jpg,text_other
train_2076.jpg,train,g_train_2076.jpg,text_other
train_2077.jpg,train,g_train_2077.jpg,text_other
train_2078.jpg,holdout,g_train_2078.jpg,text_other
train_2079.jpg,train,g_train_2079.jpg,price
train_2080.jpg,valid,g_train_2080.jpg,price
train_2081.jpg,train,g_train_2081.jpg,number
train_2082.jpg,train,g_train_2082.jpg,text_other
train_2083.jpg,train,g_train_2083.jpg,text_other
train_2084.jpg,holdout,g_train_2084.jpg,text_other
train_2085.jpg,train,g_train_2085.jpg,text_other
train_2086.jpg,train,g_train_2086.jpg,text_other
train_2087.jpg,train,g_train_2087.jpg,number
train_2088.jpg,holdout,g_train_2088.jpg,price
train_2089.jpg,train,g_train_2089.jpg,price
train_2090.jpg,train,g_train_2090.jpg,text_other
train_2091.jpg,train,g_train_2091.jpg,text_other
train_2092.jpg,train,g_train_2092.jpg,text_other
train_2093.jpg,train,g_train_2093.jpg,text_other
train_2094.jpg,train,g_train_2094.jpg,text_other
train_2095.jpg,train,g_train_2095.jpg,text_other
train_2096.jpg,train,g_train_2096.jpg,position
train_2097.jpg,train,g_train_2097.jpg,price
train_2098.jpg,train,g_train_2098.jpg,text_other
train_2099.jpg,train,g_train_2099.jpg,text_other
train_2100.jpg,train,g_train_2100.jpg,price
train_2101.jpg,train,g_train_2101.jpg,number
train_2102.jpg,train,g_train_2102.jpg,text_other
train_2103.jpg,train,g_train_2103.jpg,text_other
train_2104.jpg,train,g_train_2104.jpg,text_other
train_2105.jpg,valid,g_train_2105.jpg,text_other
train_2106.jpg,valid,g_train_2106.jpg,negation
train_2107.jpg,train,g_train_2107.jpg,price
train_2108.jpg,train,g_train_2108.jpg,text_other
train_2109.jpg,train,g_train_2109.jpg,text_other
train_2110.jpg,train,g_train_2110.jpg,number
train_2111.jpg,train,g_train_2111.jpg,text_other
train_2112.jpg,train,g_train_2112.jpg,text_other
train_2113.jpg,train,g_train_2113.jpg,text_other
train_2114.jpg,train,g_train_2114.jpg,negation
train_2115.jpg,train,g_train_2115.jpg,text_other
train_2116.jpg,train,g_train_2116.jpg,text_other
train_2117.jpg,train,g_train_2117.jpg,text_other
train_2118.jpg,train,g_train_2118.jpg,position
train_2119.jpg,train,g_train_2119.jpg,price
train_2120.jpg,train,g_train_2120.jpg,number
train_2121.jpg,train,g_train_2121.jpg,position
train_2122.jpg,train,g_train_2122.jpg,price
train_2123.jpg,train,g_train_2123.jpg,price
train_2124.jpg,train,g_train_2124.jpg,text_other
train_2125.jpg,train,g_train_2125.jpg,number
train_2126.jpg,train,g_train_2126.jpg,text_other
train_2127.jpg,train,g_train_2127.jpg,text_other
train_2128.jpg,train,g_train_2128.jpg,price
train_2129.jpg,train,g_train_2129.jpg,text_other
train_2130.jpg,train,g_train_2130.jpg,position
train_2131.jpg,train,g_train_2131.jpg,text_other
train_2132.jpg,holdout,g_train_2132.jpg,number
train_2133.jpg,holdout,g_train_2133.jpg,text_other
train_2134.jpg,train,g_train_2134.jpg,text_other
train_2135.jpg,valid,g_train_2135.jpg,text_other
train_2136.jpg,train,g_train_2136.jpg,negation
train_2137.jpg,train,g_train_2137.jpg,text_other
train_2138.jpg,train,g_train_2138.jpg,price
train_2139.jpg,train,g_train_2139.jpg,price
train_2140.jpg,train,g_train_2140.jpg,text_other
train_2141.jpg,train,g_train_2141.jpg,text_other
train_2142.jpg,train,g_train_2142.jpg,text_other
train_2143.jpg,holdout,g_train_2143.jpg,text_other
train_2144.jpg,holdout,g_train_2144.jpg,price
train_2145.jpg,train,g_train_2145.jpg,text_other
train_2146.jpg,train,g_train_2146.jpg,text_other
train_2147.jpg,train,g_train_2147.jpg,text_other
train_2148.jpg,holdout,g_train_2148.jpg,text_other
train_2149.jpg,train,g_train_2149.jpg,price
train_2150.jpg,train,g_train_2150.jpg,text_other
train_2151.jpg,train,g_train_2151.jpg,text_other
train_2152.jpg,train,g_train_2152.jpg,text_other
train_2153.jpg,train,g_train_2153.jpg,text_other
train_2154.jpg,train,g_train_2154.jpg,text_other
train_2155.jpg,valid,g_train_2155.jpg,number
train_2156.jpg,holdout,g_train_2156.jpg,price
train_2157.jpg,valid,g_train_2157.jpg,negation
train_2158.jpg,holdout,g_train_2158.jpg,negation
train_2159.jpg,train,g_train_2159.jpg,text_other
train_2160.jpg,valid,g_train_2160.jpg,text_other
train_2161.jpg,train,g_train_2161.jpg,text_other
train_2162.jpg,valid,g_train_2162.jpg,text_other
train_2163.jpg,train,g_train_2163.jpg,text_other
train_2164.jpg,train,g_train_2164.jpg,price
train_2165.jpg,train,g_train_2165.jpg,price
train_2166.jpg,train,g_train_2166.jpg,text_other
train_2167.jpg,train,g_train_2167.jpg,text_other
train_2168.jpg,holdout,g_train_2168.jpg,text_other
train_2169.jpg,train,g_train_2169.jpg,text_other
train_2170.jpg,train,g_train_2170.jpg,text_other
train_2171.jpg,train,g_train_2171.jpg,text_other
train_2172.jpg,holdout,g_train_2172.jpg,number
train_2173.jpg,train,g_train_2173.jpg,text_other
train_2174.jpg,train,g_train_2174.jpg,price
train_2175.jpg,train,g_train_2175.jpg,text_other
train_2176.jpg,train,g_train_2176.jpg,price
train_2177.jpg,holdout,g_train_2177.jpg,text_other
train_2178.jpg,train,g_train_2178.jpg,text_other
train_2179.jpg,train,g_train_2179.jpg,text_other
train_2180.jpg,valid,g_train_2180.jpg,text_other
train_2181.jpg,train,g_train_2181.jpg,text_other
train_2182.jpg,train,g_train_2182.jpg,text_other
train_2183.jpg,holdout,g_train_2183.jpg,position
train_2184.jpg,train,g_train_2184.jpg,text_other
train_2185.jpg,train,g_train_2185.jpg,text_other
train_2186.jpg,holdout,g_train_2186.jpg,text_other
train_2187.jpg,train,g_train_2187.jpg,text_other
train_2188.jpg,train,g_train_2188.jpg,text_other
train_2189.jpg,train,g_train_2189.jpg,price
train_2190.jpg,train,g_train_2190.jpg,text_other
train_2191.jpg,holdout,g_train_2191.jpg,text_other
train_2192.jpg,train,g_train_2192.jpg,number
train_2193.jpg,holdout,g_train_2193.jpg,text_other
train_2194.jpg,train,g_train_2194.jpg,text_other
train_2195.jpg,holdout,g_train_2195.jpg,text_other
train_2196.jpg,train,g_train_2196.jpg,text_other
train_2197.jpg,train,g_train_2197.jpg,price
train_2198.jpg,train,g_train_2198.jpg,text_other
train_2199.jpg,train,g_train_2199.jpg,text_other
train_2200.jpg,holdout,g_train_2200.jpg,price
train_2201.jpg,train,g_train_2201.jpg,text_other
train_2202.jpg,train,g_train_2202.jpg,number
train_2203.jpg,train,g_train_2203.jpg,price
train_2204.jpg,train,g_train_2204.jpg,price
train_2205.jpg,train,g_train_2205.jpg,text_other
train_2206.jpg,train,g_train_2206.jpg,price
train_2207.jpg,train,g_train_2207.jpg,number
train_2208.jpg,train,g_train_2208.jpg,text_other
train_2209.jpg,train,g_train_2209.jpg,text_other
train_2210.jpg,train,g_train_2210.jpg,text_other
train_2211.jpg,train,g_train_2211.jpg,price
train_2212.jpg,train,g_train_2212.jpg,text_other
train_2213.jpg,train,g_train_2213.jpg,text_other
train_2214.jpg,holdout,g_train_2214.jpg,price
train_2215.jpg,train,g_train_2215.jpg,number
train_2216.jpg,train,g_train_2216.jpg,price
train_2217.jpg,valid,g_train_2217.jpg,text_other
train_2218.jpg,train,g_train_2218.jpg,text_other
train_2219.jpg,train,g_train_2219.jpg,text_other
train_2220.jpg,holdout,g_train_2220.jpg,text_other
train_2221.jpg,train,g_train_2221.jpg,text_other
train_2222.jpg,train,g_train_2222.jpg,number
train_2223.jpg,holdout,g_train_2223.jpg,negation
train_2224.jpg,train,g_train_2224.jpg,negation
train_2225.jpg,train,g_train_2225.jpg,text_other
train_2226.jpg,valid,g_train_2226.jpg,position
train_2227.jpg,train,g_train_2227.jpg,text_other
train_2228.jpg,train,g_train_2228.jpg,text_other
train_2229.jpg,train,g_train_2229.jpg,text_other
train_2230.jpg,train,g_train_2230.jpg,price
train_2231.jpg,train,g_train_2231.jpg,price
train_2232.jpg,train,g_train_2232.jpg,text_other
train_2233.jpg,train,g_train_2233.jpg,text_other
train_2234.jpg,train,g_train_2234.jpg,text_other
train_2235.jpg,train,g_train_2235.jpg,text_other
train_2236.jpg,train,g_train_2236.jpg,text_other
train_2237.jpg,train,g_train_2237.jpg,text_other
train_2238.jpg,train,g_train_2238.jpg,text_other
train_2239.jpg,train,g_train_2239.jpg,price
train_2240.jpg,train,g_train_2240.jpg,price
train_2241.jpg,valid,g_train_2241.jpg,text_other
train_2242.jpg,valid,g_train_2242.jpg,text_other
train_2243.jpg,train,g_train_2243.jpg,text_other
train_2244.jpg,train,g_train_2244.jpg,text_other
train_2245.jpg,train,g_train_2245.jpg,text_other
train_2246.jpg,train,g_train_2246.jpg,price
train_2247.jpg,train,g_train_2247.jpg,number
train_2248.jpg,train,g_train_2248.jpg,text_other
train_2249.jpg,train,g_train_2249.jpg,text_other
train_2250.jpg,train,g_train_2250.jpg,position
train_2251.jpg,train,g_train_2251.jpg,text_other
train_2252.jpg,train,g_train_2252.jpg,number
train_2253.jpg,train,g_train_2253.jpg,price
train_2254.jpg,train,g_train_2254.jpg,text_other
train_2255.jpg,valid,g_train_2255.jpg,text_other
train_2256.jpg,holdout,g_train_2256.jpg,text_other
train_2257.jpg,train,g_train_2257.jpg,text_other
train_2258.jpg,train,g_train_2258.jpg,text_other
train_2259.jpg,holdout,g_train_2259.jpg,text_other
train_2260.jpg,valid,g_train_2260.jpg,price
train_2261.jpg,train,g_train_2261.jpg,text_other
train_2262.jpg,train,g_train_2262.jpg,text_other
train_2263.jpg,train,g_train_2263.jpg,text_other
train_2264.jpg,train,g_train_2264.jpg,text_other
train_2265.jpg,train,g_train_2265.jpg,text_other
train_2266.jpg,holdout,g_train_2266.jpg,text_other
train_2267.jpg,train,g_train_2267.jpg,price
train_2268.jpg,train,g_train_2268.jpg,number
train_2269.jpg,train,g_train_2269.jpg,text_other
train_2270.jpg,train,g_train_2270.jpg,text_other
train_2271.jpg,train,g_train_2271.jpg,text_other
train_2272.jpg,train,g_train_2272.jpg,text_other
train_2273.jpg,valid,g_train_2273.jpg,price
train_2274.jpg,train,g_train_2274.jpg,text_other
train_2275.jpg,train,g_train_2275.jpg,text_other
train_2276.jpg,train,g_train_2276.jpg,text_other
train_2277.jpg,train,g_train_2277.jpg,text_other
train_2278.jpg,train,g_train_2278.jpg,price
train_2279.jpg,train,g_train_2279.jpg,text_other
train_2280.jpg,valid,g_train_2280.jpg,number
train_2281.jpg,valid,g_train_2281.jpg,text_other
train_2282.jpg,train,g_train_2282.jpg,text_other
train_2283.jpg,train,g_train_2283.jpg,text_other
train_2284.jpg,train,g_train_2284.jpg,price
train_2285.jpg,train,g_train_2285.jpg,text_other
train_2286.jpg,train,g_train_2286.jpg,text_other
train_2287.jpg,train,g_train_2287.jpg,price
train_2288.jpg,holdout,g_train_2288.jpg,text_other
train_2289.jpg,train,g_train_2289.jpg,text_other
train_2290.jpg,valid,g_train_2290.jpg,text_other
train_2291.jpg,train,g_train_2291.jpg,text_other
train_2292.jpg,train,g_train_2292.jpg,number
train_2293.jpg,train,g_train_2293.jpg,negation
train_2294.jpg,train,g_train_2294.jpg,price
train_2295.jpg,train,g_train_2295.jpg,negation
train_2296.jpg,train,g_train_2296.jpg,price
train_2297.jpg,valid,g_train_2297.jpg,price
train_2298.jpg,train,g_train_2298.jpg,text_other
train_2299.jpg,train,g_train_2299.jpg,number
train_2300.jpg,train,g_train_2300.jpg,price
train_2301.jpg,train,g_train_2301.jpg,text_other
train_2302.jpg,train,g_train_2302.jpg,text_other
train_2303.jpg,train,g_train_2303.jpg,text_other
train_2304.jpg,train,g_train_2304.jpg,text_other
train_2305.jpg,holdout,g_train_2305.jpg,position
train_2306.jpg,train,g_train_2306.jpg,price
train_2307.jpg,train,g_train_2307.jpg,position
train_2308.jpg,train,g_train_2308.jpg,text_other
train_2309.jpg,train,g_train_2309.jpg,text_other
train_2310.jpg,train,g_train_2310.jpg,text_other
train_2311.jpg,train,g_train_2311.jpg,text_other
train_2312.jpg,train,g_train_2312.jpg,text_other
train_2313.jpg,train,g_train_2313.jpg,text_other
train_2314.jpg,train,g_train_2314.jpg,price
train_2315.jpg,train,g_train_2315.jpg,text_other
train_2316.jpg,train,g_train_2316.jpg,number
train_2317.jpg,train,g_train_2317.jpg,text_other
train_2318.jpg,train,g_train_2318.jpg,text_other
train_2319.jpg,train,g_train_2319.jpg,text_other
train_2320.jpg,holdout,g_train_2320.jpg,text_other
train_2321.jpg,holdout,g_train_2321.jpg,number
train_2322.jpg,train,g_train_2322.jpg,text_other
train_2323.jpg,holdout,g_train_2323.jpg,text_other
train_2324.jpg,train,g_train_2324.jpg,text_other
train_2325.jpg,valid,g_train_2325.jpg,price
train_2326.jpg,train,g_train_2326.jpg,text_other
train_2327.jpg,valid,g_train_2327.jpg,text_other
train_2328.jpg,holdout,g_train_2328.jpg,position
train_2329.jpg,train,g_train_2329.jpg,price
train_2330.jpg,train,g_train_2330.jpg,price
train_2331.jpg,valid,g_train_2331.jpg,text_other
train_2332.jpg,train,g_train_2332.jpg,text_other
train_2333.jpg,train,g_train_2333.jpg,text_other
train_2334.jpg,holdout,g_train_2334.jpg,price
train_2335.jpg,train,g_train_2335.jpg,number
train_2336.jpg,train,g_train_2336.jpg,text_other
train_2337.jpg,train,g_train_2337.jpg,text_other
train_2338.jpg,train,g_train_2338.jpg,price
train_2339.jpg,valid,g_train_2339.jpg,negation
train_2340.jpg,holdout,g_train_2340.jpg,text_other
train_2341.jpg,train,g_train_2341.jpg,text_other
train_2342.jpg,train,g_train_2342.jpg,price
train_2343.jpg,train,g_train_2343.jpg,text_other
train_2344.jpg,holdout,g_train_2344.jpg,text_other
train_2345.jpg,train,g_train_2345.jpg,text_other
train_2346.jpg,train,g_train_2346.jpg,text_other
train_2347.jpg,train,g_train_2347.jpg,text_other
train_2348.jpg,train,g_train_2348.jpg,number
train_2349.jpg,train,g_train_2349.jpg,position
train_2350.jpg,train,g_train_2350.jpg,text_other
train_2351.jpg,holdout,g_train_2351.jpg,text_other
train_2352.jpg,train,g_train_2352.jpg,number
train_2353.jpg,train,g_train_2353.jpg,number
train_2354.jpg,valid,g_train_2354.jpg,text_other
train_2355.jpg,train,g_train_2355.jpg,text_other
train_2356.jpg,train,g_train_2356.jpg,text_other
train_2357.jpg,train,g_train_2357.jpg,negation
train_2358.jpg,train,g_train_2358.jpg,text_other
train_2359.jpg,train,g_train_2359.jpg,price
train_2360.jpg,valid,g_train_2360.jpg,text_other
train_2361.jpg,train,g_train_2361.jpg,text_other
train_2362.jpg,train,g_train_2362.jpg,negation
train_2363.jpg,valid,g_train_2363.jpg,text_other
train_2364.jpg,holdout,g_train_2364.jpg,negation
train_2365.jpg,valid,g_train_2365.jpg,price
train_2366.jpg,holdout,g_train_2366.jpg,position
train_2367.jpg,train,g_train_2367.jpg,text_other
train_2368.jpg,holdout,g_train_2368.jpg,text_other
train_2369.jpg,train,g_train_2369.jpg,number
train_2370.jpg,train,g_train_2370.jpg,text_other
train_2371.jpg,train,g_train_2371.jpg,position
train_2372.jpg,train,g_train_2372.jpg,text_other
train_2373.jpg,train,g_train_2373.jpg,text_other
train_2374.jpg,train,g_train_2374.jpg,number
train_2375.jpg,train,g_train_2375.jpg,number
train_2376.jpg,train,g_train_2376.jpg,number
train_2377.jpg,train,g_train_2377.jpg,text_other
train_2378.jpg,train,g_train_2378.jpg,text_other
train_2379.jpg,holdout,g_train_2379.jpg,negation
train_2380.jpg,train,g_train_2380.jpg,text_other
train_2381.jpg,train,g_train_2381.jpg,text_other
train_2382.jpg,train,g_train_2382.jpg,negation
train_2383.jpg,train,g_train_2383.jpg,text_other
train_2384.jpg,train,g_train_2384.jpg,text_other
train_2385.jpg,train,g_train_2385.jpg,text_other
train_2386.jpg,train,g_train_2386.jpg,text_other
train_2387.jpg,train,g_train_2387.jpg,number
train_2388.jpg,holdout,g_train_2388.jpg,number
train_2389.jpg,train,g_train_2389.jpg,text_other
train_2390.jpg,train,g_train_2390.jpg,text_other
train_2391.jpg,holdout,g_train_2391.jpg,text_other
train_2392.jpg,train,g_train_2392.jpg,text_other
train_2393.jpg,train,g_train_2393.jpg,negation
train_2394.jpg,train,g_train_2394.jpg,price
train_2395.jpg,train,g_train_2395.jpg,price
train_2396.jpg,valid,g_train_2396.jpg,price
train_2397.jpg,train,g_train_2397.jpg,price
train_2398.jpg,train,g_train_2398.jpg,number
train_2399.jpg,train,g_train_2399.jpg,text_other
train_2400.jpg,holdout,g_train_2400.jpg,text_other
train_2401.jpg,train,g_train_2401.jpg,text_other
train_2402.jpg,train,g_train_2402.jpg,text_other
train_2403.jpg,train,g_train_2403.jpg,text_other
train_2404.jpg,train,g_train_2404.jpg,price
train_2405.jpg,train,g_train_2405.jpg,text_other
train_2406.jpg,holdout,g_train_2406.jpg,text_other
train_2407.jpg,holdout,g_train_2407.jpg,price
train_2408.jpg,train,g_train_2408.jpg,number
train_2409.jpg,valid,g_train_2409.jpg,text_other
train_2410.jpg,train,g_train_2410.jpg,text_other
train_2411.jpg,holdout,g_train_2411.jpg,position
train_2412.jpg,holdout,g_train_2412.jpg,negation
train_2413.jpg,train,g_train_2413.jpg,negation
train_2414.jpg,train,g_train_2414.jpg,price
train_2415.jpg,holdout,g_train_2415.jpg,text_other
train_2416.jpg,train,g_train_2416.jpg,text_other
train_2417.jpg,train,g_train_2417.jpg,text_other
train_2418.jpg,train,g_train_2418.jpg,number
train_2419.jpg,train,g_train_2419.jpg,text_other
train_2420.jpg,train,g_train_2420.jpg,text_other
train_2421.jpg,holdout,g_train_2421.jpg,text_other
train_2422.jpg,train,g_train_2422.jpg,price
train_2423.jpg,train,g_train_2423.jpg,text_other
train_2424.jpg,train,g_train_2424.jpg,text_other
train_2425.jpg,train,g_train_2425.jpg,position
train_2426.jpg,train,g_train_2426.jpg,number
train_2427.jpg,train,g_train_2427.jpg,text_other
train_2428.jpg,holdout,g_train_2428.jpg,text_other
train_2429.jpg,train,g_train_2429.jpg,position
train_2430.jpg,train,g_train_2430.jpg,text_other
train_2431.jpg,train,g_train_2431.jpg,position
train_2432.jpg,train,g_train_2432.jpg,negation
train_2433.jpg,train,g_train_2433.jpg,text_other
train_2434.jpg,train,g_train_2434.jpg,text_other
train_2435.jpg,train,g_train_2435.jpg,text_other
train_2436.jpg,train,g_train_2436.jpg,text_other
train_2437.jpg,train,g_train_2437.jpg,text_other
train_2438.jpg,train,g_train_2438.jpg,text_other
train_2439.jpg,train,g_train_2439.jpg,text_other
train_2440.jpg,train,g_train_2440.jpg,text_other
train_2441.jpg,train,g_train_2441.jpg,text_other
train_2442.jpg,train,g_train_2442.jpg,price
train_2443.jpg,train,g_train_2443.jpg,negation
train_2444.jpg,train,g_train_2444.jpg,text_other
train_2445.jpg,valid,g_train_2445.jpg,text_other
train_2446.jpg,valid,g_train_2446.jpg,price
train_2447.jpg,train,g_train_2447.jpg,negation
train_2448.jpg,holdout,g_train_2448.jpg,text_other
train_2449.jpg,train,g_train_2449.jpg,text_other
train_2450.jpg,train,g_train_2450.jpg,number
train_2451.jpg,holdout,g_train_2451.jpg,text_other
train_2452.jpg,train,g_train_2452.jpg,position
train_2453.jpg,train,g_train_2453.jpg,text_other
train_2454.jpg,train,g_train_2454.jpg,number
train_2455.jpg,holdout,g_train_2455.jpg,negation
train_2456.jpg,train,g_train_2456.jpg,text_other
train_2457.jpg,valid,g_train_0214.jpg,position
train_2458.jpg,train,g_train_2458.jpg,position
train_2459.jpg,train,g_train_2459.jpg,text_other
train_2460.jpg,train,g_train_2460.jpg,text_other
train_2461.jpg,train,g_train_2461.jpg,text_other
train_2462.jpg,train,g_train_2462.jpg,text_other
train_2463.jpg,train,g_train_2463.jpg,price
train_2464.jpg,train,g_train_2464.jpg,text_other
train_2465.jpg,valid,g_train_2465.jpg,text_other
train_2466.jpg,train,g_train_2466.jpg,text_other
train_2467.jpg,train,g_train_2467.jpg,number
train_2468.jpg,valid,g_train_2468.jpg,text_other
train_2469.jpg,train,g_train_2469.jpg,text_other
train_2470.jpg,train,g_train_2470.jpg,text_other
train_2471.jpg,holdout,g_train_2471.jpg,text_other
train_2472.jpg,train,g_train_2472.jpg,price
train_2473.jpg,train,g_train_2473.jpg,text_other
train_2474.jpg,train,g_train_2474.jpg,price
train_2475.jpg,train,g_train_2475.jpg,text_other
train_2476.jpg,train,g_train_2476.jpg,negation
train_2477.jpg,train,g_train_2477.jpg,text_other
train_2478.jpg,train,g_train_2478.jpg,price
train_2479.jpg,holdout,g_train_2479.jpg,text_other
train_2480.jpg,train,g_train_2480.jpg,text_other
train_2481.jpg,holdout,g_train_2481.jpg,text_other
train_2482.jpg,train,g_train_2482.jpg,text_other
train_2483.jpg,train,g_train_2483.jpg,text_other
train_2484.jpg,train,g_train_2484.jpg,position
train_2485.jpg,train,g_train_2485.jpg,text_other
train_2486.jpg,train,g_train_2486.jpg,text_other
train_2487.jpg,train,g_train_2487.jpg,price
train_2488.jpg,holdout,g_train_2488.jpg,text_other
train_2489.jpg,train,g_train_2489.jpg,text_other
train_2490.jpg,train,g_train_2490.jpg,number
train_2491.jpg,train,g_train_2491.jpg,text_other
train_2492.jpg,holdout,g_train_2492.jpg,text_other
train_2493.jpg,train,g_train_2493.jpg,text_other
train_2494.jpg,train,g_train_2494.jpg,text_other
train_2495.jpg,valid,g_train_2495.jpg,text_other
train_2496.jpg,train,g_train_2496.jpg,text_other
train_2497.jpg,train,g_train_2497.jpg,price
train_2498.jpg,valid,g_train_2498.jpg,price
train_2499.jpg,train,g_train_2499.jpg,text_other
train_2500.jpg,train,g_train_2500.jpg,negation
train_2501.jpg,train,g_train_2501.jpg,text_other
train_2502.jpg,train,g_train_2502.jpg,text_other
train_2503.jpg,holdout,g_train_2503.jpg,number
train_2504.jpg,train,g_train_2504.jpg,position
train_2505.jpg,train,g_train_2505.jpg,text_other
train_2506.jpg,valid,g_train_2506.jpg,text_other
train_2507.jpg,train,g_train_2507.jpg,text_other
train_2508.jpg,train,g_train_2508.jpg,price
train_2509.jpg,train,g_train_2509.jpg,number
train_2510.jpg,train,g_train_2510.jpg,text_other
train_2511.jpg,holdout,g_train_2511.jpg,position
train_2512.jpg,train,g_train_2512.jpg,text_other
train_2513.jpg,train,g_train_2513.jpg,number
train_2514.jpg,train,g_train_2514.jpg,text_other
train_2515.jpg,valid,g_train_2515.jpg,text_other
train_2516.jpg,holdout,g_train_2516.jpg,text_other
train_2517.jpg,train,g_train_2517.jpg,text_other
train_2518.jpg,holdout,g_train_2518.jpg,price
train_2519.jpg,holdout,g_train_2519.jpg,position
train_2520.jpg,holdout,g_train_2520.jpg,text_other
train_2521.jpg,train,g_train_2521.jpg,text_other
train_2522.jpg,train,g_train_2522.jpg,position
train_2523.jpg,holdout,g_train_2523.jpg,price
train_2524.jpg,holdout,g_train_2524.jpg,number
train_2525.jpg,train,g_train_2525.jpg,price
train_2526.jpg,valid,g_train_2526.jpg,text_other
train_2527.jpg,train,g_train_2527.jpg,text_other
train_2528.jpg,train,g_train_2528.jpg,negation
train_2529.jpg,train,g_train_2529.jpg,price
train_2530.jpg,train,g_train_2530.jpg,text_other
train_2531.jpg,train,g_train_2531.jpg,text_other
train_2532.jpg,train,g_train_2532.jpg,text_other
train_2533.jpg,holdout,g_train_2533.jpg,number
train_2534.jpg,train,g_train_2534.jpg,text_other
train_2535.jpg,train,g_train_2535.jpg,text_other
train_2536.jpg,train,g_train_2536.jpg,position
train_2537.jpg,valid,g_train_2537.jpg,text_other
train_2538.jpg,valid,g_train_2538.jpg,number
train_2539.jpg,train,g_train_2539.jpg,number
train_2540.jpg,train,g_train_2540.jpg,text_other
train_2541.jpg,train,g_train_2541.jpg,text_other
train_2542.jpg,train,g_train_2542.jpg,position
train_2543.jpg,train,g_train_2543.jpg,position
train_2544.jpg,holdout,g_train_2544.jpg,text_other
train_2545.jpg,train,g_train_2545.jpg,text_other
train_2546.jpg,train,g_train_2546.jpg,number
train_2547.jpg,train,g_train_2547.jpg,number
train_2548.jpg,train,g_train_2548.jpg,negation
train_2549.jpg,valid,g_train_2549.jpg,text_other
train_2550.jpg,holdout,g_train_2550.jpg,number
train_2551.jpg,train,g_train_2551.jpg,text_other
train_2552.jpg,train,g_train_2552.jpg,text_other
train_2553.jpg,train,g_train_2553.jpg,text_other
train_2554.jpg,train,g_train_2554.jpg,text_other
train_2555.jpg,train,g_train_2555.jpg,number
train_2556.jpg,train,g_train_2556.jpg,price
train_2557.jpg,train,g_train_2557.jpg,text_other
train_2558.jpg,train,g_train_2558.jpg,text_other
train_2559.jpg,train,g_train_2559.jpg,price
train_2560.jpg,train,g_train_2560.jpg,price
train_2561.jpg,train,g_train_2561.jpg,text_other
train_2562.jpg,train,g_train_2562.jpg,number
train_2563.jpg,train,g_train_2563.jpg,price
train_2564.jpg,train,g_train_2564.jpg,text_other
train_2565.jpg,train,g_train_2565.jpg,number
train_2566.jpg,holdout,g_train_2566.jpg,position
train_2567.jpg,train,g_train_2567.jpg,text_other
train_2568.jpg,train,g_train_2568.jpg,text_other
train_2569.jpg,holdout,g_train_2569.jpg,text_other
train_2570.jpg,train,g_train_2570.jpg,text_other
train_2571.jpg,train,g_train_2571.jpg,text_other
train_2572.jpg,train,g_train_2572.jpg,text_other
train_2573.jpg,train,g_train_2573.jpg,text_other
train_2574.jpg,train,g_train_2574.jpg,text_other
train_2575.jpg,train,g_train_2575.jpg,text_other
train_2576.jpg,train,g_train_2576.jpg,number
train_2577.jpg,valid,g_train_2577.jpg,text_other
train_2578.jpg,train,g_train_2578.jpg,price
train_2579.jpg,holdout,g_train_2579.jpg,text_other
train_2580.jpg,train,g_train_2580.jpg,text_other
train_2581.jpg,train,g_train_2581.jpg,text_other
train_2582.jpg,train,g_train_2582.jpg,text_other
train_2583.jpg,train,g_train_2583.jpg,text_other
train_2584.jpg,train,g_train_2584.jpg,number
train_2585.jpg,train,g_train_2585.jpg,text_other
train_2586.jpg,train,g_train_2586.jpg,text_other
train_2587.jpg,train,g_train_2587.jpg,text_other
train_2588.jpg,holdout,g_train_2588.jpg,number
train_2589.jpg,train,g_train_2589.jpg,price
train_2590.jpg,train,g_train_2590.jpg,text_other
train_2591.jpg,train,g_train_2591.jpg,text_other
train_2592.jpg,train,g_train_2592.jpg,text_other
train_2593.jpg,train,g_train_2593.jpg,text_other
train_2594.jpg,train,g_train_2594.jpg,position
train_2595.jpg,train,g_train_2595.jpg,text_other
train_2596.jpg,train,g_train_2596.jpg,text_other
train_2597.jpg,train,g_train_2597.jpg,text_other
train_2598.jpg,valid,g_train_2598.jpg,text_other
train_2599.jpg,holdout,g_train_2599.jpg,number
train_2600.jpg,train,g_train_2600.jpg,text_other
train_2601.jpg,train,g_train_2601.jpg,text_other
train_2602.jpg,train,g_train_2602.jpg,text_other
train_2603.jpg,train,g_train_2603.jpg,price
train_2604.jpg,train,g_train_2604.jpg,text_other
train_2605.jpg,train,g_train_2605.jpg,text_other
train_2606.jpg,holdout,g_train_2606.jpg,position
train_2607.jpg,train,g_train_2607.jpg,price
train_2608.jpg,train,g_train_2608.jpg,text_other
train_2609.jpg,train,g_train_2609.jpg,price
train_2610.jpg,train,g_train_2610.jpg,text_other
train_2611.jpg,train,g_train_2611.jpg,text_other
train_2612.jpg,train,g_train_2612.jpg,position
train_2613.jpg,holdout,g_train_2613.jpg,text_other
train_2614.jpg,train,g_train_2614.jpg,negation
train_2615.jpg,train,g_train_2615.jpg,text_other
train_2616.jpg,train,g_train_2616.jpg,text_other
train_2617.jpg,holdout,g_train_2617.jpg,negation
train_2618.jpg,train,g_train_2618.jpg,text_other
train_2619.jpg,train,g_train_2619.jpg,price
train_2620.jpg,train,g_train_2620.jpg,text_other
train_2621.jpg,train,g_train_2621.jpg,text_other
train_2622.jpg,holdout,g_train_2622.jpg,text_other
train_2623.jpg,train,g_train_2623.jpg,text_other
train_2624.jpg,train,g_train_2624.jpg,price
train_2625.jpg,train,g_train_2625.jpg,text_other
train_2626.jpg,train,g_train_2626.jpg,price
train_2627.jpg,train,g_train_2627.jpg,text_other
train_2628.jpg,train,g_train_2628.jpg,text_other
train_2629.jpg,holdout,g_train_2629.jpg,price
train_2630.jpg,holdout,g_train_2630.jpg,text_other
train_2631.jpg,train,g_train_2631.jpg,text_other
train_2632.jpg,holdout,g_train_2632.jpg,price
train_2633.jpg,train,g_train_2633.jpg,text_other
train_2634.jpg,train,g_train_2634.jpg,number
train_2635.jpg,train,g_train_2635.jpg,text_other
train_2636.jpg,valid,g_train_2636.jpg,text_other
train_2637.jpg,train,g_train_2637.jpg,text_other
train_2638.jpg,valid,g_train_2638.jpg,price
train_2639.jpg,train,g_train_2639.jpg,text_other
train_2640.jpg,train,g_train_2640.jpg,text_other
train_2641.jpg,train,g_train_2641.jpg,number
train_2642.jpg,train,g_train_2642.jpg,text_other
train_2643.jpg,train,g_train_2643.jpg,price
train_2644.jpg,train,g_train_2644.jpg,text_other
train_2645.jpg,train,g_train_2645.jpg,text_other
train_2646.jpg,train,g_train_2646.jpg,text_other
train_2647.jpg,train,g_train_2647.jpg,text_other
train_2648.jpg,train,g_train_2648.jpg,text_other
train_2649.jpg,holdout,g_train_2649.jpg,text_other
train_2650.jpg,train,g_train_2650.jpg,price
train_2651.jpg,train,g_train_2651.jpg,text_other
train_2652.jpg,valid,g_train_2652.jpg,text_other
train_2653.jpg,train,g_train_2653.jpg,text_other
train_2654.jpg,train,g_train_2654.jpg,text_other
train_2655.jpg,holdout,g_train_2655.jpg,text_other
train_2656.jpg,holdout,g_train_2656.jpg,number
train_2657.jpg,train,g_train_2657.jpg,number
train_2658.jpg,train,g_train_2658.jpg,text_other
train_2659.jpg,train,g_train_2659.jpg,text_other
train_2660.jpg,train,g_train_2660.jpg,text_other
train_2661.jpg,train,g_train_2661.jpg,text_other
train_2662.jpg,train,g_train_2662.jpg,price
train_2663.jpg,train,g_train_2663.jpg,number
train_2664.jpg,train,g_train_2664.jpg,text_other
train_2665.jpg,train,g_train_2665.jpg,text_other
train_2666.jpg,train,g_train_2666.jpg,text_other
train_2667.jpg,train,g_train_2667.jpg,price
train_2668.jpg,holdout,g_train_2668.jpg,text_other
train_2669.jpg,valid,g_train_2669.jpg,text_other
train_2670.jpg,train,g_train_2670.jpg,negation
train_2671.jpg,train,g_train_2671.jpg,text_other
train_2672.jpg,train,g_train_2672.jpg,text_other
train_2673.jpg,train,g_train_2673.jpg,text_other
train_2674.jpg,train,g_train_2674.jpg,price
train_2675.jpg,holdout,g_train_2675.jpg,position
train_2676.jpg,holdout,g_train_2676.jpg,text_other
train_2677.jpg,train,g_train_2677.jpg,text_other
train_2678.jpg,train,g_train_2678.jpg,text_other
train_2679.jpg,train,g_train_2679.jpg,text_other
train_2680.jpg,train,g_train_2680.jpg,text_other
train_2681.jpg,train,g_train_2681.jpg,number
train_2682.jpg,train,g_train_2682.jpg,text_other
train_2683.jpg,train,g_train_2683.jpg,text_other
train_2684.jpg,train,g_train_2684.jpg,text_other
train_2685.jpg,train,g_train_2685.jpg,text_other
train_2686.jpg,train,g_train_2686.jpg,text_other
train_2687.jpg,train,g_train_2687.jpg,text_other
train_2688.jpg,train,g_train_2688.jpg,text_other
train_2689.jpg,train,g_train_2689.jpg,negation
train_2690.jpg,train,g_train_2690.jpg,price
train_2691.jpg,holdout,g_train_2691.jpg,text_other
train_2692.jpg,train,g_train_2692.jpg,position
train_2693.jpg,holdout,g_train_2693.jpg,text_other
train_2694.jpg,train,g_train_2694.jpg,text_other
train_2695.jpg,holdout,g_train_2695.jpg,text_other
train_2696.jpg,valid,g_train_2696.jpg,text_other
train_2697.jpg,holdout,g_train_2697.jpg,negation
train_2698.jpg,train,g_train_2698.jpg,price
train_2699.jpg,train,g_train_2699.jpg,text_other
train_2700.jpg,train,g_train_2700.jpg,text_other
train_2701.jpg,train,g_train_2701.jpg,number
train_2702.jpg,train,g_train_2702.jpg,text_other
train_2703.jpg,holdout,g_train_2703.jpg,number
train_2704.jpg,valid,g_train_2704.jpg,text_other
train_2705.jpg,holdout,g_train_2705.jpg,number
train_2706.jpg,holdout,g_train_2706.jpg,text_other
train_2707.jpg,train,g_train_2707.jpg,number
train_2708.jpg,train,g_train_2708.jpg,text_other
train_2709.jpg,train,g_train_2709.jpg,text_other
train_2710.jpg,train,g_train_2710.jpg,text_other
train_2711.jpg,train,g_train_2711.jpg,number
train_2712.jpg,train,g_train_2712.jpg,text_other
train_2713.jpg,valid,g_train_2713.jpg,text_other
train_2714.jpg,train,g_train_2714.jpg,price
train_2715.jpg,train,g_train_2715.jpg,text_other
train_2716.jpg,train,g_train_2716.jpg,negation
train_2717.jpg,holdout,g_train_2717.jpg,text_other
train_2718.jpg,train,g_train_2718.jpg,text_other
train_2719.jpg,train,g_train_2719.jpg,negation
train_2720.jpg,train,g_train_2720.jpg,price
train_2721.jpg,train,g_train_2721.jpg,price
train_2722.jpg,train,g_train_2722.jpg,number
train_2723.jpg,valid,g_train_2723.jpg,text_other
train_2724.jpg,train,g_train_2724.jpg,text_other
train_2725.jpg,train,g_train_2725.jpg,price
train_2726.jpg,train,g_train_2726.jpg,text_other
train_2727.jpg,train,g_train_2727.jpg,text_other
train_2728.jpg,train,g_train_2728.jpg,text_other
train_2729.jpg,train,g_train_2729.jpg,text_other
train_2730.jpg,train,g_train_2730.jpg,text_other
train_2731.jpg,valid,g_train_2731.jpg,text_other
train_2732.jpg,train,g_train_2732.jpg,text_other
train_2733.jpg,train,g_train_2733.jpg,text_other
train_2734.jpg,train,g_train_2734.jpg,text_other
train_2735.jpg,train,g_train_2735.jpg,text_other
train_2736.jpg,holdout,g_train_2736.jpg,text_other
train_2737.jpg,holdout,g_train_2737.jpg,text_other
train_2738.jpg,train,g_train_2738.jpg,text_other
train_2739.jpg,valid,g_train_2739.jpg,text_other
train_2740.jpg,train,g_train_2740.jpg,text_other
train_2741.jpg,train,g_train_2741.jpg,text_other
train_2742.jpg,valid,g_train_2742.jpg,number
train_2743.jpg,train,g_train_2743.jpg,price
train_2744.jpg,train,g_train_2744.jpg,price
train_2745.jpg,train,g_train_2745.jpg,position
train_2746.jpg,train,g_train_2746.jpg,text_other
train_2747.jpg,train,g_train_2747.jpg,text_other
train_2748.jpg,train,g_train_2748.jpg,text_other
train_2749.jpg,train,g_train_2749.jpg,position
train_2750.jpg,train,g_train_2750.jpg,text_other
train_2751.jpg,train,g_train_2751.jpg,text_other
train_2752.jpg,train,g_train_2752.jpg,text_other
train_2753.jpg,train,g_train_2753.jpg,text_other
train_2754.jpg,holdout,g_train_2754.jpg,text_other
train_2755.jpg,train,g_train_2755.jpg,number
train_2756.jpg,train,g_train_2756.jpg,number
train_2757.jpg,holdout,g_train_2757.jpg,text_other
train_2758.jpg,valid,g_train_2758.jpg,text_other
train_2759.jpg,train,g_train_2759.jpg,text_other
train_2760.jpg,train,g_train_2760.jpg,text_other
train_2761.jpg,train,g_train_2761.jpg,text_other
train_2762.jpg,train,g_train_2762.jpg,text_other
train_2763.jpg,valid,g_train_2763.jpg,text_other
train_2764.jpg,train,g_train_2764.jpg,text_other
train_2765.jpg,train,g_train_2765.jpg,text_other
train_2766.jpg,train,g_train_2766.jpg,number
train_2767.jpg,train,g_train_2767.jpg,negation
train_2768.jpg,valid,g_train_2768.jpg,text_other
train_2769.jpg,train,g_train_2769.jpg,position
train_2770.jpg,train,g_train_2770.jpg,text_other
train_2771.jpg,train,g_train_2771.jpg,text_other
train_2772.jpg,holdout,g_train_2772.jpg,text_other
train_2773.jpg,train,g_train_2773.jpg,text_other
train_2774.jpg,train,g_train_2774.jpg,position
train_2775.jpg,train,g_train_2775.jpg,text_other
train_2776.jpg,train,g_train_2776.jpg,text_other
train_2777.jpg,train,g_train_2777.jpg,text_other
train_2778.jpg,train,g_train_2778.jpg,price
train_2779.jpg,valid,g_train_2779.jpg,number
train_2780.jpg,train,g_train_2780.jpg,text_other
train_2781.jpg,train,g_train_2781.jpg,position
train_2782.jpg,holdout,g_train_2782.jpg,text_other
train_2783.jpg,train,g_train_2783.jpg,text_other
train_2784.jpg,train,g_train_2784.jpg,text_other
train_2785.jpg,holdout,g_train_2785.jpg,text_other
train_2786.jpg,holdout,g_train_2786.jpg,text_other
train_2787.jpg,train,g_train_2787.jpg,text_other
train_2788.jpg,train,g_train_2788.jpg,text_other
train_2789.jpg,train,g_train_2789.jpg,position
train_2790.jpg,holdout,g_train_2790.jpg,number
train_2791.jpg,train,g_train_2791.jpg,price
train_2792.jpg,train,g_train_2792.jpg,text_other
train_2793.jpg,train,g_train_2793.jpg,negation
train_2794.jpg,train,g_train_2794.jpg,negation
train_2795.jpg,train,g_train_2795.jpg,text_other
train_2796.jpg,holdout,g_train_2796.jpg,negation
train_2797.jpg,train,g_train_2797.jpg,text_other
train_2798.jpg,train,g_train_2798.jpg,text_other
train_2799.jpg,train,g_train_2799.jpg,text_other
train_2800.jpg,train,g_train_2800.jpg,text_other
train_2801.jpg,train,g_train_2801.jpg,negation
train_2802.jpg,holdout,g_train_2802.jpg,text_other
train_2803.jpg,train,g_train_2803.jpg,text_other
train_2804.jpg,train,g_train_2804.jpg,text_other
train_2805.jpg,train,g_train_2805.jpg,text_other
train_2806.jpg,train,g_train_2806.jpg,text_other
train_2807.jpg,train,g_train_2807.jpg,text_other
train_2808.jpg,train,g_train_2808.jpg,text_other
train_2809.jpg,train,g_train_2809.jpg,negation
train_2810.jpg,train,g_train_2810.jpg,price
train_2811.jpg,train,g_train_2811.jpg,text_other
train_2812.jpg,train,g_train_2812.jpg,text_other
train_2813.jpg,valid,g_train_2813.jpg,text_other
train_2814.jpg,train,g_train_2814.jpg,text_other
train_2815.jpg,train,g_train_2815.jpg,text_other
train_2816.jpg,train,g_train_2816.jpg,number
train_2817.jpg,valid,g_train_2817.jpg,number
train_2818.jpg,train,g_train_2818.jpg,text_other
train_2819.jpg,train,g_train_2819.jpg,text_other
train_2820.jpg,holdout,g_train_2820.jpg,position
train_2821.jpg,train,g_train_2821.jpg,text_other
train_2822.jpg,train,g_train_2822.jpg,position
train_2823.jpg,holdout,g_train_2823.jpg,price
train_2824.jpg,train,g_train_2824.jpg,text_other
train_2825.jpg,train,g_train_2825.jpg,text_other
train_2826.jpg,train,g_train_2826.jpg,text_other
train_2827.jpg,holdout,g_train_2827.jpg,text_other
train_2828.jpg,train,g_train_2828.jpg,text_other
train_2829.jpg,valid,g_train_2829.jpg,number
train_2830.jpg,train,g_train_2830.jpg,price
train_2831.jpg,train,g_train_2831.jpg,text_other
train_2832.jpg,train,g_train_2832.jpg,price
train_2833.jpg,train,g_train_2833.jpg,position
train_2834.jpg,train,g_train_2834.jpg,position
train_2835.jpg,holdout,g_train_2835.jpg,text_other
train_2836.jpg,train,g_train_2836.jpg,text_other
train_2837.jpg,train,g_train_2837.jpg,text_other
train_2838.jpg,valid,g_train_2838.jpg,text_other
train_2839.jpg,holdout,g_train_2839.jpg,number
train_2840.jpg,train,g_train_2840.jpg,number
train_2841.jpg,train,g_train_2841.jpg,text_other
train_2842.jpg,train,g_train_2842.jpg,text_other
train_2843.jpg,train,g_train_2843.jpg,text_other
train_2844.jpg,train,g_train_2844.jpg,text_other
train_2845.jpg,train,g_train_2845.jpg,text_other
train_2846.jpg,holdout,g_train_2846.jpg,number
train_2847.jpg,train,g_train_2847.jpg,text_other
train_2848.jpg,train,g_train_2848.jpg,text_other
train_2849.jpg,train,g_train_2849.jpg,price
train_2850.jpg,train,g_train_2850.jpg,negation
train_2851.jpg,train,g_train_2851.jpg,text_other
train_2852.jpg,train,g_train_2852.jpg,price
train_2853.jpg,holdout,g_train_2853.jpg,text_other
train_2854.jpg,train,g_train_2854.jpg,text_other
train_2855.jpg,train,g_train_2855.jpg,text_other
train_2856.jpg,train,g_train_2856.jpg,text_other
train_2857.jpg,train,g_train_2857.jpg,text_other
train_2858.jpg,train,g_train_2858.jpg,text_other
train_2859.jpg,holdout,g_train_2859.jpg,price
train_2860.jpg,train,g_train_2860.jpg,text_other
train_2861.jpg,holdout,g_train_2861.jpg,text_other
train_2862.jpg,holdout,g_train_2862.jpg,text_other
train_2863.jpg,train,g_train_2863.jpg,position
train_2864.jpg,valid,g_train_2864.jpg,text_other
train_2865.jpg,train,g_train_2865.jpg,text_other
train_2866.jpg,train,g_train_2866.jpg,price
train_2867.jpg,holdout,g_train_2867.jpg,text_other
train_2868.jpg,train,g_train_2868.jpg,text_other
train_2869.jpg,train,g_train_2869.jpg,number
train_2870.jpg,valid,g_train_2870.jpg,price
train_2871.jpg,train,g_train_2871.jpg,price
train_2872.jpg,train,g_train_2872.jpg,text_other
train_2873.jpg,holdout,g_train_2873.jpg,text_other
train_2874.jpg,train,g_train_2874.jpg,price
train_2875.jpg,train,g_train_2875.jpg,text_other
train_2876.jpg,train,g_train_2876.jpg,text_other
train_2877.jpg,train,g_train_2877.jpg,text_other
train_2878.jpg,train,g_train_2878.jpg,text_other
train_2879.jpg,holdout,g_train_2879.jpg,text_other
train_2880.jpg,train,g_train_2880.jpg,price
train_2881.jpg,train,g_train_2881.jpg,price
train_2882.jpg,train,g_train_2882.jpg,text_other
train_2883.jpg,holdout,g_train_2883.jpg,text_other
train_2884.jpg,train,g_train_2884.jpg,text_other
train_2885.jpg,train,g_train_2885.jpg,text_other
train_2886.jpg,train,g_train_2886.jpg,text_other
train_2887.jpg,train,g_train_2887.jpg,text_other
train_2888.jpg,holdout,g_train_2888.jpg,text_other
train_2889.jpg,holdout,g_train_2889.jpg,number
train_2890.jpg,holdout,g_train_2890.jpg,text_other
train_2891.jpg,train,g_train_2891.jpg,text_other
train_2892.jpg,train,g_train_2892.jpg,price
train_2893.jpg,train,g_train_2893.jpg,position
train_2894.jpg,train,g_train_2894.jpg,price
train_2895.jpg,train,g_train_2895.jpg,text_other
train_2896.jpg,train,g_train_2896.jpg,text_other
train_2897.jpg,holdout,g_train_2897.jpg,text_other
train_2898.jpg,valid,g_train_2898.jpg,price
train_2899.jpg,holdout,g_train_2899.jpg,number
train_2900.jpg,train,g_train_2900.jpg,text_other
train_2901.jpg,train,g_train_2901.jpg,price
train_2902.jpg,train,g_train_2902.jpg,text_other
train_2903.jpg,valid,g_train_2903.jpg,number
train_2904.jpg,train,g_train_2904.jpg,text_other
train_2905.jpg,train,g_train_2905.jpg,price
train_2906.jpg,train,g_train_2906.jpg,price
train_2907.jpg,holdout,g_train_2907.jpg,text_other
train_2908.jpg,train,g_train_2908.jpg,position
train_2909.jpg,train,g_train_2909.jpg,text_other
train_2910.jpg,train,g_train_2910.jpg,text_other
train_2911.jpg,train,g_train_2911.jpg,price
train_2912.jpg,holdout,g_train_2912.jpg,text_other
train_2913.jpg,train,g_train_2913.jpg,number
train_2914.jpg,train,g_train_2914.jpg,text_other
train_2915.jpg,train,g_train_2915.jpg,text_other
train_2916.jpg,holdout,g_train_2916.jpg,text_other
train_2917.jpg,valid,g_train_2917.jpg,text_other
train_2918.jpg,holdout,g_train_2918.jpg,price
train_2919.jpg,train,g_train_2919.jpg,text_other
train_2920.jpg,holdout,g_train_2920.jpg,text_other
train_2921.jpg,train,g_train_2921.jpg,text_other
train_2922.jpg,train,g_train_2922.jpg,price
train_2923.jpg,train,g_train_2923.jpg,text_other
train_2924.jpg,train,g_train_2924.jpg,text_other
train_2925.jpg,train,g_train_2925.jpg,text_other
train_2926.jpg,holdout,g_train_2926.jpg,text_other
train_2927.jpg,train,g_train_2927.jpg,text_other
train_2928.jpg,train,g_train_2928.jpg,number
train_2929.jpg,train,g_train_2929.jpg,text_other
train_2930.jpg,holdout,g_train_2930.jpg,text_other
train_2931.jpg,train,g_train_2931.jpg,text_other
train_2932.jpg,train,g_train_2932.jpg,text_other
train_2933.jpg,holdout,g_train_2933.jpg,price
train_2934.jpg,train,g_train_2934.jpg,price
train_2935.jpg,train,g_train_2935.jpg,price
train_2936.jpg,train,g_train_2936.jpg,text_other
train_2937.jpg,train,g_train_2937.jpg,text_other
train_2938.jpg,train,g_train_2938.jpg,price
train_2939.jpg,train,g_train_2939.jpg,text_other
train_2940.jpg,train,g_train_2940.jpg,text_other
train_2941.jpg,train,g_train_2941.jpg,text_other
train_2942.jpg,holdout,g_train_2942.jpg,number
train_2943.jpg,holdout,g_train_2943.jpg,negation
train_2944.jpg,train,g_train_2944.jpg,position
train_2945.jpg,train,g_train_2945.jpg,text_other
train_2946.jpg,train,g_train_2946.jpg,text_other
train_2947.jpg,valid,g_train_2947.jpg,text_other
train_2948.jpg,train,g_train_2948.jpg,text_other
train_2949.jpg,train,g_train_2949.jpg,text_other
train_2950.jpg,train,g_train_2950.jpg,price
train_2951.jpg,train,g_train_2951.jpg,text_other
train_2952.jpg,train,g_train_2952.jpg,price
train_2953.jpg,train,g_train_2953.jpg,price
train_2954.jpg,holdout,g_train_2954.jpg,price
train_2955.jpg,train,g_train_2955.jpg,text_other
train_2956.jpg,train,g_train_2956.jpg,text_other
train_2957.jpg,valid,g_train_2957.jpg,text_other
train_2958.jpg,train,g_train_2958.jpg,text_other
train_2959.jpg,train,g_train_2959.jpg,text_other
train_2960.jpg,train,g_train_2960.jpg,price
train_2961.jpg,train,g_train_2961.jpg,text_other
train_2962.jpg,train,g_train_2962.jpg,price
train_2963.jpg,train,g_train_2963.jpg,text_other
train_2964.jpg,train,g_train_2964.jpg,text_other
train_2965.jpg,holdout,g_train_2965.jpg,negation
train_2966.jpg,train,g_train_2966.jpg,price
train_2967.jpg,train,g_train_2967.jpg,number
train_2968.jpg,train,g_train_2968.jpg,text_other
train_2969.jpg,train,g_train_2969.jpg,text_other
train_2970.jpg,train,g_train_2970.jpg,text_other
train_2971.jpg,train,g_train_2971.jpg,text_other
train_2972.jpg,train,g_train_2972.jpg,position
train_2973.jpg,train,g_train_2973.jpg,text_other
train_2974.jpg,train,g_train_2974.jpg,number
train_2975.jpg,train,g_train_2975.jpg,text_other
train_2976.jpg,train,g_train_2976.jpg,negation
train_2977.jpg,train,g_train_2977.jpg,text_other
train_2978.jpg,train,g_train_2978.jpg,text_other
train_2979.jpg,train,g_train_2979.jpg,text_other
train_2980.jpg,train,g_train_2980.jpg,text_other
train_2981.jpg,valid,g_train_2981.jpg,text_other
train_2982.jpg,train,g_train_2982.jpg,text_other
train_2983.jpg,train,g_train_2983.jpg,text_other
train_2984.jpg,train,g_train_2984.jpg,position
train_2985.jpg,train,g_train_2985.jpg,text_other
train_2986.jpg,train,g_train_2986.jpg,text_other
train_2987.jpg,valid,g_train_2987.jpg,text_other
train_2988.jpg,train,g_train_2988.jpg,negation
train_2989.jpg,train,g_train_2989.jpg,text_other
train_2990.jpg,train,g_train_2990.jpg,text_other
train_2991.jpg,train,g_train_2991.jpg,price
train_2992.jpg,train,g_train_2992.jpg,text_other
train_2993.jpg,train,g_train_2993.jpg,text_other
train_2994.jpg,train,g_train_2994.jpg,text_other
train_2995.jpg,train,g_train_2995.jpg,text_other
train_2996.jpg,valid,g_train_2996.jpg,text_other
train_2997.jpg,train,g_train_2997.jpg,text_other
train_2998.jpg,train,g_train_2998.jpg,text_other
train_2999.jpg,train,g_train_2999.jpg,text_other
train_3000.jpg,train,g_train_3000.jpg,text_other
train_3001.jpg,train,g_train_3001.jpg,text_other
train_3002.jpg,train,g_train_3002.jpg,text_other
train_3003.jpg,train,g_train_3003.jpg,price
train_3004.jpg,train,g_train_3004.jpg,text_other
train_3005.jpg,valid,g_train_3005.jpg,number
train_3006.jpg,holdout,g_train_3006.jpg,text_other
train_3007.jpg,train,g_train_3007.jpg,text_other
train_3008.jpg,train,g_train_3008.jpg,price
train_3009.jpg,train,g_train_3009.jpg,text_other
train_3010.jpg,train,g_train_3010.jpg,text_other
train_3011.jpg,train,g_train_3011.jpg,text_other
train_3012.jpg,train,g_train_3012.jpg,text_other
train_3013.jpg,train,g_train_3013.jpg,position
train_3014.jpg,train,g_train_3014.jpg,price
train_3015.jpg,holdout,g_train_3015.jpg,text_other
train_3016.jpg,train,g_train_3016.jpg,text_other
train_3017.jpg,holdout,g_train_3017.jpg,text_other
train_3018.jpg,train,g_train_3018.jpg,text_other
train_3019.jpg,train,g_train_3019.jpg,text_other
train_3020.jpg,valid,g_train_3020.jpg,text_other
train_3021.jpg,holdout,g_train_3021.jpg,price
train_3022.jpg,train,g_train_3022.jpg,price
train_3023.jpg,train,g_train_3023.jpg,text_other
train_3024.jpg,train,g_train_3024.jpg,price
train_3025.jpg,train,g_train_3025.jpg,text_other
train_3026.jpg,train,g_train_3026.jpg,number
train_3027.jpg,train,g_train_3027.jpg,position
train_3028.jpg,train,g_train_3028.jpg,text_other
train_3029.jpg,train,g_train_3029.jpg,text_other
train_3030.jpg,holdout,g_train_3030.jpg,text_other
train_3031.jpg,train,g_train_3031.jpg,text_other
train_3032.jpg,train,g_train_3032.jpg,text_other
train_3033.jpg,holdout,g_train_3033.jpg,text_other
train_3034.jpg,train,g_train_3034.jpg,text_other
train_3035.jpg,train,g_train_3035.jpg,text_other
train_3036.jpg,train,g_train_3036.jpg,price
train_3037.jpg,valid,g_train_3037.jpg,price
train_3038.jpg,train,g_train_3038.jpg,number
train_3039.jpg,train,g_train_3039.jpg,text_other
train_3040.jpg,train,g_train_3040.jpg,text_other
train_3041.jpg,train,g_train_3041.jpg,text_other
train_3042.jpg,train,g_train_3042.jpg,text_other
train_3043.jpg,train,g_train_3043.jpg,text_other
train_3044.jpg,train,g_train_3044.jpg,position
train_3045.jpg,train,g_train_3045.jpg,text_other
train_3046.jpg,train,g_train_3046.jpg,text_other
train_3047.jpg,train,g_train_3047.jpg,text_other
train_3048.jpg,train,g_train_3048.jpg,number
train_3049.jpg,train,g_train_3049.jpg,text_other
train_3050.jpg,train,g_train_3050.jpg,text_other
train_3051.jpg,train,g_train_3051.jpg,negation
train_3052.jpg,train,g_train_3052.jpg,text_other
train_3053.jpg,train,g_train_3053.jpg,text_other
train_3054.jpg,train,g_train_3054.jpg,position
train_3055.jpg,train,g_train_3055.jpg,price
train_3056.jpg,train,g_train_3056.jpg,text_other
train_3057.jpg,train,g_train_3057.jpg,position
train_3058.jpg,train,g_train_3058.jpg,text_other
train_3059.jpg,train,g_train_3059.jpg,text_other
train_3060.jpg,train,g_train_3060.jpg,text_other
train_3061.jpg,train,g_train_3061.jpg,text_other
train_3062.jpg,train,g_train_3062.jpg,text_other
train_3063.jpg,train,g_train_3063.jpg,text_other
train_3064.jpg,valid,g_train_3064.jpg,text_other
train_3065.jpg,holdout,g_train_3065.jpg,text_other
train_3066.jpg,train,g_train_3066.jpg,number
train_3067.jpg,holdout,g_train_3067.jpg,text_other
train_3068.jpg,train,g_train_3068.jpg,text_other
train_3069.jpg,train,g_train_3069.jpg,text_other
train_3070.jpg,train,g_train_3070.jpg,text_other
train_3071.jpg,train,g_train_3071.jpg,text_other
train_3072.jpg,train,g_train_3072.jpg,text_other
train_3073.jpg,train,g_train_3073.jpg,text_other
train_3074.jpg,train,g_train_3074.jpg,text_other
train_3075.jpg,holdout,g_train_3075.jpg,number
train_3076.jpg,train,g_train_3076.jpg,text_other
train_3077.jpg,train,g_train_3077.jpg,price
train_3078.jpg,train,g_train_3078.jpg,text_other
train_3079.jpg,train,g_train_3079.jpg,text_other
train_3080.jpg,train,g_train_3080.jpg,text_other
train_3081.jpg,train,g_train_3081.jpg,text_other
train_3082.jpg,train,g_train_3082.jpg,position
train_3083.jpg,train,g_train_3083.jpg,number
train_3084.jpg,train,g_train_3084.jpg,price
train_3085.jpg,train,g_train_3085.jpg,text_other
train_3086.jpg,holdout,g_train_3086.jpg,text_other
train_3087.jpg,train,g_train_3087.jpg,text_other
train_3088.jpg,holdout,g_train_1124.jpg,text_other
train_3089.jpg,train,g_train_3089.jpg,text_other
train_3090.jpg,train,g_train_3090.jpg,text_other
train_3091.jpg,train,g_train_3091.jpg,text_other
train_3092.jpg,train,g_train_3092.jpg,text_other
train_3093.jpg,train,g_train_3093.jpg,text_other
train_3094.jpg,train,g_train_3094.jpg,text_other
train_3095.jpg,train,g_train_3095.jpg,text_other
train_3096.jpg,holdout,g_train_3096.jpg,text_other
train_3097.jpg,holdout,g_train_3097.jpg,number
train_3098.jpg,train,g_train_3098.jpg,text_other
train_3099.jpg,holdout,g_train_3099.jpg,text_other
train_3100.jpg,train,g_train_3100.jpg,number
train_3101.jpg,train,g_train_3101.jpg,negation
train_3102.jpg,train,g_train_3102.jpg,text_other
train_3103.jpg,train,g_train_3103.jpg,text_other
train_3104.jpg,train,g_train_3104.jpg,text_other
train_3105.jpg,train,g_train_3105.jpg,text_other
train_3106.jpg,train,g_train_3106.jpg,price
train_3107.jpg,train,g_train_3107.jpg,text_other
train_3108.jpg,train,g_train_3108.jpg,text_other
train_3109.jpg,valid,g_train_3109.jpg,number
train_3110.jpg,train,g_train_3110.jpg,text_other
train_3111.jpg,train,g_train_3111.jpg,text_other
train_3112.jpg,train,g_train_3112.jpg,text_other
train_3113.jpg,holdout,g_train_3113.jpg,text_other
train_3114.jpg,valid,g_train_3114.jpg,text_other
train_3115.jpg,train,g_train_3115.jpg,position
train_3116.jpg,train,g_train_3116.jpg,text_other
train_3117.jpg,train,g_train_3117.jpg,text_other
train_3118.jpg,train,g_train_3118.jpg,text_other
train_3119.jpg,train,g_train_3119.jpg,text_other
train_3120.jpg,train,g_train_3120.jpg,negation
train_3121.jpg,train,g_train_3121.jpg,text_other
train_3122.jpg,train,g_train_3122.jpg,text_other
train_3123.jpg,train,g_train_3123.jpg,position
train_3124.jpg,train,g_train_3124.jpg,negation
train_3125.jpg,holdout,g_train_3125.jpg,price
train_3126.jpg,train,g_train_3126.jpg,text_other
train_3127.jpg,train,g_train_3127.jpg,negation
train_3128.jpg,train,g_train_3128.jpg,text_other
train_3129.jpg,train,g_train_3129.jpg,text_other
train_3130.jpg,train,g_train_3130.jpg,text_other
train_3131.jpg,train,g_train_3131.jpg,text_other
train_3132.jpg,valid,g_train_3132.jpg,number
train_3133.jpg,valid,g_train_3133.jpg,text_other
train_3134.jpg,train,g_train_3134.jpg,text_other
train_3135.jpg,train,g_train_3135.jpg,text_other
train_3136.jpg,valid,g_train_3136.jpg,number
train_3137.jpg,train,g_train_3137.jpg,text_other
train_3138.jpg,train,g_train_3138.jpg,number
train_3139.jpg,train,g_train_3139.jpg,text_other
train_3140.jpg,holdout,g_train_3140.jpg,text_other
train_3141.jpg,train,g_train_3141.jpg,text_other
train_3142.jpg,holdout,g_train_3142.jpg,text_other
train_3143.jpg,train,g_train_3143.jpg,text_other
train_3144.jpg,holdout,g_train_3144.jpg,text_other
train_3145.jpg,train,g_train_3145.jpg,price
train_3146.jpg,train,g_train_3146.jpg,number
train_3147.jpg,train,g_train_3147.jpg,text_other
train_3148.jpg,train,g_train_3148.jpg,number
train_3149.jpg,train,g_train_3149.jpg,negation
train_3150.jpg,train,g_train_3150.jpg,text_other
train_3151.jpg,train,g_train_3151.jpg,number
train_3152.jpg,train,g_train_3152.jpg,text_other
train_3153.jpg,train,g_train_3153.jpg,text_other
train_3154.jpg,train,g_train_3154.jpg,text_other
train_3155.jpg,train,g_train_3155.jpg,price
train_3156.jpg,train,g_train_3156.jpg,text_other
train_3157.jpg,train,g_train_3157.jpg,negation
train_3158.jpg,train,g_train_3158.jpg,text_other
train_3159.jpg,holdout,g_train_3159.jpg,text_other
train_3160.jpg,train,g_train_3160.jpg,text_other
train_3161.jpg,train,g_train_3161.jpg,position
train_3162.jpg,train,g_train_3162.jpg,text_other
train_3163.jpg,train,g_train_3163.jpg,text_other
train_3164.jpg,train,g_train_3164.jpg,text_other
train_3165.jpg,train,g_train_3165.jpg,text_other
train_3166.jpg,valid,g_train_3166.jpg,text_other
train_3167.jpg,train,g_train_3167.jpg,text_other
train_3168.jpg,train,g_train_0604.jpg,text_other
train_3169.jpg,train,g_train_3169.jpg,price
train_3170.jpg,train,g_train_3170.jpg,text_other
train_3171.jpg,train,g_train_3171.jpg,price
train_3172.jpg,train,g_train_3172.jpg,text_other
train_3173.jpg,train,g_train_3173.jpg,text_other
train_3174.jpg,train,g_train_3174.jpg,number
train_3175.jpg,valid,g_train_3175.jpg,price
train_3176.jpg,train,g_train_3176.jpg,text_other
train_3177.jpg,train,g_train_3177.jpg,text_other
train_3178.jpg,train,g_train_3178.jpg,text_other
train_3179.jpg,holdout,g_train_3179.jpg,text_other
train_3180.jpg,holdout,g_train_3180.jpg,text_other
train_3181.jpg,valid,g_train_3181.jpg,negation
train_3182.jpg,train,g_train_3182.jpg,text_other
train_3183.jpg,train,g_train_3183.jpg,number
train_3184.jpg,train,g_train_3184.jpg,price
train_3185.jpg,train,g_train_3185.jpg,price
train_3186.jpg,holdout,g_train_3186.jpg,text_other
train_3187.jpg,train,g_train_3187.jpg,text_other
train_3188.jpg,train,g_train_3188.jpg,text_other
train_3189.jpg,train,g_train_3189.jpg,price
train_3190.jpg,train,g_train_3190.jpg,negation
train_3191.jpg,train,g_train_3191.jpg,negation
train_3192.jpg,train,g_train_3192.jpg,position
train_3193.jpg,train,g_train_3193.jpg,text_other
train_3194.jpg,train,g_train_3194.jpg,price
train_3195.jpg,train,g_train_3195.jpg,text_other
train_3196.jpg,train,g_train_3196.jpg,text_other
train_3197.jpg,train,g_train_3197.jpg,text_other
train_3198.jpg,train,g_train_3198.jpg,text_other
train_3199.jpg,train,g_train_3199.jpg,text_other
train_3200.jpg,holdout,g_train_3200.jpg,text_other
train_3201.jpg,train,g_train_3201.jpg,text_other
train_3202.jpg,valid,g_train_3202.jpg,text_other
train_3203.jpg,train,g_train_3203.jpg,number
train_3204.jpg,train,g_train_3204.jpg,text_other
train_3205.jpg,train,g_train_3205.jpg,text_other
train_3206.jpg,train,g_train_3206.jpg,text_other
train_3207.jpg,train,g_train_3207.jpg,position
train_3208.jpg,holdout,g_train_3208.jpg,text_other
train_3209.jpg,train,g_train_3209.jpg,text_other
train_3210.jpg,train,g_train_3210.jpg,text_other
train_3211.jpg,train,g_train_3211.jpg,position
train_3212.jpg,train,g_train_3212.jpg,text_other
train_3213.jpg,train,g_train_3213.jpg,position
train_3214.jpg,train,g_train_3214.jpg,number
train_3215.jpg,train,g_train_3215.jpg,text_other
train_3216.jpg,train,g_train_3216.jpg,text_other
train_3217.jpg,train,g_train_3217.jpg,position
train_3218.jpg,train,g_train_3218.jpg,text_other
train_3219.jpg,train,g_train_3219.jpg,text_other
train_3220.jpg,train,g_train_3220.jpg,text_other
train_3221.jpg,train,g_train_3221.jpg,negation
train_3222.jpg,train,g_train_3222.jpg,price
train_3223.jpg,holdout,g_train_3223.jpg,price
train_3224.jpg,holdout,g_train_3224.jpg,text_other
train_3225.jpg,train,g_train_3225.jpg,price
train_3226.jpg,valid,g_train_3226.jpg,text_other
train_3227.jpg,train,g_train_3227.jpg,price
train_3228.jpg,train,g_train_3228.jpg,price
train_3229.jpg,train,g_train_3229.jpg,text_other
train_3230.jpg,train,g_train_3230.jpg,text_other
train_3231.jpg,train,g_train_3231.jpg,text_other
train_3232.jpg,train,g_train_3232.jpg,price
train_3233.jpg,train,g_train_3233.jpg,negation
train_3234.jpg,train,g_train_3234.jpg,position
train_3235.jpg,train,g_train_3235.jpg,text_other
train_3236.jpg,holdout,g_train_3236.jpg,text_other
train_3237.jpg,train,g_train_3237.jpg,text_other
train_3238.jpg,holdout,g_train_3238.jpg,number
train_3239.jpg,train,g_train_3239.jpg,text_other
train_3240.jpg,train,g_train_3240.jpg,text_other
train_3241.jpg,valid,g_train_3241.jpg,text_other
train_3242.jpg,train,g_train_3242.jpg,text_other
train_3243.jpg,train,g_train_3243.jpg,text_other
train_3244.jpg,train,g_train_3244.jpg,price
train_3245.jpg,train,g_train_3245.jpg,price
train_3246.jpg,train,g_train_3246.jpg,text_other
train_3247.jpg,train,g_train_3247.jpg,text_other
train_3248.jpg,train,g_train_3248.jpg,negation
train_3249.jpg,train,g_train_3249.jpg,number
train_3250.jpg,train,g_train_3250.jpg,position
train_3251.jpg,train,g_train_3251.jpg,negation
train_3252.jpg,valid,g_train_3252.jpg,text_other
train_3253.jpg,holdout,g_train_3253.jpg,price
train_3254.jpg,holdout,g_train_3254.jpg,number
train_3255.jpg,train,g_train_3255.jpg,text_other
train_3256.jpg,train,g_train_3256.jpg,number
train_3257.jpg,train,g_train_3257.jpg,price
train_3258.jpg,train,g_train_3258.jpg,text_other
train_3259.jpg,train,g_train_3259.jpg,text_other
train_3260.jpg,train,g_train_3260.jpg,text_other
train_3261.jpg,train,g_train_3261.jpg,text_other
train_3262.jpg,holdout,g_train_3262.jpg,text_other
train_3263.jpg,train,g_train_3263.jpg,text_other
train_3264.jpg,train,g_train_3264.jpg,text_other
train_3265.jpg,train,g_train_3265.jpg,text_other
train_3266.jpg,train,g_train_3266.jpg,text_other
train_3267.jpg,train,g_train_3267.jpg,price
train_3268.jpg,holdout,g_train_3268.jpg,price
train_3269.jpg,train,g_train_3269.jpg,position
train_3270.jpg,train,g_train_3270.jpg,text_other
train_3271.jpg,holdout,g_train_3271.jpg,price
train_3272.jpg,train,g_train_3272.jpg,number
train_3273.jpg,train,g_train_3273.jpg,text_other
train_3274.jpg,train,g_train_3274.jpg,text_other
train_3275.jpg,train,g_train_3275.jpg,text_other
train_3276.jpg,train,g_train_3276.jpg,price
train_3277.jpg,train,g_train_3277.jpg,number
train_3278.jpg,train,g_train_3278.jpg,text_other
train_3279.jpg,train,g_train_3279.jpg,text_other
train_3280.jpg,train,g_train_3280.jpg,text_other
train_3281.jpg,holdout,g_train_3281.jpg,text_other
train_3282.jpg,train,g_train_3282.jpg,position
train_3283.jpg,train,g_train_3283.jpg,text_other
train_3284.jpg,train,g_train_3284.jpg,text_other
train_3285.jpg,train,g_train_3285.jpg,text_other
train_3286.jpg,train,g_train_3286.jpg,text_other
train_3287.jpg,train,g_train_3287.jpg,price
train_3288.jpg,train,g_train_3288.jpg,text_other
train_3289.jpg,train,g_train_3289.jpg,text_other
train_3290.jpg,train,g_train_3290.jpg,text_other
train_3291.jpg,holdout,g_train_3291.jpg,text_other
train_3292.jpg,train,g_train_3292.jpg,number
train_3293.jpg,valid,g_train_3293.jpg,text_other
train_3294.jpg,train,g_train_3294.jpg,text_other
train_3295.jpg,train,g_train_3295.jpg,number
train_3296.jpg,valid,g_train_3296.jpg,text_other
train_3297.jpg,holdout,g_train_3297.jpg,text_other
train_3298.jpg,train,g_train_3298.jpg,number
train_3299.jpg,train,g_train_3299.jpg,number
train_3300.jpg,holdout,g_train_3300.jpg,text_other
train_3301.jpg,train,g_train_3301.jpg,text_other
train_3302.jpg,train,g_train_3302.jpg,price
train_3303.jpg,train,g_train_3303.jpg,text_other
train_3304.jpg,train,g_train_3304.jpg,text_other
train_3305.jpg,train,g_train_3305.jpg,text_other
train_3306.jpg,train,g_train_3306.jpg,text_other
train_3307.jpg,holdout,g_train_3307.jpg,text_other
train_3308.jpg,holdout,g_train_3308.jpg,text_other
train_3309.jpg,train,g_train_3309.jpg,text_other
train_3310.jpg,train,g_train_3310.jpg,text_other
train_3311.jpg,train,g_train_3311.jpg,position
train_3312.jpg,train,g_train_3312.jpg,number
train_3313.jpg,train,g_train_3313.jpg,text_other
train_3314.jpg,train,g_train_3314.jpg,price
train_3315.jpg,train,g_train_3315.jpg,text_other
train_3316.jpg,train,g_train_3316.jpg,number
train_3317.jpg,train,g_train_3317.jpg,number
train_3318.jpg,train,g_train_3318.jpg,text_other
train_3319.jpg,train,g_train_3319.jpg,text_other
train_3320.jpg,train,g_train_3320.jpg,text_other
train_3321.jpg,holdout,g_train_3321.jpg,text_other
train_3322.jpg,holdout,g_train_3322.jpg,negation
train_3323.jpg,train,g_train_3323.jpg,text_other
train_3324.jpg,holdout,g_train_3324.jpg,text_other
train_3325.jpg,train,g_train_3325.jpg,text_other
train_3326.jpg,train,g_train_3326.jpg,text_other
train_3327.jpg,train,g_train_3327.jpg,text_other
train_3328.jpg,train,g_train_3328.jpg,number
train_3329.jpg,train,g_train_3329.jpg,number
train_3330.jpg,train,g_train_3330.jpg,number
train_3331.jpg,train,g_train_3331.jpg,text_other
train_3332.jpg,train,g_train_3332.jpg,text_other
train_3333.jpg,train,g_train_3333.jpg,text_other
train_3334.jpg,train,g_train_3334.jpg,negation
train_3335.jpg,train,g_train_3335.jpg,price
train_3336.jpg,train,g_train_3336.jpg,price
train_3337.jpg,train,g_train_3337.jpg,text_other
train_3338.jpg,train,g_train_3338.jpg,text_other
train_3339.jpg,holdout,g_train_3339.jpg,price
train_3340.jpg,train,g_train_3340.jpg,negation
train_3341.jpg,train,g_train_3341.jpg,text_other
train_3342.jpg,train,g_train_3342.jpg,price
train_3343.jpg,train,g_train_3343.jpg,text_other
train_3344.jpg,train,g_train_3344.jpg,negation
train_3345.jpg,train,g_train_3345.jpg,price
train_3346.jpg,holdout,g_train_3346.jpg,negation
train_3347.jpg,train,g_train_3347.jpg,text_other
train_3348.jpg,train,g_train_3348.jpg,text_other
train_3349.jpg,train,g_train_3349.jpg,price
train_3350.jpg,train,g_train_3350.jpg,negation
train_3351.jpg,holdout,g_train_3351.jpg,price
train_3352.jpg,train,g_train_3352.jpg,text_other
train_3353.jpg,train,g_train_3353.jpg,text_other
train_3354.jpg,train,g_train_3354.jpg,position
train_3355.jpg,train,g_train_3355.jpg,number
train_3356.jpg,valid,g_train_3356.jpg,text_other
train_3357.jpg,train,g_train_3357.jpg,number
train_3358.jpg,train,g_train_3358.jpg,text_other
train_3359.jpg,valid,g_train_3359.jpg,text_other
train_3360.jpg,valid,g_train_3360.jpg,price
train_3361.jpg,holdout,g_train_3361.jpg,price
train_3362.jpg,train,g_train_3362.jpg,price
train_3363.jpg,train,g_train_3363.jpg,number
train_3364.jpg,train,g_train_3364.jpg,text_other
train_3365.jpg,train,g_train_3365.jpg,text_other
train_3366.jpg,holdout,g_train_3366.jpg,text_other
train_3367.jpg,valid,g_train_3367.jpg,text_other
train_3368.jpg,train,g_train_3368.jpg,negation
train_3369.jpg,train,g_train_3369.jpg,price
train_3370.jpg,train,g_train_3370.jpg,text_other
train_3371.jpg,train,g_train_3371.jpg,position
train_3372.jpg,train,g_train_3372.jpg,price
train_3373.jpg,train,g_train_3373.jpg,text_other
train_3374.jpg,train,g_train_3374.jpg,number
train_3375.jpg,holdout,g_train_3375.jpg,price
train_3376.jpg,train,g_train_3376.jpg,text_other
train_3377.jpg,holdout,g_train_3377.jpg,text_other
train_3378.jpg,valid,g_train_3378.jpg,text_other
train_3379.jpg,train,g_train_3379.jpg,price
train_3380.jpg,holdout,g_train_3380.jpg,text_other
train_3381.jpg,train,g_train_3381.jpg,price
train_3382.jpg,train,g_train_3382.jpg,text_other
train_3383.jpg,holdout,g_train_3383.jpg,text_other
train_3384.jpg,train,g_train_3384.jpg,text_other
train_3385.jpg,holdout,g_train_3385.jpg,price
train_3386.jpg,holdout,g_train_3386.jpg,text_other
train_3387.jpg,train,g_train_3387.jpg,text_other
train_3388.jpg,train,g_train_3388.jpg,text_other
train_3389.jpg,holdout,g_train_3389.jpg,text_other
train_3390.jpg,train,g_train_3390.jpg,text_other
train_3391.jpg,train,g_train_3391.jpg,text_other
train_3392.jpg,train,g_train_3392.jpg,text_other
train_3393.jpg,train,g_train_3393.jpg,text_other
train_3394.jpg,train,g_train_3394.jpg,text_other
train_3395.jpg,train,g_train_3395.jpg,text_other
train_3396.jpg,train,g_train_3396.jpg,price
train_3397.jpg,holdout,g_train_3397.jpg,negation
train_3398.jpg,holdout,g_train_3398.jpg,price
train_3399.jpg,train,g_train_3399.jpg,negation
train_3400.jpg,train,g_train_3400.jpg,text_other
train_3401.jpg,train,g_train_3401.jpg,text_other
train_3402.jpg,train,g_train_3402.jpg,text_other
train_3403.jpg,train,g_train_3403.jpg,text_other
train_3404.jpg,train,g_train_3404.jpg,text_other
train_3405.jpg,valid,g_train_3405.jpg,text_other
train_3406.jpg,train,g_train_3406.jpg,text_other
train_3407.jpg,holdout,g_train_3407.jpg,text_other
train_3408.jpg,holdout,g_train_3408.jpg,number
train_3409.jpg,train,g_train_3409.jpg,text_other
train_3410.jpg,train,g_train_3410.jpg,text_other
train_3411.jpg,train,g_train_3411.jpg,price
train_3412.jpg,train,g_train_3412.jpg,number
train_3413.jpg,train,g_train_3413.jpg,position
train_3414.jpg,train,g_train_3414.jpg,number
train_3415.jpg,train,g_train_3415.jpg,text_other
train_3416.jpg,train,g_train_3416.jpg,text_other
train_3417.jpg,train,g_train_3417.jpg,text_other
train_3418.jpg,train,g_train_3418.jpg,text_other
train_3419.jpg,holdout,g_train_3419.jpg,price
train_3420.jpg,train,g_train_3420.jpg,text_other
train_3421.jpg,train,g_train_3421.jpg,text_other
train_3422.jpg,train,g_train_3422.jpg,position
train_3423.jpg,train,g_train_3423.jpg,text_other
train_3424.jpg,train,g_train_3424.jpg,text_other
train_3425.jpg,train,g_train_3425.jpg,text_other
train_3426.jpg,train,g_train_3426.jpg,text_other
train_3427.jpg,train,g_train_3427.jpg,text_other
train_3428.jpg,train,g_train_3428.jpg,text_other
train_3429.jpg,train,g_train_3429.jpg,text_other
train_3430.jpg,train,g_train_3430.jpg,position
train_3431.jpg,valid,g_train_3431.jpg,text_other
train_3432.jpg,train,g_train_3432.jpg,text_other
train_3433.jpg,train,g_train_3433.jpg,text_other
train_3434.jpg,train,g_train_3434.jpg,text_other
train_3435.jpg,train,g_train_3435.jpg,text_other
train_3436.jpg,train,g_train_3436.jpg,number
train_3437.jpg,holdout,g_train_3437.jpg,text_other
train_3438.jpg,train,g_train_3438.jpg,text_other
train_3439.jpg,train,g_train_3439.jpg,text_other
train_3440.jpg,train,g_train_3440.jpg,text_other
train_3441.jpg,train,g_train_3441.jpg,text_other
train_3442.jpg,train,g_train_3442.jpg,text_other
train_3443.jpg,holdout,g_train_3443.jpg,text_other
train_3444.jpg,train,g_train_3444.jpg,text_other
train_3445.jpg,train,g_train_3445.jpg,text_other
train_3446.jpg,train,g_train_3446.jpg,number
train_3447.jpg,holdout,g_train_3447.jpg,text_other
train_3448.jpg,train,g_train_3448.jpg,text_other
train_3449.jpg,train,g_train_3449.jpg,number
train_3450.jpg,holdout,g_train_3450.jpg,text_other
train_3451.jpg,train,g_train_3451.jpg,text_other
train_3452.jpg,valid,g_train_3452.jpg,number
train_3453.jpg,train,g_train_3453.jpg,price
train_3454.jpg,train,g_train_3454.jpg,position
train_3455.jpg,train,g_train_3455.jpg,text_other
train_3456.jpg,train,g_train_3456.jpg,negation
train_3457.jpg,holdout,g_train_3457.jpg,number
train_3458.jpg,valid,g_train_3458.jpg,price
train_3459.jpg,train,g_train_3459.jpg,text_other
train_3460.jpg,holdout,g_train_3460.jpg,number
train_3461.jpg,train,g_train_3461.jpg,negation
train_3462.jpg,train,g_train_3462.jpg,position
train_3463.jpg,valid,g_train_3463.jpg,price
train_3464.jpg,valid,g_train_3464.jpg,text_other
train_3465.jpg,train,g_train_3465.jpg,text_other
train_3466.jpg,train,g_train_3466.jpg,text_other
train_3467.jpg,train,g_train_3467.jpg,text_other
train_3468.jpg,train,g_train_3468.jpg,number
train_3469.jpg,train,g_train_3469.jpg,price
train_3470.jpg,holdout,g_train_3470.jpg,price
train_3471.jpg,train,g_train_3471.jpg,negation
train_3472.jpg,train,g_train_3472.jpg,text_other
train_3473.jpg,train,g_train_3473.jpg,text_other
train_3474.jpg,train,g_train_3474.jpg,price
train_3475.jpg,train,g_train_3475.jpg,text_other
train_3476.jpg,train,g_train_3476.jpg,text_other
train_3477.jpg,train,g_train_3477.jpg,number
train_3478.jpg,train,g_train_3478.jpg,text_other
train_3479.jpg,train,g_train_3479.jpg,text_other
train_3480.jpg,train,g_train_3480.jpg,text_other
train_3481.jpg,valid,g_train_1894.jpg,text_other
train_3482.jpg,holdout,g_train_3482.jpg,text_other
train_3483.jpg,train,g_train_3483.jpg,text_other
train_3484.jpg,valid,g_train_3484.jpg,price
train_3485.jpg,holdout,g_train_3485.jpg,text_other
train_3486.jpg,train,g_train_3486.jpg,text_other
train_3487.jpg,train,g_train_3487.jpg,text_other
train_3488.jpg,train,g_train_3488.jpg,text_other
train_3489.jpg,train,g_train_3489.jpg,text_other
train_3490.jpg,train,g_train_3490.jpg,text_other
train_3491.jpg,train,g_train_3491.jpg,text_other
train_3492.jpg,train,g_train_3492.jpg,price
train_3493.jpg,train,g_train_3493.jpg,text_other
train_3494.jpg,train,g_train_3494.jpg,text_other
train_3495.jpg,valid,g_train_3495.jpg,text_other
train_3496.jpg,holdout,g_train_3496.jpg,text_other
train_3497.jpg,train,g_train_3497.jpg,number
train_3498.jpg,train,g_train_3498.jpg,text_other
train_3499.jpg,train,g_train_3499.jpg,text_other
train_3500.jpg,holdout,g_train_3500.jpg,text_other
train_3501.jpg,holdout,g_train_3501.jpg,text_other
train_3502.jpg,train,g_train_3502.jpg,text_other
train_3503.jpg,train,g_train_3503.jpg,text_other
train_3504.jpg,holdout,g_train_3504.jpg,text_other
train_3505.jpg,train,g_train_3505.jpg,text_other
train_3506.jpg,holdout,g_train_3506.jpg,text_other
train_3507.jpg,train,g_train_3507.jpg,number
train_3508.jpg,train,g_train_3508.jpg,text_other
train_3509.jpg,holdout,g_train_3509.jpg,text_other
train_3510.jpg,train,g_train_3510.jpg,text_other
train_3511.jpg,train,g_train_3511.jpg,text_other
train_3512.jpg,train,g_train_3512.jpg,text_other
train_3513.jpg,train,g_train_3513.jpg,text_other
train_3514.jpg,train,g_train_3514.jpg,text_other
train_3515.jpg,train,g_train_3515.jpg,text_other
train_3516.jpg,train,g_train_3516.jpg,number
train_3517.jpg,train,g_train_3517.jpg,negation
train_3518.jpg,train,g_train_3518.jpg,text_other
train_3519.jpg,train,g_train_3519.jpg,negation
train_3520.jpg,valid,g_train_3520.jpg,position
train_3521.jpg,holdout,g_train_3521.jpg,price
train_3522.jpg,train,g_train_3522.jpg,text_other
train_3523.jpg,train,g_train_3523.jpg,number
train_3524.jpg,train,g_train_3524.jpg,text_other
train_3525.jpg,train,g_train_3525.jpg,text_other
train_3526.jpg,train,g_train_3526.jpg,text_other
train_3527.jpg,train,g_train_3527.jpg,text_other
train_3528.jpg,holdout,g_train_3528.jpg,price
train_3529.jpg,train,g_train_3529.jpg,text_other
train_3530.jpg,train,g_train_3530.jpg,text_other
train_3531.jpg,train,g_train_3531.jpg,text_other
train_3532.jpg,train,g_train_3532.jpg,position
train_3533.jpg,train,g_train_3533.jpg,text_other
train_3534.jpg,train,g_train_3534.jpg,number
train_3535.jpg,train,g_train_3535.jpg,negation
train_3536.jpg,train,g_train_3536.jpg,number
train_3537.jpg,train,g_train_3537.jpg,number
train_3538.jpg,train,g_train_3538.jpg,text_other
train_3539.jpg,train,g_train_3539.jpg,text_other
train_3540.jpg,train,g_train_3540.jpg,number
train_3541.jpg,train,g_train_3541.jpg,text_other
train_3542.jpg,train,g_train_3542.jpg,text_other
train_3543.jpg,holdout,g_train_3543.jpg,text_other
train_3544.jpg,train,g_train_3544.jpg,price
train_3545.jpg,holdout,g_train_3545.jpg,price
train_3546.jpg,train,g_train_3546.jpg,text_other
train_3547.jpg,train,g_train_3547.jpg,text_other
train_3548.jpg,holdout,g_train_3548.jpg,price
train_3549.jpg,train,g_train_3549.jpg,text_other
train_3550.jpg,holdout,g_train_3550.jpg,text_other
train_3551.jpg,train,g_train_3551.jpg,position
train_3552.jpg,train,g_train_3552.jpg,text_other
train_3553.jpg,holdout,g_train_3553.jpg,text_other
train_3554.jpg,train,g_train_3554.jpg,text_other
train_3555.jpg,train,g_train_3555.jpg,text_other
train_3556.jpg,valid,g_train_3556.jpg,text_other
train_3557.jpg,train,g_train_3557.jpg,text_other
train_3558.jpg,train,g_train_3558.jpg,text_other
train_3559.jpg,train,g_train_3559.jpg,price
train_3560.jpg,train,g_train_3560.jpg,text_other
train_3561.jpg,train,g_train_3561.jpg,text_other
train_3562.jpg,train,g_train_3562.jpg,text_other
train_3563.jpg,train,g_train_3563.jpg,number
train_3564.jpg,train,g_train_3564.jpg,text_other
train_3565.jpg,train,g_train_3565.jpg,position
train_3566.jpg,train,g_train_3566.jpg,text_other
train_3567.jpg,train,g_train_3567.jpg,text_other
train_3568.jpg,train,g_train_3568.jpg,text_other
train_3569.jpg,train,g_train_3569.jpg,negation
train_3570.jpg,train,g_train_3570.jpg,position
train_3571.jpg,train,g_train_3571.jpg,text_other
train_3572.jpg,train,g_train_3572.jpg,text_other
train_3573.jpg,train,g_train_3573.jpg,text_other
train_3574.jpg,train,g_train_3574.jpg,text_other
train_3575.jpg,train,g_train_3575.jpg,text_other
train_3576.jpg,train,g_train_3576.jpg,price
train_3577.jpg,train,g_train_3577.jpg,price
train_3578.jpg,train,g_train_3578.jpg,text_other
train_3579.jpg,train,g_train_3579.jpg,price
train_3580.jpg,train,g_train_3580.jpg,text_other
train_3581.jpg,train,g_train_3581.jpg,text_other
train_3582.jpg,train,g_train_3582.jpg,text_other
train_3583.jpg,holdout,g_train_3583.jpg,price
train_3584.jpg,train,g_train_3584.jpg,price
train_3585.jpg,train,g_train_3585.jpg,text_other
train_3586.jpg,train,g_train_3586.jpg,negation
train_3587.jpg,train,g_train_3587.jpg,text_other
train_3588.jpg,holdout,g_train_3588.jpg,text_other
train_3589.jpg,train,g_train_3589.jpg,number
train_3590.jpg,holdout,g_train_3590.jpg,text_other
train_3591.jpg,train,g_train_3591.jpg,text_other
train_3592.jpg,train,g_train_3592.jpg,text_other
train_3593.jpg,train,g_train_3593.jpg,number
train_3594.jpg,train,g_train_3594.jpg,text_other
train_3595.jpg,train,g_train_3595.jpg,price
train_3596.jpg,train,g_train_3596.jpg,text_other
train_3597.jpg,train,g_train_3597.jpg,price
train_3598.jpg,train,g_train_3598.jpg,text_other
train_3599.jpg,train,g_train_3599.jpg,text_other
train_3600.jpg,train,g_train_3600.jpg,number
train_3601.jpg,holdout,g_train_3601.jpg,price
train_3602.jpg,train,g_train_3602.jpg,text_other
train_3603.jpg,train,g_train_3603.jpg,price
train_3604.jpg,train,g_train_3604.jpg,text_other
train_3605.jpg,train,g_train_3605.jpg,text_other
train_3606.jpg,train,g_train_3606.jpg,negation
train_3607.jpg,train,g_train_3607.jpg,text_other
train_3608.jpg,train,g_train_3608.jpg,text_other
train_3609.jpg,train,g_train_3609.jpg,text_other
train_3610.jpg,train,g_train_3610.jpg,number
train_3611.jpg,train,g_train_3611.jpg,number
train_3612.jpg,train,g_train_3612.jpg,text_other
train_3613.jpg,train,g_train_3613.jpg,text_other
train_3614.jpg,train,g_train_3614.jpg,price
train_3615.jpg,valid,g_train_3615.jpg,text_other
train_3616.jpg,train,g_train_3616.jpg,text_other
train_3617.jpg,train,g_train_3617.jpg,position
train_3618.jpg,holdout,g_train_3618.jpg,text_other
train_3619.jpg,train,g_train_3619.jpg,text_other
train_3620.jpg,train,g_train_3620.jpg,text_other
train_3621.jpg,holdout,g_train_3621.jpg,text_other
train_3622.jpg,train,g_train_3622.jpg,number
train_3623.jpg,train,g_train_3623.jpg,text_other
train_3624.jpg,train,g_train_3624.jpg,position
train_3625.jpg,train,g_train_3625.jpg,text_other
train_3626.jpg,train,g_train_3626.jpg,text_other
train_3627.jpg,holdout,g_train_3627.jpg,text_other
train_3628.jpg,holdout,g_train_3628.jpg,text_other
train_3629.jpg,train,g_train_3629.jpg,position
train_3630.jpg,train,g_train_3630.jpg,text_other
train_3631.jpg,train,g_train_3631.jpg,text_other
train_3632.jpg,train,g_train_3632.jpg,text_other
train_3633.jpg,train,g_train_3633.jpg,position
train_3634.jpg,holdout,g_train_3634.jpg,negation
train_3635.jpg,train,g_train_3635.jpg,price
train_3636.jpg,train,g_train_3636.jpg,position
train_3637.jpg,train,g_train_3637.jpg,text_other
train_3638.jpg,train,g_train_3638.jpg,price
train_3639.jpg,holdout,g_train_3639.jpg,text_other
train_3640.jpg,train,g_train_3640.jpg,text_other
train_3641.jpg,train,g_train_3641.jpg,text_other
train_3642.jpg,train,g_train_3642.jpg,position
train_3643.jpg,holdout,g_train_3643.jpg,text_other
train_3644.jpg,train,g_train_3644.jpg,text_other
train_3645.jpg,train,g_train_3645.jpg,text_other
train_3646.jpg,train,g_train_3646.jpg,position
train_3647.jpg,train,g_train_3647.jpg,price
train_3648.jpg,train,g_train_3648.jpg,text_other
train_3649.jpg,holdout,g_train_3649.jpg,text_other
train_3650.jpg,valid,g_train_3650.jpg,number
train_3651.jpg,train,g_train_3651.jpg,text_other
train_3652.jpg,valid,g_train_3652.jpg,price
train_3653.jpg,train,g_train_3653.jpg,text_other
train_3654.jpg,train,g_train_3654.jpg,text_other
train_3655.jpg,train,g_train_3655.jpg,text_other
train_3656.jpg,train,g_train_3656.jpg,text_other
train_3657.jpg,holdout,g_train_3657.jpg,price
train_3658.jpg,train,g_train_3658.jpg,text_other
train_3659.jpg,valid,g_train_3659.jpg,text_other
train_3660.jpg,train,g_train_3660.jpg,price
train_3661.jpg,train,g_train_3661.jpg,text_other
train_3662.jpg,holdout,g_train_3662.jpg,text_other
train_3663.jpg,valid,g_train_3663.jpg,text_other
train_3664.jpg,train,g_train_3664.jpg,text_other
train_3665.jpg,train,g_train_3665.jpg,price
train_3666.jpg,train,g_train_3666.jpg,position
train_3667.jpg,train,g_train_3667.jpg,number
train_3668.jpg,train,g_train_3668.jpg,price
train_3669.jpg,train,g_train_3669.jpg,text_other
train_3670.jpg,holdout,g_train_3670.jpg,text_other
train_3671.jpg,train,g_train_3671.jpg,number
train_3672.jpg,train,g_train_3672.jpg,text_other
train_3673.jpg,holdout,g_train_3673.jpg,text_other
train_3674.jpg,valid,g_train_3674.jpg,text_other
train_3675.jpg,train,g_train_3675.jpg,price
train_3676.jpg,train,g_train_3676.jpg,price
train_3677.jpg,train,g_train_3677.jpg,text_other
train_3678.jpg,train,g_train_3678.jpg,text_other
train_3679.jpg,train,g_train_3679.jpg,text_other
train_3680.jpg,train,g_train_3680.jpg,text_other
train_3681.jpg,train,g_train_3681.jpg,text_other
train_3682.jpg,train,g_train_3682.jpg,text_other
train_3683.jpg,holdout,g_train_3683.jpg,text_other
train_3684.jpg,train,g_train_3684.jpg,number
train_3685.jpg,train,g_train_3685.jpg,text_other
train_3686.jpg,train,g_train_3686.jpg,text_other
train_3687.jpg,train,g_train_3687.jpg,text_other
train_3688.jpg,holdout,g_train_3688.jpg,text_other
train_3689.jpg,train,g_train_3689.jpg,text_other
train_3690.jpg,train,g_train_3690.jpg,text_other
train_3691.jpg,train,g_train_3691.jpg,text_other
train_3692.jpg,train,g_train_3692.jpg,position
train_3693.jpg,train,g_train_3693.jpg,text_other
train_3694.jpg,holdout,g_train_3694.jpg,text_other
train_3695.jpg,train,g_train_3695.jpg,text_other
train_3696.jpg,train,g_train_3696.jpg,price
train_3697.jpg,train,g_train_3697.jpg,text_other
train_3698.jpg,train,g_train_3698.jpg,text_other
train_3699.jpg,train,g_train_3699.jpg,text_other
train_3700.jpg,train,g_train_3700.jpg,price
train_3701.jpg,train,g_train_3701.jpg,text_other
train_3702.jpg,train,g_train_3702.jpg,negation
train_3703.jpg,train,g_train_3703.jpg,text_other
train_3704.jpg,train,g_train_3704.jpg,text_other
train_3705.jpg,train,g_train_3705.jpg,price
train_3706.jpg,train,g_train_3706.jpg,text_other
train_3707.jpg,train,g_train_3707.jpg,text_other
train_3708.jpg,train,g_train_3708.jpg,text_other
train_3709.jpg,train,g_train_3709.jpg,negation
train_3710.jpg,holdout,g_train_3710.jpg,price
train_3711.jpg,train,g_train_3711.jpg,text_other
train_3712.jpg,train,g_train_3712.jpg,number
train_3713.jpg,holdout,g_train_3713.jpg,position
train_3714.jpg,train,g_train_3714.jpg,text_other
train_3715.jpg,train,g_train_3715.jpg,text_other
train_3716.jpg,train,g_train_3716.jpg,text_other
train_3717.jpg,train,g_train_3717.jpg,text_other
train_3718.jpg,train,g_train_3718.jpg,position
train_3719.jpg,train,g_train_3719.jpg,text_other
train_3720.jpg,train,g_train_3720.jpg,text_other
train_3721.jpg,train,g_train_3721.jpg,price
train_3722.jpg,train,g_train_3722.jpg,number
train_3723.jpg,holdout,g_train_3723.jpg,text_other
train_3724.jpg,holdout,g_train_3724.jpg,text_other
train_3725.jpg,holdout,g_train_3725.jpg,position
train_3726.jpg,train,g_train_3726.jpg,text_other
train_3727.jpg,train,g_train_3727.jpg,text_other
train_3728.jpg,train,g_train_3728.jpg,price
train_3729.jpg,train,g_train_3729.jpg,text_other
train_3730.jpg,train,g_train_3730.jpg,text_other
train_3731.jpg,train,g_train_3731.jpg,text_other
train_3732.jpg,train,g_train_3732.jpg,text_other
train_3733.jpg,holdout,g_train_3733.jpg,text_other
train_3734.jpg,train,g_train_3734.jpg,text_other
train_3735.jpg,holdout,g_train_3735.jpg,price
train_3736.jpg,train,g_train_3736.jpg,text_other
train_3737.jpg,train,g_train_3737.jpg,price
train_3738.jpg,train,g_train_3738.jpg,position
train_3739.jpg,train,g_train_3739.jpg,number
train_3740.jpg,train,g_train_3740.jpg,text_other
train_3741.jpg,train,g_train_3741.jpg,number
train_3742.jpg,train,g_train_3742.jpg,text_other
train_3743.jpg,train,g_train_3743.jpg,price
train_3744.jpg,train,g_train_3744.jpg,text_other
train_3745.jpg,train,g_train_3745.jpg,negation
train_3746.jpg,train,g_train_3746.jpg,text_other
train_3747.jpg,holdout,g_train_3747.jpg,text_other
train_3748.jpg,holdout,g_train_3748.jpg,number
train_3749.jpg,train,g_train_3749.jpg,price
train_3750.jpg,train,g_train_3750.jpg,text_other
train_3751.jpg,holdout,g_train_3751.jpg,text_other
train_3752.jpg,holdout,g_train_3752.jpg,position
train_3753.jpg,holdout,g_train_3753.jpg,text_other
train_3754.jpg,train,g_train_3754.jpg,price
train_3755.jpg,train,g_train_3755.jpg,text_other
train_3756.jpg,train,g_train_3756.jpg,text_other
train_3757.jpg,holdout,g_train_3757.jpg,text_other
train_3758.jpg,train,g_train_3758.jpg,text_other
train_3759.jpg,train,g_train_3759.jpg,text_other
train_3760.jpg,valid,g_train_3760.jpg,negation
train_3761.jpg,train,g_train_3761.jpg,text_other
train_3762.jpg,train,g_train_3762.jpg,text_other
train_3763.jpg,train,g_train_3763.jpg,number
train_3764.jpg,train,g_train_3764.jpg,text_other
train_3765.jpg,train,g_train_3765.jpg,text_other
train_3766.jpg,train,g_train_3766.jpg,text_other
train_3767.jpg,holdout,g_train_3767.jpg,number
train_3768.jpg,holdout,g_train_3768.jpg,text_other
train_3769.jpg,train,g_train_3769.jpg,text_other
train_3770.jpg,train,g_train_3770.jpg,number
train_3771.jpg,valid,g_train_3771.jpg,text_other
train_3772.jpg,train,g_train_3772.jpg,text_other
train_3773.jpg,train,g_train_3773.jpg,price
train_3774.jpg,holdout,g_train_3774.jpg,text_other
train_3775.jpg,train,g_train_3775.jpg,price
train_3776.jpg,train,g_train_3776.jpg,text_other
train_3777.jpg,train,g_train_3777.jpg,text_other
train_3778.jpg,train,g_train_3778.jpg,text_other
train_3779.jpg,holdout,g_train_3779.jpg,negation
train_3780.jpg,train,g_train_3780.jpg,text_other
train_3781.jpg,train,g_train_3781.jpg,text_other
train_3782.jpg,train,g_train_3782.jpg,text_other
train_3783.jpg,holdout,g_train_3783.jpg,text_other
train_3784.jpg,train,g_train_3784.jpg,text_other
train_3785.jpg,train,g_train_3785.jpg,text_other
train_3786.jpg,train,g_train_3786.jpg,text_other
train_3787.jpg,train,g_train_3787.jpg,text_other
train_3788.jpg,train,g_train_3788.jpg,price
train_3789.jpg,train,g_train_3789.jpg,text_other
train_3790.jpg,train,g_train_3790.jpg,text_other
train_3791.jpg,train,g_train_3791.jpg,text_other
train_3792.jpg,train,g_train_3792.jpg,price
train_3793.jpg,train,g_train_3793.jpg,position
train_3794.jpg,train,g_train_3794.jpg,negation
train_3795.jpg,train,g_train_3795.jpg,text_other
train_3796.jpg,train,g_train_3796.jpg,text_other
train_3797.jpg,train,g_train_3797.jpg,price
train_3798.jpg,train,g_train_3798.jpg,text_other
train_3799.jpg,train,g_train_3799.jpg,text_other
train_3800.jpg,train,g_train_3800.jpg,negation
train_3801.jpg,train,g_train_3801.jpg,text_other
train_3802.jpg,train,g_train_3802.jpg,number
train_3803.jpg,valid,g_train_3803.jpg,text_other
train_3804.jpg,holdout,g_train_3804.jpg,text_other
train_3805.jpg,train,g_train_3805.jpg,text_other
train_3806.jpg,train,g_train_3806.jpg,text_other
train_3807.jpg,train,g_train_3807.jpg,text_other
train_3808.jpg,train,g_train_3808.jpg,text_other
train_3809.jpg,train,g_train_3809.jpg,negation
train_3810.jpg,train,g_train_3810.jpg,text_other
train_3811.jpg,train,g_train_3811.jpg,text_other
train_3812.jpg,holdout,g_train_3812.jpg,text_other
train_3813.jpg,train,g_train_3813.jpg,position
train_3814.jpg,train,g_train_3814.jpg,text_other
train_3815.jpg,train,g_train_3815.jpg,negation
train_3816.jpg,train,g_train_3816.jpg,negation
train_3817.jpg,train,g_train_3817.jpg,text_other
train_3818.jpg,train,g_train_3818.jpg,text_other
train_3819.jpg,train,g_train_3819.jpg,position
train_3820.jpg,holdout,g_train_3820.jpg,text_other
train_3821.jpg,train,g_train_3821.jpg,text_other
train_3822.jpg,train,g_train_3822.jpg,text_other
train_3823.jpg,train,g_train_3823.jpg,text_other
train_3824.jpg,train,g_train_3824.jpg,text_other
train_3825.jpg,valid,g_train_3825.jpg,text_other
train_3826.jpg,train,g_train_3826.jpg,negation
train_3827.jpg,train,g_train_3827.jpg,text_other
train_3828.jpg,holdout,g_train_3828.jpg,text_other
train_3829.jpg,train,g_train_3829.jpg,position
train_3830.jpg,train,g_train_3830.jpg,text_other
train_3831.jpg,valid,g_train_3831.jpg,text_other
train_3832.jpg,holdout,g_train_3832.jpg,text_other
train_3833.jpg,train,g_train_3833.jpg,text_other
train_3834.jpg,train,g_train_3834.jpg,position
train_3835.jpg,holdout,g_train_3835.jpg,text_other
train_3836.jpg,train,g_train_3836.jpg,text_other
train_3837.jpg,train,g_train_3837.jpg,price
train_3838.jpg,train,g_train_3838.jpg,text_other
train_3839.jpg,train,g_train_3839.jpg,text_other
train_3840.jpg,holdout,g_train_3840.jpg,text_other
train_3841.jpg,valid,g_train_3841.jpg,price
train_3842.jpg,holdout,g_train_3842.jpg,text_other
train_3843.jpg,train,g_train_3843.jpg,number
train_3844.jpg,holdout,g_train_3844.jpg,text_other
train_3845.jpg,train,g_train_3845.jpg,negation
train_3846.jpg,valid,g_train_3846.jpg,text_other
train_3847.jpg,train,g_train_3847.jpg,price
train_3848.jpg,train,g_train_3848.jpg,price
train_3849.jpg,train,g_train_3849.jpg,number
train_3850.jpg,train,g_train_3850.jpg,text_other
train_3851.jpg,train,g_train_3851.jpg,text_other
train_3852.jpg,train,g_train_3852.jpg,text_other
train_3853.jpg,train,g_train_3853.jpg,text_other
train_3854.jpg,holdout,g_train_3854.jpg,text_other
train_3855.jpg,holdout,g_train_3855.jpg,text_other
train_3856.jpg,valid,g_train_3856.jpg,text_other
train_3857.jpg,train,g_train_3857.jpg,price
train_3858.jpg,train,g_train_3858.jpg,text_other
train_3859.jpg,holdout,g_train_3859.jpg,number
train_3860.jpg,train,g_train_3860.jpg,text_other
train_3861.jpg,train,g_train_3861.jpg,negation
train_3862.jpg,train,g_train_3862.jpg,text_other
train_3863.jpg,valid,g_train_3863.jpg,text_other
train_3864.jpg,holdout,g_train_3864.jpg,number
train_3865.jpg,train,g_train_3865.jpg,text_other
train_3866.jpg,valid,g_train_3866.jpg,text_other
train_3867.jpg,train,g_train_3867.jpg,text_other
train_3868.jpg,holdout,g_train_3868.jpg,text_other
train_3869.jpg,train,g_train_3869.jpg,text_other
train_3870.jpg,train,g_train_3870.jpg,text_other
train_3871.jpg,train,g_train_3871.jpg,negation
train_3872.jpg,train,g_train_3872.jpg,text_other
train_3873.jpg,train,g_train_3873.jpg,price
train_3874.jpg,train,g_train_3874.jpg,number
train_3875.jpg,train,g_train_3875.jpg,price
train_3876.jpg,train,g_train_3876.jpg,text_other
train_3877.jpg,train,g_train_3877.jpg,text_other
train_3878.jpg,train,g_train_3878.jpg,text_other
train_3879.jpg,train,g_train_3879.jpg,text_other
train_3880.jpg,holdout,g_train_3880.jpg,text_other
train_3881.jpg,train,g_train_3881.jpg,text_other
train_3882.jpg,train,g_train_3882.jpg,text_other
train_3883.jpg,valid,g_train_3883.jpg,text_other
train_3884.jpg,train,g_train_3884.jpg,text_other
train_3885.jpg,train,g_train_3885.jpg,text_other
train_3886.jpg,train,g_train_3886.jpg,text_other
train_3887.jpg,valid,g_train_3887.jpg,text_other
train_3888.jpg,valid,g_train_3888.jpg,text_other
train_3889.jpg,train,g_train_3889.jpg,text_other
train_3890.jpg,train,g_train_3890.jpg,text_other
train_3891.jpg,train,g_train_3891.jpg,text_other
train_3892.jpg,valid,g_train_3892.jpg,price
train_3893.jpg,train,g_train_3893.jpg,negation
train_3894.jpg,train,g_train_3894.jpg,number
train_3895.jpg,train,g_train_3895.jpg,price
train_3896.jpg,train,g_train_3896.jpg,text_other
train_3897.jpg,holdout,g_train_3897.jpg,text_other
train_3898.jpg,train,g_train_3898.jpg,position
train_3899.jpg,valid,g_train_3899.jpg,text_other
train_3900.jpg,train,g_train_3900.jpg,text_other
train_3901.jpg,train,g_train_3901.jpg,text_other
train_3902.jpg,holdout,g_train_3902.jpg,text_other
train_3903.jpg,train,g_train_3903.jpg,negation
train_3904.jpg,train,g_train_3904.jpg,text_other
train_3905.jpg,train,g_train_3905.jpg,text_other
train_3906.jpg,train,g_train_3906.jpg,text_other
train_3907.jpg,train,g_train_3907.jpg,text_other
train_3908.jpg,train,g_train_3908.jpg,text_other
train_3909.jpg,train,g_train_3909.jpg,negation
train_3910.jpg,train,g_train_3910.jpg,price
train_3911.jpg,train,g_train_3911.jpg,position
train_3912.jpg,holdout,g_train_3912.jpg,number
train_3913.jpg,valid,g_train_3913.jpg,price
train_3914.jpg,holdout,g_train_3914.jpg,text_other
train_3915.jpg,train,g_train_3915.jpg,text_other
train_3916.jpg,holdout,g_train_3916.jpg,text_other
train_3917.jpg,train,g_train_3917.jpg,text_other
train_3918.jpg,train,g_train_3918.jpg,price
train_3919.jpg,train,g_train_3919.jpg,text_other
train_3920.jpg,holdout,g_train_3920.jpg,negation
train_3921.jpg,train,g_train_3921.jpg,text_other
train_3922.jpg,train,g_train_3922.jpg,price
train_3923.jpg,holdout,g_train_3923.jpg,price
train_3924.jpg,holdout,g_train_3924.jpg,text_other
train_3925.jpg,train,g_train_3925.jpg,number
train_3926.jpg,holdout,g_train_3926.jpg,price
train_3927.jpg,valid,g_train_3927.jpg,text_other
train_3928.jpg,train,g_train_3928.jpg,text_other
train_3929.jpg,train,g_train_3929.jpg,text_other
train_3930.jpg,holdout,g_train_3930.jpg,negation
train_3931.jpg,train,g_train_3931.jpg,number
train_3932.jpg,train,g_train_3932.jpg,text_other
train_3933.jpg,train,g_train_3933.jpg,text_other
train_3934.jpg,train,g_train_3934.jpg,text_other
train_3935.jpg,train,g_train_3935.jpg,text_other
train_3936.jpg,train,g_train_3936.jpg,number
train_3937.jpg,holdout,g_train_3937.jpg,text_other
train_3938.jpg,train,g_train_3938.jpg,text_other
train_3939.jpg,train,g_train_3939.jpg,text_other
train_3940.jpg,train,g_train_3940.jpg,text_other
train_3941.jpg,train,g_train_3941.jpg,text_other
train_3942.jpg,train,g_train_3942.jpg,text_other
train_3943.jpg,train,g_train_3943.jpg,price
train_3944.jpg,holdout,g_train_3944.jpg,text_other
train_3945.jpg,train,g_train_3945.jpg,position
train_3946.jpg,valid,g_train_3946.jpg,number
train_3947.jpg,train,g_train_3947.jpg,text_other
train_3948.jpg,holdout,g_train_3948.jpg,text_other
train_3949.jpg,train,g_train_3949.jpg,text_other
train_3950.jpg,train,g_train_3950.jpg,text_other
train_3951.jpg,holdout,g_train_3951.jpg,number
train_3952.jpg,train,g_train_3952.jpg,text_other
train_3953.jpg,holdout,g_train_3953.jpg,text_other
train_3954.jpg,train,g_train_3954.jpg,text_other
train_3955.jpg,train,g_train_3955.jpg,text_other
train_3956.jpg,train,g_train_3956.jpg,text_other
train_3957.jpg,train,g_train_3957.jpg,text_other
train_3958.jpg,train,g_train_3958.jpg,text_other
train_3959.jpg,train,g_train_3103.jpg,text_other
train_3960.jpg,train,g_train_3960.jpg,price
train_3961.jpg,train,g_train_3961.jpg,text_other
train_3962.jpg,holdout,g_train_3962.jpg,text_other
train_3963.jpg,train,g_train_3963.jpg,text_other
train_3964.jpg,train,g_train_3964.jpg,price
train_3965.jpg,train,g_train_3965.jpg,position
train_3966.jpg,train,g_train_3966.jpg,text_other
train_3967.jpg,holdout,g_train_3967.jpg,negation
train_3968.jpg,train,g_train_3968.jpg,text_other
train_3969.jpg,train,g_train_3969.jpg,text_other
train_3970.jpg,train,g_train_3970.jpg,text_other
train_3971.jpg,holdout,g_train_3971.jpg,text_other
train_3972.jpg,valid,g_train_3972.jpg,text_other
train_3973.jpg,train,g_train_3973.jpg,text_other
train_3974.jpg,train,g_train_3974.jpg,number
train_3975.jpg,train,g_train_3975.jpg,text_other
train_3976.jpg,valid,g_train_3976.jpg,text_other
train_3977.jpg,train,g_train_3977.jpg,text_other
train_3978.jpg,train,g_train_3978.jpg,negation
train_3979.jpg,train,g_train_3979.jpg,text_other
train_3980.jpg,train,g_train_3980.jpg,text_other
train_3981.jpg,train,g_train_3981.jpg,text_other
train_3982.jpg,train,g_train_3982.jpg,text_other
train_3983.jpg,train,g_train_3983.jpg,text_other
train_3984.jpg,train,g_train_3984.jpg,text_other
train_3985.jpg,train,g_train_3985.jpg,price
train_3986.jpg,train,g_train_3986.jpg,price
train_3987.jpg,holdout,g_train_3987.jpg,text_other
train_3988.jpg,holdout,g_train_3988.jpg,text_other
train_3989.jpg,valid,g_train_3989.jpg,text_other
train_3990.jpg,train,g_train_3990.jpg,number
train_3991.jpg,train,g_train_3991.jpg,text_other
train_3992.jpg,valid,g_train_3992.jpg,price
train_3993.jpg,train,g_train_3993.jpg,text_other
train_3994.jpg,holdout,g_train_3994.jpg,text_other
train_3995.jpg,train,g_train_3995.jpg,text_other
train_3996.jpg,train,g_train_3996.jpg,price
train_3997.jpg,train,g_train_3997.jpg,text_other
train_3998.jpg,train,g_train_3998.jpg,text_other
train_3999.jpg,train,g_train_3999.jpg,number
train_4000.jpg,holdout,g_train_4000.jpg,text_other
train_4001.jpg,train,g_train_4001.jpg,text_other
train_4002.jpg,holdout,g_train_4002.jpg,number
train_4003.jpg,train,g_train_4003.jpg,negation
train_4004.jpg,train,g_train_4004.jpg,text_other
train_4005.jpg,train,g_train_4005.jpg,text_other
train_4006.jpg,train,g_train_4006.jpg,text_other
train_4007.jpg,valid,g_train_4007.jpg,text_other
train_4008.jpg,holdout,g_train_4008.jpg,text_other
train_4009.jpg,train,g_train_4009.jpg,negation
train_4010.jpg,train,g_train_4010.jpg,text_other
train_4011.jpg,train,g_train_4011.jpg,text_other
train_4012.jpg,train,g_train_4012.jpg,position
train_4013.jpg,train,g_train_4013.jpg,text_other
train_4014.jpg,valid,g_train_4014.jpg,number
train_4015.jpg,train,g_train_4015.jpg,text_other
train_4016.jpg,valid,g_train_4016.jpg,price
train_4017.jpg,train,g_train_4017.jpg,number
train_4018.jpg,train,g_train_4018.jpg,text_other
train_4019.jpg,train,g_train_4019.jpg,text_other
train_4020.jpg,train,g_train_4020.jpg,text_other
train_4021.jpg,train,g_train_4021.jpg,text_other
train_4022.jpg,train,g_train_4022.jpg,text_other
train_4023.jpg,train,g_train_4023.jpg,price
train_4024.jpg,train,g_train_4024.jpg,text_other
train_4025.jpg,train,g_train_4025.jpg,text_other
train_4026.jpg,train,g_train_4026.jpg,price
train_4027.jpg,holdout,g_train_4027.jpg,text_other
train_4028.jpg,train,g_train_4028.jpg,text_other
train_4029.jpg,train,g_train_4029.jpg,text_other
train_4030.jpg,train,g_train_4030.jpg,position
train_4031.jpg,holdout,g_train_4031.jpg,text_other
train_4032.jpg,valid,g_train_4032.jpg,text_other
train_4033.jpg,train,g_train_4033.jpg,position
train_4034.jpg,train,g_train_4034.jpg,text_other
train_4035.jpg,holdout,g_train_4035.jpg,text_other
train_4036.jpg,train,g_train_4036.jpg,negation
train_4037.jpg,train,g_train_4037.jpg,negation
train_4038.jpg,train,g_train_4038.jpg,text_other
train_4039.jpg,train,g_train_4039.jpg,text_other
train_4040.jpg,holdout,g_train_4040.jpg,text_other
train_4041.jpg,train,g_train_4041.jpg,text_other
train_4042.jpg,train,g_train_4042.jpg,text_other
train_4043.jpg,train,g_train_4043.jpg,price
train_4044.jpg,train,g_train_4044.jpg,text_other
train_4045.jpg,train,g_train_4045.jpg,position
train_4046.jpg,train,g_train_4046.jpg,text_other
train_4047.jpg,train,g_train_4047.jpg,text_other
train_4048.jpg,train,g_train_4048.jpg,text_other
train_4049.jpg,valid,g_train_4049.jpg,text_other
train_4050.jpg,holdout,g_train_4050.jpg,text_other
train_4051.jpg,train,g_train_4051.jpg,text_other
train_4052.jpg,valid,g_train_4052.jpg,text_other
train_4053.jpg,train,g_train_4053.jpg,text_other
train_4054.jpg,train,g_train_4054.jpg,text_other
train_4055.jpg,train,g_train_4055.jpg,text_other
train_4056.jpg,train,g_train_4056.jpg,text_other
train_4057.jpg,train,g_train_4057.jpg,text_other
train_4058.jpg,holdout,g_train_4058.jpg,text_other
train_4059.jpg,train,g_train_4059.jpg,text_other
train_4060.jpg,train,g_train_4060.jpg,text_other
train_4061.jpg,train,g_train_4061.jpg,text_other
train_4062.jpg,train,g_train_4062.jpg,text_other
train_4063.jpg,train,g_train_4063.jpg,negation
train_4064.jpg,holdout,g_train_4064.jpg,position
train_4065.jpg,train,g_train_4065.jpg,price
train_4066.jpg,train,g_train_4066.jpg,position
train_4067.jpg,train,g_train_4067.jpg,text_other
train_4068.jpg,train,g_train_4068.jpg,text_other
train_4069.jpg,holdout,g_train_4069.jpg,text_other
train_4070.jpg,holdout,g_train_4070.jpg,negation
train_4071.jpg,train,g_train_4071.jpg,text_other
train_4072.jpg,holdout,g_train_4072.jpg,text_other
train_4073.jpg,train,g_train_4073.jpg,text_other
train_4074.jpg,train,g_train_4074.jpg,text_other
train_4075.jpg,train,g_train_4075.jpg,negation
train_4076.jpg,train,g_train_4076.jpg,text_other
train_4077.jpg,train,g_train_4077.jpg,text_other
train_4078.jpg,train,g_train_4078.jpg,text_other
train_4079.jpg,holdout,g_train_4079.jpg,text_other
train_4080.jpg,train,g_train_4080.jpg,number
train_4081.jpg,train,g_train_4081.jpg,number
train_4082.jpg,train,g_train_4082.jpg,price
train_4083.jpg,train,g_train_4083.jpg,text_other
train_4084.jpg,train,g_train_4084.jpg,number
train_4085.jpg,train,g_train_4085.jpg,text_other
train_4086.jpg,train,g_train_4086.jpg,text_other
train_4087.jpg,holdout,g_train_2364.jpg,text_other
train_4088.jpg,train,g_train_4088.jpg,text_other
train_4089.jpg,train,g_train_4089.jpg,text_other
train_4090.jpg,train,g_train_4090.jpg,text_other
train_4091.jpg,train,g_train_4091.jpg,text_other
train_4092.jpg,train,g_train_4092.jpg,position
train_4093.jpg,train,g_train_4093.jpg,position
train_4094.jpg,train,g_train_4094.jpg,number
train_4095.jpg,train,g_train_4095.jpg,text_other
train_4096.jpg,train,g_train_4096.jpg,negation
train_4097.jpg,train,g_train_4097.jpg,text_other
train_4098.jpg,train,g_train_4098.jpg,text_other
train_4099.jpg,holdout,g_train_4099.jpg,text_other
train_4100.jpg,train,g_train_4100.jpg,text_other
train_4101.jpg,train,g_train_4101.jpg,text_other
train_4102.jpg,holdout,g_train_4102.jpg,text_other
train_4103.jpg,train,g_train_4103.jpg,text_other
train_4104.jpg,train,g_train_4104.jpg,text_other
train_4105.jpg,train,g_train_4105.jpg,text_other
train_4106.jpg,train,g_train_4106.jpg,text_other
train_4107.jpg,train,g_train_4107.jpg,text_other
train_4108.jpg,train,g_train_4108.jpg,text_other
train_4109.jpg,train,g_train_4109.jpg,text_other
train_4110.jpg,train,g_train_4110.jpg,text_other
train_4111.jpg,train,g_train_4111.jpg,price
train_4112.jpg,train,g_train_4112.jpg,text_other
train_4113.jpg,valid,g_train_4113.jpg,position
train_4114.jpg,train,g_train_4114.jpg,number
train_4115.jpg,train,g_train_4115.jpg,text_other
train_4116.jpg,train,g_train_4116.jpg,text_other
train_4117.jpg,holdout,g_train_4117.jpg,text_other
train_4118.jpg,train,g_train_4118.jpg,text_other
train_4119.jpg,train,g_train_4119.jpg,price
train_4120.jpg,train,g_train_4120.jpg,negation
train_4121.jpg,holdout,g_train_4121.jpg,text_other
train_4122.jpg,train,g_train_4122.jpg,text_other
train_4123.jpg,valid,g_train_4123.jpg,position
train_4124.jpg,train,g_train_4124.jpg,text_other
train_4125.jpg,train,g_train_4125.jpg,text_other
train_4126.jpg,valid,g_train_4126.jpg,position
train_4127.jpg,train,g_train_4127.jpg,text_other
train_4128.jpg,train,g_train_4128.jpg,price
train_4129.jpg,train,g_train_4129.jpg,price
train_4130.jpg,train,g_train_4130.jpg,text_other
train_4131.jpg,holdout,g_train_4131.jpg,position
train_4132.jpg,train,g_train_4132.jpg,text_other
train_4133.jpg,holdout,g_train_4133.jpg,text_other
train_4134.jpg,train,g_train_4134.jpg,text_other
train_4135.jpg,train,g_train_4135.jpg,text_other
train_4136.jpg,holdout,g_train_4136.jpg,text_other
train_4137.jpg,train,g_train_4137.jpg,text_other
train_4138.jpg,train,g_train_4138.jpg,text_other
train_4139.jpg,train,g_train_4139.jpg,negation
train_4140.jpg,train,g_train_4140.jpg,text_other
train_4141.jpg,train,g_train_4141.jpg,number
train_4142.jpg,train,g_train_4142.jpg,price
train_4143.jpg,train,g_train_4143.jpg,text_other
train_4144.jpg,train,g_train_4144.jpg,text_other
train_4145.jpg,train,g_train_4145.jpg,text_other
train_4146.jpg,holdout,g_train_4146.jpg,text_other
train_4147.jpg,train,g_train_4147.jpg,number
train_4148.jpg,train,g_train_4148.jpg,number
train_4149.jpg,train,g_train_4149.jpg,number
train_4150.jpg,train,g_train_4150.jpg,price
train_4151.jpg,train,g_train_4151.jpg,text_other
train_4152.jpg,train,g_train_4152.jpg,text_other
train_4153.jpg,train,g_train_4153.jpg,number
train_4154.jpg,train,g_train_4154.jpg,price
train_4155.jpg,train,g_train_4155.jpg,text_other
train_4156.jpg,train,g_train_4156.jpg,number
train_4157.jpg,train,g_train_4157.jpg,text_other
train_4158.jpg,train,g_train_4158.jpg,text_other
train_4159.jpg,holdout,g_train_4159.jpg,text_other
train_4160.jpg,train,g_train_4160.jpg,text_other
train_4161.jpg,train,g_train_4161.jpg,number
train_4162.jpg,train,g_train_4162.jpg,text_other
train_4163.jpg,holdout,g_train_4163.jpg,price
train_4164.jpg,train,g_train_4164.jpg,text_other
train_4165.jpg,holdout,g_train_4165.jpg,text_other
train_4166.jpg,holdout,g_train_4166.jpg,price
train_4167.jpg,train,g_train_4167.jpg,price
train_4168.jpg,train,g_train_4168.jpg,negation
train_4169.jpg,train,g_train_4169.jpg,text_other
train_4170.jpg,holdout,g_train_4170.jpg,text_other
train_4171.jpg,valid,g_train_4171.jpg,position
train_4172.jpg,valid,g_train_4172.jpg,text_other
train_4173.jpg,train,g_train_4173.jpg,text_other
train_4174.jpg,train,g_train_4174.jpg,text_other
train_4175.jpg,holdout,g_train_4175.jpg,text_other
train_4176.jpg,valid,g_train_4176.jpg,price
train_4177.jpg,holdout,g_train_4177.jpg,price
train_4178.jpg,train,g_train_4178.jpg,text_other
train_4179.jpg,holdout,g_train_4179.jpg,price
train_4180.jpg,train,g_train_4180.jpg,text_other
train_4181.jpg,train,g_train_4181.jpg,number
train_4182.jpg,train,g_train_4182.jpg,negation
train_4183.jpg,train,g_train_4183.jpg,text_other
train_4184.jpg,train,g_train_4184.jpg,price
train_4185.jpg,valid,g_train_4185.jpg,negation
train_4186.jpg,train,g_train_4186.jpg,text_other
train_4187.jpg,train,g_train_4187.jpg,text_other
train_4188.jpg,train,g_train_4188.jpg,text_other
train_4189.jpg,train,g_train_4189.jpg,text_other
train_4190.jpg,train,g_train_4190.jpg,text_other
train_4191.jpg,train,g_train_4191.jpg,position
train_4192.jpg,train,g_train_4192.jpg,text_other
train_4193.jpg,holdout,g_train_4193.jpg,text_other
train_4194.jpg,train,g_train_4194.jpg,text_other
train_4195.jpg,train,g_train_4195.jpg,text_other
train_4196.jpg,train,g_train_4196.jpg,text_other
train_4197.jpg,holdout,g_train_4197.jpg,text_other
train_4198.jpg,train,g_train_4198.jpg,text_other
train_4199.jpg,train,g_train_4199.jpg,number
train_4200.jpg,holdout,g_train_4200.jpg,text_other
train_4201.jpg,train,g_train_4201.jpg,text_other
train_4202.jpg,train,g_train_4202.jpg,text_other
train_4203.jpg,train,g_train_4203.jpg,text_other
train_4204.jpg,train,g_train_4204.jpg,position
train_4205.jpg,train,g_train_4205.jpg,text_other
train_4206.jpg,holdout,g_train_4206.jpg,text_other
train_4207.jpg,train,g_train_4207.jpg,text_other
train_4208.jpg,train,g_train_4208.jpg,price
train_4209.jpg,train,g_train_4209.jpg,text_other
train_4210.jpg,train,g_train_4210.jpg,text_other
train_4211.jpg,train,g_train_4211.jpg,number
train_4212.jpg,train,g_train_4212.jpg,text_other
train_4213.jpg,train,g_train_4213.jpg,negation
train_4214.jpg,holdout,g_train_4214.jpg,text_other
train_4215.jpg,train,g_train_4215.jpg,text_other
train_4216.jpg,train,g_train_4216.jpg,text_other
train_4217.jpg,train,g_train_4217.jpg,text_other
train_4218.jpg,train,g_train_4218.jpg,number
train_4219.jpg,train,g_train_4219.jpg,negation
train_4220.jpg,train,g_train_4220.jpg,text_other
train_4221.jpg,holdout,g_train_4221.jpg,number
train_4222.jpg,holdout,g_train_4222.jpg,number
train_4223.jpg,holdout,g_train_4223.jpg,text_other
train_4224.jpg,valid,g_train_4224.jpg,text_other
train_4225.jpg,train,g_train_4225.jpg,text_other
train_4226.jpg,train,g_train_4226.jpg,negation
train_4227.jpg,train,g_train_4227.jpg,text_other
train_4228.jpg,train,g_train_4228.jpg,text_other
train_4229.jpg,train,g_train_4229.jpg,text_other
train_4230.jpg,holdout,g_train_4230.jpg,text_other
train_4231.jpg,train,g_train_4231.jpg,negation
train_4232.jpg,train,g_train_4232.jpg,price
train_4233.jpg,train,g_train_4233.jpg,text_other
train_4234.jpg,train,g_train_4234.jpg,text_other
train_4235.jpg,train,g_train_4235.jpg,text_other
train_4236.jpg,train,g_train_4236.jpg,text_other
train_4237.jpg,train,g_train_4237.jpg,text_other
train_4238.jpg,train,g_train_4238.jpg,text_other
train_4239.jpg,train,g_train_4239.jpg,negation
train_4240.jpg,holdout,g_train_4240.jpg,text_other
train_4241.jpg,train,g_train_4241.jpg,text_other
train_4242.jpg,holdout,g_train_4242.jpg,text_other
train_4243.jpg,train,g_train_4243.jpg,text_other
train_4244.jpg,train,g_train_4244.jpg,number
train_4245.jpg,train,g_train_4245.jpg,price
train_4246.jpg,train,g_train_4246.jpg,text_other
train_4247.jpg,train,g_train_4247.jpg,text_other
train_4248.jpg,holdout,g_train_4248.jpg,text_other
train_4249.jpg,valid,g_train_4249.jpg,text_other
train_4250.jpg,holdout,g_train_4250.jpg,text_other
train_4251.jpg,train,g_train_4251.jpg,text_other
train_4252.jpg,train,g_train_4252.jpg,text_other
train_4253.jpg,train,g_train_4253.jpg,price
train_4254.jpg,train,g_train_4254.jpg,text_other
train_4255.jpg,train,g_train_4255.jpg,price
train_4256.jpg,train,g_train_4256.jpg,number
train_4257.jpg,train,g_train_4257.jpg,number
train_4258.jpg,holdout,g_train_4258.jpg,text_other
train_4259.jpg,holdout,g_train_4259.jpg,price
train_4260.jpg,train,g_train_4260.jpg,price
train_4261.jpg,train,g_train_4261.jpg,text_other
train_4262.jpg,train,g_train_4262.jpg,text_other
train_4263.jpg,train,g_train_4263.jpg,text_other
train_4264.jpg,train,g_train_4264.jpg,text_other
train_4265.jpg,train,g_train_4265.jpg,negation
train_4266.jpg,train,g_train_4266.jpg,text_other
train_4267.jpg,holdout,g_train_4267.jpg,text_other
train_4268.jpg,train,g_train_4268.jpg,price
train_4269.jpg,train,g_train_4269.jpg,text_other
train_4270.jpg,holdout,g_train_4270.jpg,text_other
train_4271.jpg,train,g_train_4271.jpg,text_other
train_4272.jpg,train,g_train_4272.jpg,text_other
train_4273.jpg,train,g_train_4273.jpg,text_other
train_4274.jpg,train,g_train_4274.jpg,text_other
train_4275.jpg,train,g_train_4275.jpg,text_other
train_4276.jpg,train,g_train_4276.jpg,text_other
train_4277.jpg,train,g_train_4277.jpg,text_other
train_4278.jpg,train,g_train_4278.jpg,text_other
train_4279.jpg,train,g_train_4279.jpg,text_other
train_4280.jpg,train,g_train_4280.jpg,text_other
train_4281.jpg,train,g_train_4281.jpg,price
train_4282.jpg,train,g_train_4282.jpg,text_other
train_4283.jpg,train,g_train_4283.jpg,text_other
train_4284.jpg,train,g_train_4284.jpg,text_other
train_4285.jpg,train,g_train_4285.jpg,text_other
train_4286.jpg,train,g_train_4286.jpg,negation
train_4287.jpg,train,g_train_4287.jpg,text_other
train_4288.jpg,train,g_train_4288.jpg,text_other
train_4289.jpg,train,g_train_4289.jpg,text_other
train_4290.jpg,train,g_train_4290.jpg,text_other
train_4291.jpg,holdout,g_train_4291.jpg,negation
train_4292.jpg,train,g_train_4292.jpg,text_other
train_4293.jpg,train,g_train_4293.jpg,price
train_4294.jpg,valid,g_train_4294.jpg,price
train_4295.jpg,train,g_train_4295.jpg,price
train_4296.jpg,train,g_train_4296.jpg,text_other
train_4297.jpg,train,g_train_4297.jpg,text_other
train_4298.jpg,train,g_train_4298.jpg,text_other
train_4299.jpg,train,g_train_4299.jpg,text_other
train_4300.jpg,train,g_train_4300.jpg,price
train_4301.jpg,train,g_train_4301.jpg,price
train_4302.jpg,train,g_train_4302.jpg,text_other
train_4303.jpg,train,g_train_4303.jpg,text_other
train_4304.jpg,train,g_train_4304.jpg,text_other
train_4305.jpg,train,g_train_4305.jpg,text_other
train_4306.jpg,train,g_train_4306.jpg,text_other
train_4307.jpg,train,g_train_4307.jpg,text_other
train_4308.jpg,train,g_train_4308.jpg,text_other
train_4309.jpg,holdout,g_train_4309.jpg,position
train_4310.jpg,train,g_train_4310.jpg,text_other
train_4311.jpg,train,g_train_4311.jpg,negation
train_4312.jpg,holdout,g_train_4312.jpg,number
train_4313.jpg,train,g_train_4313.jpg,text_other
train_4314.jpg,train,g_train_4314.jpg,text_other
train_4315.jpg,holdout,g_train_4315.jpg,text_other
train_4316.jpg,valid,g_train_4316.jpg,text_other
train_4317.jpg,holdout,g_train_4317.jpg,price
train_4318.jpg,train,g_train_4318.jpg,text_other
train_4319.jpg,train,g_train_4319.jpg,text_other
train_4320.jpg,train,g_train_4320.jpg,price
train_4321.jpg,train,g_train_4321.jpg,text_other
train_4322.jpg,holdout,g_train_4322.jpg,text_other
train_4323.jpg,train,g_train_4323.jpg,text_other
train_4324.jpg,train,g_train_4324.jpg,text_other
train_4325.jpg,train,g_train_4325.jpg,text_other
train_4326.jpg,train,g_train_4326.jpg,price
train_4327.jpg,train,g_train_4327.jpg,position
train_4328.jpg,holdout,g_train_4328.jpg,negation
train_4329.jpg,train,g_train_4329.jpg,position
train_4330.jpg,train,g_train_4330.jpg,text_other
train_4331.jpg,holdout,g_train_4331.jpg,text_other
train_4332.jpg,train,g_train_4332.jpg,number
train_4333.jpg,holdout,g_train_4333.jpg,position
train_4334.jpg,train,g_train_4334.jpg,text_other
train_4335.jpg,holdout,g_train_4335.jpg,text_other
train_4336.jpg,train,g_train_4336.jpg,text_other
train_4337.jpg,train,g_train_4337.jpg,text_other
train_4338.jpg,holdout,g_train_4338.jpg,price
train_4339.jpg,train,g_train_4339.jpg,text_other
train_4340.jpg,train,g_train_4340.jpg,number
train_4341.jpg,train,g_train_4341.jpg,text_other
train_4342.jpg,train,g_train_4342.jpg,text_other
train_4343.jpg,train,g_train_4343.jpg,text_other
train_4344.jpg,train,g_train_4344.jpg,text_other
train_4345.jpg,train,g_train_4345.jpg,position
train_4346.jpg,train,g_train_4346.jpg,number
train_4347.jpg,train,g_train_4347.jpg,number
train_4348.jpg,train,g_train_4348.jpg,text_other
train_4349.jpg,holdout,g_train_4349.jpg,text_other
train_4350.jpg,train,g_train_4350.jpg,text_other
train_4351.jpg,train,g_train_4351.jpg,text_other
train_4352.jpg,train,g_train_4352.jpg,negation
train_4353.jpg,valid,g_train_4353.jpg,number
train_4354.jpg,train,g_train_4354.jpg,number
train_4355.jpg,train,g_train_4355.jpg,negation
train_4356.jpg,train,g_train_4356.jpg,text_other
train_4357.jpg,train,g_train_4357.jpg,text_other
train_4358.jpg,train,g_train_4358.jpg,price
train_4359.jpg,holdout,g_train_4359.jpg,position
train_4360.jpg,train,g_train_4360.jpg,price
train_4361.jpg,train,g_train_4361.jpg,price
train_4362.jpg,train,g_train_4362.jpg,text_other
train_4363.jpg,train,g_train_4363.jpg,text_other
train_4364.jpg,train,g_train_4364.jpg,text_other
train_4365.jpg,train,g_train_4365.jpg,negation
train_4366.jpg,holdout,g_train_4366.jpg,text_other
train_4367.jpg,train,g_train_4367.jpg,text_other
train_4368.jpg,holdout,g_train_4368.jpg,position
train_4369.jpg,train,g_train_4369.jpg,negation
train_4370.jpg,train,g_train_4370.jpg,text_other
train_4371.jpg,train,g_train_4371.jpg,text_other
train_4372.jpg,train,g_train_4372.jpg,text_other
train_4373.jpg,train,g_train_4373.jpg,price
train_4374.jpg,train,g_train_4374.jpg,text_other
train_4375.jpg,train,g_train_4375.jpg,price
train_4376.jpg,train,g_train_4376.jpg,text_other
train_4377.jpg,train,g_train_4377.jpg,text_other
train_4378.jpg,train,g_train_4378.jpg,number
train_4379.jpg,train,g_train_4379.jpg,text_other
train_4380.jpg,train,g_train_4380.jpg,text_other
train_4381.jpg,valid,g_train_4381.jpg,text_other
train_4382.jpg,train,g_train_4382.jpg,position
train_4383.jpg,train,g_train_4383.jpg,text_other
train_4384.jpg,train,g_train_4384.jpg,text_other
train_4385.jpg,train,g_train_4385.jpg,position
train_4386.jpg,train,g_train_4386.jpg,text_other
train_4387.jpg,train,g_train_4387.jpg,text_other
train_4388.jpg,train,g_train_4388.jpg,text_other
train_4389.jpg,train,g_train_4389.jpg,text_other
train_4390.jpg,train,g_train_4390.jpg,text_other
train_4391.jpg,train,g_train_4391.jpg,negation
train_4392.jpg,train,g_train_4392.jpg,negation
train_4393.jpg,holdout,g_train_4393.jpg,number
train_4394.jpg,train,g_train_4394.jpg,text_other
train_4395.jpg,train,g_train_4395.jpg,text_other
train_4396.jpg,train,g_train_4396.jpg,text_other
train_4397.jpg,train,g_train_4397.jpg,position
train_4398.jpg,train,g_train_4398.jpg,number
train_4399.jpg,train,g_train_4399.jpg,text_other
train_4400.jpg,train,g_train_4400.jpg,text_other
train_4401.jpg,train,g_train_4401.jpg,position
train_4402.jpg,train,g_train_4402.jpg,text_other
train_4403.jpg,train,g_train_4403.jpg,number
train_4404.jpg,holdout,g_train_4404.jpg,text_other
train_4405.jpg,holdout,g_train_4405.jpg,text_other
train_4406.jpg,train,g_train_4406.jpg,text_other
train_4407.jpg,valid,g_train_4407.jpg,text_other
train_4408.jpg,train,g_train_4408.jpg,text_other
train_4409.jpg,holdout,g_train_4409.jpg,text_other
train_4410.jpg,valid,g_train_4410.jpg,negation
train_4411.jpg,train,g_train_4411.jpg,text_other
train_4412.jpg,train,g_train_4412.jpg,number
train_4413.jpg,train,g_train_4413.jpg,text_other
train_4414.jpg,train,g_train_4414.jpg,number
train_4415.jpg,train,g_train_4415.jpg,position
train_4416.jpg,holdout,g_train_4416.jpg,text_other
train_4417.jpg,train,g_train_4417.jpg,text_other
train_4418.jpg,train,g_train_4418.jpg,text_other
train_4419.jpg,train,g_train_4419.jpg,text_other
train_4420.jpg,holdout,g_train_4420.jpg,negation
train_4421.jpg,train,g_train_4421.jpg,position
train_4422.jpg,train,g_train_4422.jpg,negation
train_4423.jpg,train,g_train_4423.jpg,position
train_4424.jpg,train,g_train_4424.jpg,position
train_4425.jpg,train,g_train_4425.jpg,text_other
train_4426.jpg,train,g_train_4426.jpg,negation
train_4427.jpg,train,g_train_4427.jpg,price
train_4428.jpg,train,g_train_4428.jpg,number
train_4429.jpg,holdout,g_train_4429.jpg,price
train_4430.jpg,train,g_train_4430.jpg,text_other
train_4431.jpg,train,g_train_4431.jpg,text_other
train_4432.jpg,train,g_train_4432.jpg,negation
train_4433.jpg,train,g_train_4433.jpg,position
train_4434.jpg,train,g_train_4434.jpg,number
train_4435.jpg,train,g_train_4435.jpg,text_other
train_4436.jpg,valid,g_train_4436.jpg,text_other
train_4437.jpg,train,g_train_4437.jpg,text_other
train_4438.jpg,train,g_train_4438.jpg,text_other
train_4439.jpg,train,g_train_4439.jpg,text_other
train_4440.jpg,train,g_train_4440.jpg,text_other
train_4441.jpg,train,g_train_4441.jpg,text_other
train_4442.jpg,train,g_train_4442.jpg,number
train_4443.jpg,train,g_train_4443.jpg,price
train_4444.jpg,train,g_train_4444.jpg,number
train_4445.jpg,train,g_train_4445.jpg,price
train_4446.jpg,holdout,g_train_4446.jpg,text_other
train_4447.jpg,train,g_train_4447.jpg,text_other
train_4448.jpg,train,g_train_4448.jpg,text_other
train_4449.jpg,train,g_train_4449.jpg,price
train_4450.jpg,train,g_train_4450.jpg,number
train_4451.jpg,holdout,g_train_4451.jpg,price
train_4452.jpg,train,g_train_4452.jpg,price
train_4453.jpg,train,g_train_4453.jpg,position
train_4454.jpg,train,g_train_4454.jpg,position
train_4455.jpg,train,g_train_4455.jpg,text_other
train_4456.jpg,train,g_train_4456.jpg,text_other
train_4457.jpg,train,g_train_4457.jpg,text_other
train_4458.jpg,train,g_train_4458.jpg,price
train_4459.jpg,valid,g_train_4459.jpg,text_other
train_4460.jpg,train,g_train_4460.jpg,text_other
train_4461.jpg,train,g_train_4461.jpg,text_other
train_4462.jpg,train,g_train_4462.jpg,text_other
train_4463.jpg,train,g_train_4463.jpg,text_other
train_4464.jpg,train,g_train_4464.jpg,text_other
train_4465.jpg,train,g_train_4465.jpg,price
train_4466.jpg,train,g_train_4466.jpg,text_other
train_4467.jpg,valid,g_train_4467.jpg,price
train_4468.jpg,train,g_train_4468.jpg,text_other
train_4469.jpg,train,g_train_4469.jpg,position
train_4470.jpg,train,g_train_4470.jpg,text_other
train_4471.jpg,train,g_train_4471.jpg,text_other
train_4472.jpg,train,g_train_4472.jpg,text_other
train_4473.jpg,train,g_train_4473.jpg,text_other
train_4474.jpg,train,g_train_4474.jpg,text_other
train_4475.jpg,train,g_train_4475.jpg,text_other
train_4476.jpg,train,g_train_4476.jpg,number
train_4477.jpg,train,g_train_4477.jpg,text_other
train_4478.jpg,train,g_train_4478.jpg,negation
train_4479.jpg,holdout,g_train_4479.jpg,text_other
train_4480.jpg,train,g_train_4480.jpg,text_other
train_4481.jpg,train,g_train_4481.jpg,negation
train_4482.jpg,train,g_train_4482.jpg,negation
train_4483.jpg,train,g_train_4483.jpg,text_other
train_4484.jpg,train,g_train_4484.jpg,number
train_4485.jpg,train,g_train_4485.jpg,text_other
train_4486.jpg,train,g_train_4486.jpg,negation
train_4487.jpg,valid,g_train_4487.jpg,position
train_4488.jpg,train,g_train_4488.jpg,text_other
train_4489.jpg,train,g_train_4489.jpg,text_other
train_4490.jpg,train,g_train_4490.jpg,price
train_4491.jpg,train,g_train_4491.jpg,negation
train_4492.jpg,train,g_train_4492.jpg,text_other
train_4493.jpg,train,g_train_4493.jpg,negation
train_4494.jpg,valid,g_train_4494.jpg,price
train_4495.jpg,train,g_train_4495.jpg,text_other
train_4496.jpg,train,g_train_4496.jpg,text_other
train_4497.jpg,train,g_train_4497.jpg,price
train_4498.jpg,train,g_train_4498.jpg,number
train_4499.jpg,train,g_train_4499.jpg,price
train_4500.jpg,train,g_train_4500.jpg,text_other
train_4501.jpg,train,g_train_4501.jpg,number
train_4502.jpg,train,g_train_4502.jpg,position
train_4503.jpg,holdout,g_train_4503.jpg,text_other
train_4504.jpg,valid,g_train_4504.jpg,text_other
train_4505.jpg,valid,g_train_4505.jpg,text_other
train_4506.jpg,train,g_train_4506.jpg,price
train_4507.jpg,train,g_train_4507.jpg,price
train_4508.jpg,train,g_train_4508.jpg,number
train_4509.jpg,train,g_train_4509.jpg,text_other
train_4510.jpg,train,g_train_4510.jpg,text_other
train_4511.jpg,train,g_train_4511.jpg,text_other
train_4512.jpg,train,g_train_4512.jpg,number
train_4513.jpg,train,g_train_4513.jpg,negation
train_4514.jpg,train,g_train_4514.jpg,position
train_4515.jpg,train,g_train_4515.jpg,price
train_4516.jpg,holdout,g_train_4516.jpg,text_other
train_4517.jpg,holdout,g_train_4517.jpg,text_other
train_4518.jpg,train,g_train_4518.jpg,price
train_4519.jpg,valid,g_train_4519.jpg,position
train_4520.jpg,train,g_train_4520.jpg,text_other
train_4521.jpg,train,g_train_4521.jpg,text_other
train_4522.jpg,train,g_train_4522.jpg,text_other
train_4523.jpg,train,g_train_4523.jpg,text_other
train_4524.jpg,train,g_train_4524.jpg,text_other
train_4525.jpg,train,g_train_4525.jpg,text_other
train_4526.jpg,train,g_train_4526.jpg,price
train_4527.jpg,train,g_train_4527.jpg,number
train_4528.jpg,holdout,g_train_4528.jpg,number
train_4529.jpg,train,g_train_4529.jpg,text_other
train_4530.jpg,train,g_train_4530.jpg,price
train_4531.jpg,train,g_train_4531.jpg,negation
train_4532.jpg,valid,g_train_4532.jpg,price
train_4533.jpg,valid,g_train_4533.jpg,number
train_4534.jpg,holdout,g_train_4534.jpg,position
train_4535.jpg,train,g_train_4535.jpg,text_other
train_4536.jpg,holdout,g_train_4536.jpg,text_other
train_4537.jpg,valid,g_train_4537.jpg,position
train_4538.jpg,train,g_train_4538.jpg,number
train_4539.jpg,train,g_train_4539.jpg,text_other
train_4540.jpg,train,g_train_4540.jpg,price
train_4541.jpg,train,g_train_4541.jpg,text_other
train_4542.jpg,train,g_train_4542.jpg,text_other
train_4543.jpg,train,g_train_4543.jpg,text_other
train_4544.jpg,train,g_train_4544.jpg,number
train_4545.jpg,train,g_train_4545.jpg,text_other
train_4546.jpg,train,g_train_4546.jpg,negation
train_4547.jpg,holdout,g_train_4547.jpg,text_other
train_4548.jpg,train,g_train_4548.jpg,text_other
train_4549.jpg,holdout,g_train_4549.jpg,text_other
train_4550.jpg,train,g_train_4550.jpg,number
train_4551.jpg,train,g_train_4551.jpg,number
train_4552.jpg,train,g_train_4552.jpg,text_other
train_4553.jpg,train,g_train_4553.jpg,text_other
train_4554.jpg,train,g_train_4554.jpg,text_other
train_4555.jpg,train,g_train_4555.jpg,text_other
train_4556.jpg,train,g_train_4556.jpg,text_other
train_4557.jpg,train,g_train_4557.jpg,text_other
train_4558.jpg,train,g_train_4558.jpg,text_other
train_4559.jpg,holdout,g_train_4559.jpg,price
train_4560.jpg,valid,g_train_4560.jpg,text_other
train_4561.jpg,train,g_train_4561.jpg,text_other
train_4562.jpg,train,g_train_4562.jpg,text_other
train_4563.jpg,train,g_train_4563.jpg,number
train_4564.jpg,train,g_train_4564.jpg,text_other
train_4565.jpg,holdout,g_train_4565.jpg,position
train_4566.jpg,train,g_train_4566.jpg,text_other
train_4567.jpg,holdout,g_train_4567.jpg,text_other
train_4568.jpg,train,g_train_4568.jpg,position
train_4569.jpg,train,g_train_4569.jpg,negation
train_4570.jpg,holdout,g_train_4570.jpg,text_other
train_4571.jpg,train,g_train_4571.jpg,text_other
train_4572.jpg,valid,g_train_4572.jpg,text_other
train_4573.jpg,train,g_train_4573.jpg,text_other
train_4574.jpg,valid,g_train_4574.jpg,text_other
train_4575.jpg,train,g_train_4575.jpg,negation
train_4576.jpg,train,g_train_4576.jpg,text_other
train_4577.jpg,train,g_train_4577.jpg,text_other
train_4578.jpg,holdout,g_train_4578.jpg,negation
train_4579.jpg,valid,g_train_4579.jpg,text_other
train_4580.jpg,train,g_train_4580.jpg,text_other
train_4581.jpg,train,g_train_4581.jpg,number
train_4582.jpg,holdout,g_train_4582.jpg,text_other
train_4583.jpg,train,g_train_4583.jpg,text_other
train_4584.jpg,train,g_train_4584.jpg,number
train_4585.jpg,train,g_train_4585.jpg,text_other
train_4586.jpg,train,g_train_4586.jpg,text_other
train_4587.jpg,train,g_train_4587.jpg,number
train_4588.jpg,train,g_train_4588.jpg,text_other
train_4589.jpg,train,g_train_4589.jpg,number
train_4590.jpg,train,g_train_4590.jpg,text_other
train_4591.jpg,train,g_train_4591.jpg,text_other
train_4592.jpg,train,g_train_4592.jpg,text_other
train_4593.jpg,train,g_train_4593.jpg,position
train_4594.jpg,train,g_train_4594.jpg,text_other
train_4595.jpg,train,g_train_4595.jpg,text_other
train_4596.jpg,train,g_train_4596.jpg,negation
train_4597.jpg,holdout,g_train_4597.jpg,text_other
train_4598.jpg,holdout,g_train_4598.jpg,text_other
train_4599.jpg,train,g_train_4599.jpg,text_other
train_4600.jpg,valid,g_train_4600.jpg,price
train_4601.jpg,train,g_train_4601.jpg,text_other
train_4602.jpg,train,g_train_4602.jpg,text_other
train_4603.jpg,train,g_train_4603.jpg,text_other
train_4604.jpg,holdout,g_train_4604.jpg,price
train_4605.jpg,holdout,g_train_4605.jpg,price
train_4606.jpg,train,g_train_4606.jpg,text_other
train_4607.jpg,train,g_train_4607.jpg,text_other
train_4608.jpg,train,g_train_4608.jpg,price
train_4609.jpg,train,g_train_4609.jpg,position
train_4610.jpg,valid,g_train_4610.jpg,text_other
train_4611.jpg,train,g_train_4611.jpg,number
train_4612.jpg,train,g_train_4612.jpg,text_other
train_4613.jpg,train,g_train_4613.jpg,text_other
train_4614.jpg,train,g_train_4614.jpg,text_other
train_4615.jpg,train,g_train_4615.jpg,price
train_4616.jpg,train,g_train_4616.jpg,text_other
train_4617.jpg,holdout,g_train_4617.jpg,text_other
train_4618.jpg,train,g_train_4618.jpg,text_other
train_4619.jpg,valid,g_train_4619.jpg,text_other
train_4620.jpg,train,g_train_4620.jpg,text_other
train_4621.jpg,train,g_train_4621.jpg,text_other
train_4622.jpg,train,g_train_4622.jpg,position
train_4623.jpg,holdout,g_train_4623.jpg,number
train_4624.jpg,train,g_train_4624.jpg,text_other
train_4625.jpg,train,g_train_4625.jpg,text_other
train_4626.jpg,train,g_train_4626.jpg,text_other
train_4627.jpg,train,g_train_4627.jpg,price
train_4628.jpg,holdout,g_train_4628.jpg,text_other
train_4629.jpg,train,g_train_4629.jpg,text_other
train_4630.jpg,holdout,g_train_4630.jpg,text_other
train_4631.jpg,train,g_train_4631.jpg,text_other
train_4632.jpg,valid,g_train_4632.jpg,price
train_4633.jpg,train,g_train_4633.jpg,number
train_4634.jpg,valid,g_train_4634.jpg,text_other
train_4635.jpg,holdout,g_train_4635.jpg,text_other
train_4636.jpg,train,g_train_4636.jpg,text_other
train_4637.jpg,train,g_train_4637.jpg,number
train_4638.jpg,train,g_train_4638.jpg,text_other
train_4639.jpg,train,g_train_4639.jpg,position
train_4640.jpg,train,g_train_4640.jpg,text_other
train_4641.jpg,train,g_train_4641.jpg,text_other
train_4642.jpg,train,g_train_4642.jpg,price
train_4643.jpg,train,g_train_4643.jpg,price
train_4644.jpg,train,g_train_4644.jpg,number
train_4645.jpg,train,g_train_4645.jpg,position
train_4646.jpg,train,g_train_4646.jpg,text_other
train_4647.jpg,train,g_train_4647.jpg,text_other
train_4648.jpg,train,g_train_4648.jpg,text_other
train_4649.jpg,train,g_train_4649.jpg,text_other
train_4650.jpg,train,g_train_4650.jpg,text_other
train_4651.jpg,holdout,g_train_4651.jpg,text_other
train_4652.jpg,holdout,g_train_4652.jpg,text_other
train_4653.jpg,holdout,g_train_4653.jpg,text_other
train_4654.jpg,valid,g_train_4654.jpg,price
train_4655.jpg,train,g_train_4655.jpg,text_other
train_4656.jpg,train,g_train_4656.jpg,text_other
train_4657.jpg,train,g_train_4657.jpg,position
train_4658.jpg,train,g_train_4658.jpg,text_other
train_4659.jpg,train,g_train_4659.jpg,text_other
train_4660.jpg,train,g_train_4660.jpg,text_other
train_4661.jpg,train,g_train_4661.jpg,negation
train_4662.jpg,train,g_train_4662.jpg,text_other
train_4663.jpg,train,g_train_4663.jpg,number
train_4664.jpg,train,g_train_4664.jpg,price
train_4665.jpg,train,g_train_4665.jpg,text_other
train_4666.jpg,train,g_train_4666.jpg,position
train_4667.jpg,train,g_train_4667.jpg,text_other
train_4668.jpg,holdout,g_train_4668.jpg,text_other
train_4669.jpg,valid,g_train_4669.jpg,text_other
train_4670.jpg,train,g_train_4670.jpg,text_other
train_4671.jpg,train,g_train_4671.jpg,text_other
train_4672.jpg,train,g_train_4672.jpg,text_other
train_4673.jpg,valid,g_train_4673.jpg,text_other
train_4674.jpg,train,g_train_4674.jpg,position
train_4675.jpg,train,g_train_4675.jpg,text_other
train_4676.jpg,train,g_train_4676.jpg,text_other
train_4677.jpg,train,g_train_4677.jpg,text_other
train_4678.jpg,holdout,g_train_4678.jpg,text_other
train_4679.jpg,holdout,g_train_2428.jpg,text_other
train_4680.jpg,holdout,g_train_4680.jpg,text_other
train_4681.jpg,holdout,g_train_4681.jpg,text_other
train_4682.jpg,valid,g_train_4682.jpg,text_other
train_4683.jpg,train,g_train_4683.jpg,number
train_4684.jpg,train,g_train_4684.jpg,text_other
train_4685.jpg,holdout,g_train_4685.jpg,price
train_4686.jpg,valid,g_train_4686.jpg,price
train_4687.jpg,train,g_train_4687.jpg,text_other
train_4688.jpg,train,g_train_4688.jpg,position
train_4689.jpg,train,g_train_4689.jpg,number
train_4690.jpg,holdout,g_train_4690.jpg,price
train_4691.jpg,train,g_train_4691.jpg,price
train_4692.jpg,holdout,g_train_4692.jpg,text_other
train_4693.jpg,holdout,g_train_4693.jpg,text_other
train_4694.jpg,train,g_train_4694.jpg,text_other
train_4695.jpg,train,g_train_4695.jpg,number
train_4696.jpg,train,g_train_4696.jpg,price
train_4697.jpg,train,g_train_4697.jpg,number
train_4698.jpg,train,g_train_4698.jpg,text_other
train_4699.jpg,train,g_train_4699.jpg,text_other
train_4700.jpg,train,g_train_4700.jpg,negation
train_4701.jpg,train,g_train_4701.jpg,text_other
train_4702.jpg,train,g_train_4702.jpg,text_other
train_4703.jpg,train,g_train_4703.jpg,text_other
train_4704.jpg,valid,g_train_4704.jpg,text_other
train_4705.jpg,train,g_train_4705.jpg,text_other
train_4706.jpg,train,g_train_4706.jpg,negation
train_4707.jpg,train,g_train_4707.jpg,text_other
train_4708.jpg,train,g_train_4708.jpg,text_other
train_4709.jpg,train,g_train_4709.jpg,text_other
train_4710.jpg,valid,g_train_4710.jpg,number
train_4711.jpg,train,g_train_4711.jpg,number
train_4712.jpg,train,g_train_4712.jpg,text_other
train_4713.jpg,train,g_train_4713.jpg,text_other
train_4714.jpg,train,g_train_4714.jpg,negation
train_4715.jpg,holdout,g_train_4715.jpg,text_other
train_4716.jpg,train,g_train_4716.jpg,price
train_4717.jpg,train,g_train_4717.jpg,text_other
train_4718.jpg,train,g_train_4718.jpg,text_other
train_4719.jpg,train,g_train_4719.jpg,text_other
train_4720.jpg,train,g_train_4720.jpg,text_other
train_4721.jpg,train,g_train_4721.jpg,text_other
train_4722.jpg,train,g_train_4722.jpg,position
train_4723.jpg,train,g_train_4723.jpg,price
train_4724.jpg,train,g_train_4724.jpg,text_other
train_4725.jpg,valid,g_train_4725.jpg,position
train_4726.jpg,holdout,g_train_4726.jpg,text_other
train_4727.jpg,valid,g_train_4727.jpg,text_other
train_4728.jpg,train,g_train_4728.jpg,text_other
train_4729.jpg,holdout,g_train_4729.jpg,text_other
train_4730.jpg,train,g_train_4730.jpg,text_other
train_4731.jpg,train,g_train_4731.jpg,position
train_4732.jpg,train,g_train_4732.jpg,text_other
train_4733.jpg,train,g_train_4733.jpg,text_other
train_4734.jpg,train,g_train_4734.jpg,text_other
train_4735.jpg,train,g_train_4735.jpg,position
train_4736.jpg,train,g_train_4736.jpg,text_other
train_4737.jpg,train,g_train_4737.jpg,number
train_4738.jpg,train,g_train_4738.jpg,price
train_4739.jpg,holdout,g_train_4739.jpg,negation
train_4740.jpg,train,g_train_4740.jpg,price
train_4741.jpg,train,g_train_4741.jpg,price
train_4742.jpg,train,g_train_4742.jpg,text_other
train_4743.jpg,train,g_train_4743.jpg,number
train_4744.jpg,train,g_train_4744.jpg,text_other
train_4745.jpg,train,g_train_4745.jpg,number
train_4746.jpg,valid,g_train_4746.jpg,text_other
train_4747.jpg,train,g_train_4747.jpg,text_other
train_4748.jpg,train,g_train_4748.jpg,text_other
train_4749.jpg,train,g_train_4749.jpg,number
train_4750.jpg,train,g_train_4750.jpg,price
train_4751.jpg,train,g_train_4751.jpg,text_other
train_4752.jpg,train,g_train_4752.jpg,number
train_4753.jpg,train,g_train_4753.jpg,text_other
train_4754.jpg,train,g_train_4754.jpg,text_other
train_4755.jpg,valid,g_train_4755.jpg,number
train_4756.jpg,holdout,g_train_4756.jpg,text_other
train_4757.jpg,train,g_train_4757.jpg,text_other
train_4758.jpg,train,g_train_4758.jpg,text_other
train_4759.jpg,train,g_train_4759.jpg,text_other
train_4760.jpg,train,g_train_4760.jpg,number
train_4761.jpg,valid,g_train_4761.jpg,negation
train_4762.jpg,train,g_train_4762.jpg,price
train_4763.jpg,train,g_train_4763.jpg,text_other
train_4764.jpg,holdout,g_train_4764.jpg,number
train_4765.jpg,holdout,g_train_4765.jpg,text_other
train_4766.jpg,train,g_train_4766.jpg,price
train_4767.jpg,valid,g_train_4767.jpg,number
train_4768.jpg,train,g_train_4768.jpg,text_other
train_4769.jpg,train,g_train_4769.jpg,price
train_4770.jpg,train,g_train_4770.jpg,text_other
train_4771.jpg,train,g_train_4771.jpg,text_other
train_4772.jpg,train,g_train_4772.jpg,negation
train_4773.jpg,train,g_train_4773.jpg,text_other
train_4774.jpg,train,g_train_4774.jpg,text_other
train_4775.jpg,train,g_train_4775.jpg,text_other
train_4776.jpg,holdout,g_train_4776.jpg,text_other
train_4777.jpg,train,g_train_4777.jpg,text_other
train_4778.jpg,train,g_train_4778.jpg,text_other
train_4779.jpg,train,g_train_4779.jpg,text_other
train_4780.jpg,train,g_train_4780.jpg,price
train_4781.jpg,holdout,g_train_4781.jpg,number
train_4782.jpg,train,g_train_4782.jpg,text_other
train_4783.jpg,train,g_train_4783.jpg,number
train_4784.jpg,train,g_train_4784.jpg,text_other
train_4785.jpg,train,g_train_4785.jpg,negation
train_4786.jpg,train,g_train_4786.jpg,negation
train_4787.jpg,holdout,g_train_4787.jpg,text_other
train_4788.jpg,train,g_train_4788.jpg,text_other
train_4789.jpg,train,g_train_4789.jpg,text_other
train_4790.jpg,train,g_train_4790.jpg,number
train_4791.jpg,train,g_train_4791.jpg,negation
train_4792.jpg,train,g_train_4792.jpg,text_other
train_4793.jpg,train,g_train_4793.jpg,price
train_4794.jpg,train,g_train_4794.jpg,text_other
train_4795.jpg,train,g_train_4795.jpg,text_other
train_4796.jpg,train,g_train_4796.jpg,text_other
train_4797.jpg,train,g_train_4797.jpg,text_other
train_4798.jpg,train,g_train_4798.jpg,text_other
train_4799.jpg,train,g_train_4799.jpg,text_other
train_4800.jpg,train,g_train_4800.jpg,position
train_4801.jpg,train,g_train_4801.jpg,text_other
train_4802.jpg,train,g_train_4802.jpg,position
train_4803.jpg,train,g_train_4803.jpg,text_other
train_4804.jpg,holdout,g_train_4804.jpg,text_other
train_4805.jpg,train,g_train_4805.jpg,number
train_4806.jpg,holdout,g_train_4806.jpg,text_other
train_4807.jpg,train,g_train_4807.jpg,negation
train_4808.jpg,valid,g_train_4808.jpg,text_other
train_4809.jpg,train,g_train_4809.jpg,text_other
train_4810.jpg,train,g_train_4810.jpg,price
train_4811.jpg,valid,g_train_4811.jpg,number
train_4812.jpg,holdout,g_train_4812.jpg,price
train_4813.jpg,train,g_train_4813.jpg,position
train_4814.jpg,train,g_train_4814.jpg,text_other
train_4815.jpg,train,g_train_4815.jpg,text_other
train_4816.jpg,train,g_train_4816.jpg,price
train_4817.jpg,holdout,g_train_4817.jpg,position
train_4818.jpg,train,g_train_4818.jpg,text_other
train_4819.jpg,train,g_train_4819.jpg,number
train_4820.jpg,train,g_train_4820.jpg,text_other
train_4821.jpg,holdout,g_train_4821.jpg,text_other
train_4822.jpg,train,g_train_4822.jpg,text_other
train_4823.jpg,train,g_train_4823.jpg,price
train_4824.jpg,holdout,g_train_4824.jpg,price
train_4825.jpg,train,g_train_4825.jpg,price
train_4826.jpg,valid,g_train_4826.jpg,text_other
train_4827.jpg,train,g_train_4827.jpg,text_other
train_4828.jpg,train,g_train_4828.jpg,text_other
train_4829.jpg,holdout,g_train_4829.jpg,text_other
train_4830.jpg,holdout,g_train_4830.jpg,text_other
train_4831.jpg,holdout,g_train_4831.jpg,text_other
train_4832.jpg,train,g_train_4832.jpg,price
train_4833.jpg,train,g_train_4833.jpg,text_other
train_4834.jpg,train,g_train_4834.jpg,number
train_4835.jpg,train,g_train_4835.jpg,text_other
train_4836.jpg,holdout,g_train_4836.jpg,text_other
train_4837.jpg,train,g_train_4837.jpg,text_other
train_4838.jpg,train,g_train_4838.jpg,number
train_4839.jpg,train,g_train_4839.jpg,text_other
train_4840.jpg,valid,g_train_4840.jpg,text_other
train_4841.jpg,train,g_train_4841.jpg,text_other
train_4842.jpg,train,g_train_4842.jpg,text_other
train_4843.jpg,train,g_train_4843.jpg,price
train_4844.jpg,train,g_train_4844.jpg,text_other
train_4845.jpg,train,g_train_4845.jpg,text_other
train_4846.jpg,train,g_train_4846.jpg,text_other
train_4847.jpg,train,g_train_4847.jpg,position
train_4848.jpg,train,g_train_4848.jpg,text_other
train_4849.jpg,train,g_train_4849.jpg,text_other
train_4850.jpg,train,g_train_4850.jpg,number
train_4851.jpg,train,g_train_4851.jpg,negation
train_4852.jpg,train,g_train_4852.jpg,text_other
train_4853.jpg,train,g_train_4853.jpg,text_other
train_4854.jpg,train,g_train_4854.jpg,text_other
train_4855.jpg,train,g_train_4855.jpg,text_other
train_4856.jpg,train,g_train_4856.jpg,number
train_4857.jpg,train,g_train_4857.jpg,position
train_4858.jpg,train,g_train_4858.jpg,price
train_4859.jpg,train,g_train_4859.jpg,price
train_4860.jpg,train,g_train_4860.jpg,number
train_4861.jpg,train,g_train_4861.jpg,text_other
train_4862.jpg,valid,g_train_4862.jpg,text_other
train_4863.jpg,valid,g_train_4863.jpg,negation
train_4864.jpg,train,g_train_4864.jpg,text_other
train_4865.jpg,train,g_train_4865.jpg,text_other
train_4866.jpg,train,g_train_4866.jpg,negation
train_4867.jpg,train,g_train_4867.jpg,price
train_4868.jpg,train,g_train_4868.jpg,text_other
train_4869.jpg,holdout,g_train_4869.jpg,text_other
train_4870.jpg,holdout,g_train_4870.jpg,text_other
train_4871.jpg,train,g_train_4871.jpg,text_other
train_4872.jpg,holdout,g_train_4872.jpg,text_other
train_4873.jpg,holdout,g_train_4873.jpg,text_other
train_4874.jpg,train,g_train_4874.jpg,text_other
train_4875.jpg,holdout,g_train_4875.jpg,negation
train_4876.jpg,train,g_train_4876.jpg,number
train_4877.jpg,train,g_train_4877.jpg,price
train_4878.jpg,train,g_train_4878.jpg,text_other
train_4879.jpg,train,g_train_4879.jpg,text_other
train_4880.jpg,train,g_train_4880.jpg,text_other
train_4881.jpg,train,g_train_4881.jpg,text_other
train_4882.jpg,holdout,g_train_4882.jpg,negation
train_4883.jpg,holdout,g_train_4883.jpg,text_other
train_4884.jpg,train,g_train_4884.jpg,text_other
train_4885.jpg,train,g_train_4885.jpg,text_other
train_4886.jpg,train,g_train_4886.jpg,negation
train_4887.jpg,valid,g_train_4887.jpg,text_other
train_4888.jpg,holdout,g_train_4888.jpg,text_other
train_4889.jpg,train,g_train_4889.jpg,text_other
train_4890.jpg,train,g_train_4890.jpg,price
train_4891.jpg,holdout,g_train_4891.jpg,position
train_4892.jpg,train,g_train_4892.jpg,number
train_4893.jpg,train,g_train_4893.jpg,text_other
train_4894.jpg,train,g_train_4894.jpg,price
train_4895.jpg,train,g_train_4895.jpg,text_other
train_4896.jpg,train,g_train_4896.jpg,position
train_4897.jpg,holdout,g_train_4897.jpg,number
train_4898.jpg,train,g_train_4898.jpg,text_other
train_4899.jpg,train,g_train_4899.jpg,number
train_4900.jpg,train,g_train_4900.jpg,text_other
train_4901.jpg,train,g_train_4901.jpg,text_other
train_4902.jpg,valid,g_train_4902.jpg,text_other
train_4903.jpg,train,g_train_4903.jpg,text_other
train_4904.jpg,holdout,g_train_4904.jpg,position
train_4905.jpg,train,g_train_4905.jpg,text_other
train_4906.jpg,holdout,g_train_4906.jpg,text_other
train_4907.jpg,train,g_train_4907.jpg,price
train_4908.jpg,train,g_train_4908.jpg,text_other
train_4909.jpg,train,g_train_4909.jpg,text_other
train_4910.jpg,train,g_train_4910.jpg,number
train_4911.jpg,holdout,g_train_4911.jpg,text_other
train_4912.jpg,train,g_train_4912.jpg,text_other
train_4913.jpg,train,g_train_4913.jpg,text_other
train_4914.jpg,train,g_train_4914.jpg,price
train_4915.jpg,train,g_train_4915.jpg,text_other
train_4916.jpg,holdout,g_train_4916.jpg,text_other
train_4917.jpg,train,g_train_4917.jpg,text_other
train_4918.jpg,holdout,g_train_4918.jpg,text_other
train_4919.jpg,train,g_train_4919.jpg,text_other
train_4920.jpg,train,g_train_4920.jpg,text_other
train_4921.jpg,train,g_train_4921.jpg,text_other
train_4922.jpg,holdout,g_train_4922.jpg,position
train_4923.jpg,train,g_train_4923.jpg,price
train_4924.jpg,train,g_train_4924.jpg,negation
train_4925.jpg,train,g_train_4925.jpg,text_other
train_4926.jpg,holdout,g_train_4926.jpg,text_other
train_4927.jpg,train,g_train_4927.jpg,text_other
train_4928.jpg,train,g_train_4928.jpg,price
train_4929.jpg,train,g_train_4929.jpg,text_other
train_4930.jpg,train,g_train_4930.jpg,price
train_4931.jpg,holdout,g_train_4931.jpg,text_other
train_4932.jpg,train,g_train_4932.jpg,text_other
train_4933.jpg,train,g_train_4933.jpg,position
train_4934.jpg,train,g_train_4934.jpg,text_other
train_4935.jpg,train,g_train_4935.jpg,text_other
train_4936.jpg,train,g_train_4936.jpg,price
train_4937.jpg,train,g_train_4937.jpg,text_other
train_4938.jpg,valid,g_train_4938.jpg,position
train_4939.jpg,train,g_train_4939.jpg,position
train_4940.jpg,train,g_train_4940.jpg,negation
train_4941.jpg,valid,g_train_4941.jpg,number
train_4942.jpg,train,g_train_4942.jpg,text_other
train_4943.jpg,train,g_train_4943.jpg,price
train_4944.jpg,holdout,g_train_4944.jpg,text_other
train_4945.jpg,holdout,g_train_4945.jpg,number
train_4946.jpg,train,g_train_4946.jpg,text_other
train_4947.jpg,train,g_train_4947.jpg,text_other
train_4948.jpg,train,g_train_4948.jpg,position
train_4949.jpg,train,g_train_4949.jpg,text_other
train_4950.jpg,train,g_train_4950.jpg,text_other
train_4951.jpg,train,g_train_4951.jpg,text_other
train_4952.jpg,train,g_train_4952.jpg,text_other
train_4953.jpg,train,g_train_4953.jpg,text_other
train_4954.jpg,train,g_train_4954.jpg,text_other
train_4955.jpg,train,g_train_4955.jpg,text_other
train_4956.jpg,train,g_train_4956.jpg,negation
train_4957.jpg,holdout,g_train_4957.jpg,number
train_4958.jpg,train,g_train_4958.jpg,price
train_4959.jpg,train,g_train_4959.jpg,text_other
train_4960.jpg,train,g_train_4960.jpg,text_other
train_4961.jpg,train,g_train_4961.jpg,price
train_4962.jpg,train,g_train_4962.jpg,price
train_4963.jpg,train,g_train_4963.jpg,text_other
train_4964.jpg,train,g_train_4964.jpg,text_other
train_4965.jpg,train,g_train_4965.jpg,position
train_4966.jpg,train,g_train_4966.jpg,text_other
train_4967.jpg,train,g_train_4967.jpg,text_other
train_4968.jpg,holdout,g_train_4968.jpg,text_other
train_4969.jpg,train,g_train_4969.jpg,text_other
train_4970.jpg,train,g_train_4970.jpg,text_other
train_4971.jpg,holdout,g_train_4971.jpg,text_other
train_4972.jpg,train,g_train_4972.jpg,text_other
train_4973.jpg,train,g_train_4973.jpg,text_other
train_4974.jpg,holdout,g_train_4974.jpg,negation
train_4975.jpg,train,g_train_4975.jpg,text_other
train_4976.jpg,valid,g_train_4976.jpg,number
train_4977.jpg,train,g_train_4977.jpg,text_other
train_4978.jpg,train,g_train_4978.jpg,number
train_4979.jpg,train,g_train_4979.jpg,position
train_4980.jpg,train,g_train_4980.jpg,text_other
train_4981.jpg,train,g_train_4981.jpg,price
train_4982.jpg,train,g_train_4982.jpg,text_other
train_4983.jpg,train,g_train_4983.jpg,price
train_4984.jpg,train,g_train_4984.jpg,number
train_4985.jpg,train,g_train_4985.jpg,price
train_4986.jpg,train,g_train_4986.jpg,text_other
train_4987.jpg,train,g_train_4987.jpg,text_other
train_4988.jpg,train,g_train_4988.jpg,text_other
train_4989.jpg,train,g_train_4989.jpg,text_other
train_4990.jpg,train,g_train_4990.jpg,text_other
train_4991.jpg,train,g_train_4991.jpg,number
train_4992.jpg,train,g_train_4992.jpg,text_other
train_4993.jpg,train,g_train_4993.jpg,text_other
train_4994.jpg,valid,g_train_4994.jpg,position
train_4995.jpg,train,g_train_4995.jpg,text_other
train_4996.jpg,train,g_train_4996.jpg,text_other
train_4997.jpg,train,g_train_4997.jpg,text_other
train_4998.jpg,train,g_train_4998.jpg,text_other
train_4999.jpg,train,g_train_4999.jpg,position
train_5000.jpg,train,g_train_5000.jpg,text_other
train_5001.jpg,train,g_train_5001.jpg,text_other
train_5002.jpg,holdout,g_train_5002.jpg,number
train_5003.jpg,train,g_train_5003.jpg,price
train_5004.jpg,train,g_train_5004.jpg,text_other
train_5005.jpg,train,g_train_5005.jpg,text_other
train_5006.jpg,train,g_train_5006.jpg,text_other
train_5007.jpg,valid,g_train_5007.jpg,position
train_5008.jpg,train,g_train_5008.jpg,price
train_5009.jpg,holdout,g_train_5009.jpg,number
train_5010.jpg,train,g_train_5010.jpg,negation
train_5011.jpg,train,g_train_5011.jpg,text_other
train_5012.jpg,train,g_train_5012.jpg,price
train_5013.jpg,train,g_train_5013.jpg,number
train_5014.jpg,holdout,g_train_5014.jpg,price
train_5015.jpg,train,g_train_5015.jpg,position
train_5016.jpg,holdout,g_train_5016.jpg,number
train_5017.jpg,train,g_train_5017.jpg,negation
train_5018.jpg,holdout,g_train_5018.jpg,text_other
train_5019.jpg,train,g_train_5019.jpg,number
train_5020.jpg,holdout,g_train_5020.jpg,text_other
train_5021.jpg,train,g_train_5021.jpg,number
train_5022.jpg,train,g_train_5022.jpg,text_other
train_5023.jpg,train,g_train_5023.jpg,text_other
train_5024.jpg,holdout,g_train_5024.jpg,text_other
train_5025.jpg,holdout,g_train_5025.jpg,price
train_5026.jpg,holdout,g_train_5026.jpg,text_other
train_5027.jpg,train,g_train_5027.jpg,price
train_5028.jpg,train,g_train_5028.jpg,text_other
train_5029.jpg,train,g_train_5029.jpg,text_other
train_5030.jpg,train,g_train_5030.jpg,text_other
train_5031.jpg,train,g_train_5031.jpg,price
train_5032.jpg,train,g_train_5032.jpg,text_other
train_5033.jpg,holdout,g_train_5033.jpg,text_other
train_5034.jpg,train,g_train_5034.jpg,text_other
train_5035.jpg,train,g_train_5035.jpg,text_other
train_5036.jpg,train,g_train_5036.jpg,text_other
train_5037.jpg,train,g_train_5037.jpg,text_other
train_5038.jpg,holdout,g_train_5038.jpg,text_other
train_5039.jpg,train,g_train_5039.jpg,number
train_5040.jpg,holdout,g_train_5040.jpg,text_other
train_5041.jpg,train,g_train_5041.jpg,text_other
train_5042.jpg,holdout,g_train_5042.jpg,text_other
train_5043.jpg,train,g_train_5043.jpg,number
train_5044.jpg,train,g_train_5044.jpg,text_other
train_5045.jpg,train,g_train_5045.jpg,text_other
train_5046.jpg,train,g_train_5046.jpg,text_other
train_5047.jpg,train,g_train_5047.jpg,text_other
train_5048.jpg,train,g_train_5048.jpg,position
train_5049.jpg,train,g_train_5049.jpg,text_other
train_5050.jpg,train,g_train_5050.jpg,price
train_5051.jpg,train,g_train_5051.jpg,text_other
train_5052.jpg,train,g_train_5052.jpg,text_other
train_5053.jpg,train,g_train_5053.jpg,text_other
train_5054.jpg,train,g_train_5054.jpg,number
train_5055.jpg,train,g_train_5055.jpg,text_other
train_5056.jpg,train,g_train_5056.jpg,text_other
train_5057.jpg,train,g_train_5057.jpg,text_other
train_5058.jpg,holdout,g_train_5058.jpg,number
train_5059.jpg,train,g_train_5059.jpg,text_other
train_5060.jpg,holdout,g_train_5060.jpg,text_other
train_5061.jpg,holdout,g_train_5061.jpg,text_other
train_5062.jpg,holdout,g_train_5062.jpg,negation
train_5063.jpg,train,g_train_5063.jpg,number
train_5064.jpg,holdout,g_train_5064.jpg,negation
train_5065.jpg,train,g_train_5065.jpg,text_other
train_5066.jpg,holdout,g_train_5066.jpg,text_other
train_5067.jpg,train,g_train_5067.jpg,text_other
train_5068.jpg,train,g_train_5068.jpg,text_other
train_5069.jpg,train,g_train_5069.jpg,text_other
train_5070.jpg,valid,g_train_5070.jpg,text_other
train_5071.jpg,train,g_train_5071.jpg,text_other
train_5072.jpg,train,g_train_5072.jpg,text_other
train_5073.jpg,valid,g_train_5073.jpg,text_other
train_5074.jpg,train,g_train_5074.jpg,price
train_5075.jpg,train,g_train_5075.jpg,negation
train_5076.jpg,train,g_train_5076.jpg,text_other
train_5077.jpg,train,g_train_5077.jpg,text_other
train_5078.jpg,train,g_train_5078.jpg,position
train_5079.jpg,train,g_train_5079.jpg,price
train_5080.jpg,train,g_train_5080.jpg,text_other
train_5081.jpg,train,g_train_5081.jpg,text_other
train_5082.jpg,valid,g_train_5082.jpg,text_other
train_5083.jpg,train,g_train_5083.jpg,text_other
train_5084.jpg,valid,g_train_5084.jpg,negation
train_5085.jpg,train,g_train_5085.jpg,text_other
train_5086.jpg,train,g_train_5086.jpg,text_other
train_5087.jpg,train,g_train_5087.jpg,text_other
train_5088.jpg,train,g_train_5088.jpg,text_other
train_5089.jpg,valid,g_train_5089.jpg,number
train_5090.jpg,train,g_train_5090.jpg,text_other
train_5091.jpg,valid,g_train_5091.jpg,text_other
train_5092.jpg,train,g_train_5092.jpg,price
train_5093.jpg,train,g_train_5093.jpg,text_other
train_5094.jpg,train,g_train_5094.jpg,number
train_5095.jpg,train,g_train_5095.jpg,text_other
train_5096.jpg,holdout,g_train_5096.jpg,price
train_5097.jpg,train,g_train_5097.jpg,text_other
train_5098.jpg,holdout,g_train_5098.jpg,text_other
train_5099.jpg,train,g_train_5099.jpg,text_other
train_5100.jpg,train,g_train_5100.jpg,text_other
train_5101.jpg,train,g_train_5101.jpg,text_other
train_5102.jpg,train,g_train_5102.jpg,text_other
train_5103.jpg,train,g_train_5103.jpg,text_other
train_5104.jpg,train,g_train_5104.jpg,text_other
train_5105.jpg,valid,g_train_5105.jpg,negation
train_5106.jpg,train,g_train_5106.jpg,text_other
train_5107.jpg,train,g_train_5107.jpg,price
train_5108.jpg,train,g_train_5108.jpg,text_other
train_5109.jpg,train,g_train_5109.jpg,text_other
train_5110.jpg,train,g_train_5110.jpg,text_other
train_5111.jpg,valid,g_train_5111.jpg,text_other
train_5112.jpg,train,g_train_5112.jpg,price
train_5113.jpg,train,g_train_5113.jpg,text_other
train_5114.jpg,train,g_train_5114.jpg,text_other
train_5115.jpg,holdout,g_train_5115.jpg,price
train_5116.jpg,train,g_train_5116.jpg,text_other
train_5117.jpg,train,g_train_5117.jpg,position
train_5118.jpg,train,g_train_5118.jpg,position
train_5119.jpg,holdout,g_train_5119.jpg,text_other
train_5120.jpg,valid,g_train_5120.jpg,text_other
train_5121.jpg,train,g_train_5121.jpg,text_other
train_5122.jpg,train,g_train_5122.jpg,text_other
train_5123.jpg,holdout,g_train_5123.jpg,text_other
train_5124.jpg,train,g_train_5124.jpg,price
train_5125.jpg,train,g_train_5125.jpg,number
train_5126.jpg,train,g_train_5126.jpg,text_other
train_5127.jpg,train,g_train_5127.jpg,text_other
train_5128.jpg,train,g_train_5128.jpg,text_other
train_5129.jpg,train,g_train_5129.jpg,text_other
train_5130.jpg,train,g_train_5130.jpg,text_other
train_5131.jpg,train,g_train_5131.jpg,text_other
train_5132.jpg,train,g_train_5132.jpg,text_other
train_5133.jpg,train,g_train_5133.jpg,price
train_5134.jpg,train,g_train_5134.jpg,price
train_5135.jpg,train,g_train_5135.jpg,text_other
train_5136.jpg,train,g_train_5136.jpg,text_other
train_5137.jpg,holdout,g_train_5137.jpg,text_other
train_5138.jpg,train,g_train_5138.jpg,text_other
train_5139.jpg,train,g_train_5139.jpg,text_other
train_5140.jpg,holdout,g_train_5140.jpg,text_other
train_5141.jpg,train,g_train_5141.jpg,number
train_5142.jpg,holdout,g_train_5142.jpg,text_other
train_5143.jpg,holdout,g_train_5143.jpg,price
train_5144.jpg,train,g_train_5144.jpg,text_other
train_5145.jpg,holdout,g_train_5145.jpg,negation
train_5146.jpg,holdout,g_train_5146.jpg,text_other
train_5147.jpg,train,g_train_5147.jpg,position
train_5148.jpg,train,g_train_5148.jpg,number
train_5149.jpg,train,g_train_5149.jpg,text_other
train_5150.jpg,train,g_train_5150.jpg,text_other
train_5151.jpg,train,g_train_5151.jpg,text_other
train_5152.jpg,train,g_train_5152.jpg,negation
train_5153.jpg,train,g_train_5153.jpg,position
train_5154.jpg,train,g_train_5154.jpg,text_other
train_5155.jpg,holdout,g_train_5155.jpg,text_other
train_5156.jpg,holdout,g_train_5156.jpg,text_other
train_5157.jpg,train,g_train_5157.jpg,text_other
train_5158.jpg,train,g_train_5158.jpg,text_other
train_5159.jpg,train,g_train_5159.jpg,text_other
train_5160.jpg,train,g_train_5160.jpg,text_other
train_5161.jpg,train,g_train_5161.jpg,text_other
train_5162.jpg,holdout,g_train_5162.jpg,text_other
train_5163.jpg,train,g_train_5163.jpg,text_other
train_5164.jpg,train,g_train_5164.jpg,price
train_5165.jpg,train,g_train_5165.jpg,number
train_5166.jpg,train,g_train_5166.jpg,negation
train_5167.jpg,train,g_train_5167.jpg,text_other
train_5168.jpg,train,g_train_5168.jpg,position
train_5169.jpg,train,g_train_5169.jpg,text_other
train_5170.jpg,train,g_train_5170.jpg,number
train_5171.jpg,train,g_train_5171.jpg,text_other
train_5172.jpg,train,g_train_5172.jpg,number
train_5173.jpg,holdout,g_train_5173.jpg,number
train_5174.jpg,train,g_train_5174.jpg,text_other
train_5175.jpg,train,g_train_5175.jpg,number
train_5176.jpg,valid,g_train_5176.jpg,text_other
train_5177.jpg,train,g_train_5177.jpg,text_other
train_5178.jpg,train,g_train_5178.jpg,text_other
train_5179.jpg,train,g_train_5179.jpg,text_other
train_5180.jpg,train,g_train_5180.jpg,text_other
train_5181.jpg,train,g_train_5181.jpg,text_other
train_5182.jpg,train,g_train_5182.jpg,number
train_5183.jpg,train,g_train_5183.jpg,text_other
train_5184.jpg,train,g_train_5184.jpg,text_other
train_5185.jpg,train,g_train_5185.jpg,text_other
train_5186.jpg,holdout,g_train_5186.jpg,text_other
train_5187.jpg,train,g_train_5187.jpg,position
train_5188.jpg,train,g_train_5188.jpg,text_other
train_5189.jpg,valid,g_train_5189.jpg,text_other
train_5190.jpg,train,g_train_5190.jpg,text_other
train_5191.jpg,train,g_train_5191.jpg,text_other
train_5192.jpg,train,g_train_5192.jpg,text_other
train_5193.jpg,train,g_train_5193.jpg,text_other
train_5194.jpg,train,g_train_5194.jpg,text_other
train_5195.jpg,train,g_train_5195.jpg,text_other
train_5196.jpg,train,g_train_5196.jpg,number
train_5197.jpg,holdout,g_train_5197.jpg,position
train_5198.jpg,valid,g_train_5198.jpg,position
train_5199.jpg,train,g_train_5199.jpg,text_other
train_5200.jpg,train,g_train_5200.jpg,text_other
train_5201.jpg,holdout,g_train_5201.jpg,price
train_5202.jpg,holdout,g_train_5202.jpg,text_other
train_5203.jpg,train,g_train_5203.jpg,negation
train_5204.jpg,train,g_train_5204.jpg,text_other
train_5205.jpg,train,g_train_5205.jpg,text_other
train_5206.jpg,train,g_train_5206.jpg,price
train_5207.jpg,train,g_train_5207.jpg,price
train_5208.jpg,train,g_train_5208.jpg,text_other
train_5209.jpg,train,g_train_5209.jpg,price
train_5210.jpg,valid,g_train_5210.jpg,text_other
train_5211.jpg,train,g_train_5211.jpg,text_other
train_5212.jpg,train,g_train_5212.jpg,text_other
train_5213.jpg,train,g_train_5213.jpg,text_other
train_5214.jpg,train,g_train_5214.jpg,text_other
train_5215.jpg,train,g_train_5215.jpg,text_other
train_5216.jpg,holdout,g_train_5216.jpg,price
train_5217.jpg,train,g_train_5217.jpg,text_other
train_5218.jpg,train,g_train_5218.jpg,text_other
train_5219.jpg,train,g_train_5219.jpg,price
train_5220.jpg,train,g_train_5220.jpg,text_other
train_5221.jpg,train,g_train_5221.jpg,text_other
train_5222.jpg,valid,g_train_5222.jpg,position
train_5223.jpg,train,g_train_5223.jpg,price
train_5224.jpg,train,g_train_5224.jpg,text_other
train_5225.jpg,train,g_train_5225.jpg,price
train_5226.jpg,train,g_train_5226.jpg,price
train_5227.jpg,train,g_train_5227.jpg,text_other
train_5228.jpg,train,g_train_5228.jpg,text_other
train_5229.jpg,train,g_train_5229.jpg,price
train_5230.jpg,train,g_train_5230.jpg,price
train_5231.jpg,train,g_train_5231.jpg,text_other
train_5232.jpg,train,g_train_5232.jpg,text_other
train_5233.jpg,train,g_train_5233.jpg,negation
train_5234.jpg,train,g_train_5234.jpg,text_other
train_5235.jpg,train,g_train_5235.jpg,text_other
train_5236.jpg,train,g_train_5236.jpg,text_other
train_5237.jpg,valid,g_train_5237.jpg,text_other
train_5238.jpg,train,g_train_5238.jpg,number
train_5239.jpg,train,g_train_5239.jpg,number
train_5240.jpg,train,g_train_5240.jpg,price
train_5241.jpg,train,g_train_5241.jpg,text_other
train_5242.jpg,train,g_train_5242.jpg,number
train_5243.jpg,train,g_train_5243.jpg,text_other
train_5244.jpg,train,g_train_5244.jpg,text_other
train_5245.jpg,train,g_train_5245.jpg,text_other
train_5246.jpg,train,g_train_5246.jpg,text_other
train_5247.jpg,valid,g_train_5247.jpg,price
train_5248.jpg,train,g_train_5248.jpg,text_other
train_5249.jpg,holdout,g_train_5249.jpg,text_other
train_5250.jpg,valid,g_train_5250.jpg,text_other
train_5251.jpg,holdout,g_train_5251.jpg,number
train_5252.jpg,train,g_train_5252.jpg,text_other
train_5253.jpg,train,g_train_5253.jpg,text_other
train_5254.jpg,train,g_train_1223.jpg,text_other
train_5255.jpg,train,g_train_5255.jpg,negation
train_5256.jpg,train,g_train_5256.jpg,text_other
train_5257.jpg,train,g_train_5257.jpg,text_other
train_5258.jpg,train,g_train_5258.jpg,text_other
train_5259.jpg,train,g_train_5259.jpg,text_other
train_5260.jpg,train,g_train_5260.jpg,text_other
train_5261.jpg,train,g_train_5261.jpg,price
train_5262.jpg,train,g_train_5262.jpg,number
train_5263.jpg,train,g_train_5263.jpg,text_other
train_5264.jpg,holdout,g_train_5264.jpg,text_other
train_5265.jpg,train,g_train_5265.jpg,price
train_5266.jpg,valid,g_train_5266.jpg,text_other
train_5267.jpg,train,g_train_5267.jpg,text_other
train_5268.jpg,train,g_train_5268.jpg,text_other
train_5269.jpg,train,g_train_5269.jpg,text_other
train_5270.jpg,train,g_train_5270.jpg,text_other
train_5271.jpg,train,g_train_5271.jpg,text_other
train_5272.jpg,train,g_train_5272.jpg,text_other
train_5273.jpg,train,g_train_5273.jpg,text_other
train_5274.jpg,holdout,g_train_5274.jpg,text_other
train_5275.jpg,train,g_train_5275.jpg,negation
train_5276.jpg,train,g_train_5276.jpg,text_other
train_5277.jpg,train,g_train_5277.jpg,text_other
train_5278.jpg,train,g_train_5278.jpg,text_other
train_5279.jpg,train,g_train_5279.jpg,negation
train_5280.jpg,train,g_train_5280.jpg,text_other
train_5281.jpg,train,g_train_5281.jpg,text_other
train_5282.jpg,valid,g_train_5282.jpg,text_other
train_5283.jpg,train,g_train_5283.jpg,text_other
train_5284.jpg,holdout,g_train_5284.jpg,text_other
train_5285.jpg,train,g_train_5285.jpg,text_other
train_5286.jpg,train,g_train_5286.jpg,number
train_5287.jpg,train,g_train_5287.jpg,number
train_5288.jpg,train,g_train_5288.jpg,position
train_5289.jpg,holdout,g_train_5289.jpg,text_other
train_5290.jpg,train,g_train_5290.jpg,price
train_5291.jpg,train,g_train_5291.jpg,price
train_5292.jpg,valid,g_train_5292.jpg,number
train_5293.jpg,holdout,g_train_5293.jpg,price
train_5294.jpg,train,g_train_5294.jpg,text_other
train_5295.jpg,train,g_train_5295.jpg,number
train_5296.jpg,train,g_train_5296.jpg,price
train_5297.jpg,train,g_train_5297.jpg,negation
train_5298.jpg,train,g_train_5298.jpg,price
train_5299.jpg,train,g_train_5299.jpg,text_other
train_5300.jpg,holdout,g_train_5300.jpg,negation
train_5301.jpg,train,g_train_5301.jpg,text_other
train_5302.jpg,valid,g_train_5302.jpg,position
train_5303.jpg,train,g_train_5303.jpg,position
train_5304.jpg,valid,g_train_5304.jpg,text_other
train_5305.jpg,train,g_train_5305.jpg,text_other
train_5306.jpg,train,g_train_5306.jpg,text_other
train_5307.jpg,holdout,g_train_5307.jpg,text_other
train_5308.jpg,holdout,g_train_5308.jpg,text_other
train_5309.jpg,holdout,g_train_5309.jpg,text_other
train_5310.jpg,train,g_train_5310.jpg,price
train_5311.jpg,train,g_train_5311.jpg,position
train_5312.jpg,train,g_train_5312.jpg,text_other
train_5313.jpg,train,g_train_5313.jpg,number
train_5314.jpg,holdout,g_train_5314.jpg,number
train_5315.jpg,holdout,g_train_5315.jpg,price
train_5316.jpg,train,g_train_5316.jpg,text_other
train_5317.jpg,train,g_train_5317.jpg,position
train_5318.jpg,train,g_train_5318.jpg,text_other
train_5319.jpg,train,g_train_5319.jpg,text_other
train_5320.jpg,holdout,g_train_5320.jpg,text_other
train_5321.jpg,train,g_train_5321.jpg,text_other
train_5322.jpg,train,g_train_5322.jpg,text_other
train_5323.jpg,train,g_train_5323.jpg,text_other
train_5324.jpg,holdout,g_train_5324.jpg,number
train_5325.jpg,valid,g_train_5325.jpg,text_other
train_5326.jpg,holdout,g_train_5326.jpg,text_other
train_5327.jpg,train,g_train_5327.jpg,text_other
train_5328.jpg,train,g_train_5328.jpg,text_other
train_5329.jpg,train,g_train_5329.jpg,text_other
train_5330.jpg,holdout,g_train_5330.jpg,text_other
train_5331.jpg,train,g_train_5331.jpg,text_other
train_5332.jpg,train,g_train_5332.jpg,text_other
train_5333.jpg,train,g_train_5333.jpg,number
train_5334.jpg,holdout,g_train_5334.jpg,text_other
train_5335.jpg,train,g_train_5335.jpg,text_other
train_5336.jpg,train,g_train_5336.jpg,text_other
train_5337.jpg,train,g_train_5337.jpg,text_other
train_5338.jpg,train,g_train_5338.jpg,text_other
train_5339.jpg,train,g_train_5339.jpg,price
train_5340.jpg,train,g_train_5340.jpg,text_other
train_5341.jpg,train,g_train_5341.jpg,position
train_5342.jpg,train,g_train_5342.jpg,text_other
train_5343.jpg,train,g_train_5343.jpg,position
train_5344.jpg,train,g_train_5344.jpg,position
train_5345.jpg,train,g_train_5345.jpg,text_other
train_5346.jpg,train,g_train_5346.jpg,position
train_5347.jpg,train,g_train_5347.jpg,text_other
train_5348.jpg,train,g_train_5348.jpg,text_other
train_5349.jpg,train,g_train_5349.jpg,position
train_5350.jpg,valid,g_train_5350.jpg,price
train_5351.jpg,train,g_train_5351.jpg,text_other
train_5352.jpg,holdout,g_train_5352.jpg,text_other
train_5353.jpg,train,g_train_5353.jpg,price
train_5354.jpg,train,g_train_5354.jpg,text_other
train_5355.jpg,train,g_train_5355.jpg,text_other
train_5356.jpg,holdout,g_train_5356.jpg,text_other
train_5357.jpg,train,g_train_5357.jpg,price
train_5358.jpg,holdout,g_train_5358.jpg,text_other
train_5359.jpg,train,g_train_5359.jpg,text_other
train_5360.jpg,train,g_train_5360.jpg,text_other
train_5361.jpg,train,g_train_5361.jpg,text_other
train_5362.jpg,valid,g_train_5362.jpg,text_other
train_5363.jpg,train,g_train_5363.jpg,negation
train_5364.jpg,train,g_train_5364.jpg,text_other
train_5365.jpg,train,g_train_5365.jpg,text_other
train_5366.jpg,train,g_train_5366.jpg,text_other
train_5367.jpg,train,g_train_5367.jpg,negation
train_5368.jpg,train,g_train_5368.jpg,number
train_5369.jpg,train,g_train_5369.jpg,text_other
train_5370.jpg,train,g_train_5370.jpg,text_other
train_5371.jpg,holdout,g_train_5371.jpg,text_other
train_5372.jpg,train,g_train_5372.jpg,negation
train_5373.jpg,holdout,g_train_5373.jpg,price
train_5374.jpg,train,g_train_5374.jpg,negation
train_5375.jpg,train,g_train_5375.jpg,text_other
train_5376.jpg,train,g_train_5376.jpg,text_other
train_5377.jpg,train,g_train_5377.jpg,number
train_5378.jpg,holdout,g_train_5378.jpg,text_other
train_5379.jpg,train,g_train_5379.jpg,text_other
train_5380.jpg,holdout,g_train_5380.jpg,text_other
train_5381.jpg,train,g_train_5381.jpg,text_other
train_5382.jpg,train,g_train_5382.jpg,text_other
train_5383.jpg,train,g_train_5383.jpg,text_other
train_5384.jpg,holdout,g_train_5384.jpg,text_other
train_5385.jpg,train,g_train_5385.jpg,text_other
train_5386.jpg,holdout,g_train_5386.jpg,text_other
train_5387.jpg,train,g_train_5387.jpg,position
train_5388.jpg,holdout,g_train_5388.jpg,text_other
train_5389.jpg,train,g_train_5389.jpg,text_other
train_5390.jpg,train,g_train_5390.jpg,position
train_5391.jpg,train,g_train_5391.jpg,text_other
train_5392.jpg,train,g_train_5392.jpg,negation
train_5393.jpg,valid,g_train_5393.jpg,price
train_5394.jpg,train,g_train_5394.jpg,price
train_5395.jpg,train,g_train_5395.jpg,text_other
train_5396.jpg,train,g_train_5396.jpg,text_other
train_5397.jpg,train,g_train_5397.jpg,text_other
train_5398.jpg,train,g_train_5398.jpg,text_other
train_5399.jpg,train,g_train_5399.jpg,text_other
train_5400.jpg,train,g_train_5400.jpg,negation
train_5401.jpg,train,g_train_5401.jpg,number
train_5402.jpg,train,g_train_5402.jpg,text_other
train_5403.jpg,holdout,g_train_5403.jpg,text_other
train_5404.jpg,train,g_train_5404.jpg,text_other
train_5405.jpg,holdout,g_train_5405.jpg,position
train_5406.jpg,train,g_train_5406.jpg,position
train_5407.jpg,train,g_train_5407.jpg,text_other
train_5408.jpg,holdout,g_train_5408.jpg,text_other
train_5409.jpg,train,g_train_5409.jpg,text_other
train_5410.jpg,train,g_train_5410.jpg,price
train_5411.jpg,train,g_train_5411.jpg,text_other
train_5412.jpg,train,g_train_5412.jpg,price
train_5413.jpg,train,g_train_5413.jpg,text_other
train_5414.jpg,train,g_train_5414.jpg,text_other
train_5415.jpg,train,g_train_5415.jpg,text_other
train_5416.jpg,train,g_train_5416.jpg,number
train_5417.jpg,train,g_train_5417.jpg,text_other
train_5418.jpg,train,g_train_5418.jpg,text_other
train_5419.jpg,holdout,g_train_5419.jpg,number
train_5420.jpg,train,g_train_5420.jpg,price
train_5421.jpg,train,g_train_5421.jpg,price
train_5422.jpg,train,g_train_5422.jpg,position
train_5423.jpg,train,g_train_5423.jpg,text_other
train_5424.jpg,holdout,g_train_5424.jpg,text_other
train_5425.jpg,train,g_train_5425.jpg,text_other
train_5426.jpg,train,g_train_5426.jpg,number
train_5427.jpg,train,g_train_5427.jpg,position
train_5428.jpg,train,g_train_5428.jpg,text_other
train_5429.jpg,holdout,g_train_5429.jpg,price
train_5430.jpg,holdout,g_train_5430.jpg,text_other
train_5431.jpg,holdout,g_train_5431.jpg,text_other
train_5432.jpg,train,g_train_5432.jpg,number
train_5433.jpg,train,g_train_5433.jpg,text_other
train_5434.jpg,train,g_train_5434.jpg,text_other
train_5435.jpg,holdout,g_train_5435.jpg,number
train_5436.jpg,train,g_train_5436.jpg,text_other
train_5437.jpg,train,g_train_5437.jpg,text_other
train_5438.jpg,train,g_train_5438.jpg,text_other
train_5439.jpg,holdout,g_train_5439.jpg,text_other
train_5440.jpg,train,g_train_5440.jpg,text_other
train_5441.jpg,train,g_train_5441.jpg,number
train_5442.jpg,train,g_train_5442.jpg,position
train_5443.jpg,train,g_train_5443.jpg,text_other
train_5444.jpg,train,g_train_5444.jpg,text_other
train_5445.jpg,train,g_train_5445.jpg,text_other
train_5446.jpg,train,g_train_5446.jpg,text_other
train_5447.jpg,holdout,g_train_5447.jpg,text_other
train_5448.jpg,train,g_train_5448.jpg,negation
train_5449.jpg,train,g_train_5449.jpg,number
train_5450.jpg,train,g_train_5450.jpg,text_other
train_5451.jpg,train,g_train_5451.jpg,text_other
train_5452.jpg,train,g_train_5452.jpg,price
train_5453.jpg,train,g_train_5453.jpg,text_other
train_5454.jpg,holdout,g_train_5454.jpg,price
train_5455.jpg,holdout,g_train_5455.jpg,price
train_5456.jpg,train,g_train_5456.jpg,text_other
train_5457.jpg,train,g_train_5457.jpg,text_other
train_5458.jpg,valid,g_train_5458.jpg,text_other
train_5459.jpg,train,g_train_5459.jpg,text_other
train_5460.jpg,train,g_train_5460.jpg,position
train_5461.jpg,valid,g_train_5461.jpg,position
train_5462.jpg,train,g_train_5462.jpg,text_other
train_5463.jpg,train,g_train_5463.jpg,text_other
train_5464.jpg,train,g_train_5464.jpg,number
train_5465.jpg,train,g_train_5465.jpg,text_other
train_5466.jpg,train,g_train_5466.jpg,negation
train_5467.jpg,train,g_train_5467.jpg,text_other
train_5468.jpg,holdout,g_train_5468.jpg,text_other
train_5469.jpg,train,g_train_5469.jpg,text_other
train_5470.jpg,train,g_train_5470.jpg,text_other
train_5471.jpg,train,g_train_5471.jpg,number
train_5472.jpg,holdout,g_train_5472.jpg,text_other
train_5473.jpg,train,g_train_5473.jpg,text_other
train_5474.jpg,train,g_train_5474.jpg,position
train_5475.jpg,valid,g_train_5475.jpg,text_other
train_5476.jpg,train,g_train_5476.jpg,text_other
train_5477.jpg,train,g_train_5477.jpg,text_other
train_5478.jpg,train,g_train_5478.jpg,text_other
train_5479.jpg,train,g_train_5479.jpg,text_other
train_5480.jpg,train,g_train_5480.jpg,text_other
train_5481.jpg,train,g_train_5481.jpg,position
train_5482.jpg,train,g_train_5482.jpg,text_other
train_5483.jpg,train,g_train_5483.jpg,text_other
train_5484.jpg,train,g_train_5484.jpg,text_other
train_5485.jpg,train,g_train_5485.jpg,price
train_5486.jpg,train,g_train_5486.jpg,price
train_5487.jpg,train,g_train_5487.jpg,price
train_5488.jpg,holdout,g_train_5488.jpg,price
train_5489.jpg,holdout,g_train_5489.jpg,price
train_5490.jpg,holdout,g_train_5490.jpg,text_other
train_5491.jpg,train,g_train_5491.jpg,text_other
train_5492.jpg,train,g_train_5492.jpg,text_other
train_5493.jpg,train,g_train_5493.jpg,price
train_5494.jpg,train,g_train_5494.jpg,text_other
train_5495.jpg,train,g_train_5495.jpg,position
train_5496.jpg,holdout,g_train_5496.jpg,text_other
train_5497.jpg,train,g_train_5497.jpg,price
train_5498.jpg,train,g_train_5498.jpg,text_other
train_5499.jpg,holdout,g_train_5499.jpg,text_other
train_5500.jpg,train,g_train_5500.jpg,text_other
train_5501.jpg,train,g_train_5501.jpg,text_other
train_5502.jpg,train,g_train_5502.jpg,text_other
train_5503.jpg,valid,g_train_5503.jpg,text_other
train_5504.jpg,train,g_train_5504.jpg,text_other
train_5505.jpg,train,g_train_5505.jpg,number
train_5506.jpg,train,g_train_5506.jpg,position
train_5507.jpg,train,g_train_5507.jpg,text_other
train_5508.jpg,train,g_train_5508.jpg,text_other
train_5509.jpg,train,g_train_5509.jpg,text_other
train_5510.jpg,train,g_train_5510.jpg,text_other
train_5511.jpg,train,g_train_5511.jpg,text_other
train_5512.jpg,train,g_train_5512.jpg,text_other
train_5513.jpg,train,g_train_5513.jpg,text_other
train_5514.jpg,holdout,g_train_5514.jpg,negation
train_5515.jpg,train,g_train_5515.jpg,text_other
train_5516.jpg,holdout,g_train_5516.jpg,price
train_5517.jpg,valid,g_train_5517.jpg,text_other
train_5518.jpg,train,g_train_5518.jpg,price
train_5519.jpg,holdout,g_train_5519.jpg,text_other
train_5520.jpg,train,g_train_5520.jpg,text_other
train_5521.jpg,train,g_train_5521.jpg,text_other
train_5522.jpg,train,g_train_5522.jpg,text_other
train_5523.jpg,train,g_train_5523.jpg,price
train_5524.jpg,holdout,g_train_5524.jpg,text_other
train_5525.jpg,train,g_train_5525.jpg,price
train_5526.jpg,train,g_train_5526.jpg,text_other
train_5527.jpg,train,g_train_5527.jpg,price
train_5528.jpg,train,g_train_5528.jpg,number
train_5529.jpg,train,g_train_5529.jpg,text_other
train_5530.jpg,train,g_train_5530.jpg,text_other
train_5531.jpg,holdout,g_train_5531.jpg,text_other
train_5532.jpg,train,g_train_5532.jpg,text_other
train_5533.jpg,train,g_train_5533.jpg,text_other
train_5534.jpg,train,g_train_5534.jpg,text_other
train_5535.jpg,train,g_train_5535.jpg,price
train_5536.jpg,valid,g_train_5536.jpg,number
train_5537.jpg,train,g_train_5537.jpg,price
train_5538.jpg,train,g_train_5538.jpg,text_other
train_5539.jpg,train,g_train_5539.jpg,text_other
train_5540.jpg,train,g_train_5540.jpg,text_other
train_5541.jpg,train,g_train_5541.jpg,text_other
train_5542.jpg,valid,g_train_5542.jpg,number
train_5543.jpg,holdout,g_train_5543.jpg,text_other
train_5544.jpg,train,g_train_5544.jpg,number
train_5545.jpg,train,g_train_5545.jpg,price
train_5546.jpg,train,g_train_5546.jpg,text_other
train_5547.jpg,train,g_train_5547.jpg,text_other
train_5548.jpg,train,g_train_5548.jpg,text_other
train_5549.jpg,train,g_train_5549.jpg,text_other
train_5550.jpg,train,g_train_5550.jpg,text_other
train_5551.jpg,holdout,g_train_5551.jpg,text_other
train_5552.jpg,train,g_train_5552.jpg,text_other
train_5553.jpg,train,g_train_5553.jpg,text_other
train_5554.jpg,train,g_train_5554.jpg,text_other
train_5555.jpg,valid,g_train_5555.jpg,text_other
train_5556.jpg,train,g_train_5556.jpg,text_other
train_5557.jpg,train,g_train_5557.jpg,text_other
train_5558.jpg,train,g_train_5558.jpg,position
train_5559.jpg,train,g_train_5559.jpg,text_other
train_5560.jpg,train,g_train_5560.jpg,price
train_5561.jpg,valid,g_train_5561.jpg,price
train_5562.jpg,train,g_train_5562.jpg,text_other
train_5563.jpg,holdout,g_train_5563.jpg,text_other
train_5564.jpg,train,g_train_5564.jpg,text_other
train_5565.jpg,train,g_train_5565.jpg,text_other
train_5566.jpg,train,g_train_5566.jpg,text_other
train_5567.jpg,holdout,g_train_5567.jpg,number
train_5568.jpg,train,g_train_5568.jpg,negation
train_5569.jpg,holdout,g_train_5569.jpg,text_other
train_5570.jpg,holdout,g_train_5570.jpg,text_other
train_5571.jpg,train,g_train_5571.jpg,text_other
train_5572.jpg,train,g_train_5572.jpg,text_other
train_5573.jpg,holdout,g_train_5573.jpg,text_other
train_5574.jpg,train,g_train_5574.jpg,price
train_5575.jpg,valid,g_train_5575.jpg,price
train_5576.jpg,train,g_train_5576.jpg,number
train_5577.jpg,valid,g_train_5577.jpg,text_other
train_5578.jpg,train,g_train_5578.jpg,text_other
train_5579.jpg,train,g_train_5579.jpg,negation
train_5580.jpg,train,g_train_5580.jpg,text_other
train_5581.jpg,train,g_train_5581.jpg,text_other
train_5582.jpg,train,g_train_5582.jpg,position
train_5583.jpg,train,g_train_5583.jpg,price
train_5584.jpg,train,g_train_5584.jpg,text_other
train_5585.jpg,valid,g_train_5585.jpg,text_other
train_5586.jpg,train,g_train_5586.jpg,text_other
train_5587.jpg,train,g_train_5587.jpg,negation
train_5588.jpg,valid,g_train_5588.jpg,text_other
train_5589.jpg,train,g_train_5589.jpg,text_other
train_5590.jpg,train,g_train_5590.jpg,price
train_5591.jpg,train,g_train_5591.jpg,text_other
train_5592.jpg,train,g_train_5592.jpg,number
train_5593.jpg,train,g_train_5593.jpg,position
train_5594.jpg,train,g_train_5594.jpg,position
train_5595.jpg,train,g_train_5595.jpg,text_other
train_5596.jpg,train,g_train_5596.jpg,text_other
train_5597.jpg,holdout,g_train_5597.jpg,number
train_5598.jpg,train,g_train_5598.jpg,text_other
train_5599.jpg,train,g_train_5599.jpg,number
train_5600.jpg,train,g_train_5600.jpg,text_other
train_5601.jpg,train,g_train_5601.jpg,text_other
train_5602.jpg,train,g_train_5602.jpg,position
train_5603.jpg,train,g_train_5603.jpg,price
train_5604.jpg,valid,g_train_5604.jpg,text_other
train_5605.jpg,train,g_train_5605.jpg,price
train_5606.jpg,train,g_train_5606.jpg,text_other
train_5607.jpg,valid,g_train_5607.jpg,text_other
train_5608.jpg,train,g_train_5608.jpg,text_other
train_5609.jpg,valid,g_train_5609.jpg,text_other
train_5610.jpg,holdout,g_train_5610.jpg,text_other
train_5611.jpg,train,g_train_5611.jpg,text_other
train_5612.jpg,train,g_train_5612.jpg,number
train_5613.jpg,train,g_train_5613.jpg,price
train_5614.jpg,train,g_train_5614.jpg,price
train_5615.jpg,train,g_train_5615.jpg,text_other
train_5616.jpg,holdout,g_train_5616.jpg,text_other
train_5617.jpg,train,g_train_5617.jpg,negation
train_5618.jpg,train,g_train_5618.jpg,position
train_5619.jpg,train,g_train_5619.jpg,text_other
train_5620.jpg,train,g_train_5620.jpg,text_other
train_5621.jpg,holdout,g_train_5621.jpg,text_other
train_5622.jpg,train,g_train_5622.jpg,text_other
train_5623.jpg,train,g_train_5623.jpg,text_other
train_5624.jpg,train,g_train_5624.jpg,text_other
train_5625.jpg,train,g_train_5625.jpg,text_other
train_5626.jpg,train,g_train_5626.jpg,text_other
train_5627.jpg,valid,g_train_5627.jpg,text_other
train_5628.jpg,train,g_train_5628.jpg,position
train_5629.jpg,train,g_train_5629.jpg,text_other
train_5630.jpg,train,g_train_5630.jpg,text_other
train_5631.jpg,train,g_train_5631.jpg,price
train_5632.jpg,valid,g_train_5632.jpg,text_other
train_5633.jpg,holdout,g_train_5633.jpg,text_other
train_5634.jpg,train,g_train_5634.jpg,text_other
train_5635.jpg,train,g_train_5635.jpg,text_other
train_5636.jpg,train,g_train_5636.jpg,text_other
train_5637.jpg,holdout,g_train_5637.jpg,text_other
train_5638.jpg,holdout,g_train_5638.jpg,price
train_5639.jpg,train,g_train_5639.jpg,price
train_5640.jpg,train,g_train_5640.jpg,text_other
train_5641.jpg,train,g_train_5641.jpg,text_other
train_5642.jpg,train,g_train_5642.jpg,position
train_5643.jpg,train,g_train_5643.jpg,text_other
train_5644.jpg,holdout,g_train_5644.jpg,text_other
train_5645.jpg,train,g_train_5645.jpg,text_other
train_5646.jpg,train,g_train_5646.jpg,text_other
train_5647.jpg,valid,g_train_5647.jpg,text_other
train_5648.jpg,holdout,g_train_5648.jpg,text_other
train_5649.jpg,valid,g_train_5649.jpg,text_other
train_5650.jpg,train,g_train_5650.jpg,text_other
train_5651.jpg,train,g_train_5651.jpg,text_other
train_5652.jpg,train,g_train_5652.jpg,price
train_5653.jpg,holdout,g_train_5653.jpg,text_other
train_5654.jpg,train,g_train_5654.jpg,text_other
train_5655.jpg,train,g_train_5655.jpg,text_other
train_5656.jpg,train,g_train_5656.jpg,number
train_5657.jpg,holdout,g_train_5657.jpg,text_other
train_5658.jpg,train,g_train_5658.jpg,text_other
train_5659.jpg,valid,g_train_5659.jpg,text_other
train_5660.jpg,train,g_train_5660.jpg,text_other
train_5661.jpg,train,g_train_5661.jpg,text_other
train_5662.jpg,train,g_train_5662.jpg,number
train_5663.jpg,train,g_train_5663.jpg,text_other
train_5664.jpg,train,g_train_5664.jpg,number
train_5665.jpg,train,g_train_5665.jpg,price
train_5666.jpg,train,g_train_5666.jpg,position
train_5667.jpg,train,g_train_5667.jpg,negation
train_5668.jpg,train,g_train_5668.jpg,number
train_5669.jpg,train,g_train_5669.jpg,text_other
train_5670.jpg,train,g_train_5670.jpg,price
train_5671.jpg,train,g_train_5671.jpg,text_other
train_5672.jpg,train,g_train_5672.jpg,text_other
train_5673.jpg,train,g_train_5673.jpg,text_other
train_5674.jpg,train,g_train_5674.jpg,text_other
train_5675.jpg,train,g_train_5675.jpg,text_other
train_5676.jpg,valid,g_train_5676.jpg,text_other
train_5677.jpg,train,g_train_5677.jpg,text_other
train_5678.jpg,valid,g_train_5678.jpg,text_other
train_5679.jpg,train,g_train_5679.jpg,text_other
train_5680.jpg,train,g_train_5680.jpg,position
train_5681.jpg,train,g_train_5681.jpg,negation
train_5682.jpg,train,g_train_5682.jpg,price
train_5683.jpg,train,g_train_5683.jpg,text_other
train_5684.jpg,holdout,g_train_5684.jpg,text_other
train_5685.jpg,holdout,g_train_5685.jpg,number
train_5686.jpg,train,g_train_5686.jpg,text_other
train_5687.jpg,valid,g_train_5687.jpg,text_other
train_5688.jpg,train,g_train_5688.jpg,text_other
train_5689.jpg,train,g_train_5689.jpg,text_other
train_5690.jpg,holdout,g_train_5690.jpg,text_other
train_5691.jpg,train,g_train_5691.jpg,price
train_5692.jpg,holdout,g_train_5692.jpg,negation
train_5693.jpg,holdout,g_train_5693.jpg,text_other
train_5694.jpg,train,g_train_5694.jpg,text_other
train_5695.jpg,train,g_train_5695.jpg,text_other
train_5696.jpg,train,g_train_5696.jpg,text_other
train_5697.jpg,train,g_train_5697.jpg,price
train_5698.jpg,holdout,g_train_5698.jpg,negation
train_5699.jpg,valid,g_train_5699.jpg,price
train_5700.jpg,train,g_train_5700.jpg,text_other
train_5701.jpg,train,g_train_5701.jpg,negation
train_5702.jpg,train,g_train_5702.jpg,text_other
train_5703.jpg,train,g_train_5703.jpg,text_other
train_5704.jpg,train,g_train_5704.jpg,text_other
train_5705.jpg,train,g_train_5705.jpg,text_other
train_5706.jpg,valid,g_train_5706.jpg,text_other
train_5707.jpg,train,g_train_5707.jpg,text_other
train_5708.jpg,holdout,g_train_5708.jpg,text_other
train_5709.jpg,holdout,g_train_5709.jpg,text_other
train_5710.jpg,valid,g_train_5710.jpg,text_other
train_5711.jpg,train,g_train_5711.jpg,text_other
train_5712.jpg,train,g_train_5712.jpg,text_other
train_5713.jpg,train,g_train_5713.jpg,position
train_5714.jpg,train,g_train_5714.jpg,text_other
train_5715.jpg,train,g_train_5715.jpg,text_other
train_5716.jpg,holdout,g_train_5716.jpg,text_other
train_5717.jpg,train,g_train_5717.jpg,position
train_5718.jpg,holdout,g_train_5718.jpg,text_other
train_5719.jpg,train,g_train_5719.jpg,price
train_5720.jpg,train,g_train_5720.jpg,text_other
train_5721.jpg,train,g_train_5721.jpg,text_other
train_5722.jpg,train,g_train_5722.jpg,text_other
train_5723.jpg,train,g_train_5723.jpg,price
train_5724.jpg,train,g_train_5724.jpg,text_other
train_5725.jpg,train,g_train_5725.jpg,text_other
train_5726.jpg,holdout,g_train_5726.jpg,position
train_5727.jpg,train,g_train_5727.jpg,text_other
train_5728.jpg,train,g_train_5728.jpg,price
train_5729.jpg,train,g_train_5729.jpg,number
train_5730.jpg,train,g_train_5730.jpg,position
train_5731.jpg,train,g_train_5731.jpg,position
train_5732.jpg,train,g_train_5732.jpg,text_other
train_5733.jpg,train,g_train_5733.jpg,number
train_5734.jpg,train,g_train_5734.jpg,text_other
train_5735.jpg,train,g_train_5735.jpg,price
train_5736.jpg,holdout,g_train_5736.jpg,text_other
train_5737.jpg,train,g_train_5737.jpg,text_other
train_5738.jpg,train,g_train_5738.jpg,text_other
train_5739.jpg,train,g_train_5739.jpg,text_other
train_5740.jpg,holdout,g_train_5740.jpg,text_other
train_5741.jpg,train,g_train_5741.jpg,text_other
train_5742.jpg,train,g_train_5742.jpg,price
train_5743.jpg,holdout,g_train_5743.jpg,text_other
train_5744.jpg,train,g_train_5744.jpg,position
train_5745.jpg,train,g_train_5745.jpg,text_other
train_5746.jpg,train,g_train_5746.jpg,text_other
train_5747.jpg,train,g_train_5747.jpg,price
train_5748.jpg,train,g_train_5748.jpg,text_other
train_5749.jpg,train,g_train_5749.jpg,text_other
train_5750.jpg,train,g_train_5750.jpg,price
train_5751.jpg,holdout,g_train_5751.jpg,text_other
train_5752.jpg,train,g_train_5752.jpg,text_other
train_5753.jpg,train,g_train_5753.jpg,number
train_5754.jpg,holdout,g_train_5754.jpg,text_other
train_5755.jpg,train,g_train_5755.jpg,text_other
train_5756.jpg,train,g_train_5756.jpg,text_other
train_5757.jpg,train,g_train_5757.jpg,text_other
train_5758.jpg,valid,g_train_5758.jpg,text_other
train_5759.jpg,train,g_train_5759.jpg,text_other
train_5760.jpg,train,g_train_5760.jpg,price
train_5761.jpg,train,g_train_5761.jpg,text_other
train_5762.jpg,train,g_train_5762.jpg,negation
train_5763.jpg,train,g_train_5763.jpg,text_other
train_5764.jpg,train,g_train_5764.jpg,text_other
train_5765.jpg,train,g_train_5765.jpg,text_other
train_5766.jpg,train,g_train_5766.jpg,text_other
train_5767.jpg,train,g_train_5767.jpg,text_other
train_5768.jpg,valid,g_train_5768.jpg,text_other
train_5769.jpg,train,g_train_5769.jpg,text_other
train_5770.jpg,train,g_train_5770.jpg,text_other
train_5771.jpg,train,g_train_5771.jpg,position
train_5772.jpg,train,g_train_5772.jpg,number
train_5773.jpg,train,g_train_5773.jpg,text_other
train_5774.jpg,holdout,g_train_5774.jpg,text_other
train_5775.jpg,holdout,g_train_5775.jpg,text_other
train_5776.jpg,train,g_train_5776.jpg,position
train_5777.jpg,train,g_train_5777.jpg,position
train_5778.jpg,holdout,g_train_5778.jpg,text_other
train_5779.jpg,train,g_train_5779.jpg,text_other
train_5780.jpg,train,g_train_5780.jpg,text_other
train_5781.jpg,train,g_train_5781.jpg,text_other
train_5782.jpg,train,g_train_5782.jpg,text_other
train_5783.jpg,valid,g_train_5783.jpg,text_other
train_5784.jpg,train,g_train_5784.jpg,text_other
train_5785.jpg,train,g_train_5785.jpg,text_other
train_5786.jpg,train,g_train_5786.jpg,price
train_5787.jpg,train,g_train_5787.jpg,text_other
train_5788.jpg,train,g_train_5788.jpg,text_other
train_5789.jpg,train,g_train_5789.jpg,number
train_5790.jpg,train,g_train_5790.jpg,text_other
train_5791.jpg,train,g_train_5791.jpg,text_other
train_5792.jpg,train,g_train_5792.jpg,text_other
train_5793.jpg,train,g_train_5793.jpg,text_other
train_5794.jpg,train,g_train_5794.jpg,negation
train_5795.jpg,train,g_train_5795.jpg,text_other
train_5796.jpg,holdout,g_train_5796.jpg,text_other
train_5797.jpg,train,g_train_5797.jpg,text_other
train_5798.jpg,train,g_train_5798.jpg,text_other
train_5799.jpg,holdout,g_train_5799.jpg,position
train_5800.jpg,train,g_train_5800.jpg,text_other
train_5801.jpg,train,g_train_5801.jpg,number
train_5802.jpg,holdout,g_train_5802.jpg,text_other
train_5803.jpg,holdout,g_train_5803.jpg,text_other
train_5804.jpg,holdout,g_train_5804.jpg,text_other
train_5805.jpg,train,g_train_5805.jpg,number
train_5806.jpg,train,g_train_5806.jpg,text_other
train_5807.jpg,train,g_train_5807.jpg,price
train_5808.jpg,train,g_train_5808.jpg,text_other
train_5809.jpg,holdout,g_train_5809.jpg,text_other
train_5810.jpg,train,g_train_5810.jpg,text_other
train_5811.jpg,train,g_train_5811.jpg,text_other
train_5812.jpg,train,g_train_5812.jpg,text_other
train_5813.jpg,train,g_train_5813.jpg,text_other
train_5814.jpg,train,g_train_5814.jpg,price
train_5815.jpg,train,g_train_5815.jpg,text_other
train_5816.jpg,train,g_train_5816.jpg,text_other
train_5817.jpg,holdout,g_train_5817.jpg,price
train_5818.jpg,train,g_train_5818.jpg,position
train_5819.jpg,train,g_train_5819.jpg,text_other
train_5820.jpg,train,g_train_5820.jpg,text_other
train_5821.jpg,train,g_train_5821.jpg,text_other
train_5822.jpg,train,g_train_5822.jpg,negation
train_5823.jpg,train,g_train_5823.jpg,text_other
train_5824.jpg,train,g_train_5824.jpg,text_other
train_5825.jpg,train,g_train_5825.jpg,text_other
train_5826.jpg,train,g_train_5826.jpg,text_other
train_5827.jpg,train,g_train_5827.jpg,number
train_5828.jpg,train,g_train_5828.jpg,text_other
train_5829.jpg,train,g_train_5829.jpg,price
train_5830.jpg,train,g_train_5830.jpg,price
train_5831.jpg,train,g_train_5831.jpg,text_other
train_5832.jpg,train,g_train_5832.jpg,text_other
train_5833.jpg,train,g_train_5833.jpg,number
train_5834.jpg,holdout,g_train_5834.jpg,number
train_5835.jpg,train,g_train_5835.jpg,text_other
train_5836.jpg,train,g_train_5836.jpg,text_other
train_5837.jpg,train,g_train_5837.jpg,text_other
train_5838.jpg,train,g_train_5838.jpg,text_other
train_5839.jpg,valid,g_train_5839.jpg,text_other
train_5840.jpg,valid,g_train_5840.jpg,text_other
train_5841.jpg,train,g_train_5841.jpg,text_other
train_5842.jpg,train,g_train_5842.jpg,position
train_5843.jpg,train,g_train_5843.jpg,negation
train_5844.jpg,holdout,g_train_5844.jpg,text_other
train_5845.jpg,holdout,g_train_5845.jpg,negation
train_5846.jpg,train,g_train_5846.jpg,text_other
train_5847.jpg,holdout,g_train_5847.jpg,text_other
train_5848.jpg,train,g_train_5848.jpg,text_other
train_5849.jpg,train,g_train_5849.jpg,text_other
train_5850.jpg,holdout,g_train_5850.jpg,number
train_5851.jpg,holdout,g_train_5851.jpg,text_other
train_5852.jpg,train,g_train_5852.jpg,text_other
train_5853.jpg,train,g_train_5853.jpg,text_other
train_5854.jpg,holdout,g_train_5854.jpg,price
train_5855.jpg,train,g_train_5855.jpg,text_other
train_5856.jpg,holdout,g_train_5856.jpg,text_other
train_5857.jpg,holdout,g_train_5857.jpg,text_other
train_5858.jpg,train,g_train_5858.jpg,text_other
train_5859.jpg,holdout,g_train_5859.jpg,text_other
train_5860.jpg,train,g_train_5860.jpg,text_other
train_5861.jpg,train,g_train_5861.jpg,text_other
train_5862.jpg,valid,g_train_5862.jpg,text_other
train_5863.jpg,train,g_train_5863.jpg,text_other
train_5864.jpg,train,g_train_5864.jpg,text_other
train_5865.jpg,train,g_train_5865.jpg,negation
train_5866.jpg,holdout,g_train_5866.jpg,text_other
train_5867.jpg,train,g_train_5867.jpg,text_other
train_5868.jpg,holdout,g_train_5868.jpg,number
train_5869.jpg,train,g_train_5869.jpg,text_other
train_5870.jpg,train,g_train_5870.jpg,price
train_5871.jpg,train,g_train_5871.jpg,text_other
train_5872.jpg,train,g_train_5872.jpg,position
train_5873.jpg,valid,g_train_5873.jpg,text_other
train_5874.jpg,train,g_train_5874.jpg,text_other
train_5875.jpg,train,g_train_5875.jpg,text_other
train_5876.jpg,holdout,g_train_5876.jpg,text_other
train_5877.jpg,train,g_train_5877.jpg,number
train_5878.jpg,train,g_train_5878.jpg,text_other
train_5879.jpg,train,g_train_5879.jpg,text_other
train_5880.jpg,train,g_train_5880.jpg,text_other
train_5881.jpg,train,g_train_5881.jpg,text_other
train_5882.jpg,train,g_train_5882.jpg,text_other
train_5883.jpg,valid,g_train_5883.jpg,number
train_5884.jpg,train,g_train_5884.jpg,number
train_5885.jpg,train,g_train_5885.jpg,text_other
train_5886.jpg,train,g_train_5886.jpg,price
train_5887.jpg,holdout,g_train_5887.jpg,number
train_5888.jpg,train,g_train_5888.jpg,negation
train_5889.jpg,valid,g_train_5889.jpg,text_other
train_5890.jpg,holdout,g_train_5890.jpg,text_other
train_5891.jpg,train,g_train_5891.jpg,text_other
train_5892.jpg,valid,g_train_5892.jpg,text_other
train_5893.jpg,train,g_train_5893.jpg,position
train_5894.jpg,holdout,g_train_5894.jpg,text_other
train_5895.jpg,train,g_train_5895.jpg,text_other
train_5896.jpg,train,g_train_5896.jpg,price
train_5897.jpg,train,g_train_5897.jpg,text_other
train_5898.jpg,train,g_train_5898.jpg,text_other
train_5899.jpg,train,g_train_5899.jpg,position
train_5900.jpg,train,g_train_5900.jpg,number
train_5901.jpg,train,g_train_5901.jpg,number
train_5902.jpg,train,g_train_5902.jpg,text_other
train_5903.jpg,train,g_train_5903.jpg,price
train_5904.jpg,train,g_train_5904.jpg,text_other
train_5905.jpg,valid,g_train_5905.jpg,text_other
train_5906.jpg,valid,g_train_5906.jpg,negation
train_5907.jpg,train,g_train_5907.jpg,text_other
train_5908.jpg,train,g_train_5908.jpg,price
train_5909.jpg,train,g_train_5909.jpg,text_other
train_5910.jpg,holdout,g_train_5910.jpg,text_other
train_5911.jpg,train,g_train_5911.jpg,text_other
train_5912.jpg,train,g_train_5912.jpg,text_other
train_5913.jpg,train,g_train_5913.jpg,text_other
train_5914.jpg,holdout,g_train_5914.jpg,text_other
train_5915.jpg,train,g_train_5915.jpg,text_other
train_5916.jpg,train,g_train_5916.jpg,text_other
train_5917.jpg,valid,g_train_5917.jpg,position
train_5918.jpg,train,g_train_5918.jpg,text_other
train_5919.jpg,train,g_train_5919.jpg,number
train_5920.jpg,train,g_train_5920.jpg,number
train_5921.jpg,train,g_train_5921.jpg,price
train_5922.jpg,train,g_train_5922.jpg,price
train_5923.jpg,train,g_train_5923.jpg,text_other
train_5924.jpg,valid,g_train_5924.jpg,number
train_5925.jpg,holdout,g_train_5925.jpg,position
train_5926.jpg,train,g_train_5926.jpg,text_other
train_5927.jpg,train,g_train_5927.jpg,price
train_5928.jpg,train,g_train_5928.jpg,number
train_5929.jpg,train,g_train_5929.jpg,price
train_5930.jpg,train,g_train_5930.jpg,text_other
train_5931.jpg,train,g_train_5931.jpg,text_other
train_5932.jpg,holdout,g_train_5932.jpg,price
train_5933.jpg,valid,g_train_5933.jpg,number
train_5934.jpg,train,g_train_5934.jpg,number
train_5935.jpg,train,g_train_5935.jpg,text_other
train_5936.jpg,train,g_train_5936.jpg,text_other
train_5937.jpg,holdout,g_train_5937.jpg,text_other
train_5938.jpg,valid,g_train_5938.jpg,text_other
train_5939.jpg,train,g_train_5939.jpg,text_other
train_5940.jpg,train,g_train_5940.jpg,text_other
train_5941.jpg,train,g_train_5941.jpg,price
train_5942.jpg,train,g_train_5942.jpg,text_other
train_5943.jpg,train,g_train_5943.jpg,text_other
train_5944.jpg,train,g_train_5944.jpg,text_other
train_5945.jpg,train,g_train_5945.jpg,text_other
train_5946.jpg,train,g_train_5946.jpg,number
train_5947.jpg,train,g_train_5947.jpg,text_other
train_5948.jpg,train,g_train_5948.jpg,text_other
train_5949.jpg,train,g_train_5949.jpg,price
train_5950.jpg,train,g_train_5950.jpg,text_other
train_5951.jpg,holdout,g_train_5951.jpg,text_other
train_5952.jpg,train,g_train_5952.jpg,text_other
train_5953.jpg,train,g_train_5953.jpg,number
train_5954.jpg,train,g_train_5954.jpg,text_other
train_5955.jpg,train,g_train_5955.jpg,price
train_5956.jpg,train,g_train_5956.jpg,text_other
train_5957.jpg,train,g_train_5957.jpg,price
train_5958.jpg,valid,g_train_5958.jpg,text_other
train_5959.jpg,valid,g_train_5959.jpg,text_other
train_5960.jpg,valid,g_train_5960.jpg,price
train_5961.jpg,train,g_train_5961.jpg,number
train_5962.jpg,holdout,g_train_5962.jpg,text_other
train_5963.jpg,train,g_train_5963.jpg,text_other
train_5964.jpg,train,g_train_5964.jpg,text_other
train_5965.jpg,train,g_train_5965.jpg,negation
train_5966.jpg,valid,g_train_5966.jpg,text_other
train_5967.jpg,train,g_train_5967.jpg,text_other
train_5968.jpg,train,g_train_5968.jpg,text_other
train_5969.jpg,train,g_train_5969.jpg,number
train_5970.jpg,train,g_train_5970.jpg,text_other
train_5971.jpg,train,g_train_5971.jpg,text_other
train_5972.jpg,train,g_train_5972.jpg,text_other
train_5973.jpg,train,g_train_5973.jpg,text_other
train_5974.jpg,train,g_train_5974.jpg,text_other
train_5975.jpg,train,g_train_5975.jpg,text_other
train_5976.jpg,holdout,g_train_5976.jpg,position
train_5977.jpg,train,g_train_5977.jpg,text_other
train_5978.jpg,holdout,g_train_5978.jpg,text_other
train_5979.jpg,valid,g_train_5979.jpg,text_other
train_5980.jpg,train,g_train_5980.jpg,number
train_5981.jpg,holdout,g_train_5981.jpg,text_other
train_5982.jpg,train,g_train_5982.jpg,text_other
train_5983.jpg,train,g_train_5983.jpg,text_other
train_5984.jpg,train,g_train_5984.jpg,negation
train_5985.jpg,train,g_train_5985.jpg,price
train_5986.jpg,train,g_train_5986.jpg,text_other
train_5987.jpg,holdout,g_train_5987.jpg,price
train_5988.jpg,holdout,g_train_5988.jpg,position
train_5989.jpg,train,g_train_5989.jpg,text_other
train_5990.jpg,train,g_train_5990.jpg,text_other
train_5991.jpg,train,g_train_5991.jpg,price
train_5992.jpg,train,g_train_5992.jpg,text_other
train_5993.jpg,train,g_train_5993.jpg,number
train_5994.jpg,train,g_train_5994.jpg,price
train_5995.jpg,train,g_train_5995.jpg,negation
train_5996.jpg,train,g_train_5996.jpg,text_other
train_5997.jpg,train,g_train_5997.jpg,position
train_5998.jpg,train,g_train_5998.jpg,text_other
train_5999.jpg,valid,g_train_5999.jpg,text_other
train_6000.jpg,train,g_train_6000.jpg,text_other
train_6001.jpg,train,g_train_6001.jpg,text_other
train_6002.jpg,holdout,g_train_6002.jpg,number
train_6003.jpg,train,g_train_6003.jpg,position
train_6004.jpg,train,g_train_6004.jpg,price
train_6005.jpg,holdout,g_train_6005.jpg,text_other
train_6006.jpg,train,g_train_6006.jpg,price
train_6007.jpg,train,g_train_6007.jpg,position
train_6008.jpg,train,g_train_6008.jpg,text_other
train_6009.jpg,holdout,g_train_6009.jpg,text_other
train_6010.jpg,train,g_train_6010.jpg,text_other
train_6011.jpg,train,g_train_6011.jpg,text_other
train_6012.jpg,holdout,g_train_6012.jpg,text_other
train_6013.jpg,train,g_train_6013.jpg,position
train_6014.jpg,holdout,g_train_6014.jpg,position
train_6015.jpg,holdout,g_train_6015.jpg,text_other
train_6016.jpg,train,g_train_6016.jpg,text_other
train_6017.jpg,train,g_train_6017.jpg,text_other
train_6018.jpg,train,g_train_6018.jpg,number
train_6019.jpg,train,g_train_6019.jpg,text_other
train_6020.jpg,holdout,g_train_6020.jpg,text_other
train_6021.jpg,train,g_train_6021.jpg,text_other
train_6022.jpg,train,g_train_6022.jpg,price
train_6023.jpg,train,g_train_6023.jpg,text_other
train_6024.jpg,train,g_train_6024.jpg,text_other
train_6025.jpg,train,g_train_6025.jpg,text_other
train_6026.jpg,train,g_train_6026.jpg,text_other
train_6027.jpg,train,g_train_6027.jpg,number
train_6028.jpg,train,g_train_6028.jpg,text_other
train_6029.jpg,valid,g_train_6029.jpg,text_other
train_6030.jpg,train,g_train_6030.jpg,text_other
train_6031.jpg,train,g_train_6031.jpg,text_other
train_6032.jpg,holdout,g_train_6032.jpg,text_other
train_6033.jpg,train,g_train_6033.jpg,text_other
train_6034.jpg,train,g_train_6034.jpg,price
train_6035.jpg,train,g_train_6035.jpg,text_other
train_6036.jpg,train,g_train_6036.jpg,text_other
train_6037.jpg,train,g_train_6037.jpg,text_other
train_6038.jpg,valid,g_train_6038.jpg,text_other
train_6039.jpg,train,g_train_6039.jpg,number
train_6040.jpg,train,g_train_6040.jpg,text_other
train_6041.jpg,train,g_train_6041.jpg,text_other
train_6042.jpg,train,g_train_6042.jpg,number
train_6043.jpg,train,g_train_6043.jpg,text_other
train_6044.jpg,train,g_train_6044.jpg,text_other
train_6045.jpg,train,g_train_6045.jpg,number
train_6046.jpg,valid,g_train_6046.jpg,text_other
train_6047.jpg,train,g_train_6047.jpg,price
train_6048.jpg,train,g_train_6048.jpg,text_other
train_6049.jpg,valid,g_train_6049.jpg,text_other
train_6050.jpg,train,g_train_6050.jpg,text_other
train_6051.jpg,holdout,g_train_6051.jpg,text_other
train_6052.jpg,train,g_train_6052.jpg,text_other
train_6053.jpg,train,g_train_6053.jpg,position
train_6054.jpg,train,g_train_6054.jpg,price
train_6055.jpg,train,g_train_6055.jpg,text_other
train_6056.jpg,train,g_train_6056.jpg,number
train_6057.jpg,train,g_train_6057.jpg,price
train_6058.jpg,train,g_train_6058.jpg,text_other
train_6059.jpg,train,g_train_6059.jpg,text_other
train_6060.jpg,train,g_train_6060.jpg,text_other
train_6061.jpg,valid,g_train_6061.jpg,text_other
train_6062.jpg,train,g_train_6062.jpg,text_other
train_6063.jpg,train,g_train_6063.jpg,negation
train_6064.jpg,train,g_train_6064.jpg,text_other
train_6065.jpg,train,g_train_6065.jpg,price
train_6066.jpg,train,g_train_6066.jpg,price
train_6067.jpg,train,g_train_6067.jpg,text_other
train_6068.jpg,train,g_train_6068.jpg,number
train_6069.jpg,train,g_train_6069.jpg,text_other
train_6070.jpg,train,g_train_6070.jpg,text_other
train_6071.jpg,train,g_train_6071.jpg,position
train_6072.jpg,train,g_train_6072.jpg,text_other
train_6073.jpg,holdout,g_train_6073.jpg,text_other
train_6074.jpg,train,g_train_6074.jpg,price
train_6075.jpg,valid,g_train_6075.jpg,text_other
train_6076.jpg,train,g_train_6076.jpg,position
train_6077.jpg,holdout,g_train_6077.jpg,text_other
train_6078.jpg,train,g_train_6078.jpg,number
train_6079.jpg,train,g_train_6079.jpg,position
train_6080.jpg,train,g_train_6080.jpg,text_other
train_6081.jpg,holdout,g_train_6081.jpg,text_other
train_6082.jpg,train,g_train_6082.jpg,price
train_6083.jpg,holdout,g_train_6083.jpg,text_other
train_6084.jpg,train,g_train_6084.jpg,text_other
train_6085.jpg,train,g_train_6085.jpg,text_other
train_6086.jpg,train,g_train_6086.jpg,text_other
train_6087.jpg,holdout,g_train_6087.jpg,text_other
train_6088.jpg,train,g_train_6088.jpg,text_other
train_6089.jpg,train,g_train_6089.jpg,price
train_6090.jpg,train,g_train_6090.jpg,text_other
train_6091.jpg,train,g_train_6091.jpg,number
train_6092.jpg,train,g_train_6092.jpg,text_other
train_6093.jpg,train,g_train_6093.jpg,text_other
train_6094.jpg,train,g_train_6094.jpg,price
train_6095.jpg,train,g_train_6095.jpg,text_other
train_6096.jpg,train,g_train_6096.jpg,text_other
train_6097.jpg,holdout,g_train_6097.jpg,text_other
train_6098.jpg,train,g_train_6098.jpg,text_other
train_6099.jpg,holdout,g_train_6099.jpg,text_other
train_6100.jpg,train,g_train_6100.jpg,position
train_6101.jpg,train,g_train_6101.jpg,position
train_6102.jpg,holdout,g_train_6102.jpg,position
train_6103.jpg,train,g_train_6103.jpg,text_other
train_6104.jpg,train,g_train_6104.jpg,number
train_6105.jpg,train,g_train_6105.jpg,text_other
train_6106.jpg,train,g_train_6106.jpg,text_other
train_6107.jpg,valid,g_train_6107.jpg,text_other
train_6108.jpg,train,g_train_6108.jpg,text_other
train_6109.jpg,train,g_train_6109.jpg,text_other
train_6110.jpg,holdout,g_train_6110.jpg,text_other
train_6111.jpg,holdout,g_train_6111.jpg,text_other
train_6112.jpg,holdout,g_train_6112.jpg,text_other
train_6113.jpg,train,g_train_6113.jpg,text_other
train_6114.jpg,train,g_train_6114.jpg,text_other
train_6115.jpg,valid,g_train_6115.jpg,price
train_6116.jpg,train,g_train_6116.jpg,text_other
train_6117.jpg,holdout,g_train_6117.jpg,text_other
train_6118.jpg,train,g_train_6118.jpg,text_other
train_6119.jpg,holdout,g_train_6119.jpg,text_other
train_6120.jpg,train,g_train_6120.jpg,text_other
train_6121.jpg,train,g_train_6121.jpg,negation
train_6122.jpg,train,g_train_6122.jpg,text_other
train_6123.jpg,train,g_train_6123.jpg,text_other
train_6124.jpg,train,g_train_6124.jpg,text_other
train_6125.jpg,train,g_train_6125.jpg,text_other
train_6126.jpg,valid,g_train_6126.jpg,text_other
train_6127.jpg,train,g_train_6127.jpg,text_other
train_6128.jpg,train,g_train_6128.jpg,negation
train_6129.jpg,holdout,g_train_6129.jpg,text_other
train_6130.jpg,valid,g_train_6130.jpg,position
train_6131.jpg,valid,g_train_6131.jpg,text_other
train_6132.jpg,valid,g_train_6132.jpg,price
train_6133.jpg,train,g_train_6133.jpg,text_other
train_6134.jpg,train,g_train_6134.jpg,text_other
train_6135.jpg,train,g_train_6135.jpg,text_other
train_6136.jpg,train,g_train_6136.jpg,text_other
train_6137.jpg,valid,g_train_6137.jpg,text_other
train_6138.jpg,valid,g_train_6138.jpg,text_other
train_6139.jpg,train,g_train_6139.jpg,price
train_6140.jpg,holdout,g_train_6140.jpg,price
train_6141.jpg,train,g_train_6141.jpg,text_other
train_6142.jpg,train,g_train_6142.jpg,price
train_6143.jpg,holdout,g_train_6143.jpg,text_other
train_6144.jpg,train,g_train_6144.jpg,text_other
train_6145.jpg,train,g_train_6145.jpg,price
train_6146.jpg,holdout,g_train_6146.jpg,text_other
train_6147.jpg,train,g_train_6147.jpg,negation
train_6148.jpg,train,g_train_6148.jpg,text_other
train_6149.jpg,train,g_train_6149.jpg,number
train_6150.jpg,train,g_train_6150.jpg,price
train_6151.jpg,holdout,g_train_6151.jpg,text_other
train_6152.jpg,train,g_train_6152.jpg,text_other
train_6153.jpg,train,g_train_6153.jpg,text_other
train_6154.jpg,valid,g_train_6154.jpg,negation
train_6155.jpg,train,g_train_6155.jpg,text_other
train_6156.jpg,train,g_train_6156.jpg,text_other
train_6157.jpg,train,g_train_6157.jpg,text_other
train_6158.jpg,train,g_train_6158.jpg,text_other
train_6159.jpg,train,g_train_6159.jpg,text_other
train_6160.jpg,train,g_train_6160.jpg,negation
train_6161.jpg,train,g_train_6161.jpg,price
train_6162.jpg,train,g_train_6162.jpg,text_other
train_6163.jpg,train,g_train_6163.jpg,text_other
train_6164.jpg,train,g_train_6164.jpg,text_other
train_6165.jpg,train,g_train_6165.jpg,text_other
train_6166.jpg,train,g_train_6166.jpg,text_other
train_6167.jpg,train,g_train_6167.jpg,text_other
train_6168.jpg,train,g_train_6168.jpg,price
train_6169.jpg,train,g_train_6169.jpg,text_other
train_6170.jpg,train,g_train_6170.jpg,number
train_6171.jpg,holdout,g_train_6171.jpg,text_other
train_6172.jpg,train,g_train_6172.jpg,text_other
train_6173.jpg,train,g_train_6173.jpg,text_other
train_6174.jpg,train,g_train_6174.jpg,text_other
train_6175.jpg,train,g_train_6175.jpg,text_other
train_6176.jpg,holdout,g_train_6176.jpg,text_other
train_6177.jpg,train,g_train_6177.jpg,text_other
train_6178.jpg,train,g_train_6178.jpg,text_other
train_6179.jpg,train,g_train_6179.jpg,text_other
train_6180.jpg,train,g_train_6180.jpg,price
train_6181.jpg,train,g_train_6181.jpg,text_other
train_6182.jpg,valid,g_train_6182.jpg,negation
train_6183.jpg,holdout,g_train_6183.jpg,text_other
train_6184.jpg,train,g_train_6184.jpg,text_other
train_6185.jpg,valid,g_train_6185.jpg,text_other
train_6186.jpg,holdout,g_train_6186.jpg,text_other
train_6187.jpg,train,g_train_6187.jpg,text_other
train_6188.jpg,train,g_train_6188.jpg,text_other
train_6189.jpg,train,g_train_6189.jpg,text_other
train_6190.jpg,train,g_train_6190.jpg,position
train_6191.jpg,train,g_train_6191.jpg,negation
train_6192.jpg,train,g_train_6192.jpg,position
train_6193.jpg,train,g_train_6193.jpg,text_other
train_6194.jpg,train,g_train_6194.jpg,text_other
train_6195.jpg,train,g_train_6195.jpg,text_other
train_6196.jpg,valid,g_train_6196.jpg,price
train_6197.jpg,train,g_train_6197.jpg,price
train_6198.jpg,train,g_train_6198.jpg,negation
train_6199.jpg,train,g_train_6199.jpg,text_other
train_6200.jpg,train,g_train_6200.jpg,price
train_6201.jpg,train,g_train_6201.jpg,price
train_6202.jpg,train,g_train_6202.jpg,text_other
train_6203.jpg,train,g_train_6203.jpg,text_other
train_6204.jpg,train,g_train_6204.jpg,text_other
train_6205.jpg,valid,g_train_6205.jpg,text_other
train_6206.jpg,valid,g_train_6206.jpg,price
train_6207.jpg,train,g_train_6207.jpg,text_other
train_6208.jpg,train,g_train_6208.jpg,negation
train_6209.jpg,train,g_train_6209.jpg,text_other
train_6210.jpg,train,g_train_6210.jpg,position
train_6211.jpg,valid,g_train_6211.jpg,text_other
train_6212.jpg,train,g_train_6212.jpg,price
train_6213.jpg,train,g_train_6213.jpg,text_other
train_6214.jpg,train,g_train_6214.jpg,text_other
train_6215.jpg,train,g_train_6215.jpg,text_other
train_6216.jpg,holdout,g_train_6216.jpg,text_other
train_6217.jpg,train,g_train_6217.jpg,text_other
train_6218.jpg,train,g_train_6218.jpg,text_other
train_6219.jpg,holdout,g_train_6219.jpg,text_other
train_6220.jpg,train,g_train_6220.jpg,text_other
train_6221.jpg,train,g_train_6221.jpg,text_other
train_6222.jpg,train,g_train_6222.jpg,text_other
train_6223.jpg,train,g_train_6223.jpg,number
train_6224.jpg,train,g_train_6224.jpg,text_other
train_6225.jpg,train,g_train_6225.jpg,text_other
train_6226.jpg,train,g_train_6226.jpg,text_other
train_6227.jpg,train,g_train_6227.jpg,text_other
train_6228.jpg,holdout,g_train_6228.jpg,text_other
train_6229.jpg,train,g_train_6229.jpg,text_other
train_6230.jpg,train,g_train_6230.jpg,position
train_6231.jpg,train,g_train_6231.jpg,text_other
train_6232.jpg,train,g_train_6232.jpg,text_other
train_6233.jpg,valid,g_train_6233.jpg,position
train_6234.jpg,holdout,g_train_6234.jpg,price
train_6235.jpg,train,g_train_6235.jpg,text_other
train_6236.jpg,valid,g_train_6236.jpg,text_other
train_6237.jpg,holdout,g_train_6237.jpg,text_other
train_6238.jpg,train,g_train_6238.jpg,text_other
train_6239.jpg,valid,g_train_6239.jpg,negation
train_6240.jpg,holdout,g_train_6240.jpg,text_other
train_6241.jpg,holdout,g_train_6241.jpg,text_other
train_6242.jpg,train,g_train_6242.jpg,negation
train_6243.jpg,train,g_train_6243.jpg,position
train_6244.jpg,train,g_train_6244.jpg,negation
train_6245.jpg,train,g_train_6245.jpg,price
train_6246.jpg,train,g_train_6246.jpg,text_other
train_6247.jpg,train,g_train_6247.jpg,text_other
train_6248.jpg,train,g_train_6248.jpg,text_other
train_6249.jpg,valid,g_train_6249.jpg,text_other
train_6250.jpg,train,g_train_6250.jpg,text_other
train_6251.jpg,valid,g_train_6251.jpg,text_other
train_6252.jpg,train,g_train_6252.jpg,price
train_6253.jpg,train,g_train_6253.jpg,price
train_6254.jpg,train,g_train_6254.jpg,text_other
train_6255.jpg,train,g_train_6255.jpg,text_other
train_6256.jpg,train,g_train_6256.jpg,text_other
train_6257.jpg,train,g_train_6257.jpg,text_other
train_6258.jpg,train,g_train_6258.jpg,text_other
train_6259.jpg,train,g_train_6259.jpg,text_other
train_6260.jpg,train,g_train_6260.jpg,text_other
train_6261.jpg,holdout,g_train_6261.jpg,price
train_6262.jpg,train,g_train_6262.jpg,text_other
train_6263.jpg,train,g_train_6263.jpg,text_other
train_6264.jpg,train,g_train_6264.jpg,text_other
train_6265.jpg,train,g_train_6265.jpg,text_other
train_6266.jpg,train,g_train_6266.jpg,text_other
train_6267.jpg,train,g_train_6267.jpg,text_other
train_6268.jpg,train,g_train_6268.jpg,text_other
train_6269.jpg,train,g_train_6269.jpg,text_other
train_6270.jpg,train,g_train_6270.jpg,text_other
train_6271.jpg,holdout,g_train_6271.jpg,price
train_6272.jpg,train,g_train_6272.jpg,price
train_6273.jpg,holdout,g_train_6273.jpg,negation
train_6274.jpg,holdout,g_train_6274.jpg,price
train_6275.jpg,train,g_train_6275.jpg,text_other
train_6276.jpg,train,g_train_6276.jpg,text_other
train_6277.jpg,holdout,g_train_6277.jpg,number
train_6278.jpg,train,g_train_6278.jpg,text_other
train_6279.jpg,train,g_train_6279.jpg,text_other
train_6280.jpg,train,g_train_6280.jpg,text_other
train_6281.jpg,holdout,g_train_6281.jpg,negation
train_6282.jpg,holdout,g_train_6282.jpg,text_other
train_6283.jpg,train,g_train_6283.jpg,text_other
train_6284.jpg,train,g_train_6284.jpg,price
train_6285.jpg,valid,g_train_6285.jpg,number
train_6286.jpg,train,g_train_6286.jpg,position
train_6287.jpg,train,g_train_6287.jpg,text_other
train_6288.jpg,train,g_train_6288.jpg,price
train_6289.jpg,train,g_train_6289.jpg,price
train_6290.jpg,train,g_train_6290.jpg,text_other
train_6291.jpg,train,g_train_6291.jpg,text_other
train_6292.jpg,train,g_train_6292.jpg,text_other
train_6293.jpg,train,g_train_6293.jpg,text_other
train_6294.jpg,valid,g_train_6294.jpg,text_other
train_6295.jpg,train,g_train_6295.jpg,text_other
train_6296.jpg,train,g_train_6296.jpg,text_other
train_6297.jpg,train,g_train_6297.jpg,text_other
train_6298.jpg,train,g_train_6298.jpg,text_other
train_6299.jpg,train,g_train_6299.jpg,number
train_6300.jpg,train,g_train_6300.jpg,text_other
train_6301.jpg,train,g_train_6301.jpg,price
train_6302.jpg,train,g_train_6302.jpg,text_other
train_6303.jpg,train,g_train_6303.jpg,text_other
train_6304.jpg,holdout,g_train_6304.jpg,text_other
train_6305.jpg,valid,g_train_6305.jpg,text_other
train_6306.jpg,holdout,g_train_6306.jpg,price
train_6307.jpg,train,g_train_6307.jpg,text_other
train_6308.jpg,valid,g_train_6308.jpg,negation
train_6309.jpg,valid,g_train_6309.jpg,text_other
train_6310.jpg,train,g_train_6310.jpg,text_other
train_6311.jpg,train,g_train_6311.jpg,text_other
train_6312.jpg,holdout,g_train_6312.jpg,price
train_6313.jpg,holdout,g_train_6313.jpg,price
train_6314.jpg,train,g_train_6314.jpg,text_other
train_6315.jpg,train,g_train_6315.jpg,text_other
train_6316.jpg,holdout,g_train_6316.jpg,text_other
train_6317.jpg,valid,g_train_6317.jpg,text_other
train_6318.jpg,valid,g_train_6318.jpg,price
train_6319.jpg,train,g_train_6319.jpg,text_other
train_6320.jpg,train,g_train_6320.jpg,text_other
train_6321.jpg,valid,g_train_6321.jpg,text_other
train_6322.jpg,train,g_train_6322.jpg,price
train_6323.jpg,train,g_train_6323.jpg,text_other
train_6324.jpg,train,g_train_6324.jpg,text_other
train_6325.jpg,train,g_train_6325.jpg,text_other
train_6326.jpg,train,g_train_6326.jpg,text_other
train_6327.jpg,train,g_train_6327.jpg,negation
train_6328.jpg,train,g_train_6328.jpg,text_other
train_6329.jpg,train,g_train_6329.jpg,number
train_6330.jpg,valid,g_train_6330.jpg,number
train_6331.jpg,train,g_train_6331.jpg,text_other
train_6332.jpg,valid,g_train_6332.jpg,text_other
train_6333.jpg,holdout,g_train_6333.jpg,number
train_6334.jpg,train,g_train_6334.jpg,text_other
train_6335.jpg,train,g_train_6335.jpg,text_other
train_6336.jpg,train,g_train_6336.jpg,text_other
train_6337.jpg,train,g_train_6337.jpg,text_other
train_6338.jpg,train,g_train_6338.jpg,text_other
train_6339.jpg,holdout,g_train_6339.jpg,text_other
train_6340.jpg,train,g_train_6340.jpg,text_other
train_6341.jpg,train,g_train_6341.jpg,text_other
train_6342.jpg,train,g_train_6342.jpg,text_other
train_6343.jpg,train,g_train_6343.jpg,text_other
train_6344.jpg,train,g_train_6344.jpg,text_other
train_6345.jpg,train,g_train_6345.jpg,text_other
train_6346.jpg,train,g_train_6346.jpg,price
train_6347.jpg,train,g_train_6347.jpg,text_other
train_6348.jpg,train,g_train_6348.jpg,text_other
train_6349.jpg,train,g_train_6349.jpg,number
train_6350.jpg,train,g_train_6350.jpg,text_other
train_6351.jpg,holdout,g_train_6351.jpg,negation
train_6352.jpg,train,g_train_6352.jpg,text_other
train_6353.jpg,train,g_train_6353.jpg,text_other
train_6354.jpg,train,g_train_6354.jpg,text_other
train_6355.jpg,train,g_train_6355.jpg,price
train_6356.jpg,train,g_train_6356.jpg,position
train_6357.jpg,train,g_train_6357.jpg,number
train_6358.jpg,train,g_train_6358.jpg,text_other
train_6359.jpg,holdout,g_train_6359.jpg,text_other
train_6360.jpg,train,g_train_6360.jpg,number
train_6361.jpg,train,g_train_6361.jpg,price
train_6362.jpg,train,g_train_6362.jpg,price
train_6363.jpg,train,g_train_6363.jpg,text_other
train_6364.jpg,train,g_train_6364.jpg,price
train_6365.jpg,train,g_train_6365.jpg,text_other
train_6366.jpg,train,g_train_6366.jpg,text_other
train_6367.jpg,train,g_train_6367.jpg,price
train_6368.jpg,train,g_train_6368.jpg,number
train_6369.jpg,train,g_train_6369.jpg,text_other
train_6370.jpg,train,g_train_6370.jpg,position
train_6371.jpg,holdout,g_train_6371.jpg,text_other
train_6372.jpg,train,g_train_6372.jpg,text_other
train_6373.jpg,train,g_train_6373.jpg,text_other
train_6374.jpg,train,g_train_6374.jpg,position
train_6375.jpg,holdout,g_train_6375.jpg,text_other
train_6376.jpg,train,g_train_6376.jpg,text_other
train_6377.jpg,valid,g_train_6377.jpg,price
train_6378.jpg,train,g_train_6378.jpg,text_other
train_6379.jpg,train,g_train_6379.jpg,text_other
train_6380.jpg,train,g_train_6380.jpg,text_other
train_6381.jpg,train,g_train_6381.jpg,text_other
train_6382.jpg,train,g_train_6382.jpg,text_other
train_6383.jpg,train,g_train_6383.jpg,text_other
train_6384.jpg,holdout,g_train_6384.jpg,position
train_6385.jpg,train,g_train_6385.jpg,number
train_6386.jpg,valid,g_train_6386.jpg,text_other
train_6387.jpg,train,g_train_6387.jpg,text_other
train_6388.jpg,holdout,g_train_6388.jpg,text_other
train_6389.jpg,train,g_train_6389.jpg,price
train_6390.jpg,train,g_train_6390.jpg,position
train_6391.jpg,train,g_train_6391.jpg,position
train_6392.jpg,train,g_train_6392.jpg,text_other
train_6393.jpg,holdout,g_train_0217.jpg,price
train_6394.jpg,train,g_train_6394.jpg,text_other
train_6395.jpg,holdout,g_train_6395.jpg,number
train_6396.jpg,train,g_train_6396.jpg,number
train_6397.jpg,holdout,g_train_6397.jpg,text_other
train_6398.jpg,train,g_train_6398.jpg,price
train_6399.jpg,train,g_train_6399.jpg,text_other
train_6400.jpg,train,g_train_6400.jpg,text_other
train_6401.jpg,train,g_train_6401.jpg,negation
train_6402.jpg,holdout,g_train_6402.jpg,text_other
train_6403.jpg,train,g_train_6403.jpg,text_other
train_6404.jpg,train,g_train_6404.jpg,text_other
train_6405.jpg,train,g_train_6405.jpg,text_other
train_6406.jpg,train,g_train_6406.jpg,text_other
train_6407.jpg,train,g_train_6407.jpg,number
train_6408.jpg,train,g_train_6408.jpg,text_other
train_6409.jpg,train,g_train_6409.jpg,text_other
train_6410.jpg,train,g_train_6410.jpg,text_other
train_6411.jpg,train,g_train_6411.jpg,text_other
train_6412.jpg,train,g_train_6412.jpg,price
train_6413.jpg,train,g_train_6413.jpg,number
train_6414.jpg,holdout,g_train_6414.jpg,price
train_6415.jpg,train,g_train_6415.jpg,text_other
train_6416.jpg,train,g_train_6416.jpg,position
train_6417.jpg,train,g_train_6417.jpg,text_other
train_6418.jpg,train,g_train_6418.jpg,text_other
train_6419.jpg,train,g_train_6419.jpg,text_other
train_6420.jpg,train,g_train_6420.jpg,number
train_6421.jpg,valid,g_train_6421.jpg,text_other
train_6422.jpg,train,g_train_6422.jpg,price
train_6423.jpg,holdout,g_train_6423.jpg,text_other
train_6424.jpg,train,g_train_6424.jpg,text_other
train_6425.jpg,valid,g_train_6425.jpg,number
train_6426.jpg,train,g_train_6426.jpg,text_other
train_6427.jpg,train,g_train_6427.jpg,text_other
train_6428.jpg,holdout,g_train_6428.jpg,text_other
train_6429.jpg,train,g_train_6429.jpg,text_other
train_6430.jpg,holdout,g_train_6430.jpg,text_other
train_6431.jpg,holdout,g_train_6431.jpg,text_other
train_6432.jpg,train,g_train_6432.jpg,text_other
train_6433.jpg,train,g_train_6433.jpg,text_other
train_6434.jpg,train,g_train_6434.jpg,text_other
train_6435.jpg,train,g_train_6435.jpg,price
train_6436.jpg,holdout,g_train_6436.jpg,price
train_6437.jpg,train,g_train_6437.jpg,number
train_6438.jpg,train,g_train_6438.jpg,price
train_6439.jpg,train,g_train_6439.jpg,text_other
train_6440.jpg,train,g_train_6440.jpg,negation
train_6441.jpg,train,g_train_6441.jpg,text_other
train_6442.jpg,train,g_train_6442.jpg,text_other
train_6443.jpg,train,g_train_6443.jpg,price
train_6444.jpg,train,g_train_6444.jpg,text_other
train_6445.jpg,train,g_train_6445.jpg,price
train_6446.jpg,train,g_train_6446.jpg,text_other
train_6447.jpg,train,g_train_6447.jpg,text_other
train_6448.jpg,train,g_train_6448.jpg,position
train_6449.jpg,train,g_train_6449.jpg,price
train_6450.jpg,train,g_train_6450.jpg,text_other
train_6451.jpg,valid,g_train_6451.jpg,text_other
train_6452.jpg,train,g_train_6452.jpg,text_other
train_6453.jpg,train,g_train_6453.jpg,text_other
train_6454.jpg,valid,g_train_6454.jpg,text_other
train_6455.jpg,holdout,g_train_6455.jpg,text_other
train_6456.jpg,train,g_train_6456.jpg,text_other
train_6457.jpg,train,g_train_6457.jpg,price
train_6458.jpg,train,g_train_6458.jpg,text_other
train_6459.jpg,train,g_train_6459.jpg,text_other
train_6460.jpg,train,g_train_6460.jpg,text_other
train_6461.jpg,train,g_train_6461.jpg,text_other
train_6462.jpg,train,g_train_6462.jpg,text_other
train_6463.jpg,train,g_train_6463.jpg,text_other
train_6464.jpg,train,g_train_6464.jpg,text_other
train_6465.jpg,train,g_train_6465.jpg,position
train_6466.jpg,train,g_train_6466.jpg,text_other
train_6467.jpg,train,g_train_6467.jpg,price
train_6468.jpg,train,g_train_6468.jpg,text_other
train_6469.jpg,valid,g_train_6469.jpg,price
train_6470.jpg,valid,g_train_6470.jpg,number
train_6471.jpg,train,g_train_6471.jpg,text_other
train_6472.jpg,holdout,g_train_6472.jpg,position
train_6473.jpg,holdout,g_train_6473.jpg,price
train_6474.jpg,valid,g_train_6474.jpg,text_other
train_6475.jpg,train,g_train_6475.jpg,text_other
train_6476.jpg,train,g_train_6476.jpg,text_other
train_6477.jpg,train,g_train_6477.jpg,text_other
train_6478.jpg,train,g_train_6478.jpg,text_other
train_6479.jpg,train,g_train_6479.jpg,text_other
train_6480.jpg,train,g_train_6480.jpg,text_other
train_6481.jpg,train,g_train_6481.jpg,number
train_6482.jpg,valid,g_train_6482.jpg,text_other
train_6483.jpg,holdout,g_train_6483.jpg,text_other
train_6484.jpg,train,g_train_6484.jpg,text_other
train_6485.jpg,train,g_train_6485.jpg,price
train_6486.jpg,train,g_train_6486.jpg,number
train_6487.jpg,holdout,g_train_6487.jpg,position
train_6488.jpg,train,g_train_6488.jpg,position
train_6489.jpg,train,g_train_6489.jpg,text_other
train_6490.jpg,train,g_train_6490.jpg,text_other
train_6491.jpg,train,g_train_6491.jpg,text_other
train_6492.jpg,train,g_train_6492.jpg,negation
train_6493.jpg,holdout,g_train_6493.jpg,text_other
train_6494.jpg,train,g_train_6494.jpg,number
train_6495.jpg,train,g_train_6495.jpg,price
train_6496.jpg,train,g_train_6496.jpg,text_other
train_6497.jpg,train,g_train_6497.jpg,price
train_6498.jpg,train,g_train_6498.jpg,text_other
train_6499.jpg,train,g_train_6499.jpg,text_other
train_6500.jpg,train,g_train_6500.jpg,text_other
train_6501.jpg,train,g_train_6501.jpg,number
train_6502.jpg,holdout,g_train_6502.jpg,price
train_6503.jpg,train,g_train_6503.jpg,text_other
train_6504.jpg,train,g_train_6504.jpg,text_other
train_6505.jpg,train,g_train_6505.jpg,text_other
train_6506.jpg,holdout,g_train_6506.jpg,text_other
train_6507.jpg,train,g_train_6507.jpg,position
train_6508.jpg,train,g_train_6508.jpg,text_other
train_6509.jpg,holdout,g_train_6509.jpg,text_other
train_6510.jpg,train,g_train_6510.jpg,number
train_6511.jpg,holdout,g_train_6511.jpg,text_other
train_6512.jpg,holdout,g_train_6512.jpg,price
train_6513.jpg,holdout,g_train_6513.jpg,text_other
train_6514.jpg,holdout,g_train_6514.jpg,text_other
train_6515.jpg,holdout,g_train_6515.jpg,text_other
train_6516.jpg,train,g_train_6516.jpg,negation
train_6517.jpg,train,g_train_6517.jpg,text_other
train_6518.jpg,train,g_train_6518.jpg,text_other
train_6519.jpg,holdout,g_train_6519.jpg,text_other
train_6520.jpg,holdout,g_train_6520.jpg,text_other
train_6521.jpg,holdout,g_train_6521.jpg,text_other
train_6522.jpg,train,g_train_6522.jpg,price
train_6523.jpg,holdout,g_train_6523.jpg,text_other
train_6524.jpg,holdout,g_train_6524.jpg,price
train_6525.jpg,train,g_train_6525.jpg,number
train_6526.jpg,train,g_train_6526.jpg,price
train_6527.jpg,train,g_train_6527.jpg,position
train_6528.jpg,holdout,g_train_6528.jpg,text_other
train_6529.jpg,train,g_train_6529.jpg,text_other
train_6530.jpg,train,g_train_6530.jpg,text_other
train_6531.jpg,train,g_train_6531.jpg,text_other
train_6532.jpg,train,g_train_6532.jpg,price
train_6533.jpg,train,g_train_6533.jpg,number
train_6534.jpg,train,g_train_6534.jpg,text_other
train_6535.jpg,train,g_train_6535.jpg,negation
train_6536.jpg,valid,g_train_6536.jpg,text_other
train_6537.jpg,train,g_train_6537.jpg,text_other
train_6538.jpg,train,g_train_6538.jpg,text_other
train_6539.jpg,train,g_train_6539.jpg,price
train_6540.jpg,train,g_train_6540.jpg,price
train_6541.jpg,holdout,g_train_6541.jpg,text_other
train_6542.jpg,train,g_train_6542.jpg,text_other
train_6543.jpg,valid,g_train_6543.jpg,price
train_6544.jpg,train,g_train_6544.jpg,number
train_6545.jpg,train,g_train_6545.jpg,text_other
train_6546.jpg,train,g_train_6546.jpg,negation
train_6547.jpg,train,g_train_6547.jpg,text_other
train_6548.jpg,train,g_train_6548.jpg,text_other
train_6549.jpg,train,g_train_6549.jpg,text_other
train_6550.jpg,train,g_train_6550.jpg,text_other
train_6551.jpg,train,g_train_6551.jpg,text_other
train_6552.jpg,train,g_train_6552.jpg,text_other
train_6553.jpg,holdout,g_train_6553.jpg,text_other
train_6554.jpg,train,g_train_6554.jpg,text_other
train_6555.jpg,holdout,g_train_6555.jpg,text_other
train_6556.jpg,train,g_train_6556.jpg,text_other
train_6557.jpg,train,g_train_6557.jpg,price
train_6558.jpg,train,g_train_6558.jpg,number
train_6559.jpg,holdout,g_train_6559.jpg,text_other
train_6560.jpg,train,g_train_6560.jpg,text_other
train_6561.jpg,train,g_train_6561.jpg,price
train_6562.jpg,train,g_train_6562.jpg,text_other
train_6563.jpg,holdout,g_train_6563.jpg,text_other
train_6564.jpg,train,g_train_6564.jpg,text_other
train_6565.jpg,train,g_train_6565.jpg,text_other
train_6566.jpg,holdout,g_train_6566.jpg,text_other
train_6567.jpg,train,g_train_6567.jpg,number
train_6568.jpg,valid,g_train_6568.jpg,text_other
train_6569.jpg,holdout,g_train_6569.jpg,position
train_6570.jpg,train,g_train_6570.jpg,text_other
train_6571.jpg,train,g_train_6571.jpg,price
train_6572.jpg,holdout,g_train_6572.jpg,text_other
train_6573.jpg,train,g_train_6573.jpg,text_other
train_6574.jpg,train,g_train_6574.jpg,price
train_6575.jpg,train,g_train_6575.jpg,price
train_6576.jpg,train,g_train_6576.jpg,text_other
train_6577.jpg,train,g_train_6577.jpg,text_other
train_6578.jpg,train,g_train_6578.jpg,number
train_6579.jpg,holdout,g_train_6579.jpg,negation
train_6580.jpg,train,g_train_6580.jpg,text_other
train_6581.jpg,train,g_train_6581.jpg,text_other
train_6582.jpg,train,g_train_6582.jpg,position
train_6583.jpg,train,g_train_6583.jpg,text_other
train_6584.jpg,train,g_train_6584.jpg,text_other
train_6585.jpg,holdout,g_train_6585.jpg,text_other
train_6586.jpg,train,g_train_6586.jpg,number
train_6587.jpg,train,g_train_6587.jpg,text_other
train_6588.jpg,holdout,g_train_6588.jpg,text_other
train_6589.jpg,train,g_train_6589.jpg,text_other
train_6590.jpg,train,g_train_6590.jpg,text_other
train_6591.jpg,train,g_train_6591.jpg,price
train_6592.jpg,train,g_train_6592.jpg,text_other
train_6593.jpg,train,g_train_6593.jpg,number
train_6594.jpg,train,g_train_6594.jpg,text_other
train_6595.jpg,train,g_train_6595.jpg,text_other
train_6596.jpg,train,g_train_6596.jpg,text_other
train_6597.jpg,train,g_train_6597.jpg,text_other
train_6598.jpg,train,g_train_6598.jpg,text_other
train_6599.jpg,valid,g_train_6599.jpg,price
train_6600.jpg,train,g_train_6600.jpg,text_other
train_6601.jpg,train,g_train_6601.jpg,text_other
train_6602.jpg,train,g_train_6602.jpg,position
train_6603.jpg,train,g_train_6603.jpg,position
train_6604.jpg,holdout,g_train_6604.jpg,text_other
train_6605.jpg,train,g_train_6605.jpg,text_other
train_6606.jpg,train,g_train_6606.jpg,negation
train_6607.jpg,train,g_train_6607.jpg,price
train_6608.jpg,train,g_train_6608.jpg,text_other
train_6609.jpg,train,g_train_6609.jpg,text_other
train_6610.jpg,train,g_train_6610.jpg,price
train_6611.jpg,holdout,g_train_6611.jpg,text_other
train_6612.jpg,train,g_train_6612.jpg,number
train_6613.jpg,train,g_train_6613.jpg,text_other
train_6614.jpg,train,g_train_6614.jpg,text_other
train_6615.jpg,train,g_train_6615.jpg,number
train_6616.jpg,train,g_train_6616.jpg,text_other
train_6617.jpg,train,g_train_6617.jpg,negation
train_6618.jpg,train,g_train_6618.jpg,position
train_6619.jpg,train,g_train_6619.jpg,price
train_6620.jpg,train,g_train_6620.jpg,price
train_6621.jpg,train,g_train_6621.jpg,price
train_6622.jpg,train,g_train_6622.jpg,position
train_6623.jpg,train,g_train_6623.jpg,text_other
train_6624.jpg,train,g_train_6624.jpg,price
train_6625.jpg,train,g_train_6625.jpg,price
train_6626.jpg,train,g_train_6626.jpg,text_other
train_6627.jpg,train,g_train_6627.jpg,position
train_6628.jpg,holdout,g_train_6628.jpg,text_other
train_6629.jpg,train,g_train_6629.jpg,text_other
train_6630.jpg,train,g_train_6630.jpg,number
train_6631.jpg,holdout,g_train_6631.jpg,text_other
train_6632.jpg,train,g_train_6632.jpg,price
train_6633.jpg,train,g_train_6633.jpg,text_other
train_6634.jpg,train,g_train_6634.jpg,text_other
train_6635.jpg,train,g_train_6635.jpg,text_other
train_6636.jpg,train,g_train_6636.jpg,text_other
train_6637.jpg,train,g_train_6637.jpg,text_other
train_6638.jpg,train,g_train_6638.jpg,price
train_6639.jpg,holdout,g_train_6639.jpg,text_other
train_6640.jpg,train,g_train_6640.jpg,price
train_6641.jpg,holdout,g_train_6641.jpg,text_other
train_6642.jpg,train,g_train_6642.jpg,text_other
train_6643.jpg,valid,g_train_6643.jpg,text_other
train_6644.jpg,holdout,g_train_6644.jpg,price
train_6645.jpg,train,g_train_6645.jpg,number
train_6646.jpg,train,g_train_6646.jpg,text_other
train_6647.jpg,valid,g_train_6647.jpg,price
train_6648.jpg,train,g_train_6648.jpg,number
train_6649.jpg,train,g_train_6649.jpg,text_other
train_6650.jpg,train,g_train_6650.jpg,text_other
train_6651.jpg,train,g_train_6651.jpg,text_other
train_6652.jpg,train,g_train_6652.jpg,text_other
train_6653.jpg,valid,g_train_6653.jpg,text_other
train_6654.jpg,train,g_train_6654.jpg,price
train_6655.jpg,train,g_train_6655.jpg,text_other
train_6656.jpg,train,g_train_6656.jpg,text_other
train_6657.jpg,train,g_train_6657.jpg,number
train_6658.jpg,train,g_train_6658.jpg,text_other
train_6659.jpg,train,g_train_6659.jpg,text_other
train_6660.jpg,train,g_train_6660.jpg,text_other
train_6661.jpg,holdout,g_train_6661.jpg,text_other
train_6662.jpg,train,g_train_6662.jpg,text_other
train_6663.jpg,train,g_train_6663.jpg,text_other
train_6664.jpg,train,g_train_6664.jpg,text_other
train_6665.jpg,train,g_train_6665.jpg,text_other
train_6666.jpg,holdout,g_train_6666.jpg,text_other
train_6667.jpg,train,g_train_6667.jpg,price
train_6668.jpg,train,g_train_6668.jpg,text_other
train_6669.jpg,train,g_train_6669.jpg,price
train_6670.jpg,train,g_train_6670.jpg,text_other
train_6671.jpg,train,g_train_6671.jpg,number
train_6672.jpg,train,g_train_6672.jpg,text_other
train_6673.jpg,train,g_train_6673.jpg,price
train_6674.jpg,train,g_train_6674.jpg,text_other
train_6675.jpg,train,g_train_6675.jpg,text_other
train_6676.jpg,train,g_train_6676.jpg,position
train_6677.jpg,train,g_train_6677.jpg,text_other
train_6678.jpg,train,g_train_1842.jpg,text_other
train_6679.jpg,train,g_train_6679.jpg,text_other
train_6680.jpg,train,g_train_6680.jpg,text_other
train_6681.jpg,train,g_train_6681.jpg,text_other
train_6682.jpg,train,g_train_6682.jpg,number
train_6683.jpg,valid,g_train_6683.jpg,text_other
train_6684.jpg,valid,g_train_6684.jpg,text_other
train_6685.jpg,train,g_train_6685.jpg,text_other
train_6686.jpg,valid,g_train_6686.jpg,price
train_6687.jpg,train,g_train_6687.jpg,text_other
train_6688.jpg,train,g_train_6688.jpg,text_other
train_6689.jpg,train,g_train_6689.jpg,position
train_6690.jpg,valid,g_train_6690.jpg,number
train_6691.jpg,train,g_train_6691.jpg,text_other
train_6692.jpg,train,g_train_6692.jpg,text_other
train_6693.jpg,train,g_train_6693.jpg,text_other
train_6694.jpg,train,g_train_6694.jpg,text_other
train_6695.jpg,train,g_train_6695.jpg,text_other
train_6696.jpg,train,g_train_6696.jpg,number
train_6697.jpg,valid,g_train_6697.jpg,text_other
train_6698.jpg,train,g_train_6698.jpg,text_other
train_6699.jpg,train,g_train_6699.jpg,text_other
train_6700.jpg,train,g_train_6700.jpg,number
train_6701.jpg,holdout,g_train_6701.jpg,position
train_6702.jpg,train,g_train_6702.jpg,price
train_6703.jpg,train,g_train_6703.jpg,text_other
train_6704.jpg,train,g_train_6704.jpg,text_other
train_6705.jpg,train,g_train_6705.jpg,number
train_6706.jpg,train,g_train_6706.jpg,text_other
train_6707.jpg,train,g_train_6707.jpg,text_other
train_6708.jpg,train,g_train_6708.jpg,text_other
train_6709.jpg,train,g_train_6709.jpg,text_other
train_6710.jpg,train,g_train_6710.jpg,text_other
train_6711.jpg,valid,g_train_6711.jpg,text_other
train_6712.jpg,holdout,g_train_6712.jpg,text_other
train_6713.jpg,train,g_train_6713.jpg,price
train_6714.jpg,holdout,g_train_6714.jpg,text_other
