id,pixel_sha256
train_0001.jpg,029745ccaa045eea73bc3f2bee9ef714484ce42848992bad856f42d1e49c2733
train_0002.jpg,8e6d9ad02681644b0d0214ddfd884c0e515f0de5976f6cdc14b29e7baca20d84
train_0003.jpg,3065b0fce82387df814de2371977ce103ab3b7c1b98ae64868f971a65641b6b8
train_0004.jpg,c0c535dffbb5f73c367f47742a4a3b0d71219d4153c0d0265f125cde168353b9
train_0005.jpg,81a11b57677a10947235903e4fd99dab63dfefefdca8f0a1d7b7ec58a614f271
train_0006.jpg,71f9ca0bcbfa95c62c54e635689ff7cb782bf484bc3c09a4663acbe37538ebef
train_0007.jpg,f9593396802e4be80dc1043ed5a30631b61d381c95885860d4fe122454374e9d
train_0008.jpg,154a176f05ca8d7ea021c3ecd98e3c868f1c84def16749b9d158dadfae3b42cc
train_0009.jpg,77c4dd15923a07848e31de56c284b6b824eb4cf0bad9a32092d225f9c9290576
train_0010.jpg,ba1157458461123e68783faeb24aa7fc490e5e17fcf7a58ea2b7a9ba27ba16b8
train_0011.jpg,6c61ebf64c3a0a7bfee647a694fb01d2f24d079223d1e667a56972c409a2947e
train_0012.jpg,bcfc11cd81c23e1d6479d92b94920d5b15527119c54c3030b97fe1b4c3b79d06
train_0013.jpg,e6861298c6676f2d1bb06fb927eda70108c93d4e86f0fc401f9232021d420102
train_0014.jpg,fe81f18a8102d4fd99029420e85569235122c2682c8f65ec9891eeb23ee78bd4
train_0015.jpg,84c205c5c577d67996246311dba33163828ccd576f12ad5335073193d9dfc619
train_0016.jpg,103e34882ad7837babde63bff305e363a44f150f4fac0e08b131ec57aa1fc48b
train_0017.jpg,015ffc7de65c51c218284e12f745e2773439740b99d163c86d6b1649b0366722
train_0018.jpg,0d7407f0314bd6be409f355886f5e93f306e53ffb0ceba6beda048ff8791c992
train_0019.jpg,31ec10ddafaf6eb31b1e076c73fc3b1a3f54d465c584bb025cc23d61f09b1fe2
train_0020.jpg,4b4a75a277d0fc2494d50ff0a39b09661955b486a9f7bf11ae177536378c8bd1
train_0021.jpg,9d82752e712a4964cb6a8cf1cd9dd3b65bca5f1871ab770d9b8d65741a45a04b
train_0022.jpg,0adb6c96dd909be0915bef5542601e3a8ab54fdb166872b6c370fc0ea26ba14b
train_0023.jpg,b6467d40fbd689cc41c71ddac1e78266d1a9494ebea81f4eda347e1cb166e9b3
train_0024.jpg,08a327fa3cafb4b2494a5d84ae417bf73c075757ade0bd499172ab5f7ab493c6
train_0025.jpg,2a635855092f8e4ffa117ac14d2259ef0259ee5263984cb6e923db07d24e4667
train_0026.jpg,2345352de891cec13e053670f56288b03cac57c1176b54f2b30c8ffb6105e259
train_0027.jpg,1c0eb86385aef46cc84a125b4cff095de42ab7d7779e921e7a892e91caa7a37a
train_0028.jpg,9e41d91a27049cd18bfafad298a59ae0ab7c0f55fc81ce889028a4f52c55d6ef
train_0029.jpg,60b3746077866c46ac19441148236a5f81d5e898ea9d53ee108795233dc058a9
train_0030.jpg,d4314803d37c88280771e81640712278d81b860899774e26c9aec714c857f1fc
train_0031.jpg,7a6d476664094146b558bca8930a0e0916d75e2179d3b376636bf8fda578a691
train_0032.jpg,a943f7b321ed495b24ebe36ee589f8b9e0aec140be4c779c6cb5486891402103
train_0033.jpg,d88286b7888b50a05ccb5762f49433d3e849b94bbe4aad6e9c501df0e5cb7f5e
train_0034.jpg,c1ef239a669a7bc416bf0a10fd714beb18acb720415fbdaf62a5775326486575
train_0035.jpg,00c25ec1c2b5a49c600eaef38a844c9e849db4ecbaf31ecaa9cf91e7c7baaf3a
train_0036.jpg,5a19b92bac33eff0c9e9cb63fe0d7f70436a9d66926ad0874457f66645d57d8c
train_0037.jpg,bddd9c3af683a646eb7574c118a71c266c61b05f556ffa8696844299ea10d0cd
train_0038.jpg,eff2dc73dfdfed74d812f712aac8c7b3c5408fd5dec3737ed902b546360fe4f2
train_0039.jpg,c0712ee5b3453a3942f87fcaac88bb4c7a515c69c94e9028e4c5796a3d6a9ccc
train_0040.jpg,7e41c33e408231e8e277e00f9a709a15e49e200fd702f720007c9fbf763e92d7
train_0041.jpg,690a5a26c8c4442cb4834c22b64efb9921b9b99d0990d44a1e165de7c08a641d
train_0042.jpg,c98ecce4c49ca590f66fecb36238eff45bf62b141b5ae6024dd60410320b005f
train_0043.jpg,799633f67df51110274828c913b13ce1138ec6eb70246b1decd1b0beb758057b
train_0044.jpg,e17908e594a852fdf69eb0a94d187a7fae2055ea71818308d0823b0063f00b49
train_0045.jpg,f84e98e64a8d6e6d1519c8ff04f4eb5bf752c89330c6f78c60e5d9e16244404a
train_0046.jpg,d5ac3c463c4a00a0e9d898f7fa00fce7e159fb84f5f865738dbeb4b943eddb23
train_0047.jpg,c4c3b0ba8a3eb8151adbc4a0d539f017131eac3936539d878e317d3e41f4dac9
train_0048.jpg,4cfbbd0d02bcdcb80103a9705c08f0a56baa796553b150eac1d356b69579d4fd
train_0049.jpg,1303e9c8eaf0f4af5401c68214f594d095028fb89b2bccf1be2bbc262f1cfc95
train_0050.jpg,98f0efe5de7be180869204fd473b80a76dacd6395da580b0925cad7d7036bbb5
train_0051.jpg,69897eb3ac88d172e33dbe2aa589cd2a1c40010f88e76b21ac2e69518bfff252
train_0052.jpg,a58196e9638fcdcf61d3c399fc04c59efd9f6c999689d55d83e65c9461be914b
train_0053.jpg,42d34cecc3e41e539b3be5cb01f44606c8707dc1c7e3e22d1f66379ce4520dda
train_0054.jpg,531ac825ab29eaeb7e76a659812c4039608c5ecd8d79b3a01ecce811dce0f33a
train_0055.jpg,44179aad4e64ae252b8bc914ea087fbbe0dd399106691107e49396327feb6ed1
train_0056.jpg,0e2596e0dda1094cb19e687eedc18365a6f2109c30b9a75c466c742777df14c5
train_0057.jpg,f502432b9da6d10c152c5c4727dbffaac52db3b7a358210da15f8ac93465e14f
train_0058.jpg,7aa24f6ee9b2effc8d56cc4007d7dde967ea2ac65dc443dd4f3e521b97aa3998
train_0059.jpg,30a3e34dc20f617540a44bd3d6f18eded95c4aa83a9152af28e6aa8c1b295c18
train_0060.jpg,d0c2bad451373ba27772d598fa0884917da9834f5d231f0319c312db8aa8f87b
train_0061.jpg,104163957d1387f80044c2262d5377a40aae6ad73c340cef4d1ecd53f3b36a0c
train_0062.jpg,e196bd8a0afe9999cf1581d5efb904e5615811de3f802fdae44d82cbfd47e76f
train_0063.jpg,5055cd00f9a88c35ccb75a064a7797323a7ca22fb6c781dfec055ea3c7cf0d73
train_0064.jpg,daed0749e8603e75aeaab3051acda3b980b3328986db13955aa5d397df1a9f8c
train_0065.jpg,662f245e5117687c237089284e0d8557646258dcd95c594758b58bf70de7f285
train_0066.jpg,3cdee9a09e692a8f629a98fb61b6563ab041be13eee51ce85ec9eed9e2fc41d4
train_0067.jpg,919b1cdacf17c7e8c1d79ea246d6428b4a6ba1cb56d199fe44685d97147314c4
train_0068.jpg,484e9b6f91a201ba079c1a1adf67ce09817c71f05ce72bad73639c5f359a92f9
train_0069.jpg,69f41c8d1880b292b7a05b99288ab4d20c5241a630307030a2af7a5faddfea3d
train_0070.jpg,32bfd116b874f019f8d3820a6e9633471bc6cf6cc7ba8980138aa39085dcb8a5
train_0071.jpg,9056f39bf633fbb180c519f28c534994a3765d870ccaf088068441ce1bcab688
train_0072.jpg,608a224bebce9f635eb07b6af7e9bb6a7963916980d4510698bc3d2686fbc0e9
train_0073.jpg,184c941ce8a528c15c2cb4f36c4e4b6c7924736c632eaafbad3f0ed80a7149be
train_0074.jpg,c8cc6b0872845c57a3a8367c0469cd982af99276746fa8d294bca5faa2690fbf
train_0075.jpg,f364f6de91910dee2a85720918c05aa5a382beea40a92e8b98ff9edf7a24c02a
train_0076.jpg,39f0912645ae2909d96fb0631a37f7fd05d7bb740f7526767344554f368eef13
train_0077.jpg,89e46a69fc2e958f7fc824933dc60307587c08a046c17706e54b7afd240b4653
train_0078.jpg,fc3efd95af8a1085143088d51d4836ac904666981fa54df98158150e1e24ffc2
train_0079.jpg,0d409139590ef1a63e58a6b7400dc67cc849f85725f977befcd1729c3eb4d8d4
train_0080.jpg,afa357304579d0d9adf5d3405abcfce85b81b42bb6f21302c8329406989f2017
train_0081.jpg,7ea14e444f9e8fd8ab9d20fb8ce8ebc31b9a9c60cc054aa4afa5b130bbfc0410
train_0082.jpg,20cde157215497c5e25095276bc74773ae7e597e4ba279e7462b13dc0cf12e63
train_0083.jpg,10733e4527ca0780011fdeea5d55147355c4f021ec273e4f791bc13ce80c2af3
train_0084.jpg,1b26185b39d50b7886e97e152a2894017c53e90889d9bc6d0308d0b8d9a5f8b7
train_0085.jpg,0589e1a87e99ac92deb90bc8eb0c7709fd9c1a846686c8efc45aa834c6cf539a
train_0086.jpg,63c58fb795d0d784e0621e27f0da896d1bb9002ddaec50d1b17926441fa44bb7
train_0087.jpg,e618904f95a8ec8f670870d33a64727edad3fc09ce7ba2d89aea74096131ee1e
train_0088.jpg,551d45d7303957c2242aad961e712e8bd2f500b457ea1d8a01000849bf2b4fc2
train_0089.jpg,73c5d8664972a84163368f3f7acfda9c724149fa36f34906e9cd6f5628ccedaa
train_0090.jpg,882f8022539b1a989d6c5b67dfd8cf5e1739c62394a62901ef4f0b8408d5ff1f
train_0091.jpg,b3c1baf7f57b1063b92164c76211300723d3ba1b9af56245c2ba1678973adcc1
train_0092.jpg,68e7d27bbca55fc0daaa9f55869a389f0ecddacab1dded13505789d6e052d5b4
train_0093.jpg,8bd4a4cb2d5ba9feeb0db0028cc2014c532fa9559f527bf1fddfc4597460c336
train_0094.jpg,0a70ac7738609dc05b1b0935ce211818cba6c0951ecb9ea1a3a0e912f1e66c74
train_0095.jpg,5c2e083312104633022ca6697b55a812522d74ee17bba7d20509fd6372da13a9
train_0096.jpg,d3ae3f38777ccdf913a38243cdc8d1af749ca93c3328a90b459f65af2a7316d2
train_0097.jpg,3881c209f69a161e56fe6a9cc24cd2bbc97e5ea0225fa15f3acd30e52bb1d026
train_0098.jpg,0a8196be7a91ccc87c7b6b1f99776b5938e7263575372ea154a4a31468d682a0
train_0099.jpg,d96dad68ae83cb85ef1d3580649c510f1372e367cf25e64250968ab56453c123
train_0100.jpg,a34a6093be4349404b8e9cabc07cb159c5b72ec5821d0294257b9c1b54260d4d
train_0101.jpg,abac43c47a4e890663bc483457c64bd7b53e9e11f33c9f77969cd308d6c2d52c
train_0102.jpg,c45c17afd49d035060c43f9f9d5153d4986bd710a3f263d67cf531127180d12b
train_0103.jpg,d2b7c1cb1b3ce875e32e494fcf2c73a3c707b206385def4a991d6d567785e7b4
train_0104.jpg,fd2e6f2ea6be22fdd3fcde616753e2543dfa1edfda5cf2234e44bbae6e165f5d
train_0105.jpg,6016e3c74c36bdf57969ffa4c047a978dfa95929c697389388694ec3956c29b6
train_0106.jpg,79754bb07f834af5813d31792c9ba2ba67c4758ed92a5047b4f3419df9b2340f
train_0107.jpg,27b34973179b7dd311b287e551ed12a295733e5859a7125271677fe054f729f5
train_0108.jpg,02aec75bf3b529c096b281eb24554eedb887936eaf76913e527bcfce0e34eca7
train_0109.jpg,13068489fff07b890cbb112bf5b84ba2dbdcc169374be2d11c09fa8e59b19141
train_0110.jpg,4228442114e69237bce841c3009d971c3ccd4f3b3517b4e19356fd1678e672c7
train_0111.jpg,696b5084b03a2f3dac611cfab52c264e14d2201fda3a0547a9f05f3475507cf4
train_0112.jpg,3fac644a382d633f2f82521db35f15b67c1717385fad76bc194a3575d593f375
train_0113.jpg,d5c3539f39ef0f1160cc9dfd0250969c3e831e9396057dfb8496756ea2cd9388
train_0114.jpg,17067bb6a738b93f69ef7c98bb25fbcf07ccaaae661f34b8a8c36702bb79cae3
train_0115.jpg,d0cec453cc4a80499f53a01751d89bc60f7954ca5cbf59d2c67c58b813c004d7
train_0116.jpg,54bedaeed822951669046274dde0b0859e0de127dfa4b685b984e1ef6f0bed27
train_0117.jpg,c41e6bd48e6689fb60a232fbea2ae1eec162661af069d3574ae75fbdaec5f5bb
train_0118.jpg,17377a934cb62383ff29c953f853ee8c0c64ae68faa79582fae14350ed53cd84
train_0119.jpg,bf3894c91c3def14c7d59f1eab7bdb9f8a38d23fede82b2669f5bf2d4836c9cd
train_0120.jpg,dfbf0d294382251cc8ed07e131e1353339644589f3e3fe982d6871b5f61c1100
train_0121.jpg,9ec0e7bf89bce76a264c9be96067fd2452bb68fd4f7235f7edbe8d04451ec7b6
train_0122.jpg,5b52aa43f1d85b68340dff8dea9eda4b766ffa9ceda4530588a17cfee44e49b1
train_0123.jpg,1038d1a2d53ed231c594ee455d19eaac450a162f8a7f59c1d325f84a2ab1cbc2
train_0124.jpg,2567739cbc79a8dac5d3a6b8076ea400b97006aeb3e5bff8cc09c0927e91c877
train_0125.jpg,9aa3aff2f69108aabe7b6c435ec64ea5b2c65cc0daaa142a011b8fcec5a5d75a
train_0126.jpg,4ebb00d990697429cc93fa3c660cfa3206191e879e35630fd1b3234d60fa70d6
train_0127.jpg,3dfdc0c1a55303cbcf0944abb0000f99875e3b2cee1eebc4ff3f7233f9b69c5c
train_0128.jpg,87f53757258efe938540a48a1bccfe8bdc317a68072e2579f8eca3266ba726fe
train_0129.jpg,76136bb0833cde4dc326f791a0a963affc8dc15a93a8c8c2da1a7e1e9ef524bf
train_0130.jpg,e77d21ee6501ce94bad59c38b12688757fb58681fb4b8a8e6de464ff72006435
train_0131.jpg,20ebb53d3fb42b0b40ca5765255be60cf03643ccb8c0abf8a32c4294b3f6e3b3
train_0132.jpg,12e62729ff847dc3c09b56e2865b3df48bdee3883225994dea4cceffa78740c1
train_0133.jpg,8743848f7231515621b89e8413c8acf1998c3db9435abc6633cc52f981019800
train_0134.jpg,eb358ee33601c99a6a0378fa9ce6a1d9ae0bf3061a96a8f21e45ba5ec78af71c
train_0135.jpg,25968f46a50d64d596d7867e543c6d44da46ba44ce93b6702ecb5afa9db8a193
train_0136.jpg,99fc70d1a0bf2aa8d46a9052507fbb7ae1d5be5ccbc5d02fc0f8574db9a6ff8c
train_0137.jpg,56e3d7e895c546491f5d8f21cd8b19314d2d8ba181d1d33fb7f0c50adca1f9b6
train_0138.jpg,10736df41b8ea9d186bb63b18c0d9cad7e1462b93be901040d93ce2baa6b6e39
train_0139.jpg,0f74b4e0fa53a8e120da5bd5756378a92989b1e1491e2bf0a1491e3d2bcb7324
train_0140.jpg,71489b9c72a1e674137805f35a72b8402e58a2ff4edc84b33f863d6cdbdc43e1
train_0141.jpg,89bb64631ec08cb1db5accd84df94c5ae6e0ae8dfff337251d3e872410789495
train_0142.jpg,6cd084f69d112b541becda0f3dd678e43eb207d93b2d034d29ed3a47b592d037
train_0143.jpg,5bc029a04aea8612d38ecdd92853019fb87973de610c363ca9ce955e0694d610
train_0144.jpg,203c2271c9cde12c85d30956559fe3a3b7378c0aa99fbef66291c14c237dcaec
train_0145.jpg,786fd4149d3973a1044e315a76fc7c4d60fa77801c97e33416db36c8460d0106
train_0146.jpg,e75d104071ab23db83ca14d0cbfb26952c6cfb23860600da2707d11f35c909a8
train_0147.jpg,dfb362a1bf4c01c16c2a1fde331af3d0d8197b983c97f5f4294c65f12175fc7c
train_0148.jpg,135a1ec6c39234ddc5a91fc84774dcf9548b654f4405210033c454826b1e012a
train_0149.jpg,21508e0dbbad90ccab1b584f71a8f43dee13d474989bc02c22a7997a792e1b16
train_0150.jpg,292ddc29089cd8b1f0f2ba36b608134c09c3e5a1d113982d39ad1d7bc34c5ced
train_0151.jpg,0c99fb9a04cdc7f75a147e37174a600208fea2166ccae703adae837dfd5d8045
train_0152.jpg,9a2912371071f1737a71bbe877dfa2052cf8eacf72653ade715a9190427cb9bf
train_0153.jpg,c30b72947119ad4da236222eb92305820ac5c9285889cc939e7ec79e036d7013
train_0154.jpg,a9f8cbc1e660521e065b63d6fd359f14cbd91f6dc89b2da9283c7efe77138d1f
train_0155.jpg,2200f81ad2fe987e5ca4f05d2abda67adf38f39bb012fd9c8aa8337f2b854703
train_0156.jpg,2ba1ba0fc1ad220c48b37d0a0a7619269a6074ee28a7c02927086835ec81e272
train_0157.jpg,b26f03c8815612df3a95d6fdbce1df320e766b0d170f120557b293edaccf71af
train_0158.jpg,14dac6dc5b7c7a32ec40204d82d2c08b3d635299390b66c993f1283b61fdd60c
train_0159.jpg,91089c9e827f619e07e63f2166e9e025fb18b51991d85d27d2ce73f66972b45d
train_0160.jpg,6e07596e3fa53c884a0dbc4ea3494335b228ef65f2b671a591ca504a6676247e
train_0161.jpg,e755fc857dcf66cba6746914a6e0c6a7461f2b284121881cf4e142a9884b96ff
train_0162.jpg,2797c707c814ab90ca9b4b22d6eefaf016c5b2c125618e1664cd0583bfd72e5e
train_0163.jpg,e07ead86fcf505533a6a9043f73215a35e320d071f4813b8fdb2cd0bf618b60d
train_0164.jpg,a381e4b29b9829538f4a3077fc54742bdacc867a682a785f42d65f3aa9460e50
train_0165.jpg,736d1ec99231163a7af1bbb3d7bdffee9d5559e4ef9975098280770b2f6b2c8c
train_0166.jpg,186b78f320542593b2ba999f8a1b0e02ea57aa9e62be81b98a0376274b9112b0
train_0167.jpg,162f4a14f71eedb2790edf1462e7fd10064aa0397e124eb9c4c7e1b44363a091
train_0168.jpg,0d2fc4b81f821ee63aedfc8e295f379c60f07fa063544392bee56868f3bb6054
train_0169.jpg,25c4cc0e08dba3764dc23227efbdd1700b0423376b6137ba63ddea20facbe99b
train_0170.jpg,bb5f7b71e14a71301f517ed5d4dcee66d4b3484ee165120312b575a47c025763
train_0171.jpg,80aae99601548be52c1624750724a3eae34d099533c4616f471d4ca393d8481f
train_0172.jpg,d5a6a8b0287854d79355391ba1ffde4eeedcc3addda103e12cb90142468d03e9
train_0173.jpg,9d68ef7c09f0008cd8423e2ad81d6b29a4093fface7fec5268e016d9184a77e0
train_0174.jpg,7bb524e102c5a27a1c8096b2c2b6f9b5b28a3579cf169f2779ebdb6c4fc7423c
train_0175.jpg,732238fb858e62d96db71f747950332d6e0d3ddd95a3cc710b6eedd60bfffaf5
train_0176.jpg,465360c9cd04bfab8ae168513fbad0369bf13a0686d8b687974b169458fc590a
train_0177.jpg,56729efd61ea688ee6587f9361f32acac22bdc61a59f58c44afea1edfc067085
train_0178.jpg,cb4605ec1dd1c4ce84057bc7bdb2834ddf4e0846bc7718757be6ebdc9902f359
train_0179.jpg,4ade9fba88382eeb11f03f552459003c5e307a5fc402b89839feb89faee2e9f2
train_0180.jpg,fa7ff6fb32672fd23d8fa61d8c87830128c490aa4658d7af57b6112cdf1d2a74
train_0181.jpg,8738b73704b33ff53500d1d89250c42fb75c880ba73f3acf6cbadb358a6e7aae
train_0182.jpg,e6ccb647e5ece662d93f0e75c7d6557a698cb9b200cad4f9acb0b42280768235
train_0183.jpg,b36e76c18b58f19eaf20620bc8bc97dac5f9ea2a9ac4a6b66de9aa13601a6b82
train_0184.jpg,c662bfb6672f37dbf1df0202ef283c498fd47e6450973439930bde03ad3d022b
train_0185.jpg,454502fe04dbb8376623eed3b97f51f4b7f2c48954fc1ba7bb2e97f33ef842c0
train_0186.jpg,403f0ee3d7d0d4d2afef45aab489d0f9ec6eab4f4189aabb5d72a84853b43c38
train_0187.jpg,45abcc034bdc43be0caa4cf98076e81db1265a001da57e34cf9799b3f949e31c
train_0188.jpg,d05cd5ca6793ceb91f6acf735e1398ae45b839737704460c69c4417f217ffc8a
train_0189.jpg,1a93d1bc2586533649c0acb031215063370f2ae928b862e3226c3cd42361d94c
train_0190.jpg,603e16d7be8d26198cd686ba9af4b83509471c9ad33184d7b8891174b29721ec
train_0191.jpg,753df8a264d28f5065c9bcf4be8cf7232717c36001edad5c765e5bc4c984f7b7
train_0192.jpg,271a9fe1eec25ddc7d2ec190254d4e4a38e81930e22ca730fb41ac7d07f49bcd
train_0193.jpg,68c5d2689909dc4302e2770ad0618e6154df2b20875b1394b17cb7a1016fc82a
train_0194.jpg,525129fac0e9738a565ba88fd8b711eabcf5346da812bdafa7b8802f0f8905eb
train_0195.jpg,64c5e26b49c42349547ce3f881048c2785ec61a8ecda3a86353d3edc4d44d6ce
train_0196.jpg,df4a9d5ce20b2d88598b7916e6f46c972ac08c41801cf05933bcbc818b8caabf
train_0197.jpg,aca9e97dd442bc911a07a9a7bcf06cea822f617d429bc98eccd12665acd6c98a
train_0198.jpg,00bb7c414681c2202ad89e6b2ba26c133b05c6a4bf0870162955fe9f9ec39394
train_0199.jpg,c3086117352a5f95dae19d9c0fa10544f0646ff73fb737495a816b5639530971
train_0200.jpg,fb3866c70a5490c4786a54711de04e901ff2a3e1c5ac78c554f24fa6bcbb8a7d
train_0201.jpg,d47ab3f8909d53ebc9d10d76c35feb1eba91e8c4f3d974f848330eef394cfb80
train_0202.jpg,38eb60c2dd0ce514d6df72e86f9c68540a7df2043245fd3fa3d81b677e1595f1
train_0203.jpg,7ad9837ecbac115ca722520b82f695c91ae3bb33fcf2f65f4c5ea198de2a5fea
train_0204.jpg,ff6654b08761260987c8ff1445cfa1badaed06bbafe8fa7ca9de690bfb32e326
train_0205.jpg,1322a4c307067cf7bd8447ffd030de9a463a7d0af52d901e52744e782b8305bd
train_0206.jpg,6ff9507ad159f395b01005eb6fe77f0d2006a6a50f7963d770be2e1219006072
train_0207.jpg,946b80110acb7995141bf3eb2ea903fb612c7de6972cf66043f38f085558222c
train_0208.jpg,6e123e81001b7c9e93adacd273fbd241204bbe7ae23dbb1b87347781cf3eacbc
train_0209.jpg,e6c88e84072ef6bec257de04c83d2f06004f7192f4786b16d631fd8ea31b69f4
train_0210.jpg,126fd691667c9ee6358d019046140a4362516739663694caedfcfbd2a38db10e
train_0211.jpg,c68eb481d866c62a3e29209650f708c2e1d07ae973bce4cc9c6fe6b516844874
train_0212.jpg,f8c08caf5f67ae63d2a96b9a507453f493ccaab0cc054f8bc0a061068bf00ad1
train_0213.jpg,3bd7caa2ecc7423daa3a9c9ea6656c4b688f3d426b3d4f9ca4d777640c63fe6c
train_0214.jpg,58f8f30c1ba9b35b6f4eca79ceec29a50b459a19b5d8364bd9357ff3062a8293
train_0215.jpg,ffea2f895edd62ac92775bbbdafe387ffaa40291cd1ecd9c49429ca75faa771e
train_0216.jpg,3f17fc2951086ca2cb12a8b0c93754b9f12c61952494e0d253fc0c7bc8fa9279
train_0217.jpg,bf53509f86c20edf9689ea18a45eb33f28e66c3993a764cf9db22f3b80e050a5
train_0218.jpg,9e2d1e53ff1065c96c71de19d0cca4d8e8118aa81615dc058f525a19df19c5ac
train_0219.jpg,cf8e5baae1da3c137afcb3a0bf23f90a79ec9d0691f5e263f13d4737e5eeb0f7
train_0220.jpg,081ed13fdd24ee44a357caff4a2f679cb46f99034d9df15d070ab1fc5a373148
train_0221.jpg,6d2a81b12d3eb53e314ef857684899664ca4166088e3de77abaa147bac6f7a9d
train_0222.jpg,e333bcdc63148aa76139af85a7ede122042071fc383a3587dcfcdafd9beefe68
train_0223.jpg,ee98fe42633bc01209add4f02dbab45bb79243c14089d0fab1d1e0798c157608
train_0224.jpg,29ee221cff15860c649e9135fc3daadc4e8b82d81609c239de4f14c1b332cab6
train_0225.jpg,9909d0057b435873fd4e31756d739e063c844e1108029e7d68d0aeebe27b231c
train_0226.jpg,1580f495d3db70c8a6a5f477db32aa2f6027eb2ed5bc4c3f62fe04dbc9fbb36f
train_0227.jpg,2d320b9d46e540cecef7df8021492d6775f9f097ba12e369d91fc35821526d5c
train_0228.jpg,340416b418a54557dd7ad6af15a0c89ade781ad2be94e36438f97fef8096426c
train_0229.jpg,cd3b60a93f782ec7343b51850ebd1097dba8a50afc7b96a48b802ff6535eaa08
train_0230.jpg,c8428c27d6e134b8ca92b915346534b09a63176d1dfbd2426e764f0490c0a478
train_0231.jpg,e1ebec803ff3ebdba763decb056c20f02008fd940c6bb22cb226306de74db792
train_0232.jpg,7a4d16beb5f9556ed208753035e08cef8f1c705a8a595373366245a5d823b891
train_0233.jpg,bf76094c683dda0bb3e28e9da5e5e0bf5ccca68c3218875604a3cb62bdf67e6e
train_0234.jpg,498aed2968672a9cc2751e8f57b7cccbb7fb30b5fd7bb86ce4726f2b1daee1ee
train_0235.jpg,29ec6922d3a0ec60e80432e078374cf4e5c8e179992b8e48834102aba26b2dd4
train_0236.jpg,2bf5b6f01fd6aeff3f64e29a002b8e4728e76c316ed84d48d894a010f53b3408
train_0237.jpg,1f476db33eb648697a9796ecc4180cdd8796454fcb2464de68829bab23d2445b
train_0238.jpg,b4cc1ab8578f220b603a32a2b507297e80db747c1933bc61f2fdafbf4066f4e3
train_0239.jpg,ecfb51bde9c2bedf598c7900547dee0f0aa756b13841c58aec44af0694c1a54d
train_0240.jpg,6930cbb12bb2f2cc01ec374d3186d49ca3d1070c4e38840fa04992378e33e03a
train_0241.jpg,93b80c155af36fea4471d760f63bc497ad1b8cad75ba95797c08908066110a6f
train_0242.jpg,a52563518523e8adea71b55516ec6f65dd4b043f6b6318e691c26080d41a4f2c
train_0243.jpg,3d959f30b2acd7867755e7bd41f0a55a51e471a18d0d785103d0ab154ebd23ed
train_0244.jpg,24c86914d17af86376085e3bb084f70e036d4fdf4124bd8394b6dd459400d82a
train_0245.jpg,df42ba46b8d50c3851fb4f77250f3e7b6673a1868258d8e52485c39f83b03785
train_0246.jpg,5dd02f0f0b1757d5382c38a9fbfc14e4b42cd57fd11ac20a507c75108d0b61b0
train_0247.jpg,57fc2098273d44ea019d12f9c2707b34751cb5e21b35a78365288052c034229a
train_0248.jpg,0fd130937b0f99a099b22af986cfbc634ec35dc1392b179fb6d23ff82b981e9e
train_0249.jpg,c590ba0cf390f199b0aca48429e96f0ad5a669ce794b798b63d1ad94b74dc3c1
train_0250.jpg,c09805c21b353a39ec0c663ebd655f5781b7672129f4c2335c5160394935cdfc
train_0251.jpg,15f9e0d8e368d7491d48aacb9a43103d89555f9341187a5e5a4d11594f8b9b81
train_0252.jpg,aa98ec95cd72b873e3e3668e0010f4782366e65cae43fdf93713e051076aa21b
train_0253.jpg,e353ea13de3deba111cfeb1b84016ac3d63a4c61caa67e498afc9a1adbd33423
train_0254.jpg,f74de9723f0b9837fe12ebccfd83255388dbd3fd0e95a3604277403366d6b4d2
train_0255.jpg,c4f73077ba0f01d0d17eedbaac1d4f20b201f6e7e74d1d5d2876c8f89d22888e
train_0256.jpg,d9dc21087e194ca51695edc04e357792213b50eca267902f8c0af86cebf71632
train_0257.jpg,31ccf891d287def0f9ff4ddcc73e36bcb2153b1c2996d12f59bd28f6b503eada
train_0258.jpg,6963daf0f138d7a60bff0da861bd46622076750fa48679308049209b3cec88bc
train_0259.jpg,bee8a5805fc00722883a2c97d4bbf0f0e2178018b6e2ce73cc5c9639084bb2e8
train_0260.jpg,a1233b7170c318a71736c97cba89fc6fc7eac3445a6b46dd22fcb783f2b961ee
train_0261.jpg,ada778290687badf2890b2123c53a4103284dd3c613341f7edd590fd151ae1ec
train_0262.jpg,a03211d3b43e1ee485644e86f0de221f32f9ec3a85cc0c719844a6978b96b22b
train_0263.jpg,e7cc40c76d9541b9af2f23319dcfd20d5112582f3cac9b91498594635f32e75a
train_0264.jpg,52d658561c4ca38527e211c0bcdcc89bff61613d4097a7f9e4a69d1db7c036ea
train_0265.jpg,dc19f586dfed6db83f2091310e171f4c2356730a46cb6dcae2411f67d5ed492b
train_0266.jpg,8ffef0743ab4cd53291441dfdb653b4cb3c2863fd9858630825433d7427bac0b
train_0267.jpg,ed8d612dc6a25efc94ca3afcf39b30c5d1dad142af82751775bd39cd55d3d998
train_0268.jpg,1f8b7167d2c66cefa6df5a70cd2f84474a63b4db6d045f4b387d95aaadc3c209
train_0269.jpg,86f8233f7d16bb3f32903e54d1a1cded9de3448b42e5698b802d1453d8a31bfa
train_0270.jpg,97bcce3691150e77957cc84e74659911423fed382606ba63faf503ded24bf4d9
train_0271.jpg,2ca70a6f5a6eb86678516ff50822825a4a3eaf03eff52fb927efda81b1c03eaa
train_0272.jpg,459c1c6876f4dcadaf16dd21771c7fbe0aff91d93195295e354937ee2b8b7679
train_0273.jpg,93217934df8dfd4f30bcfbf2a03ec14cb956dff05998dfc9d4b988fe56ee28d6
train_0274.jpg,e7c4f8c09e6108e00c741976e457ebcd0040aea19d8506a9981384f681bcaa7e
train_0275.jpg,5a36000ff354c2945e0ce0509f4434c3bf5679eacfe52fd40d8602aedf33ff13
train_0276.jpg,70f8500390f1161f7dfbb421bad57e817116b8c4bd9748273e46afe3c8b39004
train_0277.jpg,8904b10276a4eaf70a3ce8b886cafdf5a8eb7fd0194779937f928b12edf5ab21
train_0278.jpg,555dbaaee8e00e15b3bec8bf789de05a16ab9f9aa2e4d844e3fb221ed141da3a
train_0279.jpg,b57c4115b29dae80af0f233a3e95f718c0cbba3c5312782abcbf5bb43c6f5ca0
train_0280.jpg,1cd221d0a72130f28a824ae15b9f28759de2170b80488d0bfa0267b6709bb815
train_0281.jpg,02876229c085abe30ccbe2397e13f70b17e3b4fc85ac42fd5da7c3df453868ae
train_0282.jpg,187fcf6c5f5c850bf5e532bbf75d36d02fd8d89ed1e866271ca66e1858d2487d
train_0283.jpg,9291de96306cddc45adc3eb1f4d68d11694133f4c4cf5eb51eac2481cc28f5cd
train_0284.jpg,e99cf0394d6644ade3558d22e2a53a0ffbf9402bba1983db42d42e94b81ffd76
train_0285.jpg,a9476cc3055b0d49da927a88f2d20ae2e9d462f2b4abb166d916f62a5cb4e7ce
train_0286.jpg,05aa716757fed7be14beb5fd2ffcdf6863a95ecb496a08320cddb1cc8aeb02ed
train_0287.jpg,b1fc7ee476413140a03e690832e12c3cec6c2c7863922dc39fcad296baaa46b3
train_0288.jpg,04c3b5df95fca12d61c33dcb6e069b05457c2b4f4fee19103cfa43a879718a4a
train_0289.jpg,829be994dafee23103d4f019b17bdb02ffc81c2201882ad450b0476ac474cc48
train_0290.jpg,daf2919839f9adcfd3f50246599bb1cbf2450b01effdbe7db131c373380d1c0f
train_0291.jpg,947a3961447dc9b6adf26255362a2ba0bcf83ed3652de6e0aab19193697b94ac
train_0292.jpg,c9d42a3150f5dffa8cc13efd7e3a343165c1ce55dbd77f447cefbce31149ca32
train_0293.jpg,af19a348736dfa637203e8c79fcbb9917040c5177dc9008e14ec345b7db016d6
train_0294.jpg,de8a6fb5479eeca1588c5d2a0a7e322da253998fd6830bf7b1f8f0d3e8d4a9d8
train_0295.jpg,679b5088e18f3d807f0c3fd37c831f815e2d91fa2c40fd5afdfd98eec09d93ec
train_0296.jpg,1fa4b5855e94ae5f56ca17dc4d7d0e8484b3bd2c1c41d0f42137656e1b1e8237
train_0297.jpg,6e15f78e21bf5033e4ebac33564a533692793756e38564c30b38c17c3da18dd2
train_0298.jpg,263e49768854da8d5f3777bca740c5988e62bf24a0d446ffdd4367fcdb385e01
train_0299.jpg,ede0ce1998fc9d16503029b5e9c7a1d3c21ed00408e001cdb31d827543de70f7
train_0300.jpg,67b00de0f2aca89c48503c5f7f75bedeeb392cee856e9983c3d2803b8d194d10
train_0301.jpg,90626c5e9e627716f6d90f582b984b7d43624118e71fdbad31e80dd0b693aa88
train_0302.jpg,a50f11ef94c56a5d72f8d7b0127d8ce80a64144c46047186dd589e916d0fdd31
train_0303.jpg,26e9e533251d2627862e2191887c14ad740105810b7ac280aa568c1ef1c69ce8
train_0304.jpg,b278e24fa8ba3a8d18403e2f170ae8c263c69b8a2d3999348a67417f11e21b85
train_0305.jpg,87ea4b89b532480b34b6dfb6aeb7ad034dcdacccfa6ef4a8949551be248117e3
train_0306.jpg,30f79aabffa2729a1430b7af54248d50af71ecb6115a96c186e5b44950a5b534
train_0307.jpg,f49cb7405622fc80a78d8d2f4529c65cb34cd8e9ae268abe21f05a49182e2a03
train_0308.jpg,64f4740b08437fc10832f13b99e2195b27a3e10c7e3d620d7d22a768dcea97ce
train_0309.jpg,0a188bea3b71346e399be8688164f4a777c4bdba99ebc42b98633d738405459f
train_0310.jpg,2a7a82046ab2d1650ba8a054e1a70a9f6a4d5bc6495512757a595a5b257c1bf9
train_0311.jpg,13d4c2837110281bfe63af70b76e757c516ab48af9ff6bd638b17ffefde7ecc8
train_0312.jpg,e13343f508a39aee642a19835e2ae3d406d16d76adbbea8d7b7724d8e66bd09a
train_0313.jpg,088e291b7fc9d30bbea2327fe62ded1509a1dd6ed1cf81008461a86a7b83112b
train_0314.jpg,ed1d63fa643bee3d5ed5f7ee350f589191d8c425ca1500dc0c7721347bfdae5d
train_0315.jpg,448787c81da3eca03b42eb8cd926ff64b4990f5a64a74d44fd70d000a6a1697c
train_0316.jpg,cfa907636921f0e1804083bed313a5fc07b24801cfbcb3cdbdc2cb1ef536eb31
train_0317.jpg,4bc06ae6d122e579d09b18df8cbe513467978bcc9b6e6a05e9cf75e439dcb180
train_0318.jpg,58b69f7410517c468620a9a2e21badbdc1254dca10df334a40242d5e63be9533
train_0319.jpg,fed6906fbac399d0a98b0a198398d96b18d6405db82252e13bc9c5fb7ea46c53
train_0320.jpg,0f278775d624116550b93143a4f047b95c47337257a80032f503e1063c9277e7
train_0321.jpg,a5d54af4624b0806808f201eea8cb0fc565854d0635dff63adf18e6474080093
train_0322.jpg,37061a9ee4f9143510d0def9c59be075d002b9b41a285c06f808389c5459f2b0
train_0323.jpg,6f9242135cec8e714f4facf4f904a0cf722e5293c934666e25c51e00cea04dee
train_0324.jpg,7f1b5b5e90354e128797a11e2618b9db468b398f4e0110eb715012d457b6a722
train_0325.jpg,e44ccba754ce1b721f2e40ea2e54c6490570ae6bd035b3ae3366bc8ac5e41d95
train_0326.jpg,764beac17ffafd20e29b682e94e86e322525ac344a22522f7197c45aa3468b59
train_0327.jpg,a019378a73eaec6aac1503bc9a3e4217611c04d0c9ea72629e98ce4a5477eb9e
train_0328.jpg,a215e7778357a9fdb78e15809cc55abb62aecf754d522bbf596a318147bf7a4f
train_0329.jpg,9a446792526e9b2ad29af3880ddfd6dc19b5279e9589292764645eccde489e71
train_0330.jpg,3057c8b9554d90fccba76c3c146363149ebf8806d82ce05c4d776bb1da055953
train_0331.jpg,97770e5236a3feb3b6da80396393b3f5b4b24c7ffe1e0302efd92727df5306d1
train_0332.jpg,e33a8f60efd6ced693cbf06b073614a643e849cf314d34b16dfe62f409e17c32
train_0333.jpg,3fb4b675fd98b6cf1d2fa0b1ecef64c7f95cce689f40f316abc2482ed0bec88b
train_0334.jpg,3851c9c40b253ba25b90b0d35606537231ddee0dcc38baa43c7302f3ec972d2f
train_0335.jpg,4784ba92dc458cfebbc2b9818130480066d752ba9ca78b7908e0424e9876085a
train_0336.jpg,48e94609b058ba0c7c76ec15b2438c5b6d82802f82ee7d7dfd831834084a75e7
train_0337.jpg,62d7156e2a3a6782daa2b82bae6b373514da850b5d9393fe63fc6d93ffa2daea
train_0338.jpg,8b0b83cd132d7f8bde2e9b7cefa05785213062a882d21d9aa02ab4658004e357
train_0339.jpg,aca449b12f0f2fe613d04f1f2d84403eb6682b9a89968466f5970583c230e804
train_0340.jpg,930215ce1230a9e8e3733ae64b5dae7106a6edf4dea91f6aacbdf823980752a7
train_0341.jpg,e811990c8533768a4965aa0dc053ad242cae4a3141b5c91593eb9ea4b6f8f96c
train_0342.jpg,81d3b110e5484eecdd341bd92f0d92005fc08f4992c2cd9bf09a60e4093c2af8
train_0343.jpg,c9e67c139364fe8e65f4bb89fa8407faf7bab776a44f161b2b9eb72b63fe9c03
train_0344.jpg,58dc8ea9bd58ecd607bb2e1e614e4a992a60ade0761e43d3891c785b455c05f4
train_0345.jpg,f4be9560949204fbb9bbd08ecdb2c252259c7533daa18d6d57f6e64a54e01def
train_0346.jpg,d92b50d9c243852eb69540db2f6339de621c537988d3a31f2d599de357efba25
train_0347.jpg,f1d5805e2fd3ff4e53e006435f541f5407bc1d3e6f127aceb76c7e66d5cad3a2
train_0348.jpg,971f93861521ecb3a5db9f3266e2d92b10ccaf172e7d69ae60a11496cb7517fc
train_0349.jpg,3a4e68ed314d95a5ad99eee922f05a0d77f6f6fe81468e6ba473d8fd67f23830
train_0350.jpg,fb65f2783c44bfa0ad937088e1194c4015438f847fe29edfa00b807fedcd7692
train_0351.jpg,7c1f301de143ba58b76d7ceff139d378178567790d6a80149d3f602764665405
train_0352.jpg,0f01af21ba19316485ae1c90b4a5b596aaa9ba38a2d031d49c40dab473c40c2d
train_0353.jpg,df08314d2d2e6360e69c4c7f70f01ff92785ab29f0c0ebd0cedd44e86af82ddd
train_0354.jpg,4f152c1db84c3c5315a22cdeb11e376ad371d2239e90b24a8641fd035867b7cf
train_0355.jpg,2c65a88b938ad3859fd80526c9b884fddb94f3f2ec339e08fa47c884ba86f012
train_0356.jpg,f2e36111624ad62e44a3a3df109007b3d6a9386812b102e9ab17162c860a0c8a
train_0357.jpg,92c36c5db6cfa522a462d2ea1922dec21e094f323038be895f5ffbb5b141b5d4
train_0358.jpg,e8fa5850fd6ff1c96935960bd5bdc7d37d7c7a1be91da32db3ed440a55b27bfd
train_0359.jpg,20722c37d39f102fc84df8927f23551652861199f6fa255e95553a5a323857dd
train_0360.jpg,b6c753b7e038c93ee91aea881be322dc6fd08562375f1d2222ad68b7f1cf2740
train_0361.jpg,bd74319420cd9a365149ac76f8da963aa417e091c2457b9b2039de4c7fc58eca
train_0362.jpg,aed61ec5c915e3de393e48bceb4063cdfa5a9da1aea1d9477815abbc1dd5771e
train_0363.jpg,db196944238105a4aa06024cdb8f93a1a1ab1d8d2390ec0b7a3bd8418e28e5f3
train_0364.jpg,8123c6d51670cf350a7d6e5281c0fc011a39704d1a8d8f3de1a5348fa3c2ed59
train_0365.jpg,61c548119c848abb46e5d7862d43fb2a336b1c3c90de5a731663355729a158df
train_0366.jpg,c2e30f21a375b67d94460e194b69ca43bfbdfe3fe2cf773ef538e419d5277732
train_0367.jpg,c3171578786664bbc5ffdff76f41015f67f5ae6c796bafe8bf78e41c780fad88
train_0368.jpg,381d9110ef758bfd3170fd2ac17f12a58b1ee55ff2b2d7bdfe6d5ddcf58bd6b2
train_0369.jpg,6aa07dc353f04aaf86c002f6d582b9dd05aac2f304973e301e6ff8758a49a11d
train_0370.jpg,645d4d4c5f5a34c361b99266eb8933deb2e8d323d9c9a36fdb04cc5fc9e9c50a
train_0371.jpg,a2038b2ea04f1eb6dc5cd59b5fbc4965b9a178598e1a87c0e4cbc55e52e73213
train_0372.jpg,632ee7bef86b58f9854fdc6e9b5f2d538a8937211de5f9ea53840c69cb824d04
train_0373.jpg,3bbe4ac67898d903e481170467416059f095e0d2362084578221ba664a0c5592
train_0374.jpg,a3d7be4f1180493eef2c580ed1cd8533e8726d55b729088fe327930c1e8d516f
train_0375.jpg,e13bbe92dff776924a446771a60cb9f24448df129d6841bae8c1d274e81a65b6
train_0376.jpg,b4d79719f613cc4b4959be8267dfaeb0cbdaf7196d3d49ed04086e4dac33a850
train_0377.jpg,90d97f2378bead54dc1500fac9e9a601acf6a798e0cd5284ec81be6d1036dca3
train_0378.jpg,f79e4f9fd21489c49cfc60a0e34ebf5fbb9bb04308ad590a782e26537f20f36b
train_0379.jpg,c002a7abb70bf750b5e42a4856094b9894b0e8f579b0848512b2ca7abc5f5605
train_0380.jpg,129f1f74e636f97e89976983e462ff0959c71aab27322d9cfb53b379a2e12771
train_0381.jpg,1204b5b4c733de6859b9a755a6c8630cf6f467d0cdd1f53e456e865077dbdf17
train_0382.jpg,81971f894958d872dcc37589b9f23f77f240df45ffa0d592cb0f5e9aed0bd946
train_0383.jpg,c97d99e1385a645a09e7c79cb58f7192855424cc2c52216eab58fab47e99bf39
train_0384.jpg,157528f1ef04d2611ee5a73b2ac189c0e58e99034882de785e1f08a76edd22f2
train_0385.jpg,f92fa7fc1d741eb5468f964146114ef5dfd1bb00fa2131dd0d546d4d9b06938b
train_0386.jpg,b1a8bc8571ad4799adc6e2b961c84e8995c7a89d5b85a4d40dfd1dc4e8430321
train_0387.jpg,cc92f17e823dc9ac776012b18008485950ffcaadb26a1facdc0a949689b0df34
train_0388.jpg,b0c3a53ba12cec18455d1b7b8c75a7314d5fb5731bcbaf7806a8ccf2e72f4adb
train_0389.jpg,9b2bb28e9b3de641ec9a655205ce7e23bdfd91fb0888b1bb057527f56afd4840
train_0390.jpg,4afde960377e054944e3508e7962b004069fa7e82ea7720d758c9df19dae3791
train_0391.jpg,a05eae5a652c514d81f39d7a98c99c5757db72980b726e589030775904c83fbd
train_0392.jpg,294a31f58c0d89d93240bf59716976e5105d7436a2d1eef02fe2f4189bc174d9
train_0393.jpg,6796d37cccb143606018df238f56bbb8c45099f4de320a9d0b7069b601a997b3
train_0394.jpg,bd140cdeb03416c7a9bc9af4f79bc0bd02d3ddb793ff913e4d53f148192baa07
train_0395.jpg,9a5faabba5cc4defc0e7ef72f35852a45ace8a9bd3b60b0d19722b6400aa0219
train_0396.jpg,6ddb9fcf6bff4ca60aeac5243053cd947bc36ee5e3dc4bbe9b28447feee08912
train_0397.jpg,e0e1314faaddc3c687903c60b4319acfd32e5897577a810f6df63fa29add9a4f
train_0398.jpg,7fab128a6c80f29d208898460e4b4fb00789ce1d4b2e1c1201fbc9cdfc802a61
train_0399.jpg,63761e4a0cc52fff3686407030f7d2d33fa5085018346dfd02f1cb25699904d8
train_0400.jpg,96681d76f2920322612b8ee12e6296a80584b04a6021d2b48276b81aa42c4232
train_0401.jpg,08ec3153998d6351049cec5d26a969906d85a88a8d0af45dec1bc5fed8885a6e
train_0402.jpg,a3c0274711bb582dfe11faf7d0697be3a17e50315c6dc71b28523eed875bbe96
train_0403.jpg,da0a29f02247285909296fc8efd54691d94a01ed7f012b891c2cd0aa93701181
train_0404.jpg,d6ac42170a628ae448399bb3ecbe5dbff04d0e5ed40da3487cba1b6f2e89267a
train_0405.jpg,f03f23243f998325680260b6cc256e65eacd83e62b4287d16099c843b713e6cc
train_0406.jpg,66922529d17fe1149a8a84064d5c6ded10fe463bb801d1c1ba29996e9e079832
train_0407.jpg,4234687ffee06b8bf05628027848297866406c9c6db61f66bbdd238bcc04bf46
train_0408.jpg,e474959cc3b6f63a75bd78d8c74b9169715f4aeb299f8c3b3c1ec68806979b2f
train_0409.jpg,89e71d03d77651b65d88fa31b4e0a7f9abb176141f76b8375c12b8c9146402e6
train_0410.jpg,b8930fd3619819928b19f3aecf94dc46bad0adcfc4eae420efe8d15c3f34e610
train_0411.jpg,682b2f2258ac23f0693e70d7c8ccfbac2d00d92ced9f0b33fe772a914588c5fd
train_0412.jpg,891dac270296cf6363815ee3e226cbf364f7d8b819e4d63e8174840af07da09a
train_0413.jpg,8d1067cf92aa1708e6602f360530052fd0835e73f3e158f2503dd4638e51ac9d
train_0414.jpg,87416bb377277c738b732c6f18aca8a652f4d55e8ab20b9a31c144c49f00a36c
train_0415.jpg,9f177240bb8ae52615d65e6a0137a79ee33b3515dd7eeeabfe64dd7cc8ab8750
train_0416.jpg,3688601c00f2e58e9c1728a35817f545bf9b15f969c71b9ad6493e86676757ed
train_0417.jpg,f0530ad5c1c31962048e3484fec6eb168153454234ee36037bd65397f78586a2
train_0418.jpg,5a90a294b3604218176a8fcb6ecc2a15823e300eea3d23c70f2afed32a7a2f70
train_0419.jpg,ece3254dc1a94967a3c94c7786904877fd9f071df7882ce38486c5c00dbf5652
train_0420.jpg,4c4065cf4a6f6df59490f26021dfb52514b12d9cb15a969e2a2f0278d9964e66
train_0421.jpg,cfa4959b463d94c01125e8df29556f43f9513bc0871e0c8293e3fcaa01797323
train_0422.jpg,16922b1ef192a6caf3b672d244e892edce6a8e0f651dc7453d2aa34d50680be3
train_0423.jpg,42a45c55d476df1922ea51f86c1f1b62c2122ca1c7d33e30b77ca40157714f08
train_0424.jpg,008598fa2b3794c136672672c8001c2d851c1d4acb404fb9301eb0f01e210279
train_0425.jpg,bb96ed53e5a394251a21203ec616938db00bb18b839f839469cf375ca23bccf7
train_0426.jpg,c85e3e2f16e952f8fd4a7b9b9cb71158fa42a484769ed4eb9978d29a5bfa9025
train_0427.jpg,327b0af331864f4bfa1396d60852a9e7ffc70699e8d5a59afeb581a277f6913f
train_0428.jpg,6cfa64fe67ef28ac28d9f2d9d62a3767596a7d20cc29fa0f241bb54c1d04f7c6
train_0429.jpg,1485926694050be8cec4be47948e27400ed1fba75a28b2a8c60e7572acfa14fe
train_0430.jpg,54d4fe75aa55830ca7fb1551bc8a36dcf2420199d4a3cea140b5ed892e85b0e3
train_0431.jpg,3ebdfcfb9fb358cd2dec0187b27d51c56bfc20f101d2d6c93577f92fb0fe535c
train_0432.jpg,384c84e77f9cdbe94ae5ae4eb2185b5708589f21e5065babb7a3f6cc6625e767
train_0433.jpg,0af41edf75a068c2ab08c423b145178512edf062e5021fbb19067c60fc10427c
train_0434.jpg,1fbbb76b38120a40a77282fc52f502d4ae3153674c4db7e2fae86d145fcb0497
train_0435.jpg,ee69dc36568b69c24b26b0063fa009ad991e607c70d8de1f5643201aad121408
train_0436.jpg,14ba525f60a861be68a05b07537d775fee852b58e6a1edeb764ab905008cbe70
train_0437.jpg,73d22c5db209aef4730059a7c62eb95f880c3fbfca5b87dbaa3167384c5a9381
train_0438.jpg,eb430f869bb2ada7ea9f38d5f727234e7196c819af8ef96f35a3c0adbc9acbfa
train_0439.jpg,68d9b9df3bc24319765aea6c108e607955a03c4f7d015b9272f9020f90e9315c
train_0440.jpg,99d2a8a393affa56fbd55a462c3558abe0938ec584af7113bf872dbc98009abc
train_0441.jpg,d80d8ca28fa0d9058bbda009ee5274505466286080f8d82712bdcfa190dcc00c
train_0442.jpg,3c7e9aab91805f6dd18eb025d7be8d1677e94b52ef17c693908264d4d5547361
train_0443.jpg,ee35c3c7e35067a8d443683f984a1aa498ba7cc0b0807ea79c0a7892e87e7323
train_0444.jpg,0c2e64dda04e1f85cb647d0fca2fd82ce41604e4cb9330f6fc75dba275e7a7a5
train_0445.jpg,4a41445428157183c69f57d392c025c33815ab6137ea0f1a6abb129f21cf6271
train_0446.jpg,c726808fd3b7221ebca742c224d77d75c864bdd0dd3dde2ca1a7980b885323d4
train_0447.jpg,a760f8f398b0a5cc3199965d2a813e57e260b6081b436d87bfc3782eb3395118
train_0448.jpg,7cf5b936457263da8205bd62e26e923f4053177616a9103008897905f63ae725
train_0449.jpg,250d423cf87afdc6cd713d0e6aa009a919ce1079982c0994f2006e113aff2cb3
train_0450.jpg,8ce6682c71d96ea1c6d1220e58d72704c20074b466078c6fba9f002580cc9722
train_0451.jpg,7992033537aad1b143a35cb1226e6f9d032f61d3a59b7759ca575b2abbc5b95f
train_0452.jpg,10815b1c6819c0a767be021879e038f0cea01958fd53391667611c48e26846c1
train_0453.jpg,5c45d28ff32a23968dd517e0894a8bfc3c3de90433ca956feafa06b793555e96
train_0454.jpg,6774a837dee74fd3558583eefe6e63b73a49bc91c86878ece8bb604fc599d704
train_0455.jpg,5b8b72c7f3ac85b8d3eef066a040f25d04d2fe2fbd846e0325f57e0089ce8a80
train_0456.jpg,be6a4199e7ecb8cf6759ae956f077c2c9cb40cf4e7c888f92edb03cb075dd01f
train_0457.jpg,6ed4dff522877c392c5b6b8e3ee16bc591a9d2c0326628010eb380ea842597d6
train_0458.jpg,bc589e5c6cd3f2abc5381bc7b3be1fa120bb9efdc9c5e043cffbce261c30d042
train_0459.jpg,d1370148e23e087386511b30678ef89357619b643d22136d55812cfcca5024f1
train_0460.jpg,441a71a3ff1c750dd0b232ded151723384b61bf252c58af2deb0541553ade27d
train_0461.jpg,354734d79a299136c350aa7aab9462b01d9b9d3e17371fa1a1370e643d624375
train_0462.jpg,b4ca91da4968a7ee05409eb4b262e50641373432adc2c4826951a33d46e9af90
train_0463.jpg,06abbff86470b3c77d60ad9df1def9dec20c51e5ee86f1a8bd4a5ea8574d3cae
train_0464.jpg,1943cebe41bdea26323c0bef003401d1f2aa0075638fe5b1ab37980730db9816
train_0465.jpg,ac2e5ca4d6c1e4e925d06cb2c57dc3a0c878963f762dfd98fda3618474397663
train_0466.jpg,987159e85cf1918cf70a3fa4fc953d29ffe266248f35a99f9f9b980a64ae43df
train_0467.jpg,b81f407ec12a16e0818c5b0e8f99cc839977202e9937b34a178aabd5c68a7f26
train_0468.jpg,fe4da7f1c3c631d643ee7148675ffa1db2179e1d16e49628b2934c8fe61116e2
train_0469.jpg,8233ea06022fe17b490eac041521e655229fbe48c54c7e3938115f7d5e4a2122
train_0470.jpg,61fb2ec3bad59cd9079aa066b3fee285cd648b7c5b0f68b1f26254cfb8889ca8
train_0471.jpg,c746c5a8ea336ea249f2e4a5de766758dd1fa5cb0b7de13c43482f1358e5af17
train_0472.jpg,d6fcb04ceef61953624c7b85ebe878331b1e51cc67b60e546c3cd914b94b73fb
train_0473.jpg,8bf3334313a86785e0c1372b7e47d43369cb0567d7fa7d2d11f54f99d3dab686
train_0474.jpg,8b804b9f3aca4b8384092a0781fe75c39b20f1482642e67f45c739b7746c5bd2
train_0475.jpg,1849bda46ac1f4359e95073899c747dcd5377083e433b63838a38c896ee66f68
train_0476.jpg,581d71d486549e38ceca540d7f7c978edcfd8b497a104f31fe2558d3e4ffaf47
train_0477.jpg,1a57541b5dc8db3a0f2842aefe9cd9ec196e5f167e6aa178e3bffaa8e2a08be2
train_0478.jpg,949c1c01c92e532e3c6b493da3976c643eeb108908e54f659b13696c2aeee0cb
train_0479.jpg,0c9da123a4fbb9637d8e1e02fba839673a140e6109c173ee1b4aac6016615780
train_0480.jpg,379fbe116edd5f7de859681ea2bb6162f47b1a13bcab413e80007a27dd3fa37d
train_0481.jpg,bd786d7abc80b1bdd41e50d30e0eb518ced5da90caa41129b82602f8cea0ad3e
train_0482.jpg,a98e91a008c8c4052f7cecec976b9ef56dd6df59c8345b265b6b35682fdae8ad
train_0483.jpg,366cedd9a40fd799e935faf034254d85a3fec65453d0c942191e940b65937e48
train_0484.jpg,289d7eb4c72df14a579182c10f174b513c26d4f8d0dcc121056c1703167e9712
train_0485.jpg,ed66b63b1a78f5dc97253423fe2d9002edc97fb4c6435f5ecce7553f3df56a7c
train_0486.jpg,6b9d417e118454a1a91a804f958d4ba691b57876b0a503ab8602f3ffe8d57356
train_0487.jpg,92cb68ad84fa3f2a42ce2709217e225de435300128d4011047c7cb57d5a7066e
train_0488.jpg,159530e01ccaf60ab5170716bb8155fe804d223bc41962251407ef5465d89b2c
train_0489.jpg,1b362a782735cb9b63931b6767173b87b5d07bd6f05b4d487ee54d0892c4ea57
train_0490.jpg,fb10ad4a1df3c82f5e1b1bcb0b561e3baf76b89113b75c60b53006140936745a
train_0491.jpg,feab4d359738ddcadf03c64c2d322cf5f14600b6008a1a1d01588445c97f9224
train_0492.jpg,0c5f50eaa969daff51e9f18083c050e0ba770b9aa02dcf4d2d52c95f148a82cf
train_0493.jpg,25e326f0e11f7fb5312a6260a406a238b5939c6f2c4824a307430be3683e39c2
train_0494.jpg,01eb4d1c59a9ccfce8e9aa458917d034a6d9de601c87929cb06ff03574e248d2
train_0495.jpg,1df5db5d0a141acaf1cd884ba43770cd206dd4fa0cb0f1f0b39acae6e374c043
train_0496.jpg,9d9d1f703e8b67f366db9b2d7e21afef97ed3e6bde93288d2fe17711c083fa23
train_0497.jpg,722e7e0b0a8d3bc1b31440e23f2f6a19b5c269224567feec653868a0e13fc702
train_0498.jpg,3e9b6745b20f3fc2e21902e8681bfcf2bea0d71a9d7d15b508fe0c9cdb74d856
train_0499.jpg,fddfa7560bd2a087f902803ef8bb338aa74dbd1be6c1ad836c990bd0da142391
train_0500.jpg,b81e43246f87ef088f43da9d37182dd27934f99cb4ac7b12b04a2d9baec485d7
train_0501.jpg,30e49ab3fab227e2373f85f41d43f68d73445cf237d8d8f9982063fdc906a6e3
train_0502.jpg,8cbe8b4f3d1394e10d220d10e716db3e46b384fe2d1211cf4cdde428604bcb11
train_0503.jpg,088a0cacd81156858f740eb894c1242db2cfcb85906e4347499af13365af612a
train_0504.jpg,acf208b4398082e4e432e221cab64e92c863dd85484017aae7eee618ef72746b
train_0505.jpg,d51d2f9e665fd753a91f7af29ff0c1184570b01c629cbaae6d9972e288ff3865
train_0506.jpg,f3ef6a8f15116937c51ed66fe5e9a9805fd329cd42e83f8f3ceba0a73a94bed7
train_0507.jpg,8d4e7d7639e8a1ce42fc19a3953a3971d85c4278fdd47afee9a50e413b2ad5d6
train_0508.jpg,cae8fe851a4ed5adf925a0794a31915c9cf2d29e7c6c52ecff4bae6764c6d629
train_0509.jpg,ffaa113b988339c8667511319547aa0f7b3c2cb113da844871ca53617d2a0d3f
train_0510.jpg,84860ee39a90716166d60afee44e7864d2808f12410158c88a8e3ffa5a3e3907
train_0511.jpg,d1d9b94a6a8ec7a5d0573c7a1ed1df02259fc88b3c4fcbfca1d375957cdbdab0
train_0512.jpg,6fb5e3501835ebf3d7a75b6599adbc47614260c8d58cce2e8f02cd74b9676bcb
train_0513.jpg,3b9468a5973e1559ab794c9bae860a2adb87ec33c0cf59a107763bd5fbc7ca88
train_0514.jpg,eeeb45640980b8dbfbfe37ffc045e94f60a8e3a42a4dc7f12b39c6a634624bbe
train_0515.jpg,fa2868a8bad0d0722c18fff3592f2b40a1cc2ecb29fbb70e7caf716adae7329f
train_0516.jpg,b584df65d5edb98593ad68acac2c9a59667f36f065812435f399187963d7a619
train_0517.jpg,9a812c2dac5d8867c2eadb665d6567f2db7c3caff6218f0a33ad54be0eaf08d2
train_0518.jpg,57fe286f2358a4143de34f50479b620878877484fc0ca311142564557a1ba869
train_0519.jpg,443b549b7ae854a623f0265c3295b22de4b093c6867f01ebc3333dfb1fe9b168
train_0520.jpg,d5afa92a3513b05d8e827523e7e8daa230f8575a73dfc78d8927ebca3e66693a
train_0521.jpg,48efaf78ce9028e94ffb342be4646ddd67ee7d8389fda655cb128330060e7377
train_0522.jpg,265234dce83688c79ddd57dda2c6c941420d0731ebcda10ece79b56a6a2a225a
train_0523.jpg,ad388f0b019f267a78ede1649b4cb1b249f2af9ddaf00a03ee6fd3fee7c9c9f5
train_0524.jpg,2f96b08eef53391c58e88c1e760a0134a376341b3b2ae5f32879ec6713cd880e
train_0525.jpg,d960807abfdc9beb5b14cb4c029f9ed7518564a0d3ac50f4db969a746393f21a
train_0526.jpg,3e1e968ed0781611ad5196edb47ab71620ca0e489d0e9e5095b062006e3ddd17
train_0527.jpg,315a39b2ddfe0337a5aaf437456ca27efbae5f0828f061626d19c74eb42a8a1b
train_0528.jpg,2785edf363ece30bfbf5f92bc268a39581b3e6012e274dae00d85a10c9682fde
train_0529.jpg,4d1a36b24fb59549eacbc900fa522fdc0990c2f4543a0c5d0892ec6cc506c880
train_0530.jpg,7d785b0943207cb3ace6266bd737b34a3678b3456c829e021f606ecd99344ccd
train_0531.jpg,33f7e41f6b1bdbc4091d147ae17b62a5e9220c9d190cb072eb87530e369bed25
train_0532.jpg,9a806a9aa01d7d306b68da94d95d776c4cd70d178994d56608c78df1dd372107
train_0533.jpg,2955eae1593430179e64ef34ac72c708e6dce6af8a1da851ac2dfdbeaa757e9d
train_0534.jpg,444d21ade6251e5434f7587749098733772b1b7393bd3863c7fbf4c94aa00b73
train_0535.jpg,9ccc86632025a3ce804bfbd513dad6a11fb5f2726bd60780c89cbb37bd01ad4b
train_0536.jpg,7ec447ebc8db6180456956406c6af9a8020aa12c0430a65d51e88090720a914b
train_0537.jpg,497400d28d082cff384b454b78e81253aaf280933123ab64f492503a84901ce1
train_0538.jpg,770ffab4eee8885c7a366f9a11dc5b8a5c06425a3581ab1605f1d831489dda7f
train_0539.jpg,8cb5e166a90189180cb83ed4bb6a67a8ee2280cc64026b6c6b06d16fefde5b18
train_0540.jpg,04e75da31030d7cbbe809749196bc9c664c4784866292268fbe751dfe0e801ad
train_0541.jpg,97aedd4546315720ea64bf266fb27c5ced2f243a1d97ce733e8c1e9a95987bfe
train_0542.jpg,9c881ce5043d9922bce0cb72941f44f5a9c5e5b00f86b747e910c58cea04d4d9
train_0543.jpg,bf244e060edfe4ea4d87194c50ebaf77d4d97c752bcba1b6ac306a12834112ef
train_0544.jpg,a5644be597518ffce3b79bbd7b0a4ae0a857136b9dbc4f017ba3a426e00f73cd
train_0545.jpg,1cd427c30c5ec2af2780ada4d866b150ed13250ec57b323990125cfd8ba6d98d
train_0546.jpg,042154140e4cfc2b2bf0e72bd373c1fcaafe3066e975719f34f44f32a55d422c
train_0547.jpg,9b151f7c2f41f3365df3af25219cc9f36f1e9afc22cddefb8d2d972a642514bf
train_0548.jpg,e7ddb7d84d204a0ba89b8333a3d7f9554315fbc417a7d3fc56c712ca78a909a7
train_0549.jpg,98cb5def7d6588dc6e60c7b4d48311c0713a3282bc9b7e9855c78670e2634796
train_0550.jpg,b8b02dee03e391403b70ab84caad6526134fd286a9afa503c3e0ce80a2da2f9a
train_0551.jpg,ff95638a3d798c493d77b2df203993d37a44ae4222c29a9f44e1b5bbb62e583d
train_0552.jpg,99e73259a2de2963f60836b2cfde7931a314cdaf4c2ad79547fd08c3a0a81f3a
train_0553.jpg,b3027eed8ae32db563eca3be25addd588a6837fa3d76ad7495486e82d4687c1b
train_0554.jpg,b49d09e5b8824d5680034de5535a491e803ab8bc2b94b3336bab9a85ee99c203
train_0555.jpg,275a9835e8b3b97caad71b2af9b7b1d9a3801ad83c20e6b775404fdcc295441c
train_0556.jpg,c147553a4e9e5e2acb62d946587c9c4af5521887352abe2a7710fb8471df0dac
train_0557.jpg,2b491a9557abad1a376d0196319c8be314bd32cdd4cbb467e608956310a2f74c
train_0558.jpg,0f68f78fb6f34038e337a26a11f0f38fb1ad829d3d31e6b8f08cc52ca6b3de94
train_0559.jpg,5efa31234f49bfbd48bee18275bd6bbf5da7680a6288d6629f4caf4b5f322558
train_0560.jpg,367ed4d11fcb5e9981e8dfe7e6c55e5522c03bbda854f885b925290259e6421c
train_0561.jpg,508f3ce56c39a73006b141e55313b1b415e12a504cb063be9032509382a67aa9
train_0562.jpg,eaee717f29b5254c0011cfe0383fab7034abae913f9ef0d8a64e71be692a7529
train_0563.jpg,82125cdb517d578b8b47c877a21bf621a0ffc5d8e6afe4f58a8b4979d018f47f
train_0564.jpg,4684f009bacc31308da85c513eb177bc183a16bd913d24e6f589813b5e10ed61
train_0565.jpg,8324ed64b474a96b2c40a985bad8cd4114ea2d2b45430f070722f83075775c80
train_0566.jpg,f75ed01203d18a5e54510e431a6dfbdbe592963effe928caf24fff0124c89b7c
train_0567.jpg,6156e814d7b9868afa4d4e0988bf1550dc84fc67f01375781a4c0899bbfec7c7
train_0568.jpg,1137b33b98ecc2309df1ead1ae0fd0ae265fe02c8a7b1dc1dbbb57bb65aec56a
train_0569.jpg,8eeb9045453ea93a64e21f0a8ed74a0a25a57243e5448afedd516f41570f9540
train_0570.jpg,36b12b93753b3172debe5fbe18a644f04e7a0180efb750f39719cac2b572891a
train_0571.jpg,ab969e6c1ec5e4508f2bdcc82ef27bb1c21c88d8085f31eb06f3f2e741262d1b
train_0572.jpg,50cfecd0e98ff817676f7ca7aadead2405d7609678bee77c00d7a59e5f99284c
train_0573.jpg,e029ad39decb32c7edd449f14037aa2bd17ff7dacd13b357eee1fce1c5d083c0
train_0574.jpg,bdebb483293d168ceb614c6c510ad43ab5f95fd807fb7586891728981dd10e73
train_0575.jpg,e4f77e0bffbdc336f3feb26643e4adecbfdd2203e4b06a9ca086b8abc475ffbf
train_0576.jpg,75859323d0d8ab437ffcd066465dadab83f529b483541d7426cf35f09271bc6d
train_0577.jpg,4b562166440a10555a3ca906e71649edfd02302f6064fccaba23ec1e971c8112
train_0578.jpg,2af80ae2d060b3679ffdaa3382621ea1309e0bc5b643f69f25043d6b2f71f99c
train_0579.jpg,124cb6cd799e5ac9a76d72ed294e16e841d1edd5629ecd84eb50a508dd81dd15
train_0580.jpg,22474b9a4c8b1ec73119b4da45e6b5c304851137cea8d95384b36d2d9fb615a0
train_0581.jpg,7d6ae89da4e7ca53adc90b2df6e4e24699e5e0116c42fe1c93e09b72d4fb9580
train_0582.jpg,800a54dedd8749972230cd4a458e5991ae8a5f003716c9de13f10ae2faf5f30a
train_0583.jpg,172f2711bf8b33d480a1e8f72c6374909fc9b17d11dd419f0fd17ab8c40bf3c5
train_0584.jpg,1945712274294205aa3082e9ebb644dff3867cb3cd02e31152aa2e7141ad19c1
train_0585.jpg,6307b2f02bb14af41dea8d4cece048b0a6d591445126d0ed69cc83ba1d955488
train_0586.jpg,84c6c1dd4227f824c04883389aacddc5d9880a8f141a1d0042605278bbe592bb
train_0587.jpg,f059b0ba8c54edefd01b7760e2a38495437bbcca546a73aa300d02ebeafee55e
train_0588.jpg,dff2250add94e5184c557b140c0e56b69059791a79731a13b7bdde0a3ce491f2
train_0589.jpg,f0e07ed07e0aeb92987bc6f44ad3701605230f9a2f9500c328062437687936f8
train_0590.jpg,6bbf532261ca11e14185c830822faf3b01e22e9afc76a6e0555fd316cf7a5cf0
train_0591.jpg,5175c5102ee8fcab208fe3d23d0fff9072ff2a6b30c5a5e9717d14a440c712af
train_0592.jpg,e657892c0d811cfaca7655137de995a5bb417b6c7ad427dd5fa0699f52937311
train_0593.jpg,88db1858563c0ae95bc3460076b3baafea6f4cca403a0b7a1b08ed275edf786a
train_0594.jpg,aab8c63407a623cb5c1ffe913a6712938081d96459be9310603744babb0ee9b3
train_0595.jpg,feada373a5f06cc0d3869f18f2400c632c2879a89f4c6683834131da809fdbc6
train_0596.jpg,35dc3ea97a9abdf38e867bd11ffb58586710b49c8469244878501b061b58b5e0
train_0597.jpg,e44b72b9d144c5e6ae7f677e4310a30cb6050d3b89d78efcfb95c3081c12e659
train_0598.jpg,4dc47f3b8b4c0d0a728f3c0f88d604aa05c636cac385dbf4d0db1df69f70bbc8
train_0599.jpg,2df969f7e4968597f93ed24a4f6a87e7fad58b0dc38f27cbef120c173fb776e6
train_0600.jpg,74f8df2bbf152a0411bf01bfcf9eb2fe309922b78d3e178400b01650c4e25721
train_0601.jpg,a06f3f5e8a0cdc37a5d15e97112ff27ac14566a881316363e0b39363bb2830a3
train_0602.jpg,6d5cf671fa3fa5ee14367a6d6f5adc176065a8c1abd88e08aa6dcc47290a8999
train_0603.jpg,b89fb8b40271168a467f600be8dc0d8875a6852a0b57d739a019209763944081
train_0604.jpg,4349116a901be3f878a5ec52d9202835cc69bd7bcc82b3526a5b94e447f2bd49
train_0605.jpg,8175cb826d4ca313fa4f6d092b9d60e48a5e6b71e776b49404da70137718dbaf
train_0606.jpg,379bf4be158c2bc917c3ebbbf68815e430e2ff1b03b7e6fe45761b72ab9d33ac
train_0607.jpg,c4e31758a54804118f8f51156a7b1a395e9c9b31db98a0221ba2dd1470842b6a
train_0608.jpg,f977087e01f0074ff7d668604d649b1a819a038385caf6d23714375da8740c1f
train_0609.jpg,7bc58023385a2af1f290f0d4baff260d7db55f2aa9dc5f8459ac8dc86b2a19a3
train_0610.jpg,63ebb66595bf0293f411d003c9357bc3f482d3f3d3989d203209a73d6617f7ff
train_0611.jpg,d05cb2aa65080315cbcb805907f5537fa02370fa9cb30fa7a5e6043cbabdd482
train_0612.jpg,11bab820acee7f76ba0379bea431b0937f1f08bc2862863dd98fc37e093e1ee6
train_0613.jpg,fefc7876917a8ef0df4e9e532771748e2b880a113475543b3425389754437735
train_0614.jpg,e9db16d39482bd6167cbe2579706a2867e1e5db5acfdbfa808c8e2372292bde1
train_0615.jpg,5aaece8dff4d80b156fbc619b6498e08eeb13f9e59a349db99bc80ef41f7210d
train_0616.jpg,0e9247e4aa7d3b47d5eb4786ccd74ce1d295f11f689db58767d8ef0ab23b04c6
train_0617.jpg,5d254158bc0ab44a42c1557d8733199fbf92407a6333e875d5fe47894aa8ac0b
train_0618.jpg,6aa1e1c20716ace6336a1ad949368f79b6443311722d9bf66162d9466510c450
train_0619.jpg,d51a0916a57b27fe4f4b098170caf587c87da3a8d7dbafc459acf4a85318f434
train_0620.jpg,c01bae979e07aa2c5b65d2bce27b2da37ccba681db7e8fb02c7f2cb2b94f7e04
train_0621.jpg,a27b2d5beb777faf19a7d669a670af676ae120462144936721189fda21d05e1c
train_0622.jpg,122ac9ebc80649094b05300365bc4b4094f85c9f24a3b2c851263b8fe0c2d002
train_0623.jpg,2cff9320229d329340b83396b103336d8ea8b4beeda3131585042b079a12379e
train_0624.jpg,d9e8a8bc0f6260e6f89b798d5ba20c72a45e3c1bef483e64d23c31c716f37f3f
train_0625.jpg,8a6e435e5207a73aab0f924dde16e2535b2d6b154f0af41045c52cc8d7831cef
train_0626.jpg,1754fcfebd5a2471d56b6412e315d3e5bc743a28ce16b65fe18d4e398c338451
train_0627.jpg,6bdb4470fa5b13b8a38b3f8ace46ff0f2dc56ee684c7081d6870a4a607a14105
train_0628.jpg,2ba760ca62e7d6647d8940069a024b7f87b1c8b56478ba2bb07cb2ae3ae04a95
train_0629.jpg,d82524017bcbb31bc4baec87b6319c0abbd32030c87608e9cfd2d4d97891aafb
train_0630.jpg,d2d91f27122ac29370cd17c491ca201c6faa49bc4a01d580d065937ca9a0b336
train_0631.jpg,c7369e385ed89d79c345703bb596b850b530d8fbcda0896b80f76d42a8e9fe65
train_0632.jpg,77d34d7a47a2be6d914b0f64a29cb88310cfe64e56ad2b11b55da1b7843642c9
train_0633.jpg,71ff7db5dbdd39254e8f84b029eee951f443c0d7f317502e11f8e2ab96e32860
train_0634.jpg,65d7d224481aed94fa1adfa5aa7b214af77b029ebf7e43cc1a1169cf63d7a96c
train_0635.jpg,3b130d2bfc064a98c70a44c74efa94ade9fba1d1e91794dee606a35937888fd2
train_0636.jpg,fcd9c2b8b8d8f52703e3473bd894eb6dce3c5bdcb1992549ce19dfa2f155fb9a
train_0637.jpg,f3ca7e9bb664e0419204c6ff8aa39a471a14eac196bf769b76a22f2cc6d6c098
train_0638.jpg,adee25ef31f4f0a1b79b3ec0dc70da374b85fd3673026bc4655f7285bf8d5ab6
train_0639.jpg,f913d7c66a6f3ad26cf2ad2a3760af8854fc22964f4231e489653f67123559b5
train_0640.jpg,cfffa2b64bffbcb092762d3b5650fb38c2f81fc91c7ede6b4ec1d8053311c8e6
train_0641.jpg,b80797dea9a1028ea998f9e18e4360b482cb61650a7cc8c392d460848272bdd4
train_0642.jpg,2c0bb9be29ccc8ac775ee7c15c0e074b22e93c3e495d34580f7c476c91a51f91
train_0643.jpg,8668254ce431d5758e040716df69a339028167b1561a435a85a31de049605215
train_0644.jpg,8b244afc864623e3a671fce52a4a979cf99aaace38814ab96a98019c5293c614
train_0645.jpg,1f32f8a97143618a2a7f1ed44e60dacb8a3f81affe72ffed48e0af7dd0757f84
train_0646.jpg,6feb60a6f183cf56d26c1e88319a8d048fc6f3d8bebd7b08615aa79369942567
train_0647.jpg,148117a1fd4ade8d5076d4e6b2d1cf904b26550f6daa6d812a3ca11cade606c8
train_0648.jpg,cae2782ca1128b36ef6579ea5a8b0dc10d5a65743baceea8325ae9e9fc15b71f
train_0649.jpg,d151eddabf18c18cc1171336fed5555d20ecee3563fa9f4b0484a9eb1b333a9a
train_0650.jpg,b98290361409550b5fc090c5cc17fa8ddbbf12cb13d833e10575cab448ef6f75
train_0651.jpg,f87ba8061d65bdd18dded601f2ad4d8148f3ec5f7fdaad96bef1977e55e8e574
train_0652.jpg,d575d53d0633eb05e3b1b76aae0b909f74c41052f0aed3f2efa66c13b19afe33
train_0653.jpg,3012258dde8176bd06fd43f2e8e237d1c7aad2b9a455dc94bfbb8dd3976615a3
train_0654.jpg,0a4ab063bfa19dad6a29e8e8279807f26f5bf0ec1b436bdd02aaecf47c800734
train_0655.jpg,f34fbe1f8ef1f101ba80c6c4201822d9c9f1f531dd01aaa6890eaec0f80c221a
train_0656.jpg,aba402b979fd0d93f0bdfa14c5c3be7616f6812b27202ad0c985d662a0935230
train_0657.jpg,bda5f1a4d149419f67229dc45b6d50a2fc77fa70c92eced09fb25eb249796949
train_0658.jpg,014f666dede515de36dda9a4b81eb969ebedb6b2571a865121002226afa4d364
train_0659.jpg,096cd2b6daa2a2852a20009ef7a5f5a00657391b65892ed5c13f66134492380d
train_0660.jpg,8107af1545735a217f6e816706ff2218a87b2768628068b242bdc891f75a171d
train_0661.jpg,be64f6fcddca6b264cabb9f6062acf62bbd276905a1cbef86e2f1d893b735376
train_0662.jpg,e8416042f5d692ae76d57584ede4bd621234cf62fe775e645a6769fb559e3629
train_0663.jpg,f664e2648eecf4e05df50fea724943d8c900cb7238c96dfcfb823ab31b90cb05
train_0664.jpg,288a08739849d582a057da74c312a423c01a7fd90f6a26ecfa5c74decf44f291
train_0665.jpg,2a83f021eb5a3c2cb55f91e49dc5dfb3511a2d9413b10dc501ca110ce108b67e
train_0666.jpg,a89b4d6bca39250916879306e50f5bd69d2d15f8cd3ae422aad6fe9e81b431fc
train_0667.jpg,9c40feffe850a3216ca849611961686b6a090e01499f96d42553df9ae1754f73
train_0668.jpg,33ae825df3df9a8224228ee97f9135880a0aaa986015a668400fdee87c7d80ce
train_0669.jpg,52eea7f177eff6eb7a921c39f184ba98432b4eadaf392ec0a39d960b0168582c
train_0670.jpg,ca7dcc435788e2ffceba5f77fa84fc6f57c8969922b8fd8117b9e95fef88d117
train_0671.jpg,46fa20437b61eb996c31445c8c7806ada94faa77b115ad216115a73f47cf1aff
train_0672.jpg,1a8a1ce6d750d287d9437b07ab316c8a6e058c4dd3a1add7e522ec336ce3f770
train_0673.jpg,b45444b87ce60944648891b86c57053416bfbd67770646ec0a984bd0b33bd70e
train_0674.jpg,21a155674d95f7692d78035d8a9d50cdba7fb1133025eeb5c29508e95c7c6c99
train_0675.jpg,94913f5888d9c1a2b6e4caabae139b5c51cf5e9e6e625aea909172e6fd67efd6
train_0676.jpg,a8ad07f5da58c8aebc9aecc9f9e0b3dab6a568a74c1604be533e3ce0defc7f0b
train_0677.jpg,fdb063c6b33e0cd254ef228969be0a17aa4e88310dae8cd16af5256e39ce3314
train_0678.jpg,b47c6a8c89f2cd38faaf6ef1c28f3a78b7a092deb442cfb897f9ecb8ddf8d170
train_0679.jpg,f5292ba1aae0b9a5ff165472f86a4be72519a2095b1070f2b6e560970dade420
train_0680.jpg,dd38ae20fbeee8c59c3be5d2ac8b8a511d38a77fbf911bed4483b0872e76ae95
train_0681.jpg,a67eb7428acf7ef8a8844231552c644af692f8ff7cc9810d314a49ce547f1108
train_0682.jpg,23d2b35be39e6a4b9ae56d32cd95ad6b9bb8582f16f6460e6ea3b9ef865311fe
train_0683.jpg,c192a56ec089549284761244db4455a13815a7f00cb3f9382da176d3ae1c1996
train_0684.jpg,d9f9fb547b5deba6bcc42f4ea77babe38977da9284e5f9ee591a527a8a45c1ad
train_0685.jpg,d86462d01f83418b14a164a10e8ebcc458618194ea742312b465206a63ecc426
train_0686.jpg,025614a185f8c6252c4509fd883d23df9dfe11d24af84a8ceb29c4070f43e160
train_0687.jpg,e83b00252c85fa843ee68e0fc5d590e3d795e8d352c23043772d3c65f02504da
train_0688.jpg,294e48cf5e0a1ea6227f6d81297b4cc8c0d7e260aef77beabdda7f1fade255de
train_0689.jpg,4eb4f106587f83121c844fad5d86c69f3bdf311429bede942591f414115f970a
train_0690.jpg,2d87c904165bd5c0fa162490490b064b2c7b5e3f03dcbe43edb934c5ffaf3b7e
train_0691.jpg,da6548243fa950669ed0a633db099311e972c62d8f95b6d744525ea67dc6ae23
train_0692.jpg,9c80cfaab0f36f1ca8065b3ef8d0510e3fd732a57452d99831b395a08e6f7305
train_0693.jpg,f8b04d664b1bb1bc063dad6b6338dea07607c7afee444c8bf72e96bff548b0e4
train_0694.jpg,5f0f75e572e203892723ad897c883e490d3f1a117b4b6dadc6c09107b225b1f9
train_0695.jpg,c248fc97be170a77f891eca4e5b8fcfd119be5f34e11b9df14245da0c8009524
train_0696.jpg,098e7fb1a5cf55bd0a638ba8a5c5c443a89961f8b816d26a629834f623b146cf
train_0697.jpg,09b7c5f92d2316b78218018bf92938f818de82f9d66dc8e34ce318a8e6871d1a
train_0698.jpg,a57606f809d5db22f48df5df9eaa9a31ea008b0bf26b2093b86637719275538d
train_0699.jpg,c700872bbd22629ba0a73ea27e5b949f32f872f0aa13dac74d6233584b493dc1
train_0700.jpg,0e546a8efccaf9151a091cd2171cd07a234a87d3d0b96cfbfd9e01e02349ff65
train_0701.jpg,fb3234dda9d82e5965ecda2b9e8bba45c6c6613bfd5b2f0cbc2ab4cfdccdb2f6
train_0702.jpg,9313b4d1e52ed3d01ffa3d98ec698d5dbb37be51e2db2e9671329ddd2f35cec7
train_0703.jpg,6f6313c023b4e31690146d6995eaa574e99270f6332f3462c3ca10794b20e5af
train_0704.jpg,8c43aea1c44a533f70b053b265d6cf549adf653ebdb6b1d67eff7b1c3f607f10
train_0705.jpg,c5b103750c56b31080ca8890ddc9b5772a24dc11dac7be8a0125276e5769d720
train_0706.jpg,9643da64fcb92b6a4671c0a1d4305524696a2b87f049b8fba93e63ecefd40466
train_0707.jpg,9bd077faec60589bcd570b94259e8767d079b7bb7afb292d7f59d64342705d5c
train_0708.jpg,2653159162dcf297cc495a7ec7cd56c4643fc8b5afd6c4ae13f59e4190126148
train_0709.jpg,8a8edaea0f3487c93dda928ddc1ae4279c7700edc1897a40695139247784f68d
train_0710.jpg,0e9b32d79a2e9fe650fb82d7ce2cd678f9b3c7c74c206c749d34ba9d85de54a2
train_0711.jpg,2bd32e04f263db1a38f53cadb44233b8962a0bc5e0e52f572a028ad231fdc55f
train_0712.jpg,630becea6a1d04eb602a90b4de15bd7a1ece3f6815aa7121358c5cb59da227b1
train_0713.jpg,0e67ccbd1e80386efa876b75ae75b832cc950b073086a19bab33d1418a050c7e
train_0714.jpg,70fc9eddc63af4f6b4139cbed35c445796f03f7f12651a5f8031c251bbc1db5d
train_0715.jpg,c7b507b58fdcf2bbf1a70d958eee6d7d76ef655e08e369b80829130fbf81d214
train_0716.jpg,55946c36aa695a5dc2d5ac3b75d3dc334cb7dfc48d75e67600dda6dcdb85547b
train_0717.jpg,89cb1feb36d45fb260406568a08ddca578bcd1a393a0464fd784af7160e2ac5e
train_0718.jpg,11b12b3fc3f6957a088678f8f9821d4ed4bb5474a4208bb5cca94d0da1722243
train_0719.jpg,d444107246f7cbc6d808c066e188a8a3c6e922f04441606ed7fc9bd661c2f2c3
train_0720.jpg,ca4be6fa076b595ee3efe5f771be5136a7dfbb65f7bbbd65fd8433cf110fe587
train_0721.jpg,f399044c40b32290635b05ae5b5ad5a7c002551fbb02eb79de3b5cc17345e2c8
train_0722.jpg,95263b8a6e06c06228ad3f97f8c8cd751a61743ba4b5060b0fe69509ee1245ac
train_0723.jpg,e0cb9c29730a69fd505bb56999fc4fe28f804bc48601e59d13ac61e371853d0d
train_0724.jpg,ca41a5d1f06da69c4bf9c709867e6168aef4f7fc7c0c5cc1671f28bebe80b435
train_0725.jpg,ada9ef085d493c10fb69ea391a17cd2ffe71b04e79c2dd730f0bebc4eb65d082
train_0726.jpg,1b4c612e25494b671aab1982c1623123583c3d870d266b10c9519591248562b5
train_0727.jpg,b4f3a16dcfdaae914e3dce7d9b32d6b35ec550f08d0d8bce0844d0b06713e18e
train_0728.jpg,97c81692f29a9aec25e19b0919a2bc5cd06952c8cd9df252472510f48cda2e4a
train_0729.jpg,4ce3ac59ebf6b811e29dde6e88feca79e2f76f0b60cc73bbc9ad1034f7cab78d
train_0730.jpg,e11a8b92b745f45f142cdcd088d88dcbadcd8632360a089b0f36e73bb19c26d8
train_0731.jpg,52909dc8b4a6f1f00d4a7315c0e65abde10fe98d4134218f3ca83a03666b0655
train_0732.jpg,48ea67cad4f661f42128041488af30a901d0209f85480fca9eb6cf585fd9043f
train_0733.jpg,3d0ff0729d0d6e4c9af735a30f57528a9e54d91306ba37e31bf4aba72064c4fe
train_0734.jpg,f4a8190e3fd98e2899e766b846caa7245bef796b25d3973bfced6697ee06cafe
train_0735.jpg,c59ff515628140f609a5b74653850c01af4cfd420e7cf3fc9f4a9e6c3587a35e
train_0736.jpg,167ea7699fc2f4a663b4a502b52c6a18784aff534d8dc930c0674f1de4e45783
train_0737.jpg,44871369d905a5061fa0e9afe83125f3f4acbbc69ab2cb67391e2c03d8647dfd
train_0738.jpg,30d30d2580ca56f9ae311a221520fa188db59afa24d846fcb9851216ddcc2fa0
train_0739.jpg,91ce7f664f61958b23701f282fc1fe56a6e220161c850afe08d524eadcd0f65a
train_0740.jpg,cc801a459ef68ec58ab8929ffcc1476dc049e17a955cfdf1633a3899d8e78c4c
train_0741.jpg,9701a9d77de8c4a0e2e6a7720d198d02ccdd0f208768cd570c578d4fd6c48c39
train_0742.jpg,f5e126db1c775da3cf47aa4d4cfa0cc4b1841f0975be905fb0a65c86e83ff29e
train_0743.jpg,b8e1ec6fb0699548213302855733ee78d9038d6acc745a3cef6f467d12c83902
train_0744.jpg,340fdd9915080e4d4584912dfaefe31b431712fc9a59b65380b228e3ced8e9db
train_0745.jpg,339e0fe78729c686ff205841b7cf7b78268c9e52d46313ea90518b0a78cff8b8
train_0746.jpg,2e34a10ab13dae732dc167167989ed8901f78d5e7a3bcc347fb39d7ecb91c89b
train_0747.jpg,b9ff7e5edae481dee38cda90835f4522d2e5f5db81dc28b7c2de325124f103c1
train_0748.jpg,0035ad0f5f5ff5c55c4f15fbfb5d9511dc65b7d1638d53b6647ac28f424659f3
train_0749.jpg,5ea643aef9d9aeb466ce234a43cf6b0e1e8684a11e909f36f3b20cdd9eb3a26c
train_0750.jpg,e5f66e9362edefadbca1ae55a4c37bfe6e030a2ebc997342a6384a654bc6715e
train_0751.jpg,d89e3bcd9e8d9b794729889355b83ed1fa765464db2df4baf37df7734929b4f9
train_0752.jpg,029fa33a87cb1ce5f27ea73b32f88803f6b501eb16f3eddb6b8b809f04f8aba4
train_0753.jpg,392b650b52420102eb8e2121f396eccb595899f335ea7458b2b09a8a8c86152a
train_0754.jpg,148ed0d53ac6ec809a3360db1d49c52903663ed9d4ff6a6a2ac31c445cfbd802
train_0755.jpg,51646b6af2291eecdabf51bba142c7808a976eae197c35a88f22f66351cc3fd8
train_0756.jpg,a792cf6c952483ec4585fe91af58bda929d388f105a67528b28a11714338b287
train_0757.jpg,9d4f9c47776e4468960257ff9c45e05125d62a01e9ef560852b5841630d11f9c
train_0758.jpg,db814b98aabf252c1f81dba139f721d23f15e1e8870fb19d152151620780b765
train_0759.jpg,369a1ff8cd1aed94d7038022d14cbbf0518fe2a940c48d2588ff48bb08b2e211
train_0760.jpg,5bd7b286d72b8c7a805ad7ba832ff1f0fb17d9c0933d8bf5d20fa1284d8de37c
train_0761.jpg,37303566c23439d437e6ef0f6ff6ca6733729d5fb3140f2ea90a29181788c684
train_0762.jpg,8847cfd34d462436cae71361a145b410290c04310725e4c3399d901bbd0afd17
train_0763.jpg,a400a292327d8cb8f5509a6406e089692fe60f6abe572d9e80839d765cf3ca56
train_0764.jpg,bf6003fd416ad196e71f322eb969e2d90647082452053cea3a092eae679880de
train_0765.jpg,1170999c5878077b4d4988b4c4cbcfb96566a27cf2b4f0bd72a9399fb999c202
train_0766.jpg,42d631be0a1070f5ea59213a5f9c1c1401c4bf42aaec1c57fa3d771f23b28d0d
train_0767.jpg,5310a85426351594fd647cf5f2b2fb1e2668f4f7c092ba6550b6b84597caf33a
train_0768.jpg,5995287c7d3df01cbe7661a7bc3385f28075fad8d886ea7efb473be5bf018938
train_0769.jpg,e8a34c088be8ae596d832ae1723f9a5da3755329a3ad2ec2447f48a29c3c0233
train_0770.jpg,a7e283ac64cf8b04d6c68a37000ed24cb2df728714756cb484e42078d6ffa465
train_0771.jpg,d8737cee32faacfd065a812f74cf6bddfa3cff5ad5d4625b045f32f14b550a13
train_0772.jpg,ad463083559ba90e84dba24fe557890230bde17a83ef7bcc3a175af7bb7083ad
train_0773.jpg,5fe8627791c506be61053bd3d278d687185cafad4d6b1c62577612c69180e79e
train_0774.jpg,d047fc2b492dbdc110c0208ce046947e588e0c3373f08da91347320930db58a1
train_0775.jpg,4268f2fb5c7a0028fdc75e345c3bafed1edb0d2692275dc0d19902257e5b5ece
train_0776.jpg,7d138d0ac8b7668032618358b4816c85b3de04b39ace3ec3ee3a959bf8d18511
train_0777.jpg,216a38d02779eb6f13d0c960206d3b94bc39240ba455f38ac7e728e1395cbef3
train_0778.jpg,a059fc8840eb9a04c74d2d3cb027ce0441ff2ecd40d0887316532c1c6c6603c1
train_0779.jpg,ff31191b2b24526a1d50775b544a6cea028cbec25c375160220464170b3a21bc
train_0780.jpg,a4e75318a272d1775b1021ac3624d6d5c665a356044005cc026aadbf89541424
train_0781.jpg,46f99759b3be3ee16fd870419ae27f376591ccb7768508b06bdcd11d46863a70
train_0782.jpg,843d433a235362e5a9f16155596d20bc0dae010af5fc09103013cf2e1afea985
train_0783.jpg,ca613a4736544051fa0834a44634b2e6bd31ee171fd3a3c40c3f81e455ecccbf
train_0784.jpg,39662dda0a764d9b0fcab4647ba7c50812ca9f17aa3568bbf074914a02baba8f
train_0785.jpg,67b28f7e8b99b1129390c95019d64cb4f93a68e81f66b9513c577bf553259781
train_0786.jpg,53bf7720433ada194f1dbb0d53b15158487355d68adcc9c7d568b09982883a2b
train_0787.jpg,2370baa97dce53f3bca5ec92d15d6919240b7fc716aa2ea54f3dbfd60bbd0618
train_0788.jpg,daeed9f75cc17356fe3281d0e32c8e0a7c16f511123a7994058e5b036fb2a224
train_0789.jpg,2e4b52e3e7a35f36f83a016fc050aaeb6e32343c68f405e5731a985ad57a1769
train_0790.jpg,baa2cc9b9f1e164c50bcb3d56a2f79719611559f1076d772bb616b83c43cb028
train_0791.jpg,e912c97905bc028c9fea5ac79bd6b0dfc075146f9633ac48cae52d695f0c06a0
train_0792.jpg,a08eb451e92bc6eefbd089c2ae737405f253f5bea53f78546df393e0cc2ede7d
train_0793.jpg,b3b51bb803a377266c58920d8fe6a2930196777f2f13766bebcffabb3e2dcee9
train_0794.jpg,ed3a5d6d565476221c6bc21e23b5c33317044439f08540378cd255ad344dea10
train_0795.jpg,953a17918d963042637bef063d658f5939e147fead8538e4f8135c71bfd653c0
train_0796.jpg,8a5d14d048e6adf6c1ee09236755eab8740011224ee91fd2d3bdf859bc2e9e12
train_0797.jpg,853316cdf790ad8380d280810c8a77aa85a57d92ec1fdf72003ab7151ed7dcde
train_0798.jpg,0d91dbb11f3ebddaaef900c5bcd84e3273e7ed3a8a76258e8c3f26788516e6a9
train_0799.jpg,097751aef6128a7924b096c8acb5a55af0eda30783be6efd543712e13f25f2d9
train_0800.jpg,e38c2ca4ff7c29e4b4c818793e3d6338f0f802e6f59e174fb2fbed519b1dbaaa
train_0801.jpg,fc4307c849d45569a4c49435130c07eaacdb8265dad04c28646f367158dfa79e
train_0802.jpg,265976caf7426199ceccacee85c4259d35dabc9bcb015ec58075222d3a47e19a
train_0803.jpg,c4a7ef6ba2d6d56b6cacf5f916445821ee738e5988ea3cf3758d57834495f974
train_0804.jpg,a6a790d0a3277e4e298f250d274622c8ffd1567471cb9035a32a90ce142bd58d
train_0805.jpg,8ec4d63d88b273670c6fd9eb4365bcc5128159ccdbce891468758a682a8d32a2
train_0806.jpg,b827ab458bdd200e52adbf700371dbfb6db329021b1145e6ccc510c899d5b523
train_0807.jpg,e105c3eb8da9a98329a461b8f73be1fb40dced9bdea360dc7ff12ff7433e5c01
train_0808.jpg,6441156203532cd9109d647b78e59cf172d79774b4933335f3b2c6f371781bf1
train_0809.jpg,9d4d5b3d346c10b2eadb697fc15056d01ccf52d8fbe0c7c3b3a0180cb4b95547
train_0810.jpg,c52c11201658f26d65e82c71461511ab54ab77d38310dd3b084df4166bc0b06e
train_0811.jpg,8f98112f1f348d19b960b502f9d7ab0250ec14d3b1eeb365e202f41f6618db0b
train_0812.jpg,05048b996652569ed52dcf906aef21e291876c4ff02b0a54cd2730c3f9650b1d
train_0813.jpg,b4e9cf3931a813b7db778a5f090b1dd77a27d9df7b22ad49a857c78030545444
train_0814.jpg,5b587bd318ec3da6d74673d0dd7972147541cac7d65f252ee42daf672b9b7ce0
train_0815.jpg,bce90a3bf636583d1e56271cc68fb3d73582218e3634024fc98e04bd7eea2527
train_0816.jpg,6824201ecfa38af810eefe7639e40a1481776220859b3dda5e1714f6465d0fbe
train_0817.jpg,69a8c489aaa0862a97ffe4ba849a15acfdd47e7211f12244ac225378bfa5dbe1
train_0818.jpg,4adcc6d492eeed8310d6030f891c692a24b6783227a46f33a422717698fa16c2
train_0819.jpg,9a1d20939f9e7f123773ea6075da39d1d22282061213faccab394ff4b032e798
train_0820.jpg,5dd81bb6b13aee7cd4be3c4679b23462f2308c072b8f3490f2ffac6badfb6856
train_0821.jpg,694684a4d4b09b3568678fe7f5edc3683b62e1e789f467f6468c7b55d767d5b2
train_0822.jpg,40c72565fb8504d08651eb656b3a268b4d2a5becd028a7e4b0e63d895eb3887a
train_0823.jpg,6185f5ed528489c35b909a89d4f3e4f54cbfb6a0b9e0e1d7ca695275478afd7a
train_0824.jpg,143889b9a6c1210135d691dd6b9d62ebf7c51b49af7c27d7db8b99037b8f3200
train_0825.jpg,ebedee59d26742e428b7b5bdd08a2dfdcbc8eaba9abc09182f1f07d0c370fa56
train_0826.jpg,50f0a8cb7706fa1f7fbe449ea3b615f69a0a1416ba1a57568e8b70e81bfb4c31
train_0827.jpg,de37d83e6e3c733847b88dcd9cd9a4f16d725cb7abd73528e629f70f8be121bc
train_0828.jpg,45547d12cbe57f31c93815b3e6b8194cd785336577a8f0e8d367764285ee05c5
train_0829.jpg,4f82627d477ef797d4cc2d6cef3e9e44728f9b0ac2ee21b62c3fd595eeaabad8
train_0830.jpg,83b639119231f1430cedb9954ba42e11fdc515720bb44d160fffec33a5ac03c8
train_0831.jpg,d38e97acc0f63c6fd9e5968415955b53ea2f1e17e8131100cfc6b884713298dc
train_0832.jpg,887cde9f0fdd6d01a8e968daed85a0da076fd3e8f2e8b2d5106a309728584ec7
train_0833.jpg,12291b2795079278ddc6de2ca1e23ba7978057d2500c77fe3b1a3f604599c764
train_0834.jpg,040e917ded052e0cdcde15c37cd3e5023434a56733fb1b481c9a3040e646eae6
train_0835.jpg,c74138fdf789169c03be67b9c17d8d93fc9c06ddebc190743739e0bf349dc52d
train_0836.jpg,6aaa9b8643306a91941dc0edb8248ae07aad2f77dcd9f3d9c72a4676bc55ead0
train_0837.jpg,54f707c28fff7b5fb2a551f3f7f0403cb38da00942fe4f80c842f2962531b515
train_0838.jpg,880475cc76e610cb3a0676a00ad87179495262e3b443a87acfc0ab10858ed8f9
train_0839.jpg,b07aab7cba3e06b8d717b07037e5fff8501dc0b672784ed805b45a954012ff6b
train_0840.jpg,030ce2860bd4ae9ff589099f5b84f58faedb89934d348ba10c9c311db0df9eb3
train_0841.jpg,915a34deb955f418e06f63dec9cf6d2dbe475f2423019efaefd7c59d51bd4af3
train_0842.jpg,3e315b29d079400ce1362863b7c2ad7e9383d87baa0f24ff863201cca369f45f
train_0843.jpg,1603dccd3ef9e826d08999cc531030be3f57b8101f5f7521f470d2ce309db60b
train_0844.jpg,a3133500ffbb424043707f370ef6f94a2f978d99622451c2d2f95faa7aae8173
train_0845.jpg,b11f4f14b74200a26eaa65e14e7846f05250a40600cb9ae9dcf784a984b8221b
train_0846.jpg,7d5a43c319784e2ee6832be64b5497d29990211cf3b973a8ec3e96220f6378f4
train_0847.jpg,57bee0ffd2e17aadfacbf1dc926833412760644dbd90c9cbd6640462ba3ec10b
train_0848.jpg,c9ed3fde237a4fae7199ba0f8649d1472e5da91725ae578c6c8edc5d1b359178
train_0849.jpg,5e5e9a2e1e27a878b7d79c9f258b8a2f229123c7e8123d7b9429e202b73c8894
train_0850.jpg,1154faa5c8bcb95b3d23a22bf8719c956bc2b7492c5584d9011612356e13229f
train_0851.jpg,004a6827379a691adca4cb81346c257e3eba931eb5b4f01e662ae27aa1ba2834
train_0852.jpg,2131cee8d9e1f25bd3fdc42ecc80ae8780ea527f77cc03cf1a14b566fad2ebd3
train_0853.jpg,c79e17cf9c4a2ed1be64587276de22325252287ddce1019a472d47bd96954126
train_0854.jpg,727e9a7d1b0a4ebde12ceb396ee9ec39fceb55e344ddbb0859042265104b528d
train_0855.jpg,317c9f8bf656c9a00737c97e9e90809d54fd407b391d454938193429f11b656f
train_0856.jpg,697b5257e6861de864fccea7c131e52b7eea4f1dcd1e4e1bed13e13895e390bd
train_0857.jpg,8639c94b2fa03bf9e0608e4ce64f4a4ec0be7b67248cc1f070f8161fa7383abc
train_0858.jpg,b8050f22ad65b2c06009ead1826a9ec51694e53e28dbab5269fc15bbc1b02dfc
train_0859.jpg,c57fa0c93a0b2a9692028bf3436892e6bd2429ffdce197478c629cae2d82a020
train_0860.jpg,0fb13210d5c654730fe86488220d6c13f4970e4b6a8cce5f228bd226c808a899
train_0861.jpg,f66915759e0463d949a2b606e8e90d132eec2572ebd91ae3678d9c4752739f98
train_0862.jpg,8deaa85ca6c2b163c5e0e74678ff7aef3f4a34d7cc2f715dfcd9886cd4402a28
train_0863.jpg,929beb4a68c34bf3168ee8a0705a43fa3e2d5b0bb3c0724301759dc28db43462
train_0864.jpg,4d40642ec0d074156e3244103a6845da5ef48458b99f71b45e05bc21e841ae76
train_0865.jpg,c4d7724ae845bc2d6f9b964f757addc2a02771f9aeb5ef46e821ca11f84e9be5
train_0866.jpg,f446d4b9390fe0e549fe4cc9e9de75e01dd3633ea2f70d7b53541e5707264e2d
train_0867.jpg,32f59c7cfcd3bec1aab70b26a51663c20b52f1852959ee0d5607ba85598c57d5
train_0868.jpg,88cf72c6ac68aa322d6f7060fc93bad745be0dfa3715506c4a76d604c5a67dca
train_0869.jpg,3c955bd1ae38dc53d389e19c1c00c477b19ee8321e13a506d412512b9f6f40f4
train_0870.jpg,e6b832e57efad6d400ee53283d450a5b73867148d4f4a4d837498096d7718e5c
train_0871.jpg,65fb3fc11a3de1509e889d99c14dc47e70f5bb743a37b15777e1dfff8181ec39
train_0872.jpg,adc5521dea5fad1376dedd1923c8626639c4fbb610b2329ffc86d5f41429bb39
train_0873.jpg,1e4a17f064b738844d2057cda985103ed61483571dc95d37940d57ceaad64245
train_0874.jpg,35788d96cad9f3f0aa21d309c710eefdc2ad5d7afce435b392a725a86732dcef
train_0875.jpg,da4f6ec4a31b973d95bbb40edc59ed429f6a9216143e77abe8fb0c23bff64581
train_0876.jpg,0fb78644e1b1e6b5388cd01c7f919e2c3312be5919ad3a06aff720ff85a5108d
train_0877.jpg,b3eed2504af21f1df98aa49ad329b512c113df6beb0b47be1f73af61ff130d8c
train_0878.jpg,11b2f32b12a37cf3f3360f89af929e2b34a4687d90d09ffeb615f5287792842b
train_0879.jpg,25101d40dccfba0f821d3a951ee76659d944a26ee8dfa82cb42ba04b65db3fb2
train_0880.jpg,6753ff05524182d59e89416b49a6a6c0394a47c131192eb0a9ee242bdebd5ff9
train_0881.jpg,e29282029df7e0db88b48295e353709676f09ab86716cf82824bf5220d2910a8
train_0882.jpg,5a2fa60af70941c63365f75485a8da2b4770f22bb626307f98e9946b1e819192
train_0883.jpg,b927d15cf936e7c86e2b96eda9778f60d71af4f7e369c91fb5cc54f3017c3ee1
train_0884.jpg,58ef19df7e88bdbd73babf4ddbad1b43cdf88dcf1031d817313d8b9ececb5a4d
train_0885.jpg,656448369289c99503573884caebb7c7727a108f5259b0dfac5257f6bc169e69
train_0886.jpg,b1b41863a1ee55da0cded9a6ab986fcb8d4b575af2056da5cf4e1de3a8181cea
train_0887.jpg,2156af16750d3bb84cf9cf539e94e9e652261bb44a048358241248382a2793c3
train_0888.jpg,7bb2c21d89be5398567c0178dd6ddc31dcfdbdac9db24b782fed2942cf739e84
train_0889.jpg,0c43d8ce6bacb30a743d5f57b6125b6df8b891bf4da9583b1d71df999cb8c7ae
train_0890.jpg,13642de4431829953d6c08d69afadb91fa31532913258b936bfdfd7b8bd1029e
train_0891.jpg,501d6911ec4f95cfc4b27e7648f83effc0641c79d1b3aa4d579144f96c0d1b00
train_0892.jpg,28e2b1f2acce26513e0e6666971318e1af751067de42661499eac364db2ca115
train_0893.jpg,c5b3319c1b3ea4d767eccd7c2fe403137e7c76d7a2af8d6ecac4fc7f73d37b6e
train_0894.jpg,6ee99607f00b144f277f641548c2fef6074d33903ff2608610c669ed8c7de338
train_0895.jpg,e33fa9e2ef0822b48c0cdaa7228430a21570733a162d6fb306a939307be833d1
train_0896.jpg,64b25c6bdbaa1d87493888306ef93cb1a6622bdcb82ee969995254bf28717466
train_0897.jpg,2697fc975c5b15b42398ece7fce53f9a23092503e12d40349ab4037d76f1aa95
train_0898.jpg,7f2e4a79705e0ac05cfd27a1693bbb22088c9ffb913303553d22a1631dff343b
train_0899.jpg,31eb847ef34d0b59d48a5eae6d62e22cad065103ecb8429cff774c79c5782e62
train_0900.jpg,0c511e25f0c32f3946419cb7b731ae72c66ffef541ba8f489d62a5d327bf60fa
train_0901.jpg,b3520276ad0d14d38131433d241a224b5fc237f875bac8d1a4204b16c3e8cb92
train_0902.jpg,37ab7cba74081c63b5b40a5ce650ce9cb08181cc431a772201140754cac76a17
train_0903.jpg,dce99700da5bc780f601a7c56260989b3c20684661c5b24f03dd9ad2d6953696
train_0904.jpg,8ad1713c896cb6f7afa6810f7dc31e6c5caa0c53b46849f85f9b246c198221df
train_0905.jpg,d02b0f10eae60397095575dbe0d7159b3333023beb09941c5501a2119b5a53b5
train_0906.jpg,e2a10830d795392a0aff3db45f27e2ed8345c4691fe1bc7247b3da8faa5cfd35
train_0907.jpg,5506a273c75070cc0ce532243cd654e1cf0cba3e10feb2e1a0ae686b0d9a5b52
train_0908.jpg,1faff7623797359c5b9c7a12135c619733d0b91894f736457120558016a89469
train_0909.jpg,f507cad8d298560426aebbbb2b96847d0bceb2e0aacc35b63529b78ca0558f76
train_0910.jpg,a35acb142ed2d860c05a20e5f535e477fd481b88ccd21668081681dbe97249ea
train_0911.jpg,ad90de03ea3ebd4022650d52cabf1ecef0d882081cb128b8f5a8bd7ce744bd2f
train_0912.jpg,f522a5b9d1cb7dcb297bb9dcc0ec181f30134cadf2db4dc1302db5bf14cfecad
train_0913.jpg,bad7ae9292e99bdafd9f32da60cd5527248da61c0bc9243e41bd90b11ca68ce2
train_0914.jpg,cd59ba19371c570ab28cce3166c34fb3711ce79d86d734fa93a2ca3ba67d1aaf
train_0915.jpg,f5d69fa730e5893bbd03bb6e0455bc0dd501457f9e072fc1f7d0d2bb2311d9e7
train_0916.jpg,cba797c57277ee79f7e112c85c1068d40714b266c4b900af49e194776aa65474
train_0917.jpg,8ab937723387b7376a1da32a7e4ce10dd9ae78b106edf1903f0e75097cc31954
train_0918.jpg,8cb927fdc0f72bbfb258ccff4e0259aebb4e82ebd579cd5bcbf1ffafb8db89c7
train_0919.jpg,8d8b50f71feea5dfa515e56ef745d45279001ef569538016c42874acbfe69850
train_0920.jpg,d1452a1c8ddc162b37bcfe259c3e01c4094d13af668df2d9185c14b9231efb03
train_0921.jpg,a2fe1e1faea8e50d84d2c8a98d26640a7c0a6f405ff6f6989c305c650b1097a0
train_0922.jpg,b1f04f0dbe24af686ceada70b8f95e1e0f2c68ae9d674e7c39119a86557f0702
train_0923.jpg,e725c3924e4d6243e31054727771fd4388661f166bf62989d1553cc3bc6c081c
train_0924.jpg,075aa7c4d8ca4c72d6336b104bdc5f47d2b23371b716bc8cb2a6e2cd48fb57d3
train_0925.jpg,2e74becd6fa7e103847f26925c38f6e8260d4a420c3d462446fcec61517e1ac8
train_0926.jpg,bfbb75fe8fd5a5ed49b1e3c76e4be4c0f29ed7339673e4246cc614326ecb764b
train_0927.jpg,5dd89688bfbb79a23450e7ecb383299bdd22198db5954e56fd2dc31728261201
train_0928.jpg,62965282b324f018bfa275bb673f518023e6c931dc464d0b8c6204c296e06932
train_0929.jpg,aff9acf8b5affae8d82605e50322b1beb426cc9bea0d844b82644087ce96722c
train_0930.jpg,603e21631efe24037fff46aa3ad082299f0053eeffd4d3f35b8b83e99da39137
train_0931.jpg,86cc31417f6ec55c23a20bc83f832608c355cc96848a8fa3798a977c86166936
train_0932.jpg,d5b611fb6cc4120a30be35790fc5458a72962058cae4850bdea3ed35717ffd3d
train_0933.jpg,ea49f95254a20b1df4a3b0b8eac7d3c27d4d853daddbae4b368440c0ac39031a
train_0934.jpg,3eef342815a8c8ebc6ea5a4d210acfae5276f3d50c7b720cc0e2e0d70933aad8
train_0935.jpg,b6e074a69caa568ef7c22c578662fac1d842723ac155dd59163e99f15fc47a99
train_0936.jpg,f7223502b6a0c84cbd75bf536d54fc97674d8aa9994e4879b8531fbe9ddd79a9
train_0937.jpg,e57a51dcde26c4313cea6133bb0098f50b13a9715f7cd8ec9b2dbbe731b14c82
train_0938.jpg,eb6fe9020dd6d58f79b47480e80c0978488e671a32908ad430c0a9f48e32acaf
train_0939.jpg,ef432075a56f34a4ce2929f63b4ddee2ea26840dbdd5554220bd8e570e6bcbf5
train_0940.jpg,ca60e239667b5bfe14892b463fc71b77b7169190e377e9cb8b28051b2a80c5b8
train_0941.jpg,e1b68e3180ede1eec2e4262a0892f5ee645ebba38f547aa6735732f96be54cba
train_0942.jpg,aae232d9336501be4dd68547a5beea676e1d9067c52ae1f8f7fc5280a2759744
train_0943.jpg,1c2ccaa7f19c124f0a7697bb7a96e9b0017194d92e919801a02b39c1801b8b9b
train_0944.jpg,e7beebaf98f9bd7f3ba1ffb3dfce49dc7378b71946de5318e704269dd1bf4010
train_0945.jpg,da5a282b68b88dba24c979f80c98dc0e37b49a467e607f3f37d62fbd09ff163c
train_0946.jpg,ba8f3300f9e066ff4205be5a12893ec0ceaf4b8b599cd755567168810d7a55f7
train_0947.jpg,776cc23b4b89b37f1571b016b3cd4b02ea808ebbd8823aa94b3d8106cea36717
train_0948.jpg,fb3dcb9bef6c6c34ec872eee189ac36944c187aa12b5db1cc9676115ae085ca4
train_0949.jpg,5efdbfbb81ee888a4ff6afb0357c98fadc3c2bbe5343e8d3a624dbe61fed34de
train_0950.jpg,ce67de316ba09a29cb2580ba60d8d417eaee2c16039be577d9ba1b884b8dd934
train_0951.jpg,42ab9f6ba211a9dea814dea3adebcb670c53e53281d86de2082bd014d2bf6b60
train_0952.jpg,718ce3e43067e5100b5ab25a6ebafcc0e027d67b8ec1c7263a988b0c10dd01f0
train_0953.jpg,c3b3c723faef64fd923b6e62af71fe90b212b1a2ab8721d30360dab2e881ca62
train_0954.jpg,061ba75a9f80c5593138ea5fea82508e0a85a94637147f52116da5195d91af2a
train_0955.jpg,d3deb87aba54fc5434639de8d1e1c5a4ca65c4e4f689f75b2a4db8369ef79bdc
train_0956.jpg,981b27b1d7e4a80746c5b52d9289799dda1e0e05e7f00ee9f9d78b8b945e5961
train_0957.jpg,0df0f1319a19f7710fbc54e4ad792c75996c662340076515a4ab2f410b0cbdda
train_0958.jpg,f0ef605baa89c787daa38e9fb7205718710d0960c23271890c29e03333e26e72
train_0959.jpg,c352622cc0fa5fd2e80aeabb04281d3cf08b1ba5c60e0dc4ba906a665ff794d0
train_0960.jpg,1122cec491eda6379b8733d5236eb2dacd992625442965e8b922a337a8a84628
train_0961.jpg,a0f196d119b928a90c5d05aec9ed0b0747ed98bc4d6d23f80d274e0dc5b9438b
train_0962.jpg,7a7780a904a04770342a063d31d06fa0c60b12aa9b6dac8a8ed75da77cd3b5ab
train_0963.jpg,f601cdbfc913a58284af6be2280460fd183cd5cb36675c28cca4b69f5bb25102
train_0964.jpg,30f646cd165a67a787dcb32dce58e9a71b39cb5c92837b1b04b7c8552db49ce8
train_0965.jpg,629f50eb2ed60ffe47c3d9c5a02b863a45f478b24606857c6161beec8b41a706
train_0966.jpg,7ca9bfc9e768af96035bf3942e299a4ee87610f6183e24191f3192bd25ba106b
train_0967.jpg,bd31541b9ed45abacefc81bd550a495e65de7c5388a73412e122de52daad535e
train_0968.jpg,352000a5a3efb0ea8bdf265f31e51f5c80d9c719799c82c3a1b4cfb29fd62dca
train_0969.jpg,4ca2fab12d014fd208a51c2eaf8c93d5e5c45af60b7e9000ff71f3c6626db4ff
train_0970.jpg,d93451f4de7f6b815476cb9e111944276e9dd52e11df44fd376a87b8aaa947f4
train_0971.jpg,cc60090f43082e2ea7a717a28e8549c62a5a4be21ba764fd855f2c8e2d44a4b0
train_0972.jpg,1c5cc647adacc9bd61649c2fd516a1df3d07e82804d393f337065be0727acd97
train_0973.jpg,956eae8deee902ec517526cd08a6dff6d9968079c156864ad09b34ea71562de3
train_0974.jpg,ad17552857dcbdbb3cd50f532e6d84522f8fa431be0f50e3de77f80199527d5f
train_0975.jpg,e9d722632ef37130070b99c5efd270a75fa8dbac434199d3243214e9b59b8d9d
train_0976.jpg,0bdd8c5a2f34e276d4dd550e79bbc619343b1a2baf70f86e3cec884c15e2a6ca
train_0977.jpg,87cde8e4341b28e275efe73313cf92b426f9c7f63f25abfeb1e707ab54c7bdb3
train_0978.jpg,c56d97a9a17c3a6b00f7a7d9f895dbdf8a29be8799e8ebbccae47bff883bab75
train_0979.jpg,0750dba6d131785bd5873a37c3de2e1dcfe7a8a2086df5353fa2bec6ad6ed5bc
train_0980.jpg,f59e58ec1299e5e424ee330add619fb0dea3790a63b52cda67a710a3f6b263cc
train_0981.jpg,0fdcf086ca91cbfe5e075ae5db6e3ae75d1d8c23463378648f3e335d42ca85c6
train_0982.jpg,c0e48d7e7c8e6f0e700d162e15d1803c8e0790353ccbe65dfa1e25bb9f34d8e9
train_0983.jpg,92cf035b4597cecc1935bec06902bd452b93c2e722c69845dda2bffb361376dc
train_0984.jpg,5ac0fa7dbb4618867128205b838e49e9a75687564cb69eff37f8e0c833f1e3de
train_0985.jpg,d3cc876da2f5338632bef5002fa27bbfee52d37ef42f0ed386c3572b9cf07d28
train_0986.jpg,c085afd48a00e74a13e519fbb98590c0bfd8bbf85fbd88bb82ef936962a12944
train_0987.jpg,d9d937af93b1370e9f4386d32e1e367511f6a2d91aa75b2ba365f9c7a13db8a4
train_0988.jpg,76c8421e6e73c36aff9740b7561b9be435529e47f205c9b475e6eb2d7eff0d67
train_0989.jpg,01afddd9bcda222b635922111ea84b4a067ed5f5b172d44623d07f8803d9b226
train_0990.jpg,21c15f13d89211f57c94194631494cfc41cf799efa94e63c164b1e0664ce5c31
train_0991.jpg,70fe7a7d5719aa7a9f88c6542e03201519fc4873063b7a974b88a83d92014465
train_0992.jpg,578dced7c314bafe34b1beba6cdeaf74689b3578fec7b23b3295674e6fc12c06
train_0993.jpg,0827c64d902ddc466d1dd50d803e0ec97aaccc5cf050e4af64b5ce07f88defcf
train_0994.jpg,f9b48d0d08b484f2e7b2fcde414ac90b9bc8795a9ba59d8783e08dd80778beec
train_0995.jpg,d211945bba079875a9e6d8b9cff645ab756ef90bac377b556209ea3d70c889ea
train_0996.jpg,762a8450f597a262e2b6c4867a3dbb33e5c31fecf68c03306aebbe05f802b09c
train_0997.jpg,36cbafd944e7bd8b418d4943fc00f729b1b19cc887da8d6d55178c9736907d06
train_0998.jpg,c4eea8f13af6e6e301ca86f6781c3aeb62628acade41f3abdc2d039210753b73
train_0999.jpg,768b287f8f938c3942f695b4d3a3195779b94c07d68f43430f7f7ffd7f6b9e4e
train_1000.jpg,430dd3c0de0b3c89906d5c32838b9a44667516f6e2d0dad1dc6a0f5d0bbeaa5e
train_1001.jpg,c3a8a1c78a8b3bd67faf61e5e76098385a548dcd66def2bb04a0f0ad1b2ca197
train_1002.jpg,18f846a7e522641813ff30674c9ccc172ebf70f9dcaf92e0149a7627aab34971
train_1003.jpg,ec65f4672aaf54916a11c7b9b6379543535233688dd50925ccd2ad0bb07989ed
train_1004.jpg,62f0c0299bf407e4f45ceaece70c825c40aac69ac4cca88067af2eca318eb0dc
train_1005.jpg,8e4764beed18354e3e89c0d640a4d792a1182bc3a10b7006d53a3651bc789260
train_1006.jpg,7df93d8546d83286662edb6502786da63aa6f299cba2ebadd84f614cfdd93b47
train_1007.jpg,190806ffa4b2c28bc2ca0e5153daa13dd7f5f80beb736afea276be36d0c1f9ce
train_1008.jpg,4e71a258b5d47ae982d2e240749420a06395b5630e3e688285da5e22c4435c3d
train_1009.jpg,993b17ef336a8b02515c15566ceb3a258ae9cb37d507796d25009393d087b21a
train_1010.jpg,ade1db92281107194830143e15cddb56cfa356288621928daf4f6c25bcea33c7
train_1011.jpg,c9686586f8ebe2f7ed3f4eb0af8b906ef7577f2fbddf74d6912c94ff792b5da5
train_1012.jpg,885f34396bf809ab82b227429427b7f78f791b0b61440e24807cfe05f44779c7
train_1013.jpg,f112aa3073a40a1cd97d9ae311eba0a2493f48dd7a70f1d9a684dde825b91c0f
train_1014.jpg,7b6e197ac711eb18dad1501b87eeb91a1b902dfd9b06501c6b4462615b936bde
train_1015.jpg,83fb8c4b451d72a1d684be7939d2664fa9c3b41bf135e10d46c2bb68dff3450f
train_1016.jpg,f4020c3145bc74eb7817c3750532843d7c23063a279717c891702b86a0cc93ae
train_1017.jpg,bf3e4eb238e9671d881c80649ed03d7a35786aa34b72e45d5ab832a982c07d92
train_1018.jpg,340ef5264611f4ae00092dc4c4f53e9b11ffb927e38c8481e56c3dda63b5c590
train_1019.jpg,2dffc6b16dd813815acf7ba22500758a9ce653ea119242b8ec1e9ec500e103ae
train_1020.jpg,29f81c1a14ed1fea15036fcfcf25d6925f88996c83597aa616ed8ea371acc36a
train_1021.jpg,a434d0ad33067423824d23a0b2dfbc54a7065956ca820e48741472fafe9dfbb1
train_1022.jpg,5c980b06fe6cf52018f9d6d138f1a157f89fa3c24bd4011feee490f1376c9a48
train_1023.jpg,6eabff6300f58496c7160d7bc9c2bcbdccf16a37186ef8f39aedbdc73b5b908e
train_1024.jpg,3dac31d82f2234c959324998125e41c484aeba9b68466e77e1369c57387ecc98
train_1025.jpg,db115e496370c2f015a2c79f16b3b3c137a7a713f1487dfbde0e2d502c77eb21
train_1026.jpg,7ecfe37ed48842d0e57b6c5aa43b28e55b2df3bb9e87fe6e7ca8f8dbed5f2083
train_1027.jpg,d4113ced7886a0b9ac3d8d2e7c22fd0a704aad99f659fe7aaa30936b6a9b98b1
train_1028.jpg,aa53133e54e4e862abe4308d58fb790e477ee4a413f2d97ff508c113447d8a63
train_1029.jpg,3838b2b3044920ee5a9cfdfc11e20b1a1f2c6d0da76955a0170c0beb9ac743d1
train_1030.jpg,acc539978b3f40af1c69783c14210cc2b3bfc13fb22ffdb9cb2b8a13558268d5
train_1031.jpg,97abf14d0e75d6973302586703b37fa52f588861c6aa0661688848a20af8792a
train_1032.jpg,e9b5c394e95b6b49579a435957414e01f4133107fe5389cc3327a6c15c2364fc
train_1033.jpg,097a7ca04a7cac3e8662fc5b67a6e93645d02f9292ee2832cc4e29f0ff1c3ab4
train_1034.jpg,889d30afd6144ea081df57d8fd54add0c311fa10528972b44896559c9692342d
train_1035.jpg,9a384f82a1f76696838e31ffbfca6724ebd2707a22df68ce30faeea1aa672e53
train_1036.jpg,41257e3465db7fb125abcd7c333e417b5bc098edd5cbf79cdc05e0ee972172c9
train_1037.jpg,477479ae0aa78ec49aff3f3570a0ae32f427bef56c7d5112826be724e15eeed4
train_1038.jpg,df4b1c155cb6220910c46452822ec4a5c9681f41fff3319d70d6fbbf936f90c0
train_1039.jpg,4c26932a9cc26745ba7d5b92494f6235c85593aa16272baa564397b407ed2d70
train_1040.jpg,688c42a57df43f81aa4af46a2ddff9c8ed68f5fe4be8bbb5fc661f044965c80b
train_1041.jpg,6a52572b922c25bb197dcc247160a768991cc3feaa82da1dc3e6922962ac4622
train_1042.jpg,8002312df7e6657e2d15ed32604e2357afc270004ddf194b5c441d15166f0698
train_1043.jpg,6f8b5bfb8b8bd90c8102de6e25c126ea6cd1cdb0211e17f5d26c6a6c37c2bb3b
train_1044.jpg,1e89a4e3e037dd709a57c4fdc525744cb0906eee636497930a2d6fe5acd5387c
train_1045.jpg,dc156466834a7209e4b0d5c7d189737c131d7426da1b3995f89d4979edd3c2df
train_1046.jpg,b7d94a5351f67048fbd6a7362df0b7f47f3aaf942f9b03a6a7f9c4ad77f3ea5c
train_1047.jpg,b9bc32393bbf85836ae7330bc7739743973a52a33e074d088bf5bed20f651e8d
train_1048.jpg,46ebd8ebdcecfa4d81ef07ed021d1f18351b70e70eb204f1ab8688570bb7e854
train_1049.jpg,6f67ef92235a3da955b0bae9459088d34bfea06543ec71ec275c4f9af39e895d
train_1050.jpg,37adae1f5cdae194c03d1c1cd09374e03bda16f5d7995c1fedb1f52c8021e59c
train_1051.jpg,efcaf05ed669e0ad4d9b20622c9b39cd69ced63e8de55231ec787663a1830f81
train_1052.jpg,d11fcf485fae736da33f54323a7054bda393d73ee833c688b7406897458e0b74
train_1053.jpg,68f96eaa496ff39bbd8e5a72b84975b62def5e023c0c33c4126972e63b93ba6f
train_1054.jpg,86f6fdcc42da499eae1106a03c22184ef21aff22d2525e016bf0ae73ff30bf49
train_1055.jpg,a0911ae60d41415ca418af7d11748c3481bd7155f43b34cee4bb206d370ad35c
train_1056.jpg,0ecab00a041b8c2896cf83c36e2592c485b22c99e3ca2b83da2f5776d5b4d1cd
train_1057.jpg,0bb9a01dcce5b31b9896217b2b817929a6bde4264d1588c8c8a73171775a001f
train_1058.jpg,34985457132a918e3db572cca2279746029f138dc9ff07e327a6a24fb991d7ba
train_1059.jpg,53cbd9e3453c945c7f0e739b67c974b2731f8fe909388d1bc3f75cb5f3271c27
train_1060.jpg,3e8bcdd33ca00f0505f3eb217dbcb36d412c14b84f66b88b72964e5a7bb05eab
train_1061.jpg,debbc0206d41605e24d8e5f33da1784e741c44bea3fd2920e64a614dccf17a15
train_1062.jpg,b5adf1d9573a929e08d05eefb082ed99de8346e5542b796f4de071e5b27b35c6
train_1063.jpg,fb77a6cc5ab5f913aaab04058fa7486888113eeda395d0f1ff64865ab97a6b32
train_1064.jpg,a685f68bf012652cf4dd5ef691cee74716b0a6a66689f5eb32e097c286f075c1
train_1065.jpg,e26a2f0238d7ba4251fe65bcee19c4be59e093d58655bd73ba366044bee259a4
train_1066.jpg,9c231564f62957d6f604e8d4e168f57b352f56e171c1a5edaf34520995068bc3
train_1067.jpg,e14d0fc4ff705e282a6f9f7c155bbdc5ae97cc5c5de2ab5f1925b5b5c7e64caf
train_1068.jpg,34a05dfb9b05bd4cfe78a16aedc4ef669257037b443f6e9073417dcae2c926d9
train_1069.jpg,2922c46fe415e0b1a2deb33018c2b3ddea0c138d5bfd4c99d9412bed5f5a765f
train_1070.jpg,805b3b4a07bd42b457e9ff1b8a4b19a54ed46b0ce5c4216573c49ce5273968b0
train_1071.jpg,1680777c2399c64f6a4fb4f49065daf48b574e58f205a4e7bebb69e568f3f4c1
train_1072.jpg,5e6dff50f81e53c0760e265cb18b4b7d2a21a4431788e73db5a80eaebf7285ae
train_1073.jpg,e05f6e5baf31e8cfcf205335003f7f2a7e91abf83c5a8e3b58b144749952859b
train_1074.jpg,b1b2c1c0ef0c2bdc0d3096631f2c147ef891ab3485a641548e4ea5808bd4c7be
train_1075.jpg,4a2d474799b587a0b6739d3d63315a5a3dda70aabdf76817885bcfd8810f73eb
train_1076.jpg,c1b83e0b97a8ae4116446543eacff68e13ce2b4c1802c24cfac2db4ee9be3d53
train_1077.jpg,fe7a1c360bd69df926d21bbf3680ba4f827c322beb01d09de21142c9cb003269
train_1078.jpg,a209e676bf4a32b8c337c36de3f7631a81c39761ee769fdcbe3b3a70692ce62e
train_1079.jpg,a3323149d527e06d118ed5b34d3a2a1173e0a8613ea24928bebaa3c6037ef231
train_1080.jpg,f7994d00e8d02eb789fd0ccd090288b182e169f7b020a1d3c46a8d47d2959984
train_1081.jpg,922337acc6fdc80d86fba90635ffc4cb8c358273b41383ad4035bfe3acff21d5
train_1082.jpg,bcfaf7bd7652917084c9815525b5fedf93cd52aa67a1bb6f839b2e9ce18a2822
train_1083.jpg,30e34bdc2d1a440ea7638a5680ef07ef642701c0641cfa57fdb136ffb511e2b4
train_1084.jpg,ca745f5602266506190ed8b01841f1624824763c5adb4cd99a23085986bdfb41
train_1085.jpg,5daa8216250fed28586d5f5b8d683c943ae8be019748c35484f1f2a00b5d7767
train_1086.jpg,25f3c8ca97512d08f93a3161c075da1a3a430c09954ffc15e55e76ce35c07e20
train_1087.jpg,47f2383a6831a487955daee249673662a72f92013729cb81035a8ed84872aa66
train_1088.jpg,1f2c05eae15128000276ac5c1408270c56f7e72ddf86fd5a5c2561d236297602
train_1089.jpg,5be0d3c5c3f48b189f2d8e3ee612ed13942695828eb6785de79fe26f0ce139f2
train_1090.jpg,71eefddc1ea6b5a96423f55d95e2cf74a3efee33d69ee4657a5bf36531de713f
train_1091.jpg,f812faef32f8e2fa3c2cb9c77f575e2650e5bc3708370a4c66d4af8481c23894
train_1092.jpg,517ebc4e584f5a40b9e4f49755d52c4710c53b32b19ca32bb66dda0d1581b44d
train_1093.jpg,f2c55a6cc7a9f7bf6e964f6072916aa9c088d8869995f83a781adc59db52065c
train_1094.jpg,4795d6ceefa79c4e9bf99c9a6c2a540b92566d35cc2a685868fa3a794fb49446
train_1095.jpg,16247681a78a97ee0dca2e415f81557a5f0093c5fd6dd016945b6753143e9eb9
train_1096.jpg,37fd2f2ddf3bb225fe3347653c4df6d85be4bdd6c249b95490d261e06626e348
train_1097.jpg,c07076d2f8a1919a8635c287aeb4b406e826e3f8077cb9b295e17921ac520bd9
train_1098.jpg,b9abac4e2bc0e14ce6cb2987dd5cf7fa04c0edf3b8284ccbb02308d2166ace21
train_1099.jpg,2469fad25ced346a220827711a9f3b8ba8a0947497c15971f9907556ce6c4343
train_1100.jpg,3e18c9e5dce137936cc3b98d175383bd059de868e4a6bcd39f467af65eaeb69e
train_1101.jpg,a2b6bd6b4e1de18a2056bdb3b54c26ba54a648fe9332f3bfe07f719b9a216f64
train_1102.jpg,b598f80875132bc5b0e384d4127ce8b7c710ac0bf4e3acc09860a5e37a5a3610
train_1103.jpg,d1330adb3d56f1187b3e352cae9f8e45c5316352d36eb6bee440ad3818cd2953
train_1104.jpg,ba085633280e62890b508fb2b2408f30ff5c3df19e84abd9522558295642fdff
train_1105.jpg,ea6c88051b03068d506871dae55d53bc19166ad2ee23b63f7eaca4845ba8a421
train_1106.jpg,a3ae46509801e7e7f88e5d44d61570833296ed763dbce344e78511891bbc6201
train_1107.jpg,6824c2e5bebbf9c3ee7ba14acb944e49d45e7b34df42e5859e698c0bf7bc4d19
train_1108.jpg,6fbd1acaa0829fc08cdb8c61ea1ed57ae202b57c8b026ead459111dfa7fca2ba
train_1109.jpg,77e50928de26ce6fc25f18cdfc70b77a7b5eb649815028e204483f01397e8f70
train_1110.jpg,f87971f89a2b1bc117f5438fcf9688b4cb85c9e73d9eebd063cef67a2a35a9a6
train_1111.jpg,78b870bce47a1b173c9417f7c375f8234e7880753545d386d748b6179ad70537
train_1112.jpg,1f3238469a71ec3ea590bd2e7c5acb9f2621ff4ffc79eb6ac9b972dcdd924d44
train_1113.jpg,6aa62679e386e7fbb364a6699c77c3a24e40dfcb16bef35f2bae4a69a15a2516
train_1114.jpg,1dbcb9b44c901a14f7bcde37c4782ce2538f199f9077a669770d097804c715ca
train_1115.jpg,653ef29b9447b01027284343b20d06b5a73b526b11efc338a0eb93bdf8e056c1
train_1116.jpg,58943ab720e55aff9c9bd6be698e6b10a5536a7c49581a8b1f389b595622f7f8
train_1117.jpg,12f35abcedb5317bd4cfc2d177ee035f2648e086b63fe0a5a23d532a2f9c3af1
train_1118.jpg,ce20681411a13fb294cc80e6895f55258382b7dc30288757363b9a559431372e
train_1119.jpg,45798baec9b9d920651d41e4e22800a3837bdceaf141f15d66634b1bb57b50c6
train_1120.jpg,94c119f780d0db56a612dddf91f010d76ec0ea8c79ccc6dc45517a5ff61a0538
train_1121.jpg,3fc15de4c43bebdd7729945777b3679c4c12bb1b466ec3b5653ddfa028e2a13f
train_1122.jpg,315b7616d9b8b3deb8c6a38fadfabe4966a6a29b76ed84a13dd7503c404ed096
train_1123.jpg,7ebdd3ece806073269a41c68b4c5185588a3d0ce04054467deb365b5a8cd2d4c
train_1124.jpg,91fb0b7d832a8ef7bf759fad9a10892348d1960880d9abcac6a63303d3beca76
train_1125.jpg,a2152552506ab09dc223d1742164b09371df14d47cf165981a5d1b696641a1e9
train_1126.jpg,2bf47954cc4cc5b2987661ef6b8df6e97d13ea30e027473cd676fcbf8dc1fd46
train_1127.jpg,891f4e6c111e0933e1b3d54c890cc915543fc6a4a1a6429c4595a5fbc27687be
train_1128.jpg,154742e0e4d6b71407091634d3ee2df98182950d225c73b133d491a6042e9569
train_1129.jpg,78558062c3e45cc956b65af5e90892dca61c93b8c0e87481394874f3b66bce0c
train_1130.jpg,9f3a8be7ebe9460bdc2b07ba1f35c709acf2e312a79c4f082d69a23f1c00de47
train_1131.jpg,d36fad27ceda0f5dc0ee7fa7058af0676db1868ec4457a14f7a4ab39e3bacb72
train_1132.jpg,f9af0322f7899fc4d76452e72d698f48f08e8c4023f03fbac939f1e3b9c6aba6
train_1133.jpg,02a75b842846848411613e9296f89148fee17f2ecbeccd12013d3e853cb456ca
train_1134.jpg,525f4dbe1364633ba3c7a38f856bb3b64f6d40cac1ef41091a1d9d99554657d5
train_1135.jpg,2111cb9306cbd9bedd2f81aa6d592d9e00a0d5b0b532c866fe0afb1b173ec542
train_1136.jpg,bf87bc9304bed44fabc94b7fd2245667286cab1bff17c1f1d3eb2d6fae166b1e
train_1137.jpg,2ecc93e8b3fe99fd865ddc11fd9df27bdbfd77d669aa1cf854a23b5c21bb3e7e
train_1138.jpg,848e47f9fe950c24a74b54ae1361b652d87d85cf516eddda81b64c778189d44d
train_1139.jpg,c6fff57bceb9325267afc514092ed99196b2e214a79c0becdaa90f7c7b15f427
train_1140.jpg,287425aa18d668b58cf9cc03d64ef6036e311c8ac8a963c41701b639db40944c
train_1141.jpg,b7316917d8906f1a981b58bddde5729992c0bec7159814033dc15cbe32ce4d3a
train_1142.jpg,3adb094c9640f8e387de9b99ac961e0891844895eb775cd1e6367cc8e8025fa6
train_1143.jpg,5cd2d1b23296e84d4e6dd749f7db11404338b8495b703c6a079130838dc26999
train_1144.jpg,b0664232d5b7f0c4491130eb889aca02331eb6fed103c4ea77c8ed1efbbac53b
train_1145.jpg,8866f86a9a31d105f1c5c9b59ba42ec2089313d35c60d54fed998d7df76adb69
train_1146.jpg,f5f62705b81a666843fea6891879f1a397dfa08827ef2325d1293d11730aad8d
train_1147.jpg,0957a4c371583a6b44e4435af12eb1574f4ae5c8cbb3c1597aa3ab63c45be8e1
train_1148.jpg,4ad0de472320291cd0a4460cbc101f171886955d65978589e24a611894a58ee7
train_1149.jpg,483d6bea4e5d7cbb8d06ab02772c6ca0b65b6117a92cf3e51d300420d0eff989
train_1150.jpg,eb87121a6c929bc6576d780f3a61c5dabbc6352219c5ce35794d0946b82a83fc
train_1151.jpg,42646d77c978a3ad8a47478eda304cc373de21bfab1308967234d6e1fd9e727b
train_1152.jpg,3b5f09b66ea63b6b56eeb82cf3047bfcb3c00c4c761027c39ea368347f2c39c0
train_1153.jpg,89f0fdc85ec2364dc7f6e1d91084302e4dba9c47828b72c3cd2e8905bfbe5107
train_1154.jpg,8545c15084a460a83e1637bf78be61246608bcb3bbca8edbdf2fbef29e3eb8e2
train_1155.jpg,5867c135864c09ab9fbf181cf98d6697ef46cd802bb19aad6e1b6099fe1898b4
train_1156.jpg,2c4c96dd071f9ee2d0487b949c01cfc135fdef1c0899c770d459f2a5be772c04
train_1157.jpg,95908f1b23c4d9cf33c7dfde158e7d494edfa10c7d357b4b671a00b07ceb7d6a
train_1158.jpg,90fbfb00360cdc1f5ae1ab060f67b76ecca36d949c749a6b7efc6b7ee4def931
train_1159.jpg,22bc55454f391cc3831ed8150f910713bf08816aee05366aecb15f9e4cd6cb56
train_1160.jpg,e4faf1fba5a960a312eda266089a122b0437d06021722f8ac982a0fd389024cc
train_1161.jpg,d307c2235cb0a6d59073a0ff493528a6a47c2d3b3a60d3ed27ff966cd6f2e9cf
train_1162.jpg,84b65f5f90b71dc0c3f6709b84a697bd62451202b79da4624bea4990c5a8c3b4
train_1163.jpg,03ea2927a96ef96d59ca45d587d92ce140ce1f3f17720486906dc6c0fe5a2683
train_1164.jpg,efae632bcc8cb6bf215339ceabd40bee4145a7d2206e72316ae3ca4b8975544c
train_1165.jpg,fbddf90071c70e8ed10bcaa8df81d43f6cb138968d7104720804771825b9c17b
train_1166.jpg,4b4c3f6edc2194d198a1e7574d1b1d400aa5183bced3607ba557e47bdf10b009
train_1167.jpg,a00e2a1b57800e2b677d3723f572fa07f84428a9b9c6af59f6fbef8ecce49131
train_1168.jpg,bd12d838c15c74f282ae0cc0bc6a4a2de26b5e03af0e644d6260ae4321c72b92
train_1169.jpg,1e24d9b15ccc6b267ecd4b95c92da19e82a9ab77267ea009fdf71cd9e95e2e75
train_1170.jpg,22d58a95123a7bd1c6fb12f6823e3dcbfdcbd69b4502e3150d31161f5b5fd69c
train_1171.jpg,8e61f75d06376543ec45239846bf0a09f6888b219cff29aa9d74229c46c5f6e0
train_1172.jpg,255504945285ce408f1e18b53d027ed67fc22f4bec30f4d9f12973ffce7f73a0
train_1173.jpg,57a4f10ed019b6ba59e59283f8c013527f06dd0b661f2fb4d8e6673ae4075365
train_1174.jpg,2d77ae5db4288a652b5c16870d85751d40d40c73033bb4217043e7875bb3429c
train_1175.jpg,5706e57b05e47ab83d787cfff4782c4c9c6e95c5a29a63c15c5eaf9d5535e16d
train_1176.jpg,72b09fe843a5acc4ad0b2e4adbd4cc806e5dd3b3ed3a384ffb23ccde9f166116
train_1177.jpg,6bf0191e0bd7f8cf22c29f2fd43aa40f62280c5302093c43fad083a6ea06a9ae
train_1178.jpg,9526962681af413e72d14c517f255ddeee7bdfd5490eee9bdbd507b46d7b9b21
train_1179.jpg,ade79ab310e1826d3131518cbb79adc3044f6cce50dda3dd42f974b4abb5976b
train_1180.jpg,6088a329a2d06dadedb33d1fdf323b88a6d72b57f1662c46cd03cfd16547a4e5
train_1181.jpg,b480cec96ea59301fa5ef19cf49df9841c2e9279774406a91a33f58019bd7617
train_1182.jpg,3692dceec13d01303fe50759fe6c3706e1b835321e905a76d96ba2bc9b0319ff
train_1183.jpg,af908640dc0bb70e720b9084e93abe1657bf9bf310771037e2a0c039d7a9f3ec
train_1184.jpg,d569976ca5c35eafe7c694b68e6f520aa7cab78ee92f61459086218d2b84506e
train_1185.jpg,316b2ecdb0ce62c53897827d92263a6b712c50336bf9f18aaddcefe370abf607
train_1186.jpg,4cd0a778bb6185e1424c42ee82cbf79d65204b6e8b3ea69800d7e3eac256d278
train_1187.jpg,31f7c87730929edf77e788b017b7d9be32f5a04934eb647da5d84c3d84cfc954
train_1188.jpg,992a51f35b50e3683c3e3ec7cc9ad1cdcbb259dd15b15eac7ddf6831c2cc2dda
train_1189.jpg,8ed3aa1cf4a915ec1b67910fca725358bbf797439e1f225890c0aec15e2700f8
train_1190.jpg,8dde96e7d241e950c25741f79f66e4cada2d4a584433440d07765761e4623d24
train_1191.jpg,bfdc87a790d44e01724bf38642d438755db514f4971890f5b4cb8922b3e37a36
train_1192.jpg,fa1323b2366b878d7aa3bfad7245bd21260cfe0ef58eb23a20b2824e93b981e7
train_1193.jpg,5646ddf824a2f289b39d8dff44cb96aa9c960bb0adf18145b538c91afbf8e437
train_1194.jpg,29eaf74280609814b0b16f33e4447e8b1cbf412fc9e7e22eeb16d364bef1aec6
train_1195.jpg,da78920fd5813fbb3162c184753bb405b0e7da0a2368e4b8bbf1fc25dba14ed1
train_1196.jpg,659e0062460d19bca975f0a907299312dbd53ea446f566dcdaed331405fad88a
train_1197.jpg,dd0dc25afa181a59ee81df55930a4be384c329da860f26e85df2d3c466e0960f
train_1198.jpg,cbd1ad6256c99c4161f7a6f38b15272b3d69eb1f87175b8ffcd3b6f5e942bdd5
train_1199.jpg,539f5acc69b7874724a0e22df73dce835879eaed4de1a4041527ffba78b9205f
train_1200.jpg,ee07ec29c2c8e58703992a2696db2b4ab2d57cd27210633a7f3bf55d17cb4226
train_1201.jpg,45b2b0238fc78ff26f14bf4683c8bb9b31d477c5fd179c84a08c45abb74b53cc
train_1202.jpg,4aae9d82641246f856698f5fae789d437f40dbb349db175081fe73594baa5e72
train_1203.jpg,30b744f4f55fddc430d28b848fa65892d5bd50b80f9408296dd4cdf135302d52
train_1204.jpg,6967740e69a35bbb1b56771c51490be8de98c5956a935793377abf44375306dd
train_1205.jpg,2c77dbbe256a1d4ed90348e2272a339fa4ca2c5647e9263c7d96bef20babe430
train_1206.jpg,67dba730c7f7b817a3dc523856dae683d083e9dbe22f3b5e2865700b39c1163c
train_1207.jpg,489812905870d7140029b0957e6b992efe67a7207e29bf3afbfdd59d491f3a24
train_1208.jpg,66d3bb689d759be8a125c513b0717170470e9b59ae7a28d383037d30d1aa6670
train_1209.jpg,f319a4c8d3846999567df68d5c509540aec3201f1b8e4681d193ac10e94514a2
train_1210.jpg,77d1ecdd8f00991569bebf87c121edaf88f73bc2668da459f18f65752228789f
train_1211.jpg,8834d502c88705db59685e603e49ed0d53174ba99c4bb1372517b14ff824f343
train_1212.jpg,00dfaa555178269b7b255dbeaa41d50bcc5c01c2a0cca4c199ce9986d16975d6
train_1213.jpg,5ec5705b9094ad8a6c38846289d5dcf8757bc10c570773105ccb0fca4e0ba2e5
train_1214.jpg,ad168ff1e53a8441b5f3e550f903a804d7cf2fbda360c8db69de5c9f925dd0eb
train_1215.jpg,13a5f3b7478e3598d8244e601a8d38eac1414379105727567c37e1c099d207f2
train_1216.jpg,5c83c50da7ee213a665d393528a3e488e37956364593b65f7533a0c5172d341f
train_1217.jpg,82ad2a9b708c48e25152857cf555b713e5f179083783b4cf06af47fb36893a03
train_1218.jpg,0f9ddcfc7e4e0a82ce71a65600e155ca3bac2865d6b49547920e884dc4e5ab92
train_1219.jpg,28e507dbe65b7605bf0014cf48ba0a2e4b373b54a324ca011148af5ec946c4c2
train_1220.jpg,b36b2f0566e049e71b4ead732e3b7bab6ac07b8e67b46666a32bfb8d49528ef5
train_1221.jpg,55787180e0c389f0247c7329d16669055c91b19819e6055743061a4436caabca
train_1222.jpg,5b739a1d9603661b19186cb3f1239ba1c8f8e4f47feced8911f1cd4dd89aa9af
train_1223.jpg,e5e033b88134a63d8f01cbc3326cd35ccb588b1bb1038946dd9e4970501967f5
train_1224.jpg,29eda22042e736721a57310c8e40be8a1685b24446a18e235cbc648ad7a20a24
train_1225.jpg,d4855a977fddc1074da10b75dd883d9e155024b4347d420fc3fe5070537e277a
train_1226.jpg,2759536572d4b81ab527196fc71a4e2911b12a1613f0edd6133ec81d73847a5f
train_1227.jpg,6f13cd77e28ccf904b074ec0ef9364637cdbbc154174c5ba5fc9284e1eed44ef
train_1228.jpg,460aead877f2d915b80491558815a6822602e59a5db2c165a0024cfba442fde2
train_1229.jpg,6f1047e7f49af25525598fcbd4f27845281b251c932cf0f6defb7776d30547d0
train_1230.jpg,cc9cdc105a4e9a8ec759579effa426a6f2bf750abf3f719503c33b6e35497843
train_1231.jpg,49e823199bae4f3cf68204ed80f53f1631d6dd1594f4650b96059fab9bbc25c6
train_1232.jpg,881afc691dce7e96ca49ac15037e2c20ec76642c07d4c8e721dc292b51d4c973
train_1233.jpg,5dbf59057d30e40bf30f2a65edb79d8458a1ce2da9daa656bd1e7c471e03460b
train_1234.jpg,285587d7a57eae44f7529f253d461d19ad5fcfb0a554eac3fa90fcacd2119d9e
train_1235.jpg,7051e3bfe87d3028b054bda1408011dbf4480d7eb901300eba43ee816e49a36b
train_1236.jpg,6ef6dd1c400a2e9997450eae5cacbe97d48664c3901eb433a777e1e3fe6378cc
train_1237.jpg,ecaff8305c79617f7423b7c1bc7930a1d59e253b36b47fcfc83f37d23413cb3c
train_1238.jpg,76b69b7ce778837312ea91c21e6d6b5b8f5aff1877c24bbad7c5c5d9c5dff20d
train_1239.jpg,478e70a644ce958dbf22bea1b5ec23375a0a3a6a12b3605e120fd615e0c89ab1
train_1240.jpg,0cb170e0a7056a6976add14aa42cccdf96d46d0d5f09b99553c91299c4e48c01
train_1241.jpg,5fd097551994f3025f67d16095d0211f2a02fe4bb1c40ff9980ef5bb7cb8b2e7
train_1242.jpg,1ec7755559c60fd4a6342376bee520e7d83c401e12798ccec76f669684562dfc
train_1243.jpg,a3c47bd3230ed09c2f64b7138eb8fd1f0184333a2c84a1af29190a10bd92c58e
train_1244.jpg,c582ff4a75ce6e02bf9208acd301d65ac2759a76211ee97c07f13c0eb6340c1e
train_1245.jpg,8b0d05db509e53d7dbb653f607d7e3caf56ea49c05f190b4044253b8b5b748df
train_1246.jpg,64762785bbaad1a8609c7bc6efd8f2482574980e044f5b43cd14875e926ecc2f
train_1247.jpg,892d121211cca400c928c161a3640b2f76c493c51cc9ecca23465de9e025de74
train_1248.jpg,eb367c483561f4012c2437c6474dc444d44ad18fa31f9e0fd548390285fd7bce
train_1249.jpg,8113ee494167498e0925bbe98a07a5a840d7021efc795d75216d8d659d584f91
train_1250.jpg,899faf2b6b3d0849be394ee377b657c4b412052603975a73ecee81dbc4a832e5
train_1251.jpg,7aab743a556656464393ff55906b26e749182afd92f744d29ec982e2356a9fd2
train_1252.jpg,ed570fee796203586b1f3837237bd47b340dbc369051fcd30eefe4a4472da8d7
train_1253.jpg,758b19fe50626da56b1d66c03515f2b1a2aa994fadeb0f800175886855adcfe6
train_1254.jpg,b7eb918c4c2acfd5d70c30a92d90825740070216914e6d1040f8baa8063076ef
train_1255.jpg,80fa8f5bd128245b26a6e65d7bd1674fbc5427cd9755126d146a51c730aa6de7
train_1256.jpg,527b549b1ed404ee583cacaaa4f08fbe11d8ae0b40c41839a55183265369f271
train_1257.jpg,c235293261f33cc177bb954fd2cb89430751d6befc2cdd6f85978836e97ea38d
train_1258.jpg,2e6f16de1d80dac68cbdbe6c9211f0dff05db706beab39278fad2078da7dad10
train_1259.jpg,4fcf2d33d38781eb9b62c9858fe824e7784cfdc083c7ee744a5ef7f092bce8b0
train_1260.jpg,2bb2cc74f03e2bc988f0f9769f37867378548a35e0e166a8366e35639b7ff1cf
train_1261.jpg,dc932eda6a73ea11e548e8217b16f78c5f439d56403d712e9b524f4edf8b5e98
train_1262.jpg,01673aba55bdb62440dc387959024c2f8f60a0eac7d1af15d4ba608fcb420a14
train_1263.jpg,682eae93e0b52234d6946bdebef0eb339e1583d006825c3f34ca3b2046c3d116
train_1264.jpg,19083afb4947bfedbc46ffdab8e36b724e0e737b615fd0fe7cb469f523e791bf
train_1265.jpg,e099dab78d04d8a0f8fe904939426c05b163a5dece20952acf8dd298deda3a78
train_1266.jpg,d0e03c986f7b2767b5982dca671c60358fdbf02801e9a5c75a1c15bc2f3fd9c3
train_1267.jpg,43df08f981d93e3e57f3e0b29a6a87125c6a2e0019278959d6f31f18fc15908b
train_1268.jpg,5e5837920db6496cd8bd710b151f154466fee8b1f6ad5ac482aacf8dcc9cb5ab
train_1269.jpg,45585589d8772932fb2d2b01ebf16b67b752b3da602e46393205adb3a24c9782
train_1270.jpg,719e2c23053f43a37cd1dca8f5ed2fea3399d7979b3a23382a3216d438ee9f0b
train_1271.jpg,25f8030dbde7372856b748431dc6403da8baa2b394cb5ba35e7026fd2506fdb3
train_1272.jpg,a8845546f94817b21d621c11998c507de4bb08d49fc1b05971859f4d674230f0
train_1273.jpg,55fa6d67d7c07e431cdf4c5199456c6e1e3be4a6cb37da5ed1941ba14023c84f
train_1274.jpg,cbba0243f5f78743955acd7834db132a5121d43bdf6d46e1cf8c8b98ce2d3ad2
train_1275.jpg,5f63dd985d08977a5d2b40a337b7c004e68a51920109807e4d8085356e052653
train_1276.jpg,5ee2c9b7692a6b8bca7c380e5d22c9a115d47aa3d4fe88f5dfd58ba059cfea8e
train_1277.jpg,1e7bd7fdd984ecdf8c9f94923db500f6c38107c7fcb6a726ffa3c077599b5085
train_1278.jpg,13820337f70f5d998f294989b73b07e999bb9c4d750971c4d06f64d9fc4f6b41
train_1279.jpg,f30674b010c03dfdb443ec2ab7fdc25db086b1f32f710c52e7fba986febbf8dc
train_1280.jpg,a13056ed483a17e7821e05ec6fbb92a5316b04fe5c025ce0f4d56602e8bfbd6f
train_1281.jpg,a274cfae94dc054326197175a62005a95d775f1b37bb8631a4b2ab6304542cf2
train_1282.jpg,5d9a30c0f94c56861cd49cc25835934dcead3f9b032586edc064bed1a5761746
train_1283.jpg,64e89c5f8cc451ae77fc36b6f814bc9f6448deb744fb5c1a19af52d4b7d61260
train_1284.jpg,8906310a31d974e8f5a4f753cedab93aefebcb705283ccdb41c647943a6e25c0
train_1285.jpg,4330ad25a0842e5468c65211c739c130f934ebfc1af248ae097dedea183302f1
train_1286.jpg,9b6717fdcd0fcbb152b2e8e20cb0a7871a4a52dea436222ec1a702234894c150
train_1287.jpg,9e5a6119fca24c03cf8485bd36acf2b0bbb910c9993a4989b23fcdc10c3451a5
train_1288.jpg,06816782fa442bad38df3b8d320bccb621d73da80a3b49868af75cf877628ff6
train_1289.jpg,af5f79c0938c72c0183aa97fe6d529d3be3d2aa3a7ca739a9722c02b24d9a18e
train_1290.jpg,eaad8ba788851cd447f148cfe220d29bdddcabbbcd68b78dd66f320e61e6a8e3
train_1291.jpg,79ee239ea26702275af7be22ac48727f0ab10be72cc9ffb1c8620c5a50589b41
train_1292.jpg,d4d33aa97d3cf69b84b85f36be922f671302deb75a688fbee9ea0de931b3563f
train_1293.jpg,1c9a803d45b425f3dcf341519f5b34f638ea779bb73acc8bc3101cab82513569
train_1294.jpg,14c81ac84252086b10cd0dcc89a557a7acec89f6aadd6e03c3d46096fcf67d60
train_1295.jpg,00b0bbd0979a4212412f2fc55074bba4a9c84812c4145cce927c4cbf9b1d9320
train_1296.jpg,669d4cc7b6b0ceda493449d6281c86625a730cdf2576c91c0eb7100245622843
train_1297.jpg,34a41ade18bb1424b97bb06d5392ae049071cd4aca00469930da55cef9c1e08e
train_1298.jpg,5535493295b74b23de775783308ea7272d351d5dbe453e1551b0c8517418418f
train_1299.jpg,074d4ee73f6ee62bcd138bab7a9101e224bf89e30eee2f08dced2c0d53dfe944
train_1300.jpg,22aadc5c9fbe385d933dea2653bf91c2a6833dce4a05ec94915ced9e57daaef0
train_1301.jpg,73415d596d4f460f445c391c8579b7d1ee5e8f5658a2fc6ac1e46287b1677fc9
train_1302.jpg,9a411d96a58bb39200cf399af58bc97770b47a6cbf9d69593b1eaec5b0588e45
train_1303.jpg,066b5ed47b33a95f5cbfc734b412459f751a80e0eebd1ee1d9b16d95a1336f1b
train_1304.jpg,feab671d28a732adb1d7a05cde50edf68a2e052101f66f79b5bc6f2f9a16286b
train_1305.jpg,2f8ae38a2a4ab2b49a0a71a0f1614636fe00615dcec31fe55d56279242034ae1
train_1306.jpg,483307d655f46f1a6e1b17f98b45ea3b6df1f2e03de8bfd920b3f495bc7df64e
train_1307.jpg,c0b7eb848cdb6576f4908f56cba725bc91c44d2af605d3b346814124dde09226
train_1308.jpg,e85d293823e588fbbc78d710af83bef2c9e979182c67c24dc8acfbe2d5f1c48c
train_1309.jpg,906696b83c5f0304ceb84fa909d351c83f6b703173ea0e5b55f45a15d83d8a4e
train_1310.jpg,24fe5975f516faa1c9d76b441f9d141f91fe863be5f54311a11bcd7a8d4abeb0
train_1311.jpg,c320331ec6f65886f5c913848b27f80401346b07c0dd5755a456145748c0d639
train_1312.jpg,5513b2a038cb5567865f610673efbe3b0f53185efbffc254d19d6e2955755c86
train_1313.jpg,e0944857508e520e3b2c13b29be25bc9ee7529e6ec19d75b066b3b2fb1ff58c1
train_1314.jpg,b5071df84fd7da7f0bbde66c725e1dd259c3029dbfc49950a243c6ea3b55a9e9
train_1315.jpg,633a5d0b2651ccadc26b991930843f7c73c9ffd3f4d0b1235e89fd35bbf77ddb
train_1316.jpg,ccac9b877aa76bc16b1e05c1b4b2bdef9f9aefac8705a56ca214c33b2e829dc5
train_1317.jpg,ca7daf5316c9d03dd7338f3109250520cfe8b3fb47095064740af875e67816cb
train_1318.jpg,615dc585e21ebd2e7f2b6613422b9ee82e034d3a0ad01c1f275a9e9e89fef1e8
train_1319.jpg,9b9f2f1316bd800a894cd2830e7ddd7e84d2afcecec488b7b63971c2c01372f6
train_1320.jpg,0e5dfad51863a9292274c158ab7582e3f9b08b4f7801c769a4faaaca79ced12e
train_1321.jpg,762962ab2fdc49d5bd9cf4198ff1437cae9a91f1d92e78d05e4c960cec7457ac
train_1322.jpg,b84802d0a2e7f35a179637f3aa2acfadbc29a39aacd83664728d0bceef79f5d3
train_1323.jpg,f1135ca5b969a03629cce99d6572d3fafb703f13a7e38896b391486e3a9b5878
train_1324.jpg,d0b58b0de4b17cef68a787300dcdf62d7636f6e94351d6380982a88e89d539e3
train_1325.jpg,9012e47c7ec0feb103799b1c8b56c85137595bfba8877aeba563a47b7cac33b6
train_1326.jpg,d3dbc2e7e6ee580b8325c7f8ac200bd5ba33f071d9229a20fed984dc1f8df7f9
train_1327.jpg,094a31db2451964096c9be2aa4a0fcd8c3bc00b8eac0a01bda434eed78179c35
train_1328.jpg,ec2497513137756e5e70b1be85d93e223e013b6a5c952b36baf30417e2095dc3
train_1329.jpg,07ce877445e89cd9d2bcb98736f0616e6c5a24d64e3bf455f793ccc955c3df2e
train_1330.jpg,70df4314253ddacea380a922555d7d79c38be72dae90ba6cace6c4d77a0ff4b0
train_1331.jpg,7b2b1dee6543fec963e1a7a4018d2dccdc4bacb3669b4dc7c97d37027565785d
train_1332.jpg,d370964de91c7a36ff599579dfa4a0c9a9744986a24505147f7f4c9aa156dd3c
train_1333.jpg,dc2a42f8e277187a07f21854d3a0cccdf177c33e151321017df4b809574e6d88
train_1334.jpg,8663cea89cf720e362605c8f7f76ff2f62cd1f26a9a401877aa30f32e7823bcf
train_1335.jpg,85e826e8fc6bcabc07e8d923fa1cd0977318e6125d5707adc65ce7ae1d50208b
train_1336.jpg,9891c8824e3daa8534fa8f471147b44e4e35af9dc4bf401cdd23d3ea3390389c
train_1337.jpg,9b6bfcc342f075798848bf0722e9aae2abffd250fb0e8cdb7d88b95cdccde63c
train_1338.jpg,9373e02f666d1fc0768a76e122e79cbfb02c05961e32bc81607a31b1dc9e68cd
train_1339.jpg,a3a01b64cd8d05cd88f1a1a8a55b825f64b8c882292f63efe511857b6a9c266c
train_1340.jpg,08bec27868c72837d7d572633a6d08f3e7b1e7cfa2af40811a6beb8cf9b18d07
train_1341.jpg,4590a4b362dfc2636cdbb51f46c993f42d72207a1fcee19389c0018bc308cd5b
train_1342.jpg,110e5df4440a0ba4b70c7fc09b3eb0965238fa1f5f8495ff8fdb9d960f1d6ec4
train_1343.jpg,7bf9a608038c6155a25fb9c81e0e3e6346f971fc4ec27bfb50208b8ccf9ea9b9
train_1344.jpg,d55ecd2b1ef2d63fdebc7b062c33ce0d96d17903b57379f50833af7f4cc391fc
train_1345.jpg,4b488f2993793f3ac6ea12861db75342db81b836135e8a736db72ded6336639d
train_1346.jpg,5a85a4f1e6ee0dfe4039ca29b729b267faf353a5af66459c60804d564781cb09
train_1347.jpg,e362fcc1f7858c51c08fc47c3d1aee7d029ef105740d6b43014dbca9ed7b8594
train_1348.jpg,19dd797cc0d2d0d0399415151e668748bddabc99b8c29aa64b560f9915c450a4
train_1349.jpg,28138fd53aeb8528eb376fb5ed6a0c360749b26740971e198254936b98ad86d8
train_1350.jpg,15175e77c6b9a7eced8a88d8bdacb42df78fc5a0b40c269e76cff9771513e007
train_1351.jpg,d257022946745bf118f47aae984ee30599d0a87b68f1feff70bfab62efb080ab
train_1352.jpg,344fa37606aa5f01788bb2cb1d20f339336ba707d80a65e9ad1611cc806fc938
train_1353.jpg,8cefa0e44b5729cf564cb5650c170b8b6362ee9dff5bdca01020f7f7947127fe
train_1354.jpg,c8d8d6903eedfb648fc8736b77575c2b8c32cc9a21fe1f8b3d6e31e334801144
train_1355.jpg,e81c38206bbcd7422631aeb9336dac6ec07e8ab22bce2440101ec1d791cf2ddc
train_1356.jpg,af4bb0bde73cca216d7108714c96022d6e6a01d6373c4fc18bf4a5cbcd163a67
train_1357.jpg,a740719f37f734623c9a13743db9cfc049c0e6a45c01d82f183644dcbf5df6d0
train_1358.jpg,9f871dbe85ead46fdbdf3b6d42ab92ef7d3549de165e1ecaa6b1621297936e02
train_1359.jpg,3aa527705d69ebe9af380b4882cc13e1ea10547c8c82140a30a226845a9d53fc
train_1360.jpg,690b723956c6831f316ec0be14f3f9b73361b86fc7b90d6ed96e9a07936fd963
train_1361.jpg,d83d7f8124e601ae97fe16802d41a8ecd83e3783a2b9487d2983992b40a1e1a7
train_1362.jpg,cd0e32e31a21e0ed9de3765cbf489b3bff86c4050cd71e278f8d582904d046a2
train_1363.jpg,d77099048d1b3227a5a8352251eea3bb7ff49c3cff6596e17b206eb1d9a2b54b
train_1364.jpg,225fbd118f81358bd94d4b14bf542e9d972a8287a33c934e7973a2be4c30cdb0
train_1365.jpg,515c59e7e45f047daf3f52b1b0c2c48b8291d22aff75c401ab9d1cad3b8aef80
train_1366.jpg,5850ff73ecaffaf036f448cb6fec9a527557bd51e77beaf561233e3d3a5c7695
train_1367.jpg,c2b161a61b653856ca3b3869ec2fa0f1c90c71d42d324799fa8b6535d71c5886
train_1368.jpg,a3a2effb53bba6dc89cbfe34cb9e0084461ee410010c50acd0080dc90f8204f0
train_1369.jpg,4d35fd1bfa435e0166d326ee620a0e503802247c343c71c10851729930517ca0
train_1370.jpg,7a6450a34c5fbea68e26749b66a35b911f34fbae334d249aadd34f63965b3270
train_1371.jpg,2dd5e76ec96e2287a0882bf4bc1a937bdac2d63bbbf4400dc1ee9d83579e0228
train_1372.jpg,b79faa627464c9dc3de03262028b4b44722d8f36930cc6ac6ffe0944fdd44a29
train_1373.jpg,08cbcbec9efd81b474ef20e571368baa7f8ed3a351b488202b09b8e972496ec4
train_1374.jpg,2b48a55353fe49d1c435a269ab6aca99861b834c885bae2158f714ca3a07d781
train_1375.jpg,6f391f9a11ac9825e54b9fa01c74db784084fff062b5eae6b9c5369691cfe809
train_1376.jpg,6b8b342bb0b42c5f695da3305a5a8d1716d23855086a8d95d9b8131145301d26
train_1377.jpg,be612940639a3da367fcee1430a10c12a039255979c5b6e629b9db5e80d2c342
train_1378.jpg,f0330565fc715d8c7b75b92820d36296e5cbb10aee724794f043d30ddfa909eb
train_1379.jpg,ba3c0bd926bf170f8e825cc5344b7d903aa42ef4b80b328e0994ead2ac44f609
train_1380.jpg,d9282ffa1af7c32e33e62ada9412ac11d9dacd1fa91f9daa0c6c49ce650d3544
train_1381.jpg,8f02de74a97e72f133438e85025ce0986ddf7bb645e9d24a1c99947353352482
train_1382.jpg,7861ae1b1ebc799df6556b1900e4abb993f0d9ff5d61067ba210870ec3ed5e25
train_1383.jpg,191546b472fc5242b70f3a76b4e03688d22c194c4bbb95bf501ed2e63cf9505e
train_1384.jpg,3d17573f4485fc7ae739395872db2d39e1210ec5e88adf179295fbbfa19217a1
train_1385.jpg,e13ba08aeec3f715d28ba06b3cfed1df2988f58801986ca89250254dda51ea06
train_1386.jpg,d174c62165f55e832f886ab75263dff873d9621f3b828bc2871d8bd4b31f3f0d
train_1387.jpg,9a412d68e8d2ab21a029d2597861601dd326309893081a9d45b6f1e2eda48983
train_1388.jpg,a55acada92ece89856ff324b83549b598e165e6fa1e02417434e38e45979a7de
train_1389.jpg,6a02e2fe50923ac30f8b97140c005f6e10a1cd790995f7d7824a3316e9635d8f
train_1390.jpg,c5469c1eb5a9a62df2828b960c96b54c22dc6dce4ecd0710c7e79f1720f95c68
train_1391.jpg,c84803344d221061448329e425f60a0c48f9e490318e8c00c4a9c43b8217a306
train_1392.jpg,11930b4a3477857c361be2cbc3e44b8ee557ade5f9b49799cb2f9ef93e6a15d5
train_1393.jpg,f170088a4c00db680e16c98198c85880ce849b4f5625bb06284243dd3e6ec112
train_1394.jpg,de4bfd0b9b56dc56052e73a417f4b01abe0a48cdd1234c76944aea33a7c66d57
train_1395.jpg,b3fb5d4149e373ee37b5654038cf8658c13f89f8a23d3c5efcd4d7a504208ddd
train_1396.jpg,d127b8360a5e3dbb310f6ef51253a097242fad4e61e6897ec5089fe5ac260a0a
train_1397.jpg,fde0e268ec94ab547063bde8f80cebbeaf24730b745ec249c139a3811954500c
train_1398.jpg,239a53c9854434d260d5190746441b2dce8c9d75eadcef250ca6499a5b975b26
train_1399.jpg,2acd36532c0fe6b8ff0cfd528fe7309b5ad048e221d91b68b05066afa2d9890a
train_1400.jpg,3e1beeaf4f51eecf8676b0dbc22a606816bf69d89bdd6be59eeeb208c1ad8de0
train_1401.jpg,dba169a52d4313adb9e9bef4bed17300e9ee2bfa19b7be5ecf484c032d5a5523
train_1402.jpg,79f26653a46f8c78580ab6658c8a0ed860b6c5e5fc776429140228f9c3ace08b
train_1403.jpg,959969f7ec06d23dbafcda04d2b42793e4e498f50fb556379dec0349c0dc15f6
train_1404.jpg,062fa7b66b33bc58a30cf52a9460319030f8d5ed6494cbe43196050c79c92e3d
train_1405.jpg,3eda22a46922b559bb01d17e7a4eb0f904597e9fb526dff30f8b688e989408ef
train_1406.jpg,8ed670b0eda7ebad78e34156ed5a406c48ca5a958bd502c404e21e7a6dac196b
train_1407.jpg,e9f44fdb0c79c71395740d4924ca50412601440d2b26670a98d021b168c3860a
train_1408.jpg,c47da43ee6af1f425f84350401848248552057ff1d79d9c31f23a0ca39685434
train_1409.jpg,663829adb5d00a293b119fe4598fbfe0ca33d16284a8cad4409f2c5a525e77e6
train_1410.jpg,6b47c1c16299721c9c280847718ce8643fd37355a3f990931e6cdbb70c364789
train_1411.jpg,2e6a8684879f65a2aacc00ecee5907c9069ab591eb80ff26ac14221d8965c597
train_1412.jpg,849917d7894e783a473f01b36b1538f66ff25d3315971f766bed5c9f9da16359
train_1413.jpg,abd32899842f74b2dd0c69227d9ae94c290c790635b9fa9638ee8bac1c3315df
train_1414.jpg,d8450d84deecde572e9c9bc98a6389396cf446a53e9997c2f498172492c837a8
train_1415.jpg,65561df46dea8289eb5e59f3219dbe119cdf8175bd50494ac77d21890de4cb5f
train_1416.jpg,b54a303352228301affd8dbe5b41afa9799f2e6a834d90c440b743f639696a44
train_1417.jpg,5ac561e1776c41bbbbdaa92b808898bae13f9343c35896df58d2f6843e771cfe
train_1418.jpg,66eea11f55669c563f4c9713a07ab9d0594facf449743fe6450b93afe9b379f2
train_1419.jpg,521cf690945ce17862e682096dcef5a1df9b0e1c8602f1aab6c843aa9cc4a2a2
train_1420.jpg,a900a59ebea792bc271ca8e9296a700a7781ca37ba00a97e6baabb683a85fc9a
train_1421.jpg,9f8582c6bf97c90df25b0c7334bc695e91db9d329027223504883d04a9aec299
train_1422.jpg,6713d907c5bf01db1316c2231f258ca6c8d557294a43ffeb2295c75365c099b8
train_1423.jpg,edaae9398ff182b89bb0293be09f5687fa32499aa5395f03b07e8502ac4c99ee
train_1424.jpg,73172082d3c75c2282d34f2537f1a90a59ab3849d0794512ef9af5fd1de08fcc
train_1425.jpg,1b37f359ee7bb5a44e75ee193f9ae4eaac577b037a4ea081ab0a829c29ae5687
train_1426.jpg,010913328df606c440176257ddcc7ae191e934a52c8048909c836035038112b4
train_1427.jpg,1708f2e11679aa846957066d2ff09032777fd527e0bfc980c05fb5818d1fa175
train_1428.jpg,1a0590693e4332740621e807c015f80f0fd5a6cdc717edb6fb0ccbd2f97791b6
train_1429.jpg,99a3e98baffefdb87d23cd0afcf47dcbccab4691ee8b0e44038b7033203482c1
train_1430.jpg,658ba8763a1517387064a264cc64aa7a9b3615d767cbd47bd72b5b2d7a74de1e
train_1431.jpg,44bba501436ffda009e937b6df0c891aece7308d5201cd9927c52a12439839be
train_1432.jpg,737b414e808d5d1d3297c8c2f557983257e9262434573a27fc8206d39e21beff
train_1433.jpg,58e1b7d9a45945142458846f30f9a1b15b62e0eb2abb4e7ec2089bee1bc49004
train_1434.jpg,c7b2d6358243f0ae2b693fdb30975041411dc4972cd1851d1cbffa52af52a911
train_1435.jpg,117d3989c8b3b9e981284de5a5b23d7ee68471e69d7d108bf09bb7f0a595bc17
train_1436.jpg,89497fd0681d185de22dfc6c9d8657b66eaa300c3858a830701ad63e6c58546e
train_1437.jpg,d02f3084eea0e6e606e341077eb9f740cfe2cb509945f27a2352bd8788a5a6ef
train_1438.jpg,790fb8d3cb5aea7377194bc27bd340cfd19f2958e75e7b3ea66915ffc0c25c48
train_1439.jpg,84c1fb97d525e98f66b04911b5f96547bc5035317da09d110b41839856ece2f8
train_1440.jpg,5076e5c829623d709416a732d29edd8e4a7f8dd95438a793761e5899422f97fc
train_1441.jpg,a912f957dee09057b02a637ed325df7100714b491b096340c21611de5729e297
train_1442.jpg,f7e20b6c154840e7a646bc2446d7af92fcf00d5abba32233ff76460d23a42362
train_1443.jpg,fce142feb2e9d5bc8c190e603e564db3873ebc3d6660ffe1a935f0c54c40e445
train_1444.jpg,e95e1a36354dade1d436dc0ed2d3b9db128988c98b9e065c68e3345b0056ebbc
train_1445.jpg,1ace5465347bc1530dd8d83648eda9eee34cd8e3b4af2e7dc72d52dd49ad608c
train_1446.jpg,94c6a557fdb33de92dfd28e513be955959a141b916984c74c14769dc013135ea
train_1447.jpg,56c402cc319fa557cde01c195573b918e82d737ffc48db06ace4a774e686fa5e
train_1448.jpg,83e57ccac1843626e2303e0f6f893644257408af1b69f9f1a9dc2dbeacd656cc
train_1449.jpg,342f68947b3071dd7049a645c50605fbfd9e2b37d69fc1a25dd413a6019c7196
train_1450.jpg,f60bb1af255bf8587041f2e9263eb762ceab402a215fed9afd790e320d811154
train_1451.jpg,7cd91aad27d87b8829e46c6f74dbf7d8269fa98753c7550149ab76a6418c9450
train_1452.jpg,aced1ba00393bebb5c0eede0b66cd6d5677778585ead5d2d334f4b0c6bd1de53
train_1453.jpg,b157f5dbf12227df0206d9e46d76596fe6702783f6f7fec621ba98600a53e4b9
train_1454.jpg,972549d6346fd98684f7a475e83aa1b2f1021af3bb02c1a04739a15ac60c685a
train_1455.jpg,903fd06d1d3acbf3193a739b6ae3c257a0b72730ec39ae93a17f882abb762478
train_1456.jpg,76e3e988ff16a81fb520d778e690bf816e9a038a89f1a7b4cd0248156ed99eb5
train_1457.jpg,99fc1e7b3978938446505779fc00456bdbed8853008f23ad0dc05fcdf38b2e9d
train_1458.jpg,6a324e256dfe1811a977025653ca4878392bc4697b4ec9206cb8aad5ab14fe00
train_1459.jpg,3fa9fdbb51a79d2e0effe91718c156ffd054e35b167583320bdca502ef164c2d
train_1460.jpg,c731dcc6a4ea5b20227fbf77279ba0b40dc6a5fe47794a35fc60f63f7a633210
train_1461.jpg,43bc9d8d8273769dbc2eef792c3e00bb449fdbcaa9eb22736b345386110849ea
train_1462.jpg,a231fc856ef2b02ccedcb98b8ff8f8895a6c1314cf4bf2c057cb6e16b4d3aa4b
train_1463.jpg,6f6a0f44805a9860afcaef6eef5d625057bfc81239e736bd69138b5ef25be58e
train_1464.jpg,7d001686b43f65789c959457434dde2fe7e42b0cb26d4ef20af11bef5e24f0fe
train_1465.jpg,9457045a44d8d835b560a1fb5b4a8d81220f79a6e1f0633e1b16ce5a9bd2b807
train_1466.jpg,7fab81565f2f3c3d5ea87ff37daba8a6a4a75124f9dd72675a4e0fccdf0d4c4d
train_1467.jpg,7fafbbe2e7710054c0294879c0e5a0571506d44780f5858f41ed3aeb50a7f510
train_1468.jpg,8280bad5b817f7fc1a4fc50e3236c52cb96a0e98cb023d97b0a2883015bf59f1
train_1469.jpg,9d1dbe03be795e996ef3186ee26dc4003883253ed08c223220665997d0292870
train_1470.jpg,2b3dd3dcdde85f5379f229112f6170cac17513ea8df0dd5e90ad974f82e5c5dc
train_1471.jpg,fdb61f4a27238c6f105062b576ca336b102256b1056e6b669a3ce86b09681150
train_1472.jpg,2620ad25c580819a0e31d7df11f3dbcad19ad84054d1eae57efb9f0bbc708143
train_1473.jpg,3e85a6fe50c4bc5ef6c11cd4d4ad1158bb69a3adb2c92f42ba8257cc7caaf528
train_1474.jpg,d0de760b8ccf124823130144f2ef45bf4144245485fece81fbd39865f01be330
train_1475.jpg,52593f0d5a9bb9fe4d6ced7b1b6a7aab9930be07974108eb5698e0ff3f09140f
train_1476.jpg,f4403d4deb4407750712b47f56ed3e8288e51b17af13a10f5c67d1b164ed0e3b
train_1477.jpg,28969b6c8a89a5492515ad7e0a1c46719fd106869710d0cc914d65d73a5a7c5d
train_1478.jpg,7bfc0995c90af78c7e79758261206aa60b4ef6476bbfab4efb34c57a6c1df2b3
train_1479.jpg,155740a24b9efbd35a86c9ef52a362aa65c5eaf5efeeb746ba939b22d0630b7f
train_1480.jpg,14cbfab6c55582c5282adac756f3a8b962a5da3a5680fe4832ec7645035541a9
train_1481.jpg,fe21a2ca32fa5f9238f6d356f46d0863df3418ccc327db181a28cab88020b87c
train_1482.jpg,8f8a6b12a0eaaedd669278a3b6527067a395a4929b1ec31fcc5e3da191c1e0d7
train_1483.jpg,9c01a8e5c238d491f74253e5a6f78491bc1f6922e35794c777ac0b062c3f2059
train_1484.jpg,709f5a935d1c27596c81dbc19cae7bafde852845a4e9615e14f8fa0ef6375ce1
train_1485.jpg,8918ce557741e3d906bac7d81ed65b72d19cdfd9464ea173ecef5fde647c0b87
train_1486.jpg,f1d02614598536611e32046f218573616929008e20dce2758a628a125d7e2aa9
train_1487.jpg,215480b9ccb20468799a88d1c945122b380890d8f157ecbecc13f968be4aefea
train_1488.jpg,afb77f6affa3cf90e47113ef8f769f6a773628cc1bf1c244f60a6a035289b82c
train_1489.jpg,7a468d4cedc0dfe3e076cfa0213451b8630c338b6dabba8f3b06e5148fdc057c
train_1490.jpg,ba111a42d9487d3d6662c3ce929b2150887b0f78b976cd6ace3272da94dc11f3
train_1491.jpg,21460d99720950547497dfd1331f531440c10a6d3a3af086cc79887fb9603b0c
train_1492.jpg,77d808929e6753301bc43273109aef64205739bb508b5148f5fd489f90cfba57
train_1493.jpg,de3991f49f616720359618400d263f1de4f7e9a1925cf159401f05cbc9ef0284
train_1494.jpg,be134fa96b6ba9ce27cdb762857c947bd6a4505056cd3f8fe53c8d73f30b94fd
train_1495.jpg,e2501f61eb0e6d2c804ddb325b022ef68ffd04b4d7306c182a23a8c102dd5756
train_1496.jpg,b869c3951434096f79ffb11a513d27d5543694f1dc8c479bad317cd6421645bf
train_1497.jpg,0b685876c56b928a4f13a62b044741bc7d0bd619a0558070e8432ccc010b1194
train_1498.jpg,4b77995b481a13097b2bc6dd2f3ae1f5d5c25b9fe10bc09ae9d451bf50aa3323
train_1499.jpg,79971a104d6e73ba7424a6dde793a7ade34b57900b35cb971e1f38f5dcd56d1e
train_1500.jpg,e0f46e65d4a64e41398abb927b0e151b7bd08fb090de646eaa45fc79879812e6
train_1501.jpg,e053d5295a4f2b4044870ad246ccda4d07b3088dc8bb8312713a18bdbea95cea
train_1502.jpg,6b9587f20f7303b2a39fa1ee49332f43bdf3bb45f905c6e53b3eab5826f36968
train_1503.jpg,c580654dd02b585d14b8f210f5953804d0628d4d742fafa9258a675abab6f9fd
train_1504.jpg,3ddd14b4e51b493a3cd7d9b3eb7390b8e51755f031b049617d5a4bd9fb72e16f
train_1505.jpg,53504768158e27e338b8e601bbcd696c74a51335cab12c1b941fd9fc5677192d
train_1506.jpg,6c7c12415198e7c3382ef27793702aab41573c49a939056db0232f4d2fcc4efc
train_1507.jpg,339345558a3797b3297909b162cf5f8e5923416fe1aadf4eb264c80ee1d86a0d
train_1508.jpg,6e12bd71e42ed4980deb42e20c3422e5f12806c39c95765e922fd7579d8972e7
train_1509.jpg,df131974466f2a6d45ec037e6c821f9fb08e208348abfc7ea19145ee4bd3e5b4
train_1510.jpg,a26bca0a1d16494aaa3d2a6704903271687c01c86d0ad564850117f4f577e7ef
train_1511.jpg,060ef325cc6175b64144d2b03c48fcb5217df716e182e5ce7043c9ab3eb6e095
train_1512.jpg,a2b871d4aeb0a418dd42ff8d2b37329a513ad4a601b937cffc30a948f213683f
train_1513.jpg,835a3b329d278809b8f73b28078980452833242c1bcda2a1f229d4e26f115df4
train_1514.jpg,9c26eb6a376bcf5a7e206f3c33857262ac2095451be1a8c3c1bd2380b688c451
train_1515.jpg,2e0b27435258f5e519bd4d334157e9f1002425d69da9dfa1065019b99ff9f519
train_1516.jpg,88ff9c2c31bc41ea826a929baf61a54a39bd4f548a9b7aac159c35d6d528a450
train_1517.jpg,35bfeb8cb331a02cc634d4bd2204e374169f6f110da6f91238b66f99a374ad9e
train_1518.jpg,e5e6bb434772a63dc4498d89a31c61cba06152871a74ce033da9334804b3e0b1
train_1519.jpg,718dbfa6613c4234f2a27c0f449678a2d31e0746444b8fe76bf25e585f2331d3
train_1520.jpg,f2d285412050d8d30b7958780c75c5fee7fab55288711bbd6216614e48db70bb
train_1521.jpg,65ec1d2e7773fed2409da60d1ae08b94f45c400aa72aaffa1b943e1a104726a7
train_1522.jpg,3e92ccb3bab7713aa08138920ba255a5958ea1495768a2c132d048b354ed9906
train_1523.jpg,6e1182b7df302831732a0e72e99f085ee8c89d1d214ac7c3c13de0feebb84581
train_1524.jpg,12fa0ac03fdaf8f5d791f05716592598d4d447ae4576280b9e6a0e6f1319dcc4
train_1525.jpg,6db2fd30020ae3d6c92e15bcdf914bb024de317c0ce62caaaa9b5b9480166d3d
train_1526.jpg,f85f9ca6144df5b8daa15dd0260332036bb14dd24dcc2873764895056bd3a950
train_1527.jpg,04ea018b59298cd1be8ad4edca50fc6e2db62adf772add59aad5c18d22abd029
train_1528.jpg,3a39b870d08dc558a205132cd6cf61fd951a621fdf21a7c5b29395154dbef0b6
train_1529.jpg,801aa6b736430800bc0f375426dd83f0a6fde3fbb53ed668987a63027b191ae1
train_1530.jpg,2cf37c5eaeea002b8f3ced1acd98b7fb3c2cc32ad06a0a4f9ea4061e6ae3ee02
train_1531.jpg,9878c5c6229a082a0e91659eca0959484198e695fffaa89c0a327498536c7daf
train_1532.jpg,2d124d311f489dadfe6e86bc922f10b8e21f93a6129b3edc1f7ab690579a0c4c
train_1533.jpg,8eb3b0abc71b0bbd64bd9b21d8b0b841ef1c480b381b5937e329be509d7a8447
train_1534.jpg,8683acf7b450b622c55ecf4783d9030af997d089af3641506db48d100cafe98c
train_1535.jpg,474b6f43e784180bc62a877c88a1167b4c1ba8611ca58adaec0a55f7a7de8248
train_1536.jpg,22aebcf6a8ffd90047de04a471d3d9f546d2f1625eefbc8da3590e3e060eed0d
train_1537.jpg,c1aaa277c0dd869690bafff113be52b4e66cc746fab03faf35d4ff721ffb3c95
train_1538.jpg,02fbb445b192fd9b507da44fbc07a369629eb623191c2bd690e9ead102728aca
train_1539.jpg,a39b21b3dbafc81633dee92eb75091548560e987c3c56769742b3e733a85726e
train_1540.jpg,4b854ed50462d74904915090b4f008a9c41f6e3b4e0ea9f5f2857f5cf33aa7c3
train_1541.jpg,79e2f042cbda73cb4ee0f27246d2ed410920b5749aa5a1c056e2a0f94ab233ce
train_1542.jpg,0a1c70699f527162683d871df32b212216a7ae7b87447fe16a83bb80a0063a4e
train_1543.jpg,31a83376ab5b3b67b594fa6b9c55f5b17f8f2083b0afedd4d718cde5d6a9b28f
train_1544.jpg,99706d0d7407d52ebee73880ba349ba5052498eca72c2d00a18d992353548eb6
train_1545.jpg,2fa0c43b0e6e61bf2de52ed3396d3f2bc09f80e08ee8629e1ace48ec0a404cc0
train_1546.jpg,e04f0abc852015163ddd68f36962a132bb6bfc5248305b094c65e19af869265d
train_1547.jpg,2eb40053ba095a67fdb7363fa9d76e6ee3646fb0b11a4213a1998a9e3d104a16
train_1548.jpg,d8cea7cbcd10fa0c3b0000dca037ddf53f4c76ea27101bb299136f8c7e20dd5c
train_1549.jpg,7466817b6efa79ab0275682a18e8bb00ddb265eb5eef8d1ade82db70716423ed
train_1550.jpg,8934d1b35d193f4effa35264e1ed635687173e7976a340d4b2dbf2e2ac25b206
train_1551.jpg,006c3e30ba377913cbbc5977cf77b7fde4a41b2027817aa9572b82ef760efc14
train_1552.jpg,f56a03ba0acf0ab218d48fabb43e6780d5c18e12664401cf203662c541346a57
train_1553.jpg,17a93f02c7bbeaf84dd0dc1c779cdb774fa56bcddbb65ba1e209e4ea1dab7e31
train_1554.jpg,afeefc685e52d022b11eb2b4934bfae8b0bfb9c306325e735cd71fc402e71d82
train_1555.jpg,5a8d08e74e40157200ff1c2ca3f8a81ed9970b8da8be9ecc8017a2e8bf13e7ee
train_1556.jpg,13804adc72bbb8192ee7bda0cba9c0b73e06debdefc304d0bceb768ed2b8f088
train_1557.jpg,1593a859a620d4e76a611cf3a8591e7c8cd6b7e119192c480983db82044a701a
train_1558.jpg,8048b36fa92fb0e506f572af13c8f28b1be7c08804a31e9381e690c1369c5946
train_1559.jpg,68eb534170ca0cdea34d2be75286014c418d578a0c8cb3e59bb5954daa1f123b
train_1560.jpg,d87a23c620d032fec49a7fe830979b1a9967be2d59237bc0f46dd91df6533642
train_1561.jpg,684577dd8ae401ce9ee40c6133495b1f93213c3806c837e804b6a1010f53a2ed
train_1562.jpg,99c5971a92627151b361c2aa1dad332ba4f7f39098f21684ba5ae604015968bb
train_1563.jpg,ddf298357c2f308704ac800a63ba0e3a9742200b3796b3c6e05add234012eea1
train_1564.jpg,d080512f6a20dcf84fb8265682ddd1d0b9bc153cdbde3f5d118b6dfc7dc7b7b9
train_1565.jpg,d751e32ae039914b11989cd77387312400a803ff64b874b9462dfd05457d4333
train_1566.jpg,0412de187ac239944e13536345205e28bb7be72ca9d6bba975c08b8e6a804b48
train_1567.jpg,db0e045cae7ec81b4937295ee308fc1d7df33940027386438b8aa468faea8de3
train_1568.jpg,c570dbf63b90428bdd2075d2825c9c6258b6e2d77f3a752b59c236c81d748e58
train_1569.jpg,8e6a7ae15e10d2e849576ba2e072c855cce61024b779a96c5f806f2e9f3ab979
train_1570.jpg,66001ddd6f4500420d679903140e20baa89cc39159a0a217606ff630f020174c
train_1571.jpg,01b6876ed6d442dc953b36676105eff645342f17979e8525634d576083904d8e
train_1572.jpg,84a24cc5a7b709dbfde11bb782c4645b787783104a365e589fe08f1560d1e5dd
train_1573.jpg,c8312708884c5f6f94e8bb1b19ba43e499443d6967c0e7023882b703aba2048d
train_1574.jpg,be41c5b2ec4a37c16ce974586d850f329b170c63730b133b911a59cc41e83d48
train_1575.jpg,69e803bf39708a29517447ddd18c5f899d834e64c96a31b8854f30663eb0b285
train_1576.jpg,e603cf3d2d28dd9cc3e996a7186ae57b65eccbd0284cb7c7fd9159db28954c3e
train_1577.jpg,9ae9135a7202d6cbb19cc87913160bcbcb7bf7e2ffcffd0b527c9afb242c6296
train_1578.jpg,cdc87d37626b120c2c7a90c9895f05d0054dc7eb459cadf34abe61ed7764af80
train_1579.jpg,f0571079293a8109b3761024489a034af54267a8745a7144403ca461f154ba05
train_1580.jpg,bee9959b14dec6b4d9b59676488131e325ea93301db309b7cbb5ead1f00fc504
train_1581.jpg,5cbbdf1b6c63da5e1596c80a7a47b30fccac86e5145556fde33f3d25309b19a3
train_1582.jpg,039482c119483331f06b41173f2680997e3b374401f9408bb5126dd9b026fe4c
train_1583.jpg,94e4d24f8283deb97d2dcc6d67dc45cc82e3b38efebf53a8d1c2a5db2443a4ea
train_1584.jpg,ee97c52761d9d920e18b486556b7655ed917b6dcec89ced49166d790f0b4bfb0
train_1585.jpg,9cdc721109c3573aafc648d4383673f23b262ed02b4a8e32df4da893a8f8e47f
train_1586.jpg,a8fd8c21d2337e21405d026cf5f83f99a34e44d362676a606beda0d60c6984e8
train_1587.jpg,2ff6c1c54a087593a7cd382d53a2c36cc44344679f33dd70c2bc0b44e65980d2
train_1588.jpg,6d6392876acf7cb77df37d68a25069309036174edd097d099febe4984d5615c3
train_1589.jpg,f5a73fe7b5fdb63ec69e851f08848ff241164c73c4f277300d49ff5f48f38cea
train_1590.jpg,5319756f4d7063af72ce110421f3f466a1de257cdeea66f101fb4ab1f70a176b
train_1591.jpg,95ba7d845fc2eec3012a39da11456a2124bb9e4ce024cda1cb2cce4391eeedec
train_1592.jpg,63f59277b9b74e73526e38aeb2612d6ae321a4574eefba8b1b8a9632f324224a
train_1593.jpg,2ac1fa87b15d8b7075ce6e752d9730527a4de6dcba0ad35e29659429018ca8cf
train_1594.jpg,918055996d07225fae5fd382828d4f593ab614c5163b4a53b94ccaf3b742ef29
train_1595.jpg,f9fcce904847724c617e5ccb66620621259cd9c62c9185503769d9cb2981ae53
train_1596.jpg,3813f9fb18e7f2778bcf3b55f96247d8bf3f194d51ff43303b2d51f9dcfa4adc
train_1597.jpg,8e29a52219a9069911055399d2a10b872cd49e3a6d35db5a56e421b78c9adc88
train_1598.jpg,29c6bfe1ecfa1eae8f04595711e2ea6b0340b1c829f8ac5f9462f9814e1879ee
train_1599.jpg,22deebc9943385bd31ea694d495730ae14d2094e3ef3a94a9cc108ca2d3a64af
train_1600.jpg,c186648378efd040a60b6bbebea905f6a4f700e1ba4b2bbc9d4e720acff60054
train_1601.jpg,ea4765349f6c1cdfd156b3336d26c6a45926634ba02241792a10eae0ddcb1e6b
train_1602.jpg,4babef1bcb3bf9728fabbefb11ae77dce2ead1cb7786325129ed1bc431deaac7
train_1603.jpg,70c69ad6fb09c7459b7d2b555d3d0c891188284216f0db30f51abac7f9d3d891
train_1604.jpg,0bc3c881773fa70cff2f93b99de46c92576456ed35564f634290f0e39ab1018a
train_1605.jpg,5de38d65a8835ab36a0ee3b86e9ea2f9d3a53fd585a4935a814a810a9eeee7f6
train_1606.jpg,056ca92fa33966d33d8be0d142bee6e7052e6154a2db3c294b743169beb2b1ec
train_1607.jpg,d9969890e2411778ad70eb3d9f0b2af5cbce605c4e34b37d742dffd469cd9afc
train_1608.jpg,bb7e37f82dc12f008180f8bb5e09d0eca679b47c4c728bbea3fdd56e36bb65e5
train_1609.jpg,8283bd4f18712405c5e60ac0a2d8cec71b82d3167542bde00e3b420ff3d74e30
train_1610.jpg,df5e4b2f78adc3c6736aeee12c0543bef0b0bd4c162042e9eec9013328224ffa
train_1611.jpg,9cd026c533ad1da0c0d560245d5505f9573ac198a5466be9c9174164b16dd392
train_1612.jpg,7e7906cc5ab910a3485cae1619222046741300ef1840a108686ab7dd88f2b18f
train_1613.jpg,dc6c79a7537476c11a3e86fd942e750f07310a439bc9358ad0f223f34acf4900
train_1614.jpg,3911e039ef99a3a6bdc402ca3b7cc2d59f9ecff1c936b1b8e4a1608ebe79f740
train_1615.jpg,6afb07f81980dfde827771b9e2d3ead56300b49ab0a01ecea3ca333d2ff4695a
train_1616.jpg,2965c4e69a1c76b1a173641dc9ae409983749506838b6ea72947fbfc94914aab
train_1617.jpg,9607e83128adad21e8b3b8a28d8d280ca11d8d1ffb8a47c28de1b44f242297f9
train_1618.jpg,440e0fb28437164409235e26267ca8ab5822bf0fb43a18255dead7052772630e
train_1619.jpg,b6bb486d34d83dea230b7972ed6798e3db3980c9e23c44e53ab3ff3162bf4549
train_1620.jpg,2fcbf184ddacf946d0c22a130ce7c80062046c41409babe9352e18c3e94c0bb7
train_1621.jpg,10073a93b9507cf32f8e486136173790f0fa1858bb372a112fe9589c4b65281f
train_1622.jpg,39fb2927461fb5202a4e5feb2fd57c1ca84cd463d52be2c9c276e1c403f16aa4
train_1623.jpg,642df8d487184ce089e8ae06394966363b1bb20f9551f6f4d21bf82d90065d21
train_1624.jpg,04a9ef351856889452ce4da5388ff23b5aed299fed0bb41b17a88d1ca0083976
train_1625.jpg,8a4592e26337069d83202456c6dbca7be3d903b1e6198f20316e015ef6ba8147
train_1626.jpg,02eb4ac02af8d820971c86979bfef4b21f4183ecea8376145d9e02162cdc0e77
train_1627.jpg,535f6bdd5077defe23fca031af3c169486369ee79a632e179a924a8886624bb6
train_1628.jpg,57be847ff057e8d442b3cb9650e97b22cebfd2166d6326fe0508e6672a7bfa05
train_1629.jpg,5db59fd872c6eda89926ecd84160ab20a58a3aa9fda4f712d7a75b5f60656219
train_1630.jpg,6cfb6298d5b35fcc2ddc8554aad503cd0786e033e36342a53d074dd586f42f1d
train_1631.jpg,077464afdb6b5cb92de4078fd028e87482e08194fd1dcc41dea2f5ec6262eb22
train_1632.jpg,d52f00c467eae4d26306e30e48c4a5e49af00fc7f3a26f5fa8f2311126e7a79f
train_1633.jpg,00983002ce3e2080a04273bc3bea04fa098cbf8f06cd25f85cc7b149e9b0db6f
train_1634.jpg,98067da2a48dc0b542aee2450f3289220026e53e04920cbf2033d0f3c5b86b01
train_1635.jpg,25a32632b48f6d793a3b1bf818ab28923c23899824466dd0e546fa00f0fbcede
train_1636.jpg,cf6ca58b83129802a95228b6b36965f8bb219fecc288aa1cf7b0b1421b4ba0e8
train_1637.jpg,8ccb46526b4514d902e96d890d819c5b699c48ab679f7cb03720c4cf062cbcab
train_1638.jpg,bb56c34ca132dc91b347478e12c27cd1830a2421c03e1104f41f8347d22e8f41
train_1639.jpg,176f63c203e368ed8fe064c7ec5d0fbdd9386a733062158edc70578196fb1147
train_1640.jpg,61e437483a3c54f7aa08766bb70f7bfb1d0855ed05c52d50d7894df5f062720b
train_1641.jpg,bb903f662e0681a55ef8614890e2b4777fadf3e36eef83ebcd782a49444c1d14
train_1642.jpg,01db4e15d9d0cac9641923b1bd0ada9463f9649620c9c4a7f0f0e4b7e336bf85
train_1643.jpg,b74e06f0e554527ad863230abbc784ca48345ffb79a2ddbb8355d0ac4cb1e13f
train_1644.jpg,2a5bbe4a4c0021d4ade8fe3ed27bb4e1475f3814396fe3633e3569754b7c8ed3
train_1645.jpg,1acd37550a406d07d8f90cd037fc6c1741f4927b7c17b36fc7f9c8479b1d82e9
train_1646.jpg,9c4ec8f5db86de9d5aa14b508f61c1d566df23551790b63aa5279e6603af4522
train_1647.jpg,20d8468189d5012f039bddf31b21c528a6dff86c3cceb545905ea4bfea03e5d2
train_1648.jpg,094d3e10e45a3427e473e53d7955793a3ca5f61e8f4df022a8535d3952cfea7e
train_1649.jpg,d42beb328d7c22ff656670f18ed5cdd831f41d5f6b8b0dc81df8d292c7789715
train_1650.jpg,44ed1da506633dd62c474f5b43fd32c2a9c2921a18e67f279cf54b9cb8804483
train_1651.jpg,c033e59ec6011c43fe1881e2311f3c93491bd5eed5bcf5b2fcb0c082f8788a50
train_1652.jpg,46c9570c9502b62aa873b38f355ed7e21c5d206459b399929c3cd43eff9c0e5d
train_1653.jpg,2dcd68f371326ec85e540b3ab15f2f795aa348424a4c85ef4781ced228e53ab4
train_1654.jpg,7121a0a901daf465a819d1cd123dbc36d51a14c4575705752dda07d96a59f9d7
train_1655.jpg,74279a3d2fef5b9476c6ed002817c050bc51c471ed1b549930d703af271db34e
train_1656.jpg,1569f8315dcb7eee7b568b0ecd8562eb385c58e87abb7851bc7ef34db228c05c
train_1657.jpg,9a3e762e2c9166b11ce2957a8abd66ca89c5002d20aa509268c8259053e2e6e2
train_1658.jpg,1dc56d51d7f525e11083133b11debaba650ce71381d8ef993dce43471b998b94
train_1659.jpg,cffec04f4991f9536aa54c102cdf8e6b51f20dc6c11b21738f086143e094a5ac
train_1660.jpg,cba0edae4d77a8570c672d635a847464184816e6f690d883911ecd59f3693d05
train_1661.jpg,b89ce9a3bc1c586a4406e2775892da43c08556e51661f352c1b247f50ae91979
train_1662.jpg,7be39081b6e22b75cd6e3a4320807716e897bd7f5a79f91c5f27eb3f19315711
train_1663.jpg,2e37d1fba9e75bb4844a699b717e4b30f0ad221d3d7ffee077db9836158bbcb9
train_1664.jpg,cde1d0c0d3e39d9b68fe20672d02d585633876be3456c63e06636623c9284d9c
train_1665.jpg,ba8edc3d71bc517a0129a1c1f7c694c91e2f8a3172a873e404eb0552e1483dc3
train_1666.jpg,18ed50fba823e8d609d90e791d886d9a0250bc15bd744f92482dc887565a2dc6
train_1667.jpg,1c61eba80582ed523010183b2a611cb8131522512ffc6f7fdf755c1c687cfcc7
train_1668.jpg,9fcb9352b689fd6c00cea647f0768c7358b82e53977ebae16eab4ac0abc9a9d0
train_1669.jpg,00eca5ab69a7928fdd5f0d7fcf4cd3e7abea128b33a5ddfccc3b7bd90bd706ba
train_1670.jpg,c547cf95863427188336fd9d9365ee1903e70a10da49c4c0d814af84daef4eaf
train_1671.jpg,f9cce10afff7e144012d2c10ea7aa6708b913a7dfc4215d61163cf97bd4bfb6c
train_1672.jpg,f8700de6ea9da653ae1625f94c13198a873dd85ed9db23ddb41874f9c5f2133e
train_1673.jpg,2e122e2caca19321b6869903f674dd22440bae14817b3e491d6e59d93459d463
train_1674.jpg,a928e27137fd3d42bf51ee401c1334a0fd950bde1a9e6652c765aa435ca07f57
train_1675.jpg,0178323149bc7795e3963ae84d53c9f810e307908ff1037b2aac65c955f6401f
train_1676.jpg,85d2c96a8245e869eafdf9e4f8d9e7fabff2950c456eb100b42c725d725fbf40
train_1677.jpg,435f83554bc271a9ca1c4b28db581cca34e61ace9010da41c6273604f04dd1b6
train_1678.jpg,a92e2af07dd649fe72bb7332ec808d7566bec41f8eaaa1cd9218ad77f85fe9fa
train_1679.jpg,fbaed091d6b461de7e7c06b5038a0a760b4a639decbf29857fe728fac06d2b94
train_1680.jpg,0c131c65ee85cc6e62bc5acb244cdcfb8da80ff3aa8dd0ce9ffed8ed3f340358
train_1681.jpg,6c2050bc75957e85363f7efdb05beb628a09b6bac87b49e370dd1fd07579987c
train_1682.jpg,0cbf5a926560d39ac8389de8841d3b35577f126aeb7418212861148ddbc5ac94
train_1683.jpg,0cfad89a170e398d688d8335ddedbdfeadc7cf4948353b9b8a65eed29676a18e
train_1684.jpg,828e5e24b6d2438e0b919f5199ed8b6e19042172d5cf0d994b5c4e335e9c6cb0
train_1685.jpg,27469bad0db6f2f9f2d7eaf531f2d63da95c61f006822e025c209fdf5c5a7bca
train_1686.jpg,a9a868248066e68dbfe1a23de76506c9f97878de89f6de70237bac583f8c97ad
train_1687.jpg,d3d245ea7015e4e4b9b08a40582309846c9a152ea85d3d1991b41497c7595fbe
train_1688.jpg,839320c5f3373ac2346c7ae951575cc489ba1e57f15469524739c3eaf2708ea2
train_1689.jpg,b1258cc488bee77a3ecd9f9bb249ca020340aea70e67fa35c13e498bc35129a8
train_1690.jpg,5d51805e8a3425d4820b0ea9345579254900dd9d9490f4bc8ea7862900b33052
train_1691.jpg,4ba64dd83bb99160d28536e093aa35ac976aac15cee5efad12a60e2f42315937
train_1692.jpg,6efc69811a64b1cbf8da374d90c553ce8fba29bb966e3206f3b6abe48a5718c7
train_1693.jpg,7e174e727b96b703b70d6a5bf2a5e15b9c8d3b4d85574f284970a66993fecae3
train_1694.jpg,eb70481f4aebe59a58e3af65558e71afd28bfeb0a4b514d05102591f8930043a
train_1695.jpg,5d877fac2abd15aae6b22f0cf43d66afa8ec2d1e803a31e32ad5536669c68967
train_1696.jpg,0abf2f82b4115b689dd0b650c6ff68db29bfb1862920dae7a9a8bf0a69259dad
train_1697.jpg,d332295e8fde246c967407ab8cf7f3638f9dbe8fe7436a0643791876c3f7237a
train_1698.jpg,5dc702a7061a750df9117479c6e6379e7b5961f33a66b259f5824e8ceb33ce9f
train_1699.jpg,e9c717476bfb1e07bd83305c36ce97d8c885ab588bf7d90f575d55f78d8c259e
train_1700.jpg,b82352a903ded837036c3ac17a5cd4904a639c94ddac0b3bca623ee935a416af
train_1701.jpg,f78f6bec88b925b5adfc1b08eb99b1dcba3276640ec922618fc4efa6bfea5ef3
train_1702.jpg,16320757e6062cee827bc7748825f9c31cd296a62e5f1f42efcf2b9aa362f0a2
train_1703.jpg,289c27f1479a2a120e3dbe00aeeeb5198f5818aa2a33a45d78a11cf63bfbcbe3
train_1704.jpg,82071561ac662a4024fc7b1fa4c816f4c75afd0fce45915a4d175d2a0db1ffef
train_1705.jpg,9cdcfb13e5e249f8b2cc5614adb700ffce4bdaa8dbc7b2add4abd8c588d0fafd
train_1706.jpg,0655eb499650e725fc7bcadcbd52ad5cf832109863728e66c94a374e1ee246a2
train_1707.jpg,834bd13f08dc81cb2f17f396da1ffc40064c3beff17334e6033e543340912b88
train_1708.jpg,82f210d09790ef07c0d21b6a031c4f1dd69fc80ca74f650adf220c3f16b6a72c
train_1709.jpg,174b7af87701169ef231c5c8a91307247541e638092334b20df4ca6a00619c34
train_1710.jpg,cc53e943c91f00d8a2723069edc274e2c9211ff4619f90fd796085faa7a02402
train_1711.jpg,dd9af66254a4554606e7107c9f4be7a90db6caf1af4926a2f3135612f91e50ad
train_1712.jpg,87d80ac66640b8019582ae2c5ba5c806ba12dd237802bc626b4da37698d3eded
train_1713.jpg,9593851eeaaeaa5d76779332a63c7c0f8c7efea609210cf9929facaf491d6842
train_1714.jpg,85579e2970e45e1260d5947a11055b521d460f8cb133c99781c050c764b13da7
train_1715.jpg,4668b00cbb7657e683d421abef5a8962c2e604a6fe7dd61ee42320fcba83af65
train_1716.jpg,beaa7d50bec54fc55e0f6e20680a551cc0075e9b8b76408c10203a5fe28a029d
train_1717.jpg,5548edffeb8029a4f76842734ad445c967f5033bb489501aab72ca32fedae6a4
train_1718.jpg,add0763fe32c8552ed45075aca4d04cf2822f42e52296be6a31941ea9d446480
train_1719.jpg,53a61323f877640c268dc68ee13aa83f6480c4d450b1187502115fb9ef13f89b
train_1720.jpg,6b01672f3ec0f0028af1b4f987e83ccebc570d8ca09ba4d42aab496594593acc
train_1721.jpg,d3f90061b56502af266a84bf77d92b6c6bf6ff5de86102bf3da96ab7a601e84c
train_1722.jpg,0bf0cdccd0fa8a445eb9cedbb4b45a720c32cb99f38a8affc4d2052b6f34eaed
train_1723.jpg,8b48db69432afabe302891d7df52cbb1635e3f5c78dcd7df76f3f06f863d1435
train_1724.jpg,8cd88f4098eaef3a3bcc12c9c793627d6f2273a8cb8dc015d437e97e75603989
train_1725.jpg,deab3c3b4da92c08089801d7712a0e78cf8bee87eff17fe3b1cebffcf4100d39
train_1726.jpg,071b0bf5c813d8d04404f9a26e224331a9738d0bf88edc80d1fee9b168055212
train_1727.jpg,0b48d8ad11ab13c4e981bc762a786605e11f49fb867cae38ca626278b7772f4e
train_1728.jpg,2bfeb78ac3592ed6467e95468171ffb9c76f4356d2216553453dd86d2c53a967
train_1729.jpg,2c6a5fd261154a0669e4cfe2c8606d59537d81a5e6d323af6ec9842be30360d2
train_1730.jpg,9597be4ed5d74b7ca19b6e40d51a21085155e575181adf75c01b085a2e422548
train_1731.jpg,532575b3795af15268dc5e93c2a53700fab0f3a6bfd966c71ad6cff067263ad9
train_1732.jpg,e1a30291248553ee7153bc0fb163f4adabf65cf042be979f2e416d2e12fa1c22
train_1733.jpg,710efe124b125730c9992d3117f3a7ac4742182bc52cdb9f6807f9b13a985b49
train_1734.jpg,66df7e685501f5932a1238189c4d4e4c28d78219c52673730173adf8935b254d
train_1735.jpg,f539867a81336803369facb02faeaa57c1295da4af119c92e2b7eb8ffb4e1363
train_1736.jpg,d5c5a86e5e4735dbbece1bcab5a8a64a264286878bc9d7c7411d25c12fd8a257
train_1737.jpg,6f00827a8949c740a9b4f614cb4b55ff3a7fd7cf397136d65a2a0b8bd15c1d30
train_1738.jpg,da492b60e7d9928fbb30a7b436e0c48ed3bf5a6b2fc5ad528c223986687a18bc
train_1739.jpg,b0874579aa3c8f0b4b845b2abacf70469a2e9f93eaccd5cbd050f57e4845331c
train_1740.jpg,ff3484e43687cf1d7edccf55360c6f4a8437de1ac38d8dbd4fa4a88da90073ab
train_1741.jpg,e0c8fb57ac35b7a67f4ce3bf61254ec3cc01860f508df2637a259f0d3175f9fd
train_1742.jpg,1ee44673e30e8085e095f596aaa7b63b09258db1821791c026cf6d6a1734fe60
train_1743.jpg,9d8286778cc5fc010818d9b32ddcca4de90ddccbe8fe2a416ae3b4d37bc74a9f
train_1744.jpg,f64a4e0b0c6ca9084132db9a64415419aea65d66a037facab1ebdccb04c7a9a2
train_1745.jpg,e568d6e4fd0157a791456d75d68382571f5c0be6b248dbf210663549e1381f14
train_1746.jpg,864ab65385c7de181bfab47a0ec0d3b745b3c394e06da66e0b90d215af02e897
train_1747.jpg,adc4b277d788b09550e4e4ef185b2b9fb3f334e2661036e7ed3e85713825ca5b
train_1748.jpg,16d9d4be202fd4261c2bfc7398bb5ceb572b2fdff799b16e55f61a9f6e491492
train_1749.jpg,abc476f6af5991450393b6900690454c574409d2f8be70f6ced9d9039d2f4c67
train_1750.jpg,761337c9927e3c23f92a4c1c75c0d5d0174a9c8b72a30780b1d3b1580fde7959
train_1751.jpg,cd877d3b8f44df29cdfd6ae0e6f8f7643280244ea1c3658792feb1d66c0fa362
train_1752.jpg,e56924a380c5d9be4354c28b7c99763cf70eba65cb0062efe285b71dce00ac24
train_1753.jpg,e9649648c948a28e8a48652535396670b4e38efeb20abec6ba481a79b8f7cf34
train_1754.jpg,7e02100b72285fb2bf0c525b956c8d4443928326ad0c0f30c40bb6ea3f6a4692
train_1755.jpg,648a2c2f05af91b6fa0477991dc63ce06697cd67e2f7d3311b2d1688fe2250ba
train_1756.jpg,00aebe3f6ba076586e9f8f4c4dd6e71c18d32d62d7275ed3193bac56b59b6fc2
train_1757.jpg,4588c0fdb15ad19ca3abf9c6d47e357b8f535d383cfbd7f5d3c9c08647466384
train_1758.jpg,9f463cde2cf24f194bbf0a38fef0c50e2377d9a53ed954377eea33b428818fed
train_1759.jpg,89d63543a1b2a20287c89d8814b4816b134c5aebb2319b3c477a554036309fcc
train_1760.jpg,68a3f1129b451e02cb9454401d0db80aa4b29a0497f75112005c813f7c961068
train_1761.jpg,9c8c6e068a4e9eba2a05e1bb96945a920d3c98a517d0cd9eb4d32f5f5323fb2b
train_1762.jpg,6608530e9da40e7d3238d340bb651803b5603d776ea0615e0853d759ec22475b
train_1763.jpg,cdbbab606da5fdbfbe36d4d8baabdb73a0029d065925980ddcc183323e411e61
train_1764.jpg,61ff325170bcd4f5b9b2cd1ff45a9d2263b17dc3fe8d7a5734ee4e70414c2769
train_1765.jpg,df6b4be0ba2b449e9cf00ea8ecfb3f4203179d5a4ca7f47b82bf33457b87f6b6
train_1766.jpg,9fe8dea0a960704b185bfeeeb145b672a4d72d9de3e8b0c547ba9ff2c1902e0a
train_1767.jpg,c0a177c94562aed3dd7990d0d8ee251fd54258827116794b993a704b89022ba5
train_1768.jpg,059af3cb77d2cd53322fd6007a512d2a706628fd8eb388988a5a35ca008798aa
train_1769.jpg,50e56c2045cb012342892e60b6ac0482ff358422ff23e9a8412a44d369c5d98b
train_1770.jpg,0633d8bd5c70a08a101b70b15a511b8fa09e29ec30eda757207c4a0b5dafa995
train_1771.jpg,faf5bdc35b963e3dfc5b5c8406655f94dd039cc1da92a9ffe45e00256fa13683
train_1772.jpg,6eadfa8c99a818308d2f9dd87c61881decff5ac87dc0a970965fcec9bd4d537e
train_1773.jpg,4f4a786c28909d1b1fffc022ac79899365f5b72c7a29ef92d4790d03573ac139
train_1774.jpg,2407e766f3acb6193cdfd7a87c669ab9c81ee673550cc9ac7ddc9e754c82375b
train_1775.jpg,5dac2cc7854f66112b6304d3ce70411ebc7a8e1a896d3d85ea9f69486ef4f924
train_1776.jpg,313ced14faacc2be90092a9242d59498956a4bc13c974b1bfa9ef932887fc8c2
train_1777.jpg,ae2807642b5aeaa309e711e0214d71c658a5506da65eec767ed53fa2497b996e
train_1778.jpg,061ec327fea65a344be778f974a71fe12ae84cd1bf8106c1d2b9485cea26c24c
train_1779.jpg,6c97638b41b85c1a80ddbf42ac50ad90be134090c7cd66f97c9b0ebdc579bd21
train_1780.jpg,f2023f793204891a318baf5d979e15d3493e8e0b03ad3d748849c9313832fce1
train_1781.jpg,cdf4a607fecc159d3938b42bea4e36d20ff8346e842ddeb31f060683a5575515
train_1782.jpg,df196f3099793d1ad8e423bf617928b9862186a7ebd283c23165eb1f4298a4b5
train_1783.jpg,9a66e1653df42384082f08be8452ee5f7bbcf6e88172eb07811c4f76b85921b7
train_1784.jpg,f7be37311331eea386a8c15a795ad34360fa1c20dbedde0903476e2e66a349c9
train_1785.jpg,113d43f941560334ee71cfdae9637797352e68fd11f5c21eea00b880be3184fc
train_1786.jpg,f766497ec3ebd81910d666a874dca0a2541da5c01e17823b8af343bc1d2e540f
train_1787.jpg,9855ed89c8a6fc094d3c72827f2b67edc8d9373601a92ed2d2e2b4adb253fc46
train_1788.jpg,931a994bed88a79ff7819ff1922bfd06748c04552fd2f19f10760aabe84c54f5
train_1789.jpg,ad8eabcce97116875542b515e8c12f742eacad6b98c550c1c5daf6bf3a512d91
train_1790.jpg,22849fc1102453b931c606bbb6762a7797711fe05a273b17de6a7b90a8f9a7ad
train_1791.jpg,19bf00484e3df027a530fa2108330c96215b379be49fa92a73e45c45cb0c62fa
train_1792.jpg,0ba6d689034e795ac4bfccbc0faf0493c533a0573036cfe91f74031ef48e52cb
train_1793.jpg,ae5394562cb46d566b7f2bd648e3451943351ea18e5a196dda5c27b61f01993c
train_1794.jpg,c672ac874ffa1af486348ba5ca1b7ecd408a843bc52b1ae96ca30cb55e1181b6
train_1795.jpg,61934e3e6154ffa57e1a5d8801cd9879c021a2f8b5ab0de6f5ab07725ff604d7
train_1796.jpg,cda313db261cb2c97eb26d44c00989b5e7ba0220e66b2e9175dd211082d0f363
train_1797.jpg,6619691b748741685430a1b1333e0305930213e02fbb6d8fe982f50c2e05e345
train_1798.jpg,de2b03b32e31591d45a7b60c8416880ec13bec6dfdb2ee00d50370b284efab28
train_1799.jpg,9174e36ad2c07a8ddea0c5894526ea1799e6a4dbed12f5bd265e002c4af5a161
train_1800.jpg,8f373fc694989f1e5410f36c1db8290b008023a42d6bb14677de7c5a7e81ba45
train_1801.jpg,9595fb708e0274f90ddc56411159db95631831a7b42a7b470647b78923a6b246
train_1802.jpg,dbb0869e876d875eadf6a67b65a830f2261d64d207a0706b211a76e2347643fd
train_1803.jpg,217249183b686250eaab165200b80b1abc1621ac9da246b979b1bcbc07966521
train_1804.jpg,d667931e22c80707dcbe9a563dce0b2cf89b3a4153abbe6cda36243c30835052
train_1805.jpg,8b8390ad540746c3f1876dab33a3838d0f14f9bd7cdfc73c33c480cc3d5611d9
train_1806.jpg,2456614317e63df704e5271ce38b817bd411ce83e22049608982bc8adb86ddaf
train_1807.jpg,1ea4f439a2a5181f597e7944d5bded5f407cb1b6239b0808e82e36799051d0d6
train_1808.jpg,3965ecb62a37ae15a4b7a82d14474d8e82f4af907d956bb35ed39b97a28e8f5d
train_1809.jpg,9ae077b5067c054a7bb3543a33fbc4e4433a499b563d238f123a7018ab2cc1c5
train_1810.jpg,f9ca5e9aa87da0aef09425d33fe1f8196765ddc60746eaf5fe95a977e911a7a9
train_1811.jpg,535bca7b5a5e19f456b67c253e6f7d89bc5a3af8d714396a7c8373697ef4453a
train_1812.jpg,2d595bbc1bcae08d8ece631b2035b8203aab12c1bfe6d032ef521300ff512400
train_1813.jpg,a0e6ff4e6897344005ea30c0f4aff4034823ec13e717372e80f252894c15a7f6
train_1814.jpg,e5e2e7657b376a98540acc1603e77e4748e2ed9b463259c0d5a10854d641f023
train_1815.jpg,f401b4c4153cf7b96ef3454f5c2f9677dfd268cb0a442df765f600f8dca69d8b
train_1816.jpg,903262fb2d7b7b0de4098fbfe2da72a31a4741b8db41f880571b8877edad7382
train_1817.jpg,a669e563892b34a68f92c5885cb3dfa617bfc2308f40938ba06de5b78baca5f6
train_1818.jpg,e7210d7997062c18dedee834a763598e0e058e07c9ca545f83131263ed8c67dd
train_1819.jpg,d47b385a352d8498731f0e9431e02521056276db0ca99f93ef0fe41e57c931c2
train_1820.jpg,44655a7348dc75648daa78e7719e6af3a94c1d5b471387dade7b546551e2e1a9
train_1821.jpg,ca14c3e7e9b4b7faf04367a0b7f88e8b81418d08642480958268b6f0b886b538
train_1822.jpg,3b5f3445e88129e2727f39244b2f14b379f928c55dd30073656459b51c299051
train_1823.jpg,575f66b97e93d0accb446026d0329b44517e9582d8a0a39b0d3498951f4777e4
train_1824.jpg,fa1ad15b57ea513426170e40397c4bc24d901db1d0b0acf64b131350d84b6493
train_1825.jpg,739050634556c9b5c29c381b06b02ad333d14c17a644bb345025d3639b97e4ad
train_1826.jpg,21ea1d9c8d277951dee2eaa4635b81195bba056751b956395e6680568e1ef71c
train_1827.jpg,1030ec87dde766f600fd6493e28548175478d41b2479e3bc3d8e6b437e4f57d3
train_1828.jpg,ba8d613317b05dc049be05a264e10bb3e805f25b2c483ecfe86602a53c6c6511
train_1829.jpg,473fe9e7f25d17188d4f935ea8aad2f5d438bddb29dc2600b9cbd5e6d1f35584
train_1830.jpg,7109b9ade601fba38f6334d5aadb2db989c11def7b5776fcab2d15d2914b39df
train_1831.jpg,e289b4578bd445ca3d2ad4327c32d89ff09dda3b769e02fa0a8f7ba0bd36cee5
train_1832.jpg,40e4a2f846ad3270c0eed1ee7b90ceb2cf1b128ab95571f115d8483a013b1467
train_1833.jpg,be7f4a0071c81d347c92487e87df3b63318b6ac5567f058e69939ccf1feccbc6
train_1834.jpg,6c89f9e196838048e3a9c962cfbd504cf5f92c67e35efae99a42ac864ce470c5
train_1835.jpg,d36cca6bd0618c8d005288f33f234c2acf9b98a1ada9aac91937aad5e5c7e326
train_1836.jpg,04880aeb94706254edef216b477b35febe5fb120c891be6bff1e5b25991bebb0
train_1837.jpg,5c73e87a024ea2256a36bb0bec979735e432b6f1a5647f4856df28c621733479
train_1838.jpg,48ef54acb30c37c37a69b18a534c4489626a6ec13397e0c7b2baf511f4797f18
train_1839.jpg,fb1d095d43caac2375f7c43e1b3fca73a91ff1b1995d82d50b378ff0418c28bd
train_1840.jpg,0a6c76f05ce0219a178ce08e688173a7535e34f1d6f8040fd4217fa2b74fad9d
train_1841.jpg,721352fb98dcf2b55d0d025ca8c377714e85f5dc602e85d7391f54fff1554ceb
train_1842.jpg,5f898643a5d84b29791b42012c98fb68bb10d82cb514472110922e874dbdbf1b
train_1843.jpg,2ef02b01aa2bb44a972af30e0a9004e3a0d2d0a4e193f1414ad4eca164302bb8
train_1844.jpg,72691858afb02ad3dfe001ab6050b4fca594197bda75a55ed2adcb3abf78020b
train_1845.jpg,f965606a0763c0a1af878432057fa8e9209d8bf801cde7d8339196c56a0358a6
train_1846.jpg,2b9401dbd66615a0562376ce52da7fd38a1d613a470c42ad40338f4906549c88
train_1847.jpg,3dd858726d7451698e315aa3cf9ce1476dc14c54c8f918c11d779d9a8ff995a3
train_1848.jpg,3cb7ea1accdb048244dc5a4eb7a09ca791b027aff73022a7c2b92d8eb1bb8802
train_1849.jpg,ba3aa40a525991fc263324ab6aa8117140f569622b1de6fbdd5ccd999d3da076
train_1850.jpg,701be398a9555b4d7b6c78d59ec1eb252fbd04c350cfbdc5edd4548618625d3e
train_1851.jpg,7132184d666b229a4a6edf7912bd6f3693858807952fe8d3356d085540f6df0c
train_1852.jpg,70f679167893d4b298f138b23d61d2ac32731e5d65982ddd5935c399a0036950
train_1853.jpg,be6b17fa4effa164718df497a4811f064a725d68c274396d7fea4f955bf5e8bb
train_1854.jpg,9f75afb1938572c2e2b4200bd179833465c673e89575c040f73c7858f8639e14
train_1855.jpg,05e940ff5aef724d440914efe1aad16699fa2e61c3279605bc3fc0e6fad30c46
train_1856.jpg,ca53e73c6a6c82958706c16b543b8b9522f008483f0f0e1bc8fc4508796a27e4
train_1857.jpg,fa739f22d3ddc7ac305985747d7916a6385ec143e9566fae250b5bcc03bc71db
train_1858.jpg,18a172f972e8c34b01810f2e1f9beaa7575d1cd411d80903d7d54ddac26c9dbc
train_1859.jpg,6a9c828c89a847ef55c59296e9c8039da7d70508272f7e642f6891deb594f1e4
train_1860.jpg,a72d228511af37602db31a42d9f80f6f46687d4c5c7a1eea1acf9d8d6d2f2808
train_1861.jpg,ed6f30b6e1651c8f92f4bcadbd405fd6b5e03f05e0996b8c5913cb2ca03df7fa
train_1862.jpg,dac2b243dbe0b7a7fd528c678a85cd96d4005425c3f84d196ac14bffcdd78cb3
train_1863.jpg,22e07a2ac48245ce62f1feb3d5f5f2a3a3ca20d47025c55bd443b01504386af4
train_1864.jpg,187401e43a429056eb1ee8645145760e6579c76764b4a283de246cdcce20b3b9
train_1865.jpg,0a303d859a357a4d9e069e8a056a34461ab4182af6d497f44842a589d90caedd
train_1866.jpg,c11d9cfba19e62f319094ae5cf07a2ad918ddfb41dc2c54b4ced23b766d06ea6
train_1867.jpg,8bb31b2fc29062e7f80bae508f1dc505a9ea55788b5dc98382ad4bdc5f916492
train_1868.jpg,59f1578217ba2560dc566200a2903186ab1723c22de2311683ab19ae53669a01
train_1869.jpg,ccbd2b34abf532886d2f508d38a46319f37481944675f958a029bb6c5aa115c6
train_1870.jpg,24b35ba18b9e12847dbe51b22bb57470039acd5c391c3f228062e9eee0b07c2e
train_1871.jpg,673a57372d941d5edea627f661408501c3819461e60d56d6992a728d7e8de242
train_1872.jpg,37f219d72de82caf06341a317ceb841e1707e31f413d4e213387f57f01f63ef0
train_1873.jpg,c03c5a9b276bdd693481efca57b85837710aa15b2d840b134d7f394b0c0751e0
train_1874.jpg,0cca9ee681e472fc5b4215810e02f5d58dbea70c2f06dec53596cc2a464bfe5b
train_1875.jpg,0596df7ca83eb87a15407f10b2b9d9221925b4919a2a1f9a8662fc918c4fa909
train_1876.jpg,a4e9598ca9fba77d5ccda5bffe17c7c8779b0665b90488a146197b115328e7d7
train_1877.jpg,edf2f27bf8eb2b0ca340b1247d89cef2493ba2090bef0ca6e732315beaeefc4d
train_1878.jpg,3569e95bd1fd7b1ad29c28490a3b2e20d12869b32dd26df3eaa32474a7a6f812
train_1879.jpg,efc9cc750497d90f7fca3d2172235b71ae97f86fd27f0a38d8e495162fcaeefe
train_1880.jpg,8783cb646b2b8a8b15938655ff4b327cfb7ad0ff95f4bd5f65d0b1e9efcd16d7
train_1881.jpg,7d8e331e9aebcd887135e8ccccc7e2e8dad07c2ddf7a76d58cfcd024162da174
train_1882.jpg,1487a17394f23992c00fc867710c316c981a68dd7cf7fb0230e893fffe709611
train_1883.jpg,b5d732f02f6395865a4e86a28d1ac693409f10fd0d1b4155866f49cc9c8febe7
train_1884.jpg,cce6e260fa6a507e9d9741da494860cf99b5ae8a0e641df282536b2507344f35
train_1885.jpg,8a922d4d6067e852822541ad30d7464eb0e0a7c1a531ce7e55bcf2dfc4e149f2
train_1886.jpg,4f40aab0eb64f367c2cd19c98dc0510de6a2fc5aae46da9aed5f706e96c327c8
train_1887.jpg,1794016625cd1d5f0e67b2240dfa24a54483d07224e9e2bd0b4591abdb8a0a96
train_1888.jpg,2c69830dfd64359283c734cd02c518a744d2566382dd23f9cfbe9ccb4e03a3d4
train_1889.jpg,794bd5c8cdfaf4bf64da40f14b27b97739ec14c5aacd5c4f9198b12b746843cd
train_1890.jpg,ec8a0f237f2535aefd7c30a5a6018d8b4b6bc5cdbe2a45c4f974be218f554ca7
train_1891.jpg,59def1d884d83262c2cc079b35f883f5e8de2344bafca8c975aa49e59bc9f6fc
train_1892.jpg,8c2e91e8d172999ba129458bf0881edff60660cdb67ce83bf7b5d258e89eb5be
train_1893.jpg,0dfe97828cd8ecd2b541090f1e78109831af9bb80a23b067d6f4d47d121b3850
train_1894.jpg,5c57fa9cfa53c8b8d5b5848bd7bd33f6ec54138b5b0a0f7be02e07fec1060a0d
train_1895.jpg,843442dbfd1de805d448e0fa59bb98f907ec0c3479490744b25e1f7b8ce2d4da
train_1896.jpg,d62bb6d44e0c14bc70db17228858d16314c38d3208159a85d1a2cfd0970cf273
train_1897.jpg,aa46dd3e58be120485f5f1653b6a4150ba4c5aef5b6bb179b83a8ffa7f023192
train_1898.jpg,94b4827c26aab65af25fef0c2ba5e3ea30cc88096c9830f8a1edd9c03b8c2d54
train_1899.jpg,b87a35472f6119b43355b841b7f4a49c1d9c6302da56fac6ace5f7ca819da756
train_1900.jpg,8a8ab34c51bd42993444b7a89ac4405a026da60f2cf85e7d353907de211c7a33
train_1901.jpg,c63aaf54773063864a421ea261ebc45e9278d45fe2be787b15420d8d57bd4d1d
train_1902.jpg,aabb907c7aae549ae96e3b96911e58ffaef8e2d507ec0c21cae4dd55e9d11899
train_1903.jpg,fbc001a44e4fcd7f062ce307f587710f71b2a81f81c880c8602583697b452898
train_1904.jpg,564e1a4bcf82f2d8fc1a03c7a5c6772cda3eea75fae7db3fc9bd1f63534b4eb6
train_1905.jpg,2ab4ac5bd5e98876865d129bd8faf230eec8bbe2adc1c2a5c8e9836c82b43753
train_1906.jpg,0dd47d8577142a31a67004dd447c0135df0e43d6aa8544410a7055c9de78464d
train_1907.jpg,0f18219d6601450170fe1be6c35000f1ea2a34189fffd9d14587ee95abab5051
train_1908.jpg,69fee9c9765c02fb716005a5d63150a5cbf09e7240fe4101ca4f43c2ca499050
train_1909.jpg,2fcc89dc0041b9f4677baad6a7569a976ede8d05f1ec4376468a385089c07e54
train_1910.jpg,0b7f8f825727ea16bcbf037606d0d230447c9a0a7e9c4f954cccb97ffd45ebf3
train_1911.jpg,acaf5015594091111edf7bad2fdf0c9a13e4dbc02b74e09d719ce4d8f9127815
train_1912.jpg,36d97f28e6143edeed53e44027818be3ba0551363f5a1577ad702e149f95a3a0
train_1913.jpg,c1419c3fcedd2be80048218b49dd369431f4c3810aa04e2dcde42f468b9f5764
train_1914.jpg,d994b25a884226a35822160774fc892bc132b56ebe363b801242a8d49e7fbac5
train_1915.jpg,470e1ec535cf67d977df3e6aa51a27b874569aea6c16d92ab8290755d990a4ca
train_1916.jpg,6350e39a91aa26a97717730e179c99d58044240b5d61ef33a4fa898a8f44a82b
train_1917.jpg,464c728b3da3ad4277d7414041e4bb36fcbb0c99d9faa818171ed5e1016ed86e
train_1918.jpg,bef6c9d0d5f7ed98dd1bc15ac8e467a4b50c4d545de78475b81a962132eea510
train_1919.jpg,ba2399f803fd7cde74890c609920ffbb2df8b78076470916b52c0343eec4952a
train_1920.jpg,0538e4095a81bc71fe6d3e34613bc323a86c431806267b6eca2a1122b71503f1
train_1921.jpg,dfe12bcd2a8be5d382806b5e79c24ae261aa318c2d4b4b233e7c0ec6c55ed08a
train_1922.jpg,5386e9bc3aa7fdb43deb478609af737fa43eb89abf1e40d04155f3271fa2cbaa
train_1923.jpg,bfcccc1991f63aeffb89dace3351288768460ee061b435121a005c06953b206c
train_1924.jpg,17d82ce447a6ff50a7ba368dd0a55d71dbf2246da92e5e1042e09e187506fee9
train_1925.jpg,83d0672f52b91c0744d4abea8c9e1d306a42590a8e73ca103859455da7b8876a
train_1926.jpg,012bc1b84b087192822eed856ebf9a1273857a4df2e1e616b090bd26eb5945a9
train_1927.jpg,3af5ae97a47a42b9784a660fb8f71ca98604014e152ffc89dea90a2ccf31f6a0
train_1928.jpg,4767dd5bc9da8b1aabaef012389d9e0aa228f1f86bf0b08a7f1ddda955c2afe5
train_1929.jpg,3cc81558a05017aef7b72b98313765caf361d5c34dadf60e0ae02b4c854ebc16
train_1930.jpg,aea3af673f2ff51316783aecd6dbacfd44a42ef633114135bc181353a29d4892
train_1931.jpg,f4648be4eb6d5b8eb41373953b3d9166fb35743a54e28b34e9812b62eccf326b
train_1932.jpg,f79a7e0d85080d52ddfa5abc4022a9558321b87c04cd6ccb713268d2c68b36c5
train_1933.jpg,933706eb3275226385aa4d9a25e6f25e967bd2b34b51f5f14c942d335b412006
train_1934.jpg,1a96ef449ebd0763ae88d2375c725f566188b9941c0178b461487d356b9c9ac6
train_1935.jpg,3c17155daa8095b472e704548e0c46e2048c9c1ce78ae45a73f24bf75ef512b5
train_1936.jpg,d51188c3c59316dddffa136857c03da8e31d19f6d2e66afec9ed06a40459e00d
train_1937.jpg,09fc0823772f14143fc496ac7fe1136c74e4f1679673c04730594515f5b5c193
train_1938.jpg,42789c9b096c9189541f97e3cc837dc42c111f8235204b7e4ffa34c9234376b8
train_1939.jpg,c4ec1c62eda0825f233612e369c1ad9473a8c8b9aa86f865a3b294cbd248c39e
train_1940.jpg,9ed39a38a8922bf03dacf78b10d7a4b25d6f30d1c78300ba82e73e075084381d
train_1941.jpg,1a6b5a0999c3657c95f9e48d75a273233dc798403ef44daebb1ac113c7047aa7
train_1942.jpg,402a372870644d7ee1c033c429f9fe7a298814318c00f16a23ff769b65588768
train_1943.jpg,433b946f194abb3d6e3ebed4077cea9fd020d4a0b2a8729ae04b21049bd010c0
train_1944.jpg,8dc702b62e9260ef8ba4464b1787879a361aa261b8c59a63d3aafba4f05bb086
train_1945.jpg,c7fc20618d7862dada62a3de62d00638682cc9cb577e277fbad61d8a1dc5f528
train_1946.jpg,5dce651d2d49e448426d3fa0ad374b98c685676b14941de110749c26dc436cef
train_1947.jpg,31aee8176c77baf412fbab512e8cdc09696860927346313f9c4213b80bff8b71
train_1948.jpg,5b2c1f3a0166ae5f898dbbc4f5df6306532f0ca3c33683efec3af6f262db7bae
train_1949.jpg,f99b3e3a2dec81e5ae3fd6b6584b7df2a7ec8bf2cc3cd0858b52b4ad9de24b17
train_1950.jpg,19cd750577ff1d6247bb64026a7625c48e1e4e9f9fd1d1d9836f29d7dab8397e
train_1951.jpg,d743632d1eea63072b6fb0a36a56acc4f8786a651f6503bf3e6249a7047073ce
train_1952.jpg,3f91c59ba270afa90fcf0a6486bbe832aa7d410b90ee732a59bbf1299c33955e
train_1953.jpg,f01f33aa03897f9c6c95a1fa04eb73ae6b327f56c42feef798027ae92a4da8dc
train_1954.jpg,bcad75b1d795f7d01315d2c71c7f022199b9f1973eff59e77c388a82059cdbdc
train_1955.jpg,dc3f9a03149557ff7b001df08beb69bcd98d8d22a55203d800f0159255804641
train_1956.jpg,97dd933ec9017863d0798d9bbd1765bbd5cc7361e5fb8a53f0c5d2d646d707b3
train_1957.jpg,2431b52e64fa6ea070cfec885b4636152018a8251ae6bd0b0352ef6ac1520c39
train_1958.jpg,e20fd8217b2aad1e1ecf6298cb1ab120328f013a6026ad527e9ebee29c57467c
train_1959.jpg,87819dac57868f122c19feb39e76ca5437adcba7652f04eeb6ed6a6b482c6d11
train_1960.jpg,625953ac76bf05524a51d7891af887b71d8c2079a91ea1835eda6030e52515b5
train_1961.jpg,47a5e5769e6b444c3e7664c0bcfc10c302067a5e3d510a41515ec8ff783f0300
train_1962.jpg,e1be76d2cf9a884676481ab282f029554891e9d14b69303be42524f30ece7f6f
train_1963.jpg,296caf84008989ae8d7e0b8ee45e2c301693ee8b83ad57fcf9f000842b55ce20
train_1964.jpg,1e1ecdbfad7e1dbd6a35bd653d3cb06e2867dd0e48390491031fb4585e6761fc
train_1965.jpg,aa920530335a28112a2c2efa0a5eef0aece36e0e34405f380e773f1be6469130
train_1966.jpg,6ed98c723f7c86dd687ce5114f68a255e3abdd7978ff7e9c103b523634437438
train_1967.jpg,6771dac9685f953433c5b658207dda425ac1d14f9c5c778fa484e6968a081d12
train_1968.jpg,19e0dde0028dcb609f598c443504ed2dae865f8e9a461aa131fc01db91dc8ff7
train_1969.jpg,f1ae11c86e8a638940f89b2964a5e7b341de3e745b99553fa43065a46e523680
train_1970.jpg,b94a23b0bdd3a9033515c53cd5a184a8d50c1a5e54f7a19aad1f7ef686fac4f8
train_1971.jpg,da63b5171a435b04f080d9b20842447292b083fb1262c48ba09b3746804b8705
train_1972.jpg,2731ba251340907e54a3961fe023ae92830173456309ce070b435e9f4d7b1afb
train_1973.jpg,5fb1284563093b5ad5f148b62fea303010f35e3a903a4f20e78fad97a752936d
train_1974.jpg,cbe38aee62db9595fcf02dc2e54428e4113d2b8038abfc7fdb73a01d2f08fd2d
train_1975.jpg,0ff1f148d2b8c7ba83bfdb4fa9452167e158786199b6d9ffe281db9cbca7c8ea
train_1976.jpg,7a3638508cdb6942e76c901111d7dcfa3f275b59af0c86ea5e76b80d0b3611d5
train_1977.jpg,855154777d773cc673a78bb39490b1b52b03be1e02e194c7b4b114a254c64a68
train_1978.jpg,e59b4e2b54e12dc1296f66ec9b3ae1830964c0f7726305c81e1742eb5049e2f1
train_1979.jpg,68e7d1ff8915876746c88cd6c337b72bdb4a2bcc11ea83b4bfea03ad78fcd99f
train_1980.jpg,28981709dc6b1b1eb6df37952bc8f4aa01d3e06ec1f45d85f71fb25e9c0d5b42
train_1981.jpg,87bbce810a4445e2b9e641ecf59da6852ae47280ec13465f58d4d4db8bd727c3
train_1982.jpg,874acea528200b5a9e562b6f3fd76a579550cfe19d90c436f246ce99e0faa0db
train_1983.jpg,930be77e550be27c3db7640f46e0ec52b1881e50c876e782af2bc435afdfec18
train_1984.jpg,d96278e49c7b1d906b7c588da5c0126c83be20389596643a88bf83e4e50833ce
train_1985.jpg,e99c2b71e6db88bc2e0717a037ddf5df68b346b19ef47070802bcd3faee4ac42
train_1986.jpg,6cc278db9d8ee9d8f4aeb2e1b4745220af545010e657391556c50fc81eec4656
train_1987.jpg,26c223c2fa3ebd75e54974b59d727961fd11590ab814465741ea3f89bed3f4d1
train_1988.jpg,1c5138fd544f97992b98b5b5935f6eb2a9ea9836cb078f3abd28517cb533901f
train_1989.jpg,3dce78cee1e09b6ae76fe8aa5bc9900173e72af9f8a5c1a2ae94980c3c176e60
train_1990.jpg,9b1cb1069968aedf3573eb0f3bfb31d2900a889d010522b388882c917dbefd19
train_1991.jpg,03d5e95c3c922d3fb80c7a54003bf6c1cff32fb80780e9f7e02ebee7caa4aa08
train_1992.jpg,7725194752c3a2f8b2c1c55249f2c69000202d03f74be708f3baef6cc3e70ba8
train_1993.jpg,01b8716dfb08f84e6f227c91a29da404191c7eb85fa8530ec19c1d1f6caba909
train_1994.jpg,97b385d9c067ad992e03c67f5fb78d066545a64baf04ead344b1f19d1d5f9e3f
train_1995.jpg,17b85f4f24c050836d072657fdeac1c99b3fdf6d90c2add76ed302f5ed63794e
train_1996.jpg,2e6688b844a4e5c89572fdf2abd32252937a1aa5d3ef04cad559e43605015b56
train_1997.jpg,4303bd5328a617b24b779e24e404403749426846a8358719d3fcaf49b3dcb311
train_1998.jpg,937f21e8676616b1327a4957d79abebadfaa05610b9efc1715673ef8ddc418de
train_1999.jpg,532e991ffc41322e343b8e830335f45d1cd3a14887d5df69919117f0d85a7d1d
train_2000.jpg,737555a18da17b2e482dda60696632fc64231edaea44dc9c6cb6b0072304b7af
train_2001.jpg,3871b6caab0d7a5c761cbe441a0bb22f949ed29c5a986d836c39de1bfe618c99
train_2002.jpg,f75c895bb9e6caaa05c320372a4f0b99fd1e46c17d3ac2415970c9b880d0c5c6
train_2003.jpg,05c2e64bb858e5c164eb4c68e82503a13e722454afbd2ec636445dbd2edb2e00
train_2004.jpg,9124ca30911ca8f099b307424361e06f8a80412f85b61051c300f901428a9d82
train_2005.jpg,6720abf729d57e8e4da2ec0e1eeae1b78c84f24608f4f9fb6d408040ca5f4409
train_2006.jpg,2371982657e229d7fc25cbbeec6095f6c9c5183c533e898c40cb75f8ed0dfda2
train_2007.jpg,937a6f6a17e91592436e6f6714211b8f82ed4f9c8e4ab24fe41d774512ab7bf9
train_2008.jpg,5f83007f42993ee2a10a5fc5ace33974ccb7397dfd293b186ec12ee887f120c4
train_2009.jpg,3e9efe32b2d493461389c21d21a8822cce468f5d6e9cc3ebadd871aa283a30e3
train_2010.jpg,5150110ced98cfe32b672574d0e01445d90ddcb1b1ec32a6c621d51b4f53d597
train_2011.jpg,ea54684d5568fb6247507ae576764264b6f5bd744d3c8936da958a7ac011de9a
train_2012.jpg,aab6f256a43beb3f83fe62427fc916be5b07745458d9a31d3d559479b71937a9
train_2013.jpg,a8ce60f7fc6a36d831a4f58f8f9636e8fd3fc71702b1efbbc5b5c56b4f133878
train_2014.jpg,e16ac977fe14694c5abad7d15e756c21d6f7269b25034a867479755db7112189
train_2015.jpg,48403f3062ea5b57f3ec9eb509363e12fa6a4156dc6b2593cc11551c929d73a1
train_2016.jpg,09218262cf28d7c43ba5a8a9c77a636ef989d4668d58c0359c7fbee927225f8d
train_2017.jpg,83a8c66b159267b48691cd148d7b72b8c387bff1270f9f2e500760d75ead3449
train_2018.jpg,d0ee12d4976a3e85bf401dbf08c5f4459f59b40166b4f14994ea1a3d75020d6a
train_2019.jpg,2539dad62f56cb0a7c67f9c8467a4dd324e5c793d2d9460a8fc3ed8f4217120c
train_2020.jpg,bb27b02bb1dabe6a8233d599b492ab9a22f24ae13dbe34613fd48f32cf661cfc
train_2021.jpg,cd4417d673da31fb83154935424c82bb7b962c47901c20653103548c53343dfe
train_2022.jpg,ce1b1f857e62bca02c2bfd970687330ef616e3889eb89b0dd98ac8e9faedf42a
train_2023.jpg,e0f16c95804077032387cbc7b1dc948c235a9660d5b4c7d8386475cff8f73ea5
train_2024.jpg,98f8d98ee33727352d6bcc8f6f40157f12f5ad19d96619b916359dc55e1717c6
train_2025.jpg,907bb07dbf7766808064df2cc3df4e6fefdffc345a89ccc14622e6c258930184
train_2026.jpg,af04d3525730047158fb5695eb4111d826fda8a23057141bffcf8ae0ec98c72b
train_2027.jpg,a17f19b3eb5588e861c812f88c1b5b1afea685c0e4dcaaed2ab0804f625956c0
train_2028.jpg,0e1b9fc78f399c56ca19214cd8c02c23edbb56b4be2161ef359a2ac22b601c19
train_2029.jpg,dd68adf24e44cac228c5e907d3314ee56ca708bd38d8165f18c8a8d78a4c0136
train_2030.jpg,e9d03927d41699a3c50112f2d530cfe0e4bdaff0a8e1f64e45e69b8681796ad2
train_2031.jpg,038c8bad97419ff9156e6fb05087aa1e991b2add24be8bc74d1f1be74d95bb41
train_2032.jpg,ca35f64e322fa8425d935111987b49c17ffc1bb4699b95fe311b77394cf8f0d9
train_2033.jpg,4a942c950bf5f7da844a4b2903a3f637bcdeaf664c8f3bcad90b968dd597185d
train_2034.jpg,df1a95591ef8f93c503e185716151464d0e6314e16d0f72819c3ee79395644d0
train_2035.jpg,4ec611a99557926856f03f66bb2d8a04a6c9131f43e4159e72904ea81c515ed3
train_2036.jpg,886276cbb370bd36ef757e8e50819bd06783b33498f30b6bf4c79192aecc7bc4
train_2037.jpg,7fc98c68ff360b5c1f24ca86d32ace7135ca41e20b70e04e3fb794a4c2470d41
train_2038.jpg,056700dca117ca384d878c41f3846d6d6b9c8db6b23d2df230d899e876910c95
train_2039.jpg,69131454c87f7cd9612b243f4e2822dc9477d58928ebd5ce500b6511bf0a6ad4
train_2040.jpg,b6c36cd1e401624adfc3f4f58289ad95c44532029e96094b2dd241af80c28c0b
train_2041.jpg,a706d0951c611c48f4cb6d80dce68c973e21df72f1d0f0613246f06b8c64bc6d
train_2042.jpg,4e0308812751d6e0b4fbbc9afd8d0ced2a7d7f41973bd80803bc4f005a5ff32b
train_2043.jpg,a9522e2aa7c1601ccb73d5a9c60316b1d85b53c51b17e07f55fba0c15a5a4fc9
train_2044.jpg,526a7f821e71f3dc3a46d121454338d57cf9692477d05b5feda8ef00a86f435d
train_2045.jpg,7459f32182784497c7762116869eccfb233ef8f88d5300d6419c6e9e09941cc2
train_2046.jpg,adc7a69b51231dee2aadb7e520c42899c462edf3af58b764dd3b4fe387d2b638
train_2047.jpg,69a9d1c74d654699b6f855dc605d69027514d11d0211879a238215323c1436d7
train_2048.jpg,20c9338b9b6155ba06f1b49521f672ed977e52c6d5ac287558d8c9e1166a1f4c
train_2049.jpg,9b3c48a1088c7744aabec4afb4af4e7f47270fb0309a60d2ef5c25a3c34b6da0
train_2050.jpg,303a6aef6c5ed32e237f58bd5c3538d24d899b3fb372fea4b511fbb6640c0ac8
train_2051.jpg,73b386a01f99cc235732394971789a886302111bad8d50d8f38787ee5d925193
train_2052.jpg,881f23667d3c9400e12d4fc7282cfacda5a5e8b218b6680d66001337dd968ca3
train_2053.jpg,78cde06086be306774c74cc663d4208576c8b6bf0c24993ad23aa885cb753120
train_2054.jpg,37134cbdc0482a16a0602a21fbbb35e1bb2014c3668e43a66ee861d72d2eba12
train_2055.jpg,6aae4f875f5f1ac4733d0ff1b3209359d412872c9e0674d83085a2aaba224faa
train_2056.jpg,90614c135dabd56b828fbe78bf6c8eb9ab76a7ef4ebd5228668368f65c12d2d9
train_2057.jpg,8e4852b0d88664efe787f1053b34ba0d1d0445ab885b955fe3b9ad69e3618ac1
train_2058.jpg,2294e8223453d7366e74b5a57178784619f25ac4acaacbaa09cba532b467fe4c
train_2059.jpg,d315b295ac7917b8bdb2b889492d3c39686365ada40dcbfd26686a0ad9101823
train_2060.jpg,33ec249160e260ba8cf3f73b0de7d7cb0703fd266fb555d3abc09e3b7a7115ce
train_2061.jpg,3af8aacd30bef7b3e9910052fcf0159a2f3c23f62284faefc20e5ef8fa01c511
train_2062.jpg,2a9178aed8a46865f1aed58b2c560dbfc319b1b643e74f7a88c422cbf92e4e93
train_2063.jpg,2383d33aa52e0ad338a7642f737fe5240e6ff67b2151184f85afe2f36ae60bc1
train_2064.jpg,8093a45cb391412bb670002e9f0bda81f979dbbcb882034805014b71a206d1ab
train_2065.jpg,740121fdccb1a50fd6b37108126bef70ef1f9c273c044cbc29e2b3958b70e095
train_2066.jpg,f3125c433975bf82351c9487f82a75673619616589596010b2c936e41e080024
train_2067.jpg,095bb3ca93fff71f2e02109d1d109323d002daa01d87b5a15eefbd318926532a
train_2068.jpg,829fba55263a562207b7344858592b2e3efcb5d5a88c7bbcda52d988fcfcd74d
train_2069.jpg,fbf260ca27e596bd4f06682b396c5cd91704248349af36a443c78968b84a8845
train_2070.jpg,8d6255feabc9c9d29fa94bf723e0e7692a949507b4cfa5ae49e2db9b22e83e4b
train_2071.jpg,bb22ca302830da3685d8ab18bb1bbf01bf092fa451004cc18b6cf7459a8239b5
train_2072.jpg,f72a107aa364df3221489a5c628995091173f116ca614869c4306d60b983b937
train_2073.jpg,7174694e8c82a8ae4ad4f40eb234f1f70858d23c4f058e7adf9edb3e359084d3
train_2074.jpg,795267b205e741f0526d415a8c3ebec0cd67ae535c2ee3ac1342ecb984b1fb33
train_2075.jpg,ca7e07f8405c2b4a22b723cfcfe6e8c813271167d33219b2b3fefd34faa226d1
train_2076.jpg,40439c41bd8f34f97b606107372194ebcab97bf3aec09045aef47fb02852fd6a
train_2077.jpg,627156b22f40a363bf100348bd474a2dd1b35ab6df3866d5e0603a32ae4ef425
train_2078.jpg,45cd1997b2adcd2596a780ae012ca0227a7ed8cc6816fe5acf0da80fa67ac95e
train_2079.jpg,84a495fe6c55b3ccc4e1122c362cb8b4205deb238dfc58c6909323f4ee983364
train_2080.jpg,413ac1fb9baf418479fc28ec1f78e5fee566684a604c81353f7ad76ccf2a1480
train_2081.jpg,cb182b00b5ef7946bfaba5bc2fc08e90c27c22be7ba27c4fbab76c1ef8843355
train_2082.jpg,9701f38e4673b2f670483a74252d3695e8e76599060491fe168dfe3765b8d0b8
train_2083.jpg,12234de24b93b26d9e1778c1ac94804da0ac7c40cb5b6f33a6bd37b464d51413
train_2084.jpg,7d3b674613d4b82b8f6a837cf49948f38533738ba7f01f8c55b56fd927a98946
train_2085.jpg,94029e7609e43bdc8d9ac45b11411c81290ebf3ace39deb4fdae1c41e5d0df46
train_2086.jpg,709c1c77d46a7750af61c9ed5797411d4b8a361d50e97cacb7d78cbe0161aed2
train_2087.jpg,526e9d62e2e005bd9402bc8078fba6b4eddc3cc703df67a68376d53bef13fc3f
train_2088.jpg,45211e98761b4a9b7a632183a6623ac92f4f561913f84a6c47e03797964ed163
train_2089.jpg,84329e3390b5d4bcbb5a8a0615843fea42ce567426b8e6d47ca87da50774b8a6
train_2090.jpg,3cecb4c056fb9b6dd73e20c10a4f9f87d80a8fa3904e0986fadd5ff8a8d2e5b2
train_2091.jpg,98516b9389963c5cb377b3dfaa7f45a5e6528ab30fb17f94e2ffbb3d91071253
train_2092.jpg,633f69de656e93e9395aa3410befd8073119a4c27c0dd8891506a4e6cfaf38d4
train_2093.jpg,b2a62006802b2f962fd352696c87367dd922ff4258595f546893510aa80aadf9
train_2094.jpg,c914f9e429ee935bd29129806bc2f1304e581d6446f9c948b1ddedbe17d701ab
train_2095.jpg,32d6fa12c58017dfa69008a93277c9a8a2d43fc3525fccd96128a01ef629c6a3
train_2096.jpg,69816ef948bcf11b8ac1251f30fc2fe152917e20a51d38458f08b5a21af50c38
train_2097.jpg,53cea7835c82c4676f052aa67db994387247a7603923429e496dacbe253b26f0
train_2098.jpg,da381e12607e757eec2dceb34df66cb203e7270c5c08e10fe86833781176a01a
train_2099.jpg,2318d8d808215b8f7e316103f3141886a88a42f629c1b064562977f1c8035ccf
train_2100.jpg,ded92ad9993ca8b784cc0a3cadd6ead627507d52017805f653ed8bc8e4328584
train_2101.jpg,ee48e5129e531446a4d89a827c3fce6bb753e004f5c21f5ff9df91a3b98d4463
train_2102.jpg,246eda0054f8894419004042b1138e2f91ca98b64d7d8a7ca2111b9d844e02d7
train_2103.jpg,8db86b4fc14680d393176f861c48021e350d0080139614dfd4f82cc5c072e5da
train_2104.jpg,c28ffea3f3a04d0ae96a772687c56afa057518a807fe8b5d6aa81676b8ecca2f
train_2105.jpg,1b43608dd364bbda5cbd18807084d2b0d8384da44f2d60b1f87925da06d4737f
train_2106.jpg,649f0b165732eb7af6ef00f00e7e80bad4570c21f8c2709e98fba7537c547856
train_2107.jpg,b73beb9b1382da813f40d1067f8b32fee421e920295e7b9578d71804b4fa587a
train_2108.jpg,ea8bc48573a674d6bf79c3cc462b64db1429f2d644079871ccac79f1c90b1c83
train_2109.jpg,31d881d50d3f04b569831ac624f3a8b36e1a7fb7e3bbd08d076f2fa4c3e9ae5e
train_2110.jpg,60b3454652087bfc1611ff9cbfd3e7aadffc644a2c5c1d454fa41ad241a96568
train_2111.jpg,86a6674d52ea7ffc287b286519ef9b2f96614d2ebe2fc81e8b0afb4fb80b6b5e
train_2112.jpg,7fdd2e450702a3c7e4e5400e6f8fafed14a6d6b7964919b5371413f4323c98de
train_2113.jpg,675aaab4b9825026d365091a6c56fbf797b43f21c66fd0c63b70ee6ee066e4e0
train_2114.jpg,bb730c263210ba7b8423e1e023b72686e420d06a414416059aa53420f5aa923c
train_2115.jpg,850c222335f50899253c56cecd22ae3f09f8b75cd01165d5659305abf7527897
train_2116.jpg,8845433d8a8eb73b5479ab4e74804dde853e9cda2eefff4668558145e39d3089
train_2117.jpg,f6aff4dc1d873fbbecfabea4cd5391108d818146e91c66da6ccc7f69d21034ab
train_2118.jpg,354cdc60df3f472b45159c9ad9c0dbbe87d3060bb11d9753534dbd6bb3b94a5e
train_2119.jpg,972a3fac68dd1dc70ce658649a5beb25d4e83e7b82ce098ddc8ca053bb4974d8
train_2120.jpg,357ebbdc015a71fba9fc04b7d337f3a7cf74f662d020dc217d9b2811c32a9581
train_2121.jpg,639b86bd8e49b3c726ab7a62551bf8b953c4ae99de2f2c1f510ad640aa38e558
train_2122.jpg,ab2fd3ab6edc0d9682af64d17e68463dc6715c0aef45a33ba282b093966b8f67
train_2123.jpg,33b01382e09e8bc560c7b7364e95e4030af2020e0d0fa62013643d1903789c91
train_2124.jpg,2556eb4c209258dd11ee4d4f20ed5fef9541806a281d166f077c6999d9bc44ed
train_2125.jpg,65288bfdc3c37083e6643bbb43867f39bfbb403193ee1769a33a7ad1a6ff3680
train_2126.jpg,10ad915831a34721a633a79a3e4c6c48adf55050de32e5a658676884abe95298
train_2127.jpg,a669e0067b6c1c43f0b6fa5571b0b780c7a3265a7684a04982ae71f34b7b1799
train_2128.jpg,e082392530183bc612374bee8fba2c1e3fad1ec69e7f23b9aabff54270f2e676
train_2129.jpg,9b5bcf712f32e2f452001668ed1e3d13339688a3d57a15f1755b44c7db75d62c
train_2130.jpg,684bab217bdf66b31eaaaa9e25264e7dc9382045e250dc2cf7cb5b5680cd758a
train_2131.jpg,41c34827af74ac6806542123add63c15d7bcacec80a52b02df9ba7b890f66c64
train_2132.jpg,c8cea2bd05b09697951cf0c9a7577ded388ffc7751a9bf279510fad7137e8099
train_2133.jpg,3c261ebd40621b11cdabefae5240c7d090cb37116d3c4550cbb3105a145f61ab
train_2134.jpg,141f609aa579b39adc1f1f640048ab085f028ca078d003d16f58c5bceb70cc1a
train_2135.jpg,be32cd177f287ff338989b558a099b693c886a48bce625587fec379012019291
train_2136.jpg,e7d82992e5f0cffa9683cf3bdd1081920b6c1309cfec69e49f4938464b2d9fce
train_2137.jpg,b4748d22c6d489cdb204b38dc7e56d52b6202e30114c9df68655a5a9fe06470a
train_2138.jpg,456e84a791332bd89e64dc614ad6a4e834fc8e32ab967b9f50ee3865fd900713
train_2139.jpg,d0ac7b1cb7b9f8af577bc37661057bde97bc9e33842bbcb5cd226317233cc7b5
train_2140.jpg,e940b4b081fd14ffa00d0efed280ecac24fd052d55e85da5b837990755713f96
train_2141.jpg,714611435ddea1d6920622abe9fca3b367d731bac1808da94dcbdeedc277bdb8
train_2142.jpg,dd19c887beb081e46c88793c89ae658decb22c6281ba303d431788c10fcc5d7e
train_2143.jpg,ba4b80aa030d53f8f2d6532434a3f6e3ff8b522049a369a5ae4f19fe8b62729e
train_2144.jpg,26d2302a7b6b6913d151bbb347949734d77883e111ee8376766e589532906907
train_2145.jpg,08c92cdff95552f9754e2212ff80eeeff5ed72b2d519a5e8911db38a6b91da9a
train_2146.jpg,49a2a8eaff6a89bf09f1041b570d840c7ca1725dfa5901f0490e821969d42e3b
train_2147.jpg,85f44c141edd574eadd5899ea2a43481cbf699e682d227a01a83f29419f95fc7
train_2148.jpg,a2e81c966db5bec90fea9845c091b98b5a54b3f8893319e59b348cb137f591ce
train_2149.jpg,39bcec79814bb1742c7cbcafc905cc7b4a17d5931a878c92e3250761ac6ced17
train_2150.jpg,18d42299a4a3ff1441162bb1d84b60a948e58e055dda718e07d5b3e44aeae2b6
train_2151.jpg,16742e0c2b28757d80daa51bc930e37480ed26369e1b4d193838a1a315e55967
train_2152.jpg,c030ba84480caf6d3cd0a809d91335ab3be98fcd100dc506559599e000422fc8
train_2153.jpg,2e587b5b78dcf9b0e8ffad793365e8526c88b86ff72077ddc6cc1cea6b493438
train_2154.jpg,86be00b7ad6d97cfcfcfd030f39ae63000acb3457e1c3259da043dd5e8b12ac7
train_2155.jpg,f736c5c059f5d6c6c80ac6241bfbeeec0e38ccb62bd453f39ed654703ce7e16d
train_2156.jpg,975686e1a4344708d95cf0c91cb73ccafecda8c4a77631f009f132e65f264c3d
train_2157.jpg,db0720c8c2d6bb7478ba088d050732422af712176700101035b6e51bcddcec7a
train_2158.jpg,19df7846007c59e9548320e085cfcb9d96ebb2a2e2ba0c3b883604d2bdc45931
train_2159.jpg,15176a34f06e767745b2d3f479938cd7134df7500278af354dfea6eda0fb7084
train_2160.jpg,74a955a5be49c90996c7a94c91b03142826331708c4e45e7f40800a55b66ec35
train_2161.jpg,fbb6ac142c9b9f8817cf87f7893c92bf3c9d85630e0ac88c31bba671c8a9197a
train_2162.jpg,fe14207f739bf4306e8893a7cdfd1cf29fe078e3a0c33dd6c622d3cfce161df1
train_2163.jpg,8aca19c3a867e3be3ecaa7c657330352018cf9e1122efaa288974806bb925b62
train_2164.jpg,373bb6ff9491bd0aed5ef04b2d24661be6d16458da83982d38b86c43e91502f0
train_2165.jpg,d1a19511271cfd49a93db00df5dd74b7a6f1ef383d16466a2319a9cc09ae5719
train_2166.jpg,c010f390613334c2e3751f7375c286f749ead9841b3bc3bce28b65b73dfeaa11
train_2167.jpg,56456448b26da6dc1d72be564f0deff1235a3162364357afa3384403807df474
train_2168.jpg,d839dff895140127b4a55fc96ddadce9f33781413d800a3d3de9a962f2aacb91
train_2169.jpg,91c570f7cd959778e5cac07b1a471466e2f23057a7475d097d5a2d4e2e851dec
train_2170.jpg,5c75357efa7a18c3a7e5d31a0a8e23c98c2becd6c8e1ba81715d9cfa6208daf5
train_2171.jpg,5a3107a53fdefd431769296e0a289e9b1f36575913875d5c0c04855fc675f4dc
train_2172.jpg,04b9a7aafb03d0af99cd94f4c1fa9838c59c74bca34934cd31f7bf6d026813ef
train_2173.jpg,233f662ba716da42d74548c24fb15fede30400809403d3d26c8575b9673f332c
train_2174.jpg,4011c07ecce52f9280af7b6bfda3f0b1d94e78e8977c5fc960ebf986d24839e9
train_2175.jpg,93a029b8b5354b19e02228560d38f181d9fca4a9ab5a9007ddbcef9a2a974067
train_2176.jpg,ed30feab6bce3253cf9f568d31466b7a7d929cf85432154517ba14e4ff933aff
train_2177.jpg,3a50899e7a0419aacb9207c3a58902afba77135f002b1431d05806c9cb1111ca
train_2178.jpg,62f8ca9e62240e955f1bf7712c4367dce2e1a313ff8f59c07babdc213b72d19b
train_2179.jpg,b0bc67f8430c3228dcaeb65e125eb45a81219881629c0ea8aee0d19a7e30a287
train_2180.jpg,09b35852d2ee7cc4cd967151b4600a53b4f55154355b7f0f70550bb193826ca8
train_2181.jpg,9f488012ea71d693e4cd2c5e7d9b335a75213ba02d52bfbc721096f883badb5b
train_2182.jpg,d5cc12bf0eb77e759227c880e34f43ec0e2b999a9c9ac4b98db92d905b7f1b78
train_2183.jpg,c3e72315bde575ef397b7ab00f04b58d8048e4f39615df07f7533263d5be54ac
train_2184.jpg,6215d780e769bdfd0a07adf37e031ad1d8fa19c8c7fc7a14fa1887d221cfe156
train_2185.jpg,34972720a1906a8c03ae331704f0d5c2a5b5e3dc21ce885ce532922dc0acef2d
train_2186.jpg,1de2e3ed19f74caaa0872a02580300664315a7a69dd256da8f1a039e3b0f37d8
train_2187.jpg,f0b4d6659b313ba90bf331a9f3d515b02df2feef932e2725bc5eb826bfa100c9
train_2188.jpg,d2ce6d846a7ae6d0bedf38eeab966c3ae57995077f1ec04fde8cee703c256146
train_2189.jpg,50becc612a9cbc78dc02bdc99000850b6195a62e9472c61172cd7a7bb90d2d57
train_2190.jpg,bc191a90ed0ce63b4a086a7e1e3593cf1a5a81662edf3c3f265a833a64fbf2cd
train_2191.jpg,c5fc7dfd5bdc98cb8c8537613671e797334df141cf5138f954a016c517006c6e
train_2192.jpg,1c13f01218d50e572ec5ce31db9a6602c43795bf737118ac71410a6d5fa983bb
train_2193.jpg,a1d48ce230bb7c3a91a6798db425839ed5ace6f91ef88dd6536b68dc571a99ea
train_2194.jpg,c51a11e8a57455cc1bd9cd9e42818301a05fd2cdffe4ac7ae0d9a1df68d58c7b
train_2195.jpg,3ba36bce9ef8ea45324f5008a7d77c9f7c9433716fcf563b694f56c2f97ed4d8
train_2196.jpg,b2be997cf5db2de4fb0adeaa914787967a5c71640f1d0df8ccfaadf4c6f0bc2b
train_2197.jpg,f172035ba9bb7ece22dbb12abd09ca6c3ac773b1ec1a1143467f896d989e26ca
train_2198.jpg,5de10192adebbefd8bf65f44df3c635002f77cea1a4f168022aec6fbe7469ed1
train_2199.jpg,d2f3fe7ce29fdde40e2583703995c83708bd007f2a38646a6d37684658c34f80
train_2200.jpg,4013ed81c5265581cfef2ec70128b6a40f66793ead05b048d083bc300dcc62e3
train_2201.jpg,f6cdf1495d94a88f6902d581e9fc853984f87c153cc344cbda997ffa1e63c789
train_2202.jpg,2a62492c399fd90bcd1fc99684941decddebf9bfe7040f9fcc6f88c66affbe22
train_2203.jpg,dc9029f3d447305b234b0ad6fb45828b570bdf6b241c771201bb66ed9f4c695b
train_2204.jpg,848680c974dca9f083c823f9f76bd8567372f0cd912d3fecdf46893fa3187e19
train_2205.jpg,97b641c88c72b91333fa5904ee5b2934d16135f4b7e543ab9bfd97e6ac28c79e
train_2206.jpg,e1905b6f47caf67b0af4ad2d446e25932950392ccae8e4c041fcac9062ecf170
train_2207.jpg,599f3992854b608fe5ddd672941466b3bff42b05ebf552ec347d7775a276c156
train_2208.jpg,61a87cd79d9d9bc053ab7a0a72fdd7dfb353df21c5ebc1e2ead13e3bd60cc548
train_2209.jpg,45cfca3ec31df2ce8aeb0b1353acbbb2d91a4917588d8aa803d606a0d74ef393
train_2210.jpg,cea9a8a3276fa1edcd027647e19fe6bf0d87568b7edd73a8e79c2c12025af8aa
train_2211.jpg,30e7d7b251e376da3d94b8a8a0a0d382bce46886b78d48d163aa918aeacd7fe4
train_2212.jpg,6e22d13f72f5556ead6e7bed69d7868340a4f8410ac6c6cbf0d47bce4efe27f2
train_2213.jpg,3c6e917a03d4ca840da368d2c1fe7375149dba57d5aea7013398553368fd7950
train_2214.jpg,505cc4a6669998be0b2efc1e197434bb1ae7ae3bf8d07dc0cca13c42c2400c34
train_2215.jpg,d6d556f6d8a4a867de6679107a57690d302643a2c66af75bd200c6e2d52c2af4
train_2216.jpg,7069bd13c80ae9308332b41e2c5a6ecc9dfcfda46c51f58ae8d64ce912ae4518
train_2217.jpg,95264f7f20de15898f1396b2deea4a3dc312c07266372218e55804a5d17f7430
train_2218.jpg,f0ad2bc43a2c9efd148bcb8d7e4f0db456bc018a3ce78b89f8e994d077683417
train_2219.jpg,70ed0cc7db7f9a036d1d2aed3eed189d4279a149b44274784fd08b91aa0f9a39
train_2220.jpg,c6af22e23d1a63e1a5acf1b9c3818da616651b7ced285bb2f49bc67cfedc2bf9
train_2221.jpg,f42b3ef7f836c186dc2b8126fe086a6654d3a98953bf36061092201a088304a7
train_2222.jpg,5358cd5fd9ed9e6f55cd42e0e80b8ddaa9c4b0c32e1abd1af66931166d69a8b0
train_2223.jpg,590fcf7bc603b6a1a886692c70a228a92357299526227a25a82a0f747f4d7f44
train_2224.jpg,c6529dfa1fd757dbc06bc686addb79b4c073e68df0b600e2d10bc14f80cba74a
train_2225.jpg,207b5c8a2097e17cca4295626b003e875e27e3fd56c54cdc38821df7e7b7711d
train_2226.jpg,febd7da89b2a67570eb4045f8be4a221fe7f3197e4c5405c0b3fabc0a46a0ea3
train_2227.jpg,fd6b6bf9bc54edb48ca977ee023b6bfdceda135e705bfaf12669b094842fe224
train_2228.jpg,17659a70ebd9c1d144a38b76209d85cc0443ae16f9fe49018bca59667627ef23
train_2229.jpg,087b852f4addce477e6a6ff56f31069bec84077e61a70109e0ab4fa66772c16d
train_2230.jpg,fbeb0d527b60a385bb5000a40317eecbb8cdd883f19ca80d1519885eda9e3126
train_2231.jpg,272709611675d6071f3bc1d16db5f4ca1363fa674571aa3f07b3da809ff13af2
train_2232.jpg,715f7dc30e31fb84a73b5355be23d2d4ac7742c55e749e9c00576b07a0afc0f2
train_2233.jpg,8102bb6371c33de1723805771da1cf7766ec69037c3b253bd7ecddd80e94bd38
train_2234.jpg,d6fe7c3bc96ec2c30b4b87478f6b66b31dc22fe2fc41d7fd2b475aa23fed5c6d
train_2235.jpg,918537102353cf710b1a112b55ad508dc97feeeee9cc004be0b0c1e69d2dca84
train_2236.jpg,ffdf216a1196bff15f4658f80b20331955715a4b91fee08208813773f754f795
train_2237.jpg,cb7de62c6afe4273d6eb65083ee0684583374262e54810c486cb9d07dbdfc5fe
train_2238.jpg,bc915dda3123ac48f57363863d28f0e57535834030b0d5eeb71b9b4d7c1dafb4
train_2239.jpg,57212bb191c4f3bcf463eebbc3909aac79d4cda9a2877665ded73040341e0c12
train_2240.jpg,7394ff1a9a2621a12d398d3046de21f3b861f0f27c2bbcbb2f4c71d24121e695
train_2241.jpg,ba0d1d64176b9962e3502aad0600f31e587ae076d81edb82422e30321548f6c8
train_2242.jpg,980fc58bc1ee93a24df64f90927df072733564092e5a19f1e2e9b30b05729295
train_2243.jpg,2c7af3c1a5dfaac409158a872470af3d6f7e5678501d460a1fe9906d68ebdbfb
train_2244.jpg,98480360ebb92d218419b64027ba5cd1c4939c34bb01b7d6495cfaf1b3a42612
train_2245.jpg,6d17f0fc52732818eed34384c3c7f4004aca5cb001762d84e45bc9310b949100
train_2246.jpg,68ac57c30b25e998e9f8be7846ae724f30fda4dbf7def76084513682fc591730
train_2247.jpg,2622bba5041c8ed868ada61ef8167af5d889ba9ddc4c01ac8fa96b9c0a2ae04b
train_2248.jpg,2217fd74cc02918f3e80985f9976e2931a0aca80b13cac34bfb66de70e23cd00
train_2249.jpg,41a85b3d2d1c2e282ee2c80156998553728314367ddf293309a258926fcf6f19
train_2250.jpg,e5a7540416eb2743d1ae5f6c1c03bd78865159c900f986246a31871984e8dc43
train_2251.jpg,5a205a9bbb4d4b85c4f9e057d422d694336f1daedad0373a2ee6c1688ddef92f
train_2252.jpg,1b67579d87bd078731b6fcc0025be0f57af5dffc839cea8959c46bfb3428d0d8
train_2253.jpg,368d7a67e20dfbb73a1ed293fabf6b425a13d0862c0c43f4477c1a8b1bdd035b
train_2254.jpg,577dd450571616e99c0d9aafde973a196bcc0adfc5fb14ed890158234507dd3f
train_2255.jpg,4209f08e45f96a5541c25c5b07d844a09e9c84c3f39e752fd6f595c041df34f1
train_2256.jpg,05a797c25f60c98bf245dd1ae81ce5b65b7d9a354be9ece81e410e5b4b63d39c
train_2257.jpg,ce63a89528683a3a572d332fa6252c0b5beda826264c2183693a61bce49ba721
train_2258.jpg,0a9b644f5cf3b4a89c72e62709f662014a4822429e9f6d4ab85c09eab02cf795
train_2259.jpg,4793cd17c4fac11cf4e7c660c166594104d4111c5fcf3f1ff8feefb8b52a1b5e
train_2260.jpg,6f6d696842df5bd118ac8c0a8cea82839a82362b0765460e5f74723b8f820578
train_2261.jpg,ea4ff7e5e01e539451a0696c62ff8faac4fa8fe58a78761d1872a9afe8ef58d0
train_2262.jpg,b4e826b96dc0fc696287c101fe81d7898b1522bd81a3697531b0c7ca5b8b6d18
train_2263.jpg,d6d683dd9b63f9b4a79b9eef9c2950e8b71dc342dfbbd316b0b6cb6ef765b3e6
train_2264.jpg,c6393758d42f3bae5151606ffc7ad6ae3d79fea6631613b6ce636f438c7e503d
train_2265.jpg,1b3318a5c8c26abbb9ada9d2a8758f41f04b38e00aeccce2bff0df6b4942c3a5
train_2266.jpg,94a193d08db840e6c460d6f394ca68eac39134b5b48f9a2e90668910b394c219
train_2267.jpg,8759c7f0830c7f03d6122334fdb1228c238425f17e5d4eab63a6ebcc9f5a1ada
train_2268.jpg,5b3f53a2f0d0b18dc043f87c1c6831b1723d91c4cd891ae3de70629856d91de3
train_2269.jpg,6a3d6833be0bdb2dc973c6a5447af813e36eafe8a3cf8b159d4cfb2183d7ad14
train_2270.jpg,eabe22677cea8f5d701310b7b8109ef8ab8981a4f3bbd3916cc0e225abee23a8
train_2271.jpg,dd3c8db69d671caf1c86ffc1ecfbe4625ee198559b8b7bb000262c46b9783cc2
train_2272.jpg,f74ef1f608e708d0b962a82c613edc56891c944bbd3e4e963c4055b36c8380ec
train_2273.jpg,6f166859e94a026477ecd75910d750afd99434da9cb150744ae05dc8628996f0
train_2274.jpg,37ed0e63d648b103607a6591077df466efb522d87a045739c1f56278c47859d3
train_2275.jpg,55dbafbf4a22b12c0cea75c37fdcf1c0d71435586ff30fbe013ed02022b39b53
train_2276.jpg,70c67be5c15914fd9f395634ec298c595c86fed83bddda904ab9599e93c5d85d
train_2277.jpg,9e1cda4adcbc5dd214497cec19252c5e5b193a3ae23eebc248d798ab8ee69edb
train_2278.jpg,244021e6c801e4dfb7bf7f01efc19efb2cd0daf15d18e209cb975347505a67b6
train_2279.jpg,d71775625e96dfaeda95bd9d07bfb4438842920d6353ac4e4e3834a87632f7ba
train_2280.jpg,011919b3cd141be008aad3c68e533882b60a6e90dc432bc8ff9d3b125991a571
train_2281.jpg,68a13d9708f8ccdb0eeaee39c48dba7c87adafa70fc593916bc67cfdc12dd93b
train_2282.jpg,29e69a790bd0245d3ac2f18a3891e53098c176ac71761e3ec66cdb479a7c82b1
train_2283.jpg,3c88eaecd044bf1fe0ca6b23b11aec98b7de0b2e3a8270c6a06c29d626b7ea3c
train_2284.jpg,53fee85de81b493e20c5cd07b848ede10a3ddf24df24b33c56466be2a9848322
train_2285.jpg,6e9996fb3d8cf12e81325b540d71396b64bdea3579cc8bd497cdb2a576b4b3a6
train_2286.jpg,36dca72f2c5d7abc9dc7e54ecd620be4c1d54c700c9e7e23bec9a3b30ee5dd86
train_2287.jpg,ce5e64d097515e691989f5c7e3b3abc2899293db406a488935e25154047fdf23
train_2288.jpg,3875c7cbff1a1243acdf8776b1968117e60c1a7c53d6bb798cfd8677416b3e7a
train_2289.jpg,2086f5702292e1d27136ed2ab2ef09dfa2c285482b48a91c6aecfbae456e04c0
train_2290.jpg,d55164c530adecb76009c8cebb3f5fa5de0c408d22f985e1e2ef43008581d524
train_2291.jpg,c8669a133c507f1c027ebbaaffb2639d4e37bdbe1226528859ac5b8b6edcb75d
train_2292.jpg,d38ee2e74242e4744cf78be1776da004e0f4a339947e6ff589abba2b676bc0e6
train_2293.jpg,8ed6c1614b1d3ecbab4fff5784346d97cec2ff57864e669ab4a2e35a2a39190a
train_2294.jpg,ecf44a575b56b299c97da522fe37457d02be4f0f05ec440e82c551f42597f062
train_2295.jpg,34d0c185cb068bcbb75cdc35e486eb120d9417a07595c9d3e8da6290f67d956b
train_2296.jpg,fff05e7f6fac7b858f5a65344e2a1a1a7dbe5423dcb3610ada028729916a9b4a
train_2297.jpg,0cca5c02f112f58f3beb5c5d93bc0a020700d78faf29c56d207b72d5842dbd8b
train_2298.jpg,6a34a8dc51ba85d8d6307fbb3f606295fdae8aa19d0d9675b96b495b6d340855
train_2299.jpg,83ee496f8aa29212026c5809345d93e611e4e1a66d6d7704ed05ba0d1b0d80fe
train_2300.jpg,70f2361aa96856d6209662ce77e84d9f9b2256fea8571cfe3ccb29831b1ad425
train_2301.jpg,87945c14f782f9bf16ff5d7680c9e14e2756faf2c725edee810887a7ac978e77
train_2302.jpg,9832ad6eb6ec9b97e1a569b8cc484e1a934a85a04f8fc182913b5f9b2e73e5e2
train_2303.jpg,75ac16c528490c9f4f16e83f81e99b7a5f522aa6e282d7b10c96cd34f8c3bb17
train_2304.jpg,966507c3d448fbc24ac6cc97e65d43d74575d9ff6ea7c2c930fb7f2e22407143
train_2305.jpg,b5a9c4d59d3854fe3800cc990b4a63b766d8765838ab6d5419ec92c1b5b06cd0
train_2306.jpg,6ddc92d3ad96ee15db79d44029e5a2f1b083a33263eb78e8f5a5a0c238f79bf3
train_2307.jpg,6bfbd3a0e7cb0a37845f4cc8c6b9d11e196db2f15ddaa1b7fee588b898553f34
train_2308.jpg,d068bf0c1ab462a75f4e8383a8aaaad7b3508cfdd03d5cda1d3fbbbd8866acfa
train_2309.jpg,66fddf8f1e16854c57b7055b8615f1ce35f260ee3137fedd163b21fdc051e437
train_2310.jpg,04b384bed47ac4f65b2866d8925dc8bd5d0b2fdb941510c53d144c6a4bb00fad
train_2311.jpg,514c95e5d3ef5e8e2d1b7bfb918dee9209c9c7290223f74d9ce6e51bce6b69eb
train_2312.jpg,739a05419f18f0ea424b9a39f19b95f46cb02a3114f40082b0c6405cd63db872
train_2313.jpg,19db2af2546076e4ecd90249f244ef3e4c35e348d31a3db3c08b6c5d01680040
train_2314.jpg,52c78a5f8b7bc913aeb8d5e55be52baba5fa1fbe7363215917577ac0ba4e64a0
train_2315.jpg,8111fae31c19ef57b387aebd48bebcae74b83f289c5fcf39b37ec6c775f8b0e0
train_2316.jpg,a2c31e78950ee45c715507198ac5fb157caf9dcfc906aef7b150ea18f021959e
train_2317.jpg,ec1d1ac0b3cfc780ec0ac50ddcee7ece08a80fd3e17bac3472d49188fa561865
train_2318.jpg,a75a1b63acbd366664cfea63486b7c51b2eadb89a035b5b0f4f8810a33e8f73b
train_2319.jpg,bcbfa991b5599a9bb5f6d71d0d7db6bbf7b442dc93326c38008b565c3a50e139
train_2320.jpg,1965721594b0eba50c644cbf57164784b4223e30b133a8340c3efbea9cd8516c
train_2321.jpg,e3c9ee676ffc260defb272b18933b371e87b5a7285e44f6f22de21cca2439041
train_2322.jpg,3ddd05428ef487f78b7b168b3cb0565c577fc73e16289c4cd7b0ef7f725d0a50
train_2323.jpg,bd2ec479dc6c2c4408d8f5045ce9120e14f899788d9f51c37c554f1bd6b1fc3a
train_2324.jpg,d5a3c79d304cbd422fb53d2682f0ef995a8ba1594d9f70978a241b625a42b00d
train_2325.jpg,15c9b74cef60b90bba2a386e042db187c558dee67ea2ea0c02e04bf3a3b1be64
train_2326.jpg,4c9e10c23aceb4739865870ef555b1bc69b298fe0e189d35bbf0856989c9402b
train_2327.jpg,7a3875f0c1decd3e4b51a2ae5b83da9613b2387702420ed72cb0934aecb774f3
train_2328.jpg,7e71869817c68ccc43d66f20e25d14c118c6957cd480c46c022cd29c5814014e
train_2329.jpg,d76f1b61ad4be09adf552fa3bc55e11ec44b0a9dd6912b16a5aa44d143ce5b86
train_2330.jpg,211f815bdc47da7164f9d1e8cb4448fba255c50a2c6137e4f3598aeebf44a90f
train_2331.jpg,ff3f9fae6977439b6f410d531a3d9a12d3a70f8519a5aed24dee110239b15c07
train_2332.jpg,6603943cc39e0ec5c94d947dca0747e4c84618a837e36ba5bed51f6b3d5a8430
train_2333.jpg,0748060485f25f107d24b3eb8384d033dd4e177656c0c867d362515f55031d06
train_2334.jpg,7adf87b07bd0cbe0ea62634ee8538216c3aa384d1166e0e4905dcb238a48c89c
train_2335.jpg,c04acb7b7f8c58e69e8ec47d609f7ce27a6a3d16a40de8d1d063c3ad4e4d9307
train_2336.jpg,c147185aba1764e2ff265f52542e319f8ef322bd85893665da199b1c17b20104
train_2337.jpg,7865b9542b4ac191ff23a7e5bbe6df04b47d1dfc7bee473b6b99db27d0cd2ba6
train_2338.jpg,3ad06474499eb3b029b0a18231cc25e32e5f45cc7287b18de1736882d740e892
train_2339.jpg,5cdff60ee5775102ee0f96ac426d1066f834229bdd09bd8271044a2ca15463b1
train_2340.jpg,147907775662fd8eb7129abd4a50372f81086f567b5181e778d8e2c69c32995e
train_2341.jpg,3cb8f701a5b4d1632dddc8d58868f493e4bf35d5291fa38b5f2000fa1377ddbd
train_2342.jpg,32dfb7fe6284c9cc33b02489e4786fd9de75c8c6fbdd72efe0466c816eeb4df2
train_2343.jpg,6d46314ceba41d8d8fcfddd548c01510eb9701f5180432811cfebe7420a2b4f5
train_2344.jpg,bc485e8e4e9a0eb90e0553e399e6a18ef49ec27fca65c5b712fb0e1d86e75d8e
train_2345.jpg,e365b3e3249b2693c589c4b1e6f7f23f981411d375cc147f4d4a17f10e9d88a4
train_2346.jpg,b1ca0418cf455bcd84ef7995cd58331212ac592b86c7c0f1c23f56b7c738ba2e
train_2347.jpg,c0ac3bae5df6ebf99e935068c778623f390f8f887c3a4a767e158377821e5b23
train_2348.jpg,9c8df8da8dcc94de82e2228db4ee1a6ec8ed0ee53ad15aac636d6e58caea1a30
train_2349.jpg,72c42f4456bcb157a514d73cb079d61ac20a3c298c18d4d7fb74e129531814a7
train_2350.jpg,13c004caeb998bd277526a9450cf152840626e15b48e9dbec632fa7e3481f593
train_2351.jpg,3ce076e55b40e8ade92ea5bf359a7071f34d13d5cd0c746e6fadf7137cd14fa7
train_2352.jpg,290c6654167e57344ddfbc87d456c7a3af76523d5f2960827609bd388ed6c440
train_2353.jpg,6f1d74dd20c14bcd11a436d4be51c2d6cd378864e5b2145ab64bc14fdc8b603b
train_2354.jpg,75d22ad23cde075a9a3f66cd3ef8ff5acba9f1fbef0c2d9aa77f0fa93fb7558a
train_2355.jpg,4fbfd1be648cbf3d3002376e50a3835af95e17b18e0973c328ebe49f6d6af3d9
train_2356.jpg,05d2b3607179c90deb3d890091af5c729828b8829f7694ec7aad9cd21588af8a
train_2357.jpg,370168d07dd0c9f5b2f6b50a91230f1eacc12b6d093c58b5310bb5f0d0caf62a
train_2358.jpg,a8072aa2dd9170b8ad07da26617f446964ab8174eaeeb55379b51a22d520fac9
train_2359.jpg,5c5e22c70c17604d19f141cdd1af6d40b8bdb0ebc6ab5ac472e1f7a8459c9241
train_2360.jpg,6470ac1223c653e1b839e1e4fe1c85072838f1090b17f5544a80b3fee1a02105
train_2361.jpg,b1706c6c4e05b2a387d7f1dd1e9afa310798e833e95d82f8bc00811d46d6b045
train_2362.jpg,d3683497c90e37d6c382bfd06d0c6d9450dd95b71c39a288652e5ab735e37d0f
train_2363.jpg,b7e93d9d5b6381f0d0536f9d0b18fbd2fe1f6b9859b5a252d8bf241557c37215
train_2364.jpg,9b2608c0ef09fce95f093bcfdac634541458ce56e690ca676a1c3d34db8b50c6
train_2365.jpg,aa8b8e6493df59d95ce5ad7e8c09576c1cd5c5f5a8d4f487029d5908541917d2
train_2366.jpg,7623782a93beef4f2ba25b8c90fdce19c618c300c22204abb0c46dd7509d4914
train_2367.jpg,c8c9891ccadddbcc4f962eea69edc3cbfe78716b465186581caafa9b317cdb3d
train_2368.jpg,ccda8261ebb61ad0706b75d5f18607e21f7343fc3cfcfa46b9e873394a9840ee
train_2369.jpg,6645667fb4bc4557b7ad274495e5eba26cf540c2528839fa2ae0beaaebddae63
train_2370.jpg,450c56926c525876e195730f236b387b2b0b62933cc4d1599a7ea8f52063529b
train_2371.jpg,c4354713a1efa1b78c688c1ad21efe8d8aaf7b96fc5369114a5d22581666d755
train_2372.jpg,00dcf78632f3d23842df4d97b0e8324f278d0fda114748937f19237302b1dda9
train_2373.jpg,c3606a71742777df23c170897e6045b0a9018b38f3497b05bff3eef3036a6018
train_2374.jpg,3bf2cee5af8f29cfa50075f6d708e238ddfd66cf3387d83753ac48f3d6078c4e
train_2375.jpg,9d3729afda39ebc79d9f4aa4699cf728d49f5f3167ca6fe61bfc9104d01e62aa
train_2376.jpg,f7a0e719e57af3fa50b89d141ab9e1e4a0ede54c4a271da522e21aa023c1ebfd
train_2377.jpg,dffa3ee93cf3d33b20f4cd2461e8514e41f734d7da6886ac5493a75285e37f21
train_2378.jpg,b377ab7425bea452b40ed5ba63bf999f28958e5a25dd39b590b8cc14eb6e2bc2
train_2379.jpg,882e5a599fe801fa26198cbcfa907d5fe2f325babe5135f69150801305bf661d
train_2380.jpg,cdc3d4bc403cb47212c4849fdf5beccfa7c57e15a4949af8b659d2b9642ed436
train_2381.jpg,53445720732b59b9de40157182884a19866c58c17cfd2e57eb231ef019fb014c
train_2382.jpg,30f6f7249c1a6c4dead379c8921294465764b04dadc6fba0daae891ab4795f63
train_2383.jpg,b6b527fa967df50196bb46c7d1ff9620c6770ff959923a136f8ac2b23bc60cfc
train_2384.jpg,8b482af8a6c220cc7e8cdd953fbce2ab0c9cecfd0fb36103889a746e6afb5416
train_2385.jpg,11515a243304c199a818a83842640265eb005f0523fd95c7004a3a06d080ad18
train_2386.jpg,19d620dbff6882d84de53d60111c2ccb6a26df09a50fb14cda8a642aea572ff8
train_2387.jpg,148a45b48967d27644601d3a9b62a834ffa71139381e4cc9f6cd757602735a82
train_2388.jpg,ec0b1e5203d46f660653f2e2ae03dea017b8dd5216abef62c8abc99ad2056b70
train_2389.jpg,cc36d46bb2e1eecf11f49fe81881f899d62e9b2a8f6e02c86dca9727096beb35
train_2390.jpg,182cdd5570530dc074d3f67064798a60891071d89ef9867984cdf320278df4d4
train_2391.jpg,117ebebdfff374e17f82fa0a1347c960bc572b3f170d571efa1d7869da5f72c7
train_2392.jpg,a792ebf0cac9755b4b71b72cba98a05c10136f15c033445606a713bd79ae6464
train_2393.jpg,02cf805148d604f18e2f2884814bb6999d06e572d1df236b5b7a5a95f7fa003e
train_2394.jpg,c851ec653f310b51021a79cf9bcd3c222b44b8a1337e70f0aa3ce87c4c3b4a19
train_2395.jpg,ce55418585f9fdfc1960fdbfb70020506c9a8320d3e1116a221ca9ee0361e719
train_2396.jpg,8b65e163846bb1ec04c65863b045b54aafeb85409f86f7e6ab9bb86e531995e4
train_2397.jpg,1e51ecaedef171dfa4e75829353c010a093c3ca7d2bde5d904393644b3809e4e
train_2398.jpg,ed30dd95d33eea80d13ff140381168ecc9aca647905ba319fc89ae653c4e7fac
train_2399.jpg,03ccf225be43a5e30a58b157011e062601ede6d5ca843c4cf0af4e0e961dd407
train_2400.jpg,e14320a095d5c9b76cabeb08ee24455b75aaea92eb357be5cdd85f0246a813ac
train_2401.jpg,bbc82a1117461be96c0ad79ff324b675735c3646f2289b2916884c8e04252691
train_2402.jpg,36cd19cfafdf7b4534d6748ddc027b0597c3520c8484587c2e17f447dbacc9d2
train_2403.jpg,b5c2b45e711011d5120666d4242aafb546eab25db66e8790512b50bbbf1262f9
train_2404.jpg,910245ea939a90fa3c908f033563940ed1a1be5633b38b18798993a4bc2a27f0
train_2405.jpg,5460d4ae1027aa536f67740ba81c0a28df9681cd10c15ed933160c996a5e9f64
train_2406.jpg,57084f49feb686a42fdef79812f867af859f12ec3edb67f82b5b27dcad79ef0a
train_2407.jpg,b06515e3d8b6946619b04940c1d5ba0b7eadcb1099531c652c1e43c7fcb26aa9
train_2408.jpg,733dc733e212e6dff1be44648b4cd6bb354f427a1d7659c7d4d526fca770693f
train_2409.jpg,55eb74936cbc6d164f09ab5569b07f714f376e80259d3711a32f1bf782f3c2f1
train_2410.jpg,dc13de78e9ca2a913a2e057e358ee58f87f209913a49612e0afb553b1f56598b
train_2411.jpg,3f265a2a3758309a59b618bf6d5d1e378eca7f5532ece2a28acb30ad5ff19f3b
train_2412.jpg,e878675273e8f9ee0b3d920c1643b71037ad7f364dd670ccc6365c4781e47953
train_2413.jpg,a1d2b369080726eade8e8c1b26a38ceee246476340499d18d0049cb41e9ebdce
train_2414.jpg,c9e35260a880702c50f628cce16b3e3e291996ce66cf63a5013fbd57212b00b5
train_2415.jpg,574b039a473872da92d8fe53152a6a098e573e69ab402a7909c71d2842ecfb4a
train_2416.jpg,fb753e061a89d069df5e767ed82c34eebc1a51eed01383a5ba7c14841da8a483
train_2417.jpg,afed2b3f9f5d998148a46fd90d2b8cd45569278fdcb1875a159e76549b76fd7b
train_2418.jpg,4633dd300d97918943644363ef5ee43ad4e5d78862e28279dbec777b52ec91d5
train_2419.jpg,c8224a50d3ad4b537c07d52888bdb0e16b3bf0bcb8070d040e98d934dd545e3c
train_2420.jpg,6c8f6bb076c163a2f2083aa592e0d574fd43db72f4bd0570873d9fe806ce2b59
train_2421.jpg,f640000556ec0386a841b88baff7af2fbad2e827df0baa32a15eea3a12ec08af
train_2422.jpg,007e589fc88e7dd80a9fb4f3248d9b6d97710e7cf4c335b177cceea8000688c7
train_2423.jpg,33e5a81a1474bb5b6876e228cf06762e0c89de11f3dd2f0ff8ecb778d7d6a010
train_2424.jpg,f649591a77ef361fe205b6dc6cc146bed5735012f80dfe235e31b33dd3198b15
train_2425.jpg,155c43cdbd9eeae0b62e624490d178778f7dd653ac910367ed43412c07eedfcd
train_2426.jpg,4477f5e0a9a2b0478dad2c3c1828dad89e5b0f84716ac8f8f058d67121809de6
train_2427.jpg,90c8c05b996f072cc136e20b31d773b0d411c76fcaabebc5c871599001a30898
train_2428.jpg,6b0733eb3992e8d593059af34f4039b181558325ee1cf0397cfd35db3a533c69
train_2429.jpg,2b856687f6285eb420f069a6ff8312bf884492df36ea04002aeb829deb8404ec
train_2430.jpg,9b799dd30ac239399ba1858dfc642cbc70e51f3f1e58dca85cbf6146ad18c96f
train_2431.jpg,b1c2e6a374b9850074ecb6cbd9d23f588c41e68b560985f382e94f554424fb65
train_2432.jpg,37d35cf348cbd789ce6e3e3b20a73250baa65d4bfd9406d729e36319f7cdc26d
train_2433.jpg,293a5ae3b2c11a9499241b9b734439259245cd9b46bcd42fbd95d4f97622065f
train_2434.jpg,4411fb3e63dde3d9142f74da947825d12a18eeb316bab40687eb63a26a35c474
train_2435.jpg,e38b08c36c53b609b89465e29a89fd86ec7812fd6e1f8a1cdcef63de4efdf7ba
train_2436.jpg,7e75ca75b150943b734b0766550910ba151110b253efd6609d12000c5df0dfbf
train_2437.jpg,748f07f272cc051f9abee76e8ae2c581c2f324d9c946746383cd4fa242fc0bbe
train_2438.jpg,83abd8178cf6e25e211eb98987891981d9465ddfd905b681beb917eaf159b7ae
train_2439.jpg,9cedaf246f7f9d83ae98f4a0b9cdd3717631c710e527ec5851b983b40cbf6842
train_2440.jpg,a6965649be96967a7ce4d8e7c068422f4ab3ad62a7bea2ae1ba4cb299a2b8aa5
train_2441.jpg,6076d76b4b85a4d42332e6d7f27ebbcab70e01b4ff0d012650e5e9c8c0bf27c8
train_2442.jpg,7f70aacd5f70b94f93ec5a2958c27210f998e17fc1d48299f056b190cba79c66
train_2443.jpg,e5f563f006e7d5671c24c2d4e341577970fa8478eab62e3c09430ff9d470626f
train_2444.jpg,3a54e6caa34913603bd00915c053ed500a40d3a2e1acff44479deafe6f818029
train_2445.jpg,3172ff4d048a6601239cb88fc059f927650dbe98480764145f525b14a21fb447
train_2446.jpg,a6b774a23b9f0c786378d60cb44f78342fe47087aa15a6128fec4f44de316545
train_2447.jpg,cf9e0c72c5ce3a6b8c83bc9384308b2618a94327e98758cb0614b8eb117dab53
train_2448.jpg,a5f9ff99b7a9207977b55dd181bcf2c4e0ff058303ca5592f2c14155b9f08550
train_2449.jpg,c7167d8fc5a8f0d000675aa37957f759b041562ae293750731caf5f905efd991
train_2450.jpg,351263182b2e1e3d7ba20760e6c702ddec4ee32fa7910358dd0b972d1405dde0
train_2451.jpg,40a77c59023863da936afced568289cae7fe4a2d49d21986eaa105ece6921b10
train_2452.jpg,535fbd6453056923098e1d870d518e3348390343f519c87a371ebbe9b5da4212
train_2453.jpg,81abee2ff5497ee009b2fd564546db4c7830df3253fb8cf9a61d042983a8d122
train_2454.jpg,ae9e899cfaa0c58380a1252b7b4eea31b95859de6401d79f1a822bdd414f2ac0
train_2455.jpg,db13ac5986d91ccb4c3e73d2109bd1f5b04245c58aa0d3428e4f13aa1aba9e53
train_2456.jpg,137c06ada199e37bad375ebca1ed48ec77333ff622ef9ee67a4ffcb6653c6916
train_2457.jpg,58f8f30c1ba9b35b6f4eca79ceec29a50b459a19b5d8364bd9357ff3062a8293
train_2458.jpg,d391ceab6dd8786e0e191ebb643d2edba75e4de58d9e9ebd7146443c6ec2723f
train_2459.jpg,0f0d0d425d64b19961234d4b88ac95a02cb62b4712da188222a8597e3d1e3421
train_2460.jpg,519f40bf26abd5a441aa83a43cd7d19274dcaf3bf304f32fcaad70b628aabfd9
train_2461.jpg,500018325501fd3950d7f1969b34e13039971f43bd7ee0b4f8ad3c69e3b04805
train_2462.jpg,d1c1df3f95e97a7474d83d7e5c3da56b0b153c33c3d550b97a984654624a4dff
train_2463.jpg,802d0e2f2faab7bd6cc504774c340aba7a759523ed25888982219a4093f832d8
train_2464.jpg,db258cd02db0e4a10615b7cc3832fdbaf3963ff1820007b0c68a0217af099627
train_2465.jpg,95c50320416f12888c2dbed500c099aa460bf35f7f45b23c07903b475a5f1795
train_2466.jpg,dbcd05e22eccc78b1c1d14da929201ed16c5e62207fece05e3ccade18f7d2bb2
train_2467.jpg,e3e3fa5fbf850593f1418444335cb8546c7651d42b08170aa5b075ce542428d3
train_2468.jpg,698fac3d35d32938c88da9c1379ebbe3daa6f5d84e5fcc3d6b5c562fe89497b1
train_2469.jpg,8dc5ed41d498da7ccdbbc3bab02014f57ba003631388f4b774de6ce59924a9b9
train_2470.jpg,c676d59a4a4d37d8a7dce83e619ae5154299552f386ef5b4094b5cc3ac86d2ad
train_2471.jpg,2e57298fd42ddaa7f53df7ea5a401a7416c0c02e05be5d424591ad75043e3c55
train_2472.jpg,0364979cba5d93694531b83bf07597f2d6840c36ce173d7a090c173bf62e8125
train_2473.jpg,3cfa732d4dbb03fe53d49329e12bd42ced7186e4ddfbc4d063866bcc5f7865b4
train_2474.jpg,21fe84803e16d201e724404750e806855ea46e94ba590074a8e28a0e1f4c648d
train_2475.jpg,21db77deffa45e47a10672c5326a11b2c583b7cd08b1a4d697655568ec8749a8
train_2476.jpg,8d5645bf9c9b128accd5c43fcc823e263d5897ee5ebae70b7c272b8f89fee376
train_2477.jpg,2a05ddfb7be3261bd6df3e2ad808860f3f8eb82a78a7b507e701da4df936e41f
train_2478.jpg,f7db5afcb2d0b7d2c1e67441470e0d8d4e135014ac7ab35f811480caad03ff64
train_2479.jpg,532cb0178d9c97a59ebee21824527fb8242591ab245c7f2307830a9b6c2103a7
train_2480.jpg,b812f74e97eddc854578a7d9a1ebb0fbef1a6272738fde590bd03bee88735e37
train_2481.jpg,97cda8f6de5a078d288021473ccf47666ea9118c42b722fe04c692dc2b691415
train_2482.jpg,8b9f5cd9fd57c2d8f6e09bed50e9b7b1d8e66d941e3a955f40e5cb4487e11a2a
train_2483.jpg,c2201e7b62f853e6ef7dda494e8be0e9b47f30a8aab596390c75ee2ac24995a9
train_2484.jpg,48e4dd30157d28c05a790e3ae3dd354d070d636c8071bf8e8d920daa6d578efe
train_2485.jpg,ba1c4b03971860da115e04f9488876550b59074da0b776dfbc1aba45d3b2f955
train_2486.jpg,c1b7dfed050df17e1581a55db578b467dcc76973229fb2bca3f922e8a2f4a4ba
train_2487.jpg,d8dcae32fd40fc8223bc8199988d8054a479c384af95e8f3bbbc0e16eb6b233d
train_2488.jpg,a6b1305c4b5e0c56dbab680baec65de0fc89299229eefef7178d0457c1b4e92a
train_2489.jpg,af3b25a7f8f1a0a1dea055116ed17cb9ce1f5274379025118ca6107f3a4f6af0
train_2490.jpg,07cdd150b7b14223a739cca76ac6a8ec630214b3eba322d6c00dce28171ac062
train_2491.jpg,9a28d5a127d79d94e225bcfb82b776bd1bc8c43aee5e24fef4981f77e2902506
train_2492.jpg,eddfc309a167210f68fc8f15f24150c96393254763f7da360d9dd5437ad4a0d5
train_2493.jpg,0b432accd5473d3b5c423a58a4cf4d015a8306f0b2e72aa8b6ca8801d0048e22
train_2494.jpg,d3feeaad9dab1a228b97226946504c5731117a40457eb4195d4c3b01b65cb168
train_2495.jpg,5bb5e0e4d6eacbfc34cf4cdd36c7d8f553f394d3de00ebbf5662c31d2048abe3
train_2496.jpg,3f095a5d26ecfc59c0a353953372acb396de2e1c3cc3179f22323305a1b0566e
train_2497.jpg,279292e34ac3226b0ce237af0182a4f0eef26233e5d0d0b90e9442f2de2a1c46
train_2498.jpg,bbb7055067e6366ae2c30236665ea4729eb9fbbeb2092a502e411f25890e4306
train_2499.jpg,f6134a88ba704507aa3d18a5b9d77d23eabad03542128810d788bed7f0b22397
train_2500.jpg,981d218a4af4083e2b401b86735c2257816b049c3d9530c4aa36350b6213df28
train_2501.jpg,ee2f0a3984c9a0aaa3699070db4b563f4efec411e86640f68ae9a5b2bc30bb95
train_2502.jpg,3bb042d4d529020630448698a71213b0c7db71beaac8d5ea7605101a882e2725
train_2503.jpg,cf2305cc28ea3ca0d2c298b9f49d738583546f68f20affeb6880f033a498a4f2
train_2504.jpg,e5998d9a8decae186467f23376bc237c8022ee545b22451150ce24b3865eea56
train_2505.jpg,b577823d2eff9a95927203bb2dab0e9db5f52673b9ffe63ba6893b9944b40d17
train_2506.jpg,db611832d6cbc375d436640bd1c3edc0e541f971adc701c0da524f9fe4949f5e
train_2507.jpg,ea7cb502404d9e135f52141533c1467a7cb09eb6b73b36032cc1bd7dbc2597a6
train_2508.jpg,d7b73374f798061238dca7c823f1914342a2c50a10bf02e65c049a4908788251
train_2509.jpg,b6458d0aa71a6ed6962a5c7fb0cc6457fade883aa04026442b0b5d388bd379a3
train_2510.jpg,96952e880451fc8fbcd3e1d1d122b2b84ff4abf812c90b068698c3d2ed02ffa6
train_2511.jpg,fd2eb5ad5e7c1e35a0408f73f037caafc04294414004a4a7adf7a1d8efdaa8eb
train_2512.jpg,9c8563306772b87c1b7cf7485f2b0ba0c6a9891b426c384d9e5466aad836b8c8
train_2513.jpg,fab36f2dbf3df9e4a023e60cd5cb1676982618ed5e277d86db05ace4e1a982c6
train_2514.jpg,c5d9a331b21f0935d5af8e78ed724bd4fc714e70db2633e75a8e88f6ad5a75f1
train_2515.jpg,3fcf0b940e78fc453ad12c4343904885715d928ec672a42d078a0e097b88ae6a
train_2516.jpg,23d67fc69a5882ab6b9f60c677dda20e4464e966bd846ef48898a7c05ac7b872
train_2517.jpg,651f01f1d2ef11b68f71ac25037a587c8fa9045a44c5c232d7702c894f939ce8
train_2518.jpg,9ad9c43e3d2f47618167ebb647f9cc3dab15f5189583699820c0262dc780f4f5
train_2519.jpg,2f45f729d72e7c6200b0fd92028941f3189c782e83bf3838797e8b5cf94509f5
train_2520.jpg,cb7630a925e02ede9ed7768a3c61f4fe6d037c8ede938da21e6cf1f9a1496c72
train_2521.jpg,b8ebd5a617c09533bcc21556af2402e248bced53a727eedfc41427ccc299f49e
train_2522.jpg,f37800dcfa2365bcf37f3f0b7ac13db9b922d558360c5b33dfd306a65925567e
train_2523.jpg,18f0fcd6bf16d9293651c823147a56c48c6eb30ad0d5943ca0ce1c23a64a9085
train_2524.jpg,77276324892430bf90ae1f74be565eb838aefcf77d9fcad8a43105fb15bc9b4a
train_2525.jpg,5e33fba077fb174d48add14bee09d4b6c2398c1deef6ae309218a70aed62015c
train_2526.jpg,4f08f9bfc2de9ba26de39624f5a9dc5b87045bc3a0f6b90fb0f273b37a1965c7
train_2527.jpg,9d8da3544d55ffd5a0ef093e25e4c3f460eaeda2c93bf000bbaeaaa1b80bb1c8
train_2528.jpg,d814d0aba3f9f02a5acc0eb2497e845b30383984d0c8dd3ecb966315a28ee5e1
train_2529.jpg,2c9a4dee8ccd609d86731429c441d40fc27aeb8690de68555cbc254ffe29a19f
train_2530.jpg,2c7189f254bbe5da8643f7aefe58093ee91a1265652321bb3ac202ffa543fd2d
train_2531.jpg,aef1a2cfcea769d6e9d93347b2e9f3b2c4e31a27938514ca23a19cd6147bd979
train_2532.jpg,90b634bbf0d537ab57aec0b240b7b8d55a331fde5864ee121c265479653afafb
train_2533.jpg,bd471dea48e505d6976773b137db655c21b9fc90f70144e2b3f8bd837320e3d3
train_2534.jpg,5a50d0917f6bc1d567272d85d8862e9bb4e6f9cff1f7bdd3ef4859511af781d1
train_2535.jpg,3ec8e85b9eeddfcbf659b7ec87b04e79237f8b9c86792dc05e6b67e5af7cb9a4
train_2536.jpg,47da4d3c4053542cdde62fb5ea2a007cbd3a1e15c993b20ae5dbab45a5393121
train_2537.jpg,6814cd69d47bf408652bee8dafa1f94f783f7dcea7e92f696b35be891a80cf03
train_2538.jpg,602d99a88498d16f6dd1c4880c4dd5155e89d7ccc143a0412169a4dac83e1069
train_2539.jpg,178aa07b2b02e12f8abc305d7774933926e5080e72c2d6882c138c90472d42b2
train_2540.jpg,b0e7dd017f8e94df2d5047f0c11aeca71922f5c1bd5a19b85a0dc509e38035e0
train_2541.jpg,afb53d04db7a9cfbc56c6af8ef228f79fff09c8e5a4d89b70b2a84ca1b7ed302
train_2542.jpg,ae194048bd9afdef838d3e3e5ed8270d6ceb03e120a61f830022f53db60aec25
train_2543.jpg,667d7cc4a8f45aa6dd98336fb6bac06bf822af3c17479979a6bfaf9e68eb5ced
train_2544.jpg,aac0c54f800db236b007fc6788ddf80f3ade8bb24f9b0bd95ccd3fed33eaa8c1
train_2545.jpg,11cb7070498e2c100fc1556e4725dab7192ba12a8c9b27d85d86f3c25a118cc8
train_2546.jpg,24f2b19d0f8f64f555072476b148383154afe5177c6325c024c9e5c1275d1942
train_2547.jpg,dfe74647cc5d70f17f1f0fae39ef6d1b2a46802762299f3acc8860f5b7691559
train_2548.jpg,4b8a13246c30433fc5186ba6df2d402266aa1353d30046eecc4e7dcb69494f9b
train_2549.jpg,b473412c9d7b725e5e22918a087a3649e5b1d5f42bb8eb0803fb3821af9353c0
train_2550.jpg,10fc86091346f4518e4f32a6e9539795d9e7dbbd52e27d8479e4afc230c87943
train_2551.jpg,deefefc6f5cb19c974c53ded448f7790e144f045b5f8ecde2f80e8777f28fdc8
train_2552.jpg,b88df18245c41bb535a415fde0af400da03a6ba3fa182603c35a960310232dd1
train_2553.jpg,7209ad6a608876ef2989a8673e646f52d3dc49d7c3dea6075cf0b88ec1e62145
train_2554.jpg,d2de72d23d9aea19e1699020b8996c110b6dbc77208e7f4be4cd09c8a69a9b86
train_2555.jpg,60165242316f3c58dcaf1dc8446004255201bfaa43fa7ef677b3f635f71c1165
train_2556.jpg,2e3f74e2a7229591e7671f200defe1d1a0ad887bf4dd6df1ce90bd25bf930f4f
train_2557.jpg,7999d5bca6cc13b7d75e7522d2f080ac56e23382b3a228a4e2e8c03fcbbbfb4d
train_2558.jpg,f12258f26d433cb4512b74df673248413ef31e91ac8e86f0fcb095c3ea9bce52
train_2559.jpg,82e9f6a901c224610d79de0e094c7eae47add4ec4c4761cadef8f4f43e55b3e2
train_2560.jpg,ab6d7594873ac66dbfe27125d7df6e33c389003866abae7c3a9722df8f0e0ed0
train_2561.jpg,a33c4ca4574ee4dacb3e633cb8fc9bb64f893f872f8b70c31f5a01b26a6ec9d9
train_2562.jpg,4c098c1addce4da96d04d33d094f34429eb51da02af5eac378c3dfb23c9fba76
train_2563.jpg,890b5e198a97c5d74d888245d2a5c1278a416fcaef39dd5c9c870ac73095f565
train_2564.jpg,4c6b35196b89b259318f92bfe5bdc6349a711c6ae22f16305076cb50fa41b930
train_2565.jpg,269aee60c7e0cca1d8a334bc4d19308c78a0837268256da2826f2202687aacea
train_2566.jpg,a90be17e56dba01584cea7328485127105aa4e4806cb2a867e4d8345d6201a7b
train_2567.jpg,3d2ecbf55de036af3cd3a9011b4f0c584aea621d65c068c32552852f4b9aba7c
train_2568.jpg,dd042f5cdfb2b3e8a9e8d1a39f09a9976831c3b4313250a97b885ce4860ee0bc
train_2569.jpg,c1bbd6a98df0941800e1b5ec3ee178763adc99b5434515201729055bd72181e6
train_2570.jpg,9bad65f7d7dd3be026dda2bc37388fef84d9a24f40134c54df9d9c0c68f500a6
train_2571.jpg,b2aa8df21e9d7416493bc0e7cac85b300e2ea885fe5f2d0f08b983301b781743
train_2572.jpg,ee4273ad83e243a971c6ff4a454c3b162552575b6023f82cfe497c1f86e92402
train_2573.jpg,fa52421b3402d496ad9b5fc8c90bb0d9e432c14abd31d971da6a9fe7344f61ee
train_2574.jpg,62abb6cdede33cdcf240bcb603fc7686288074b581b2e80dc85531379ba06ec6
train_2575.jpg,35568de23ae0537c55b75c6fbe4acaf78ad00a3f8fd0c08f33b4168710837866
train_2576.jpg,b5b86d6f1096fccb899c3f6081c8005cbecf97fd93de6ca179b727f126186d2c
train_2577.jpg,de6a756fd11dbcc77853f7107781d8715b39b79d1feb51c092a26c6a92aef00f
train_2578.jpg,cf9aba431025a68ab226e38d3cac00597741ac16de463ac91234e5f221ff5af6
train_2579.jpg,c05323a92d9bb9a55dbc2d36b468f0af4e33e5ffcdf7671cc6f07744ecaa0e7c
train_2580.jpg,b13fbf239099857efa0d535a191d497b77d443d3bdfcb77c5d9a49826b46686d
train_2581.jpg,77069f8a94e049f31cf813ee2a4a1d347f0b6223134342bed0d0e9c040041296
train_2582.jpg,623918a7578bc410a1e3360bba3113e61aaf1e61abf9d1f63d10a6246f826eb3
train_2583.jpg,cf16e20488bbb176d4af282b515ac420005d29418a0e12910377ea1d5b3f3232
train_2584.jpg,ee74114b56d660d5c3bb9570ef5c807f835f039d725e8ecc7b9b53161a6bc12a
train_2585.jpg,9122dc869975f2e8e84ba3f00979fdaf561172b9d0353bf729151be62e219b5d
train_2586.jpg,29b8b4e9d4de4cd962a864d3c4e7d75bd5a6dde1151a37b1a71d053470cb9524
train_2587.jpg,2a2e642e9804712ed8873247ce1fcc817efda6a4cef5f8121399f784dcd616c5
train_2588.jpg,2f782b0cf17e4026842fef631df74d7bd1bbb97bf7101d87f886fe46e0b55f96
train_2589.jpg,8ceeabd08f94a5fb8662dba31b9cccdc1664d945cd25ba2136a880e3e79fbdb3
train_2590.jpg,bbdb04b80c3834cf8ead50341db332dbeea85262d39be5b9869faed30f85fa9a
train_2591.jpg,fb6f245a61d780081bd430136a8c1e5b5056201dd1ccead0d5662cca1836b213
train_2592.jpg,cb52769b43a4eb54e4aeccafdfcad1972d486cb8dd36dbc1ccd7707919ae8b08
train_2593.jpg,cd4589bc00eff58b428650e3f606d5798187da89966ade30d5df108481ded3d4
train_2594.jpg,5b17d3a1f3f8934b6e26be00c8169c758895db6333f9a78eecb3ba5c29eb0ad0
train_2595.jpg,cf6543853d01038086cdf2a2d2c20149f72eec0698cdbe8ef8ec99141e341333
train_2596.jpg,93c7903f1565a164d9108fde8755e50445df1e0a8bb7ab84add3941385df0ac0
train_2597.jpg,a71a5b5a37ea41a7fd144a6af53d5350aeae4e709ec9116e273503f4e3028461
train_2598.jpg,fe672c876297dccd80e734901042296c0a938f87f21fd271bc0abfae971dccaa
train_2599.jpg,1fac26eb31079cab7af380060cb89d8b19ad0ecd1421ec950ed87d1e91595e38
train_2600.jpg,d9919548e827bc548d293fe3009c5efffbea993d7a19d62d5c770aca483edf5e
train_2601.jpg,7fb77f595fc291652cf716bd9ee376f5b51f4c59e899cf5ea348be9c8c2ca269
train_2602.jpg,dae0e49013a185920ca1bf9127312c835cffccffc26f9de3d8e65910f0a5eee0
train_2603.jpg,ca2bf6e74644c8d65fd3ed6be299a92bfa2c44c6a6a4ddbad5853764c456da6b
train_2604.jpg,9ec191f1699346ea36477630f5574da308d74e520e7c673228593220e2f867d3
train_2605.jpg,7ecc479da451a7bcd474f1620957ea8b6a43c8d0eccf35b678d184ee41298fe8
train_2606.jpg,c97892b0d8e8aae3774108d87deb4a63ef6465d0addf09d4598b72b1b0f3afcc
train_2607.jpg,8a316ac99409c5f17bce9cd077187a847157e7b00fe4678af13f42a12a80c976
train_2608.jpg,763e156dc43a8cb95bd42e7e70f32a227c1226b3284340eadfaf8fc1d989788e
train_2609.jpg,8f907bfad5c2bc782e649b10fd8098827ba234f2fc62946d1872ba890b457295
train_2610.jpg,3776cbbbc59885749aef2de1044ddad5c879bd6aa85bc28768f085f2b6b8009c
train_2611.jpg,dd49002fafbc84de4dd2395406bf4f8cc5602041732681a7e8eb002dfb644e89
train_2612.jpg,342ae7df11fa2ad8bedb1199bd5e0952d334f099190e542e82abf091c1329069
train_2613.jpg,a7a121d855cad298c538bbe335a4866755142137e64680e1dd58071838a17e7c
train_2614.jpg,88aa3af5da47a409979d63aea9b02fb8f99bd1bcc7c5f4adc408bad717326ac5
train_2615.jpg,00d3bf02066a759ef319f0217dd12ed7d52940d0ea2ef61e9633aff286c6da55
train_2616.jpg,f00d41bd5dbc60b447ad922c23c4110c4c15fe4845fde1e263f823f7c5925682
train_2617.jpg,7229ff026b0af79db3dd266ddce0270fc62a9f30c8cc27be8bbbff6020023203
train_2618.jpg,ebbfc93862cf008be8718b981027d234e4ed3346be8ff9c68cfde8411a0dce47
train_2619.jpg,2db81bfa57c6579bcb90d3f853fc02af953a67333c853a0fe0fa542ef0374649
train_2620.jpg,a14d906758cd3217430771c4570eb913b957bd4055ec49f995962ed15aebac1b
train_2621.jpg,e35ad55a12873a3f15ad9938fa90b04ef8682d471240caeba5d8485ff969c955
train_2622.jpg,6b0c70695a06ec184a7072b7da1757d329599bd56b0609a5fa247da11c719f2a
train_2623.jpg,58a7061f6a874a3c6313fc08bf72df20a2d16beb0aa31a61d89174d698e6c5b7
train_2624.jpg,e200712b987c15709967316da8de9d61a9c965843093eff11ef75749d693e262
train_2625.jpg,7b29f1336d92eb6a1697f1463b2630ef321c41e32af061a1c365ed0503c865a0
train_2626.jpg,30c5bd3c52d77bf4d7a1087d4ffbad4922d7b2db9b52820890d4728dd89a977e
train_2627.jpg,8c761a305b29b082ca98e0a7d731e17998b4c088979c6fa8d95638ca56bd898b
train_2628.jpg,cdac7c34d907b3762fd9a9c6d98613b5f08f22f0b9c9cf9bdfc66e36e6278836
train_2629.jpg,4891b5e6b3404ad07fe2c26f0f68997b6d42c27888267bbdebb440e626e88a70
train_2630.jpg,1de7580207df59cc64439f515572b0258031b666e44ee5ec4de8aec7ff580989
train_2631.jpg,9c153e417ae29f0bee5821f7de230815ae03104c1a4ac758b05d197fdce1fdef
train_2632.jpg,74145ca3510d957c67bf313eb9b74932de44afb0cf4a0b4dce9c5cd678d049d4
train_2633.jpg,4f06b7bdc722ccfd90b450faae00c4d7311513fc6768cb3a0b5f4e2d5826caaa
train_2634.jpg,e83e7980bfd141999fae94397fa5bcd811526f9958d82a2096296e555509a4ae
train_2635.jpg,b514dc7645d5a99a0cd8a87ed77590964170a9efdee406e04b283fa72d16aaf0
train_2636.jpg,3ecb6020692d2aa5a1fda5068efa2332f0a7a36a012abf406e9c2312fff1b66f
train_2637.jpg,9b826324a8556b46c967901dbb0c0953ee4793035a883d09f88854f72f61e141
train_2638.jpg,3bae45a06a97102385f3f941312546958991b199edd3ea854c7bd0c177f02799
train_2639.jpg,8f2e93d51aa99f55cb084c3e61d8d228a28769e293942cc5cf4afc2340d6cdd9
train_2640.jpg,e80f9f8005dd665a551ef6a0b4795a312de5b71ab2a9e4555e951a85b538d79a
train_2641.jpg,db42be952ff7be710bb9799c9403ea8aa972b4893199860557ff240fce79ed4c
train_2642.jpg,c2e4bfc5d68f22e335320ebcfcd9458f98b35267128ff95ded1be93f80979a8e
train_2643.jpg,7e6e7c7305e75dbce01a9bf03977e7e079c0b87b0d8a4738c2731d05a09bdbcc
train_2644.jpg,41898e3e60fada02441abce2a60c6e9a35d3e07a3176aeb438d73c56764f3df3
train_2645.jpg,b21c2e3d9348cf31643014ccbe13231a97a147d6574889a81b1cc2152ec5e467
train_2646.jpg,e87e4b3235e5946881fc61d7c1472067de4e70aaa592346a066e19f37c39b972
train_2647.jpg,c05872f9a1d1890a6993125e970ed6d9c85e239cb77f7eb0fa6d66c36baa4bda
train_2648.jpg,2327c1dc40e060128e248c9876a86d1c8bce9d1c464963b4bc556ec06d00fc32
train_2649.jpg,39783dba9ca4a225b67e4e0d1ee14c5128d9b1d4812d97ded9accaaf31e16b4a
train_2650.jpg,ee92a34b0a8059b1c9a628b726a688d366e7486683aa0a0861d471c1f5268c35
train_2651.jpg,3708a8506554e4db5bc33aca84c82ebb53357fbba9fd3955387b871b38206147
train_2652.jpg,1bdd97a9a1fa5160214cd90a63004bd03764f08a067fefcabc764ea84b180e3d
train_2653.jpg,d7dab54c1507c9ef199512be49958b6931c768356bb619c5db032d8f0a52915b
train_2654.jpg,4f1da6eed644e1b8706086e5bc7a72cbfbda59ec7fcd59db31c895a0ae81a5fd
train_2655.jpg,93222619b7a48c49f9d82f3e80c7a53e6eb25b25071e7b3c6ab95af671822ec1
train_2656.jpg,aef6e147768e1c62bc2c5f731e1ab430b79289e352eb4456c41a16bde18b9d3d
train_2657.jpg,0fa70b90f942001b752b93914625cd6f52ce7b06b6f6969fe5d2862c52212178
train_2658.jpg,4f992deb2cec2ee2caf16a39c9af34857a734d43a213b0418dce5787e088eb81
train_2659.jpg,a976a915a15e15d82422a28c8a890958455325b7d5ed3882346c8f942395cb2e
train_2660.jpg,b79572f821f493e3b4eb1811780b5b87b1ae9174856790ec6f90ef6f885c167a
train_2661.jpg,adec46f995d3e45476bca1b60c22b51fc429bed094184834139919b5a6f6046c
train_2662.jpg,0d96e5dfc37e51e47a30e75abfea5673437e8307f2676ade3e2dd00d74b5e976
train_2663.jpg,4e054ce21edbd93f645db40a5ec4c275012ed0ce5a13699d97fa784ce2358ad5
train_2664.jpg,2091652b65784c15184564ed566fc8360395710e1009308cf2e9de151e83ee63
train_2665.jpg,e8948dee3cdf50c240bfecaccec12777e9ee58e743d27b6b053cd811a68e6a89
train_2666.jpg,2c7988bdd3edfca804b10de5872b9ddb1ccf4d097e5bacf7002e5dd17b276976
train_2667.jpg,92dc6c0e8bdf4472f15198857da895243b8c7d2542adb316efc336fbcae565bf
train_2668.jpg,4ecd1fc446cb2fe87e7131e9844c857d6dc92117bdb4650c99be0de47abf4d87
train_2669.jpg,826941d76c28c0588baedc0a0667bc3bb0f07702370d02cbfd9c7f9234715bcc
train_2670.jpg,6003fd711a3972e2104b9ceb619902f7f2f30fb7e3f2148aa08b3a99c8710181
train_2671.jpg,16ee1899a5b5ac5cfcb5905cc94f4951cc3d642aa1ee000194cbd7929ed1a631
train_2672.jpg,0faaf1f895b099627c74093c880d900a2b1019ef64319727e66384b50cc206bf
train_2673.jpg,435614a688aaad7abbdae2cb2151d0c832f59cd739ee11d1d230414d0da5bf86
train_2674.jpg,6cb5b4bd7e77b7f7058abc1335cdf10dcf33a78e44780608965352cd1ced2241
train_2675.jpg,cee8ee5b2a968e1590fc583e4457b8b99f904ad1ae0694ddbabeeb955f45afc0
train_2676.jpg,a02dd7d2e728155a1040ce9ee06d340b8c0c3514c3d528bbbcb4c415f5347749
train_2677.jpg,315adbdf7e9588a6bb4eedaebc50a1fdd5e0fe3bc6a7ddff78a5f0bf4e0c237e
train_2678.jpg,c79a846690ca481ce848efb13a44e29c0cb29071acd6cdd72acae7921978be98
train_2679.jpg,d07bdd968b158b54d5d09e53e5c4c03ae33cf9df3a294c265d9fdfbe5f4e8d16
train_2680.jpg,b32d05c2358797cbce731a6a6b3df6e0e1686d23d57854a58af2a8c87c33a8b6
train_2681.jpg,df26065f16e69262c263fef962a504d7fd2ff5e56a33853a01ec4e6fae94cd33
train_2682.jpg,b45e51ea96bcac562a7df4e9b457ded8d950e27435dc8258eddd03adb5ec3560
train_2683.jpg,41aa5f805c9e936aecdeb3e3ea34918d7dca7f5863a5b8c072bd407d98c3f4ba
train_2684.jpg,66e2c6cd16e391716b5f6578c9abe45db89081c7e90787058cf917fe25326cd3
train_2685.jpg,b8de848c2a2789e0e8160acc4cd2e49cf3441d4b06af9629b72f059b4c3f9267
train_2686.jpg,0a3f80619352955e9c68e2168ce590e0650ab0ac5ade4b300eaf03dfa7ed6f38
train_2687.jpg,c393385a8de1cf1e167be5aad84f247d8aa82f3da448883043fe9b9e68590245
train_2688.jpg,a8afcbe256aad48bc8c4d70cfd8f293e82edf6ff37eb2fc3560f6a30f2d9ba9e
train_2689.jpg,070ab521ae44ef58cc4c34b3007d2105d6b65ea81462cc30c9f764f7de79a4c0
train_2690.jpg,b7ff4c0f7bc48c0258d55c860424595f5d0064847223b74fa75768295cb61184
train_2691.jpg,523b7b7c54a547c59f7400ca30346e2e8a7e91171a3b033e5c34ae753b1e949a
train_2692.jpg,caac3af17c5e48b5a1443e3d74bcd1b531e1dfb2389f4e07dfd445bc15edf428
train_2693.jpg,1086f4a08c5064e5f374c4303cc60bd26a5e6ed62d848277512ed1873b5ea581
train_2694.jpg,8565d6a920527aad0a7b9f7aefbf909c5bec37f39e8d2bf821113ce34021ad4e
train_2695.jpg,d9484f0778283fb9c8a1ce7b659b3526ae9789309eb086492435beca3ba02fea
train_2696.jpg,9aededb08bbc520ed42ac8f9fee3c3c4667ada5fa326d771ace2de94142f651d
train_2697.jpg,20bbf663c818bba7f3a6311615ca24f97d53bd399f160b6333ce4cd508e0d76e
train_2698.jpg,c1ed871a476ed69d6f65f104875b338a42891df0d1bfa4faccca32506602c098
train_2699.jpg,75c7ae062e15d90c57b0f14d5c906ddb2b1e3474a909c83f6c90c9409ea9163b
train_2700.jpg,5964f6fb5b290a69ae16f54c0d01b20720ab8df59b4ef64fa3c26147282f5dec
train_2701.jpg,4cde593dabd2c602bf6f2da76aeb9755f709deb02307552f174fc035d8a010bc
train_2702.jpg,4da48606a35bbb54e782eb9656e8fbe9b9c2828f21c903ca83915b9e6c32afcc
train_2703.jpg,fe8d06bc9e20b4dd7969e288a6f9ce1cb2e07b929923d0631612dfd885970c80
train_2704.jpg,20eb7d1eac582433106ca8ffbc43619d889ffe169531a76c0f22bb2e63b5fdf7
train_2705.jpg,3db3b5bdb51ca867b3becb5e19fa51c31a468adaf1793d19c6fd205ab7f6bee2
train_2706.jpg,336b2f16d3a69be39b940d16291656189baa59cbf25a9e4c4ff165ff94607ca6
train_2707.jpg,d67abc761081d051f5751da788dd4cba98e8a9c7fd1eadf6a40b311d0cc08f8c
train_2708.jpg,d3cafdb4eb9dba8e80176bbb03d0fbff109ca1d96818b7271e689eacc424f389
train_2709.jpg,eb9ab7285c7bf7ff554dcb2fe9fc3f67407e8d19c19cb06de082c47bcd6a84f0
train_2710.jpg,5042bb88e49ab6bc4c99efe5fd7b9eed6959421b911bdb4c635d313f1fc72be6
train_2711.jpg,a33c5c730906a7f056d2309fd759612d814c48bd7b2582b4ba692427668c57a6
train_2712.jpg,c45ec2e38159da2dbb54eb0ec174653a3e25af36981cb01c35a4b8ba0be260c8
train_2713.jpg,41d3d67e1a1ce6f24c2b1cc2f916df2dec22211b4e685f6eb87048d078874632
train_2714.jpg,fb4fa272da8e8a07b6b1b8eb2d493be70d5257c3ca674aaf54afa59b1dbef536
train_2715.jpg,34da3bfe453c5d2370fe0fcf3ff2a6db7e30d6562f73a423b42d2daa4aaece5c
train_2716.jpg,9fd2f46919e819cbdbc5a17b8ae91af4446ff59fd6c58dd35e48aaf01c07b04b
train_2717.jpg,930046d61147335c62a1dec502d7c74e0056d8b0c530b5ee348a2285bcaa919f
train_2718.jpg,b2c07ba33b51bc1e7d4810ebc8d62489c1f7a0e87c21664d9e70a9da1ea8a0e8
train_2719.jpg,c9806fd6972ca7e076212a164709d9a29737750c78e7c73c49aa46f930b5087a
train_2720.jpg,d1398eb3aa3ef0cce2617d42f5e16a076896aa0d0e41a1a4e6225230873020d8
train_2721.jpg,aa06e82e9dfdfe29cde7833659eec11517657b1c1936491290a32f0057d90bed
train_2722.jpg,265bafc753bdad701f2abd0de075b4aa21d33d66f81ad111a58806e620f69e0d
train_2723.jpg,ccead6096e107e86741d55d08036ba07eb8e08f882f482270599c3b614187b96
train_2724.jpg,d5094d2e8c0122ba5e994f8b0eb040d9b5fad5f52964d2833436d5fbc57ce77a
train_2725.jpg,93d5a0e251d1fa03b8664991f5e358607a7a1db1b7d3d49b10e9a109734f442c
train_2726.jpg,ee6c28deddfc87c442dd5acbdd6528ff3b00a82f7ca38571d7f279b785c4dbe0
train_2727.jpg,c9c332e0165b742275d5a6b0a23dacd4df81e074397b6e799f4f69dbefbaa9ef
train_2728.jpg,6b9f5b4823f16aaa5e9e70b75036f8f8b183923416a4f09e0226bbbbfcbcdc92
train_2729.jpg,8c7975bdaa870b5a6ce69b1e9e09ce173ec11116526b30d1554e491316668415
train_2730.jpg,5bb23c58956ef4c512263532b98013f7fa005fcd4c59f35e12f9998326683b22
train_2731.jpg,6ef1648b29db77ecdd207c16ac0e497e9476219dd2d24a393ef8a4d1f298de35
train_2732.jpg,33dd7c889c72d51ac9ba52ed0ae961bb207e39267dae75ed5c81184cf7173808
train_2733.jpg,2924381a91ea38ac88e4250866bebdf542897c725d328b5c8dd8c75b92bdf6f4
train_2734.jpg,c5d10eb6423989e1f690a6223657e61a8e29607422937d4f47bdec620fbdaa91
train_2735.jpg,7abe906a4e2003f6457b3b3b62ff72b5402e56b201aa32854b4a954e5b21ce4f
train_2736.jpg,02f12d0c8479cc60401b35764e23be7fc9f37a20357760b3e1d8385aa669f23d
train_2737.jpg,c0f4b884695d71d4590729ff2c08498841d1f1e925932382e6e71bd63d666c30
train_2738.jpg,f08e77b9b570ea2242d15dec7be5734327de57b8a2208588c3811111b615a87a
train_2739.jpg,631183107baa545fa131a52657a0d12fc71def8b3a1beb5d586ff71c2e4f25d5
train_2740.jpg,1132943da8aaab82cf819eb79dc55327f54de1079f09d0e45e562be0227699c6
train_2741.jpg,aa737aa2422d01f3ac1c13b170a62a80e95d8eb2c57f831889079559c544b17e
train_2742.jpg,bfd39c233e273f24906d3fc691b13d7ad29ad5c6f94bedbf05bbcc10d5229c2e
train_2743.jpg,1026528ad676f14d5936a4f605e5e4a46fb6b9df7da24c267e68b4c07b616b07
train_2744.jpg,6cf6491c6f8e53fd27abeb7b36c26082d98d3ebbbd884b60693bb8b149521f72
train_2745.jpg,703fdb6d5fabb3a432473e58c63e55f9cf530d725533b919c6dff0f239c3047f
train_2746.jpg,10c30b4fc1f6fb681d7081dfde1ff5a39dc4fd0b76b00228a2370b0ff188ec2f
train_2747.jpg,3c0088befcce8696f42c75ecdd40040ff27c717b415229df9302bc78c0361def
train_2748.jpg,117c5971da7e2aee54c889cac6dcf6fc1655012cfb67241b7abf0906f588d0d2
train_2749.jpg,610aa756a180b6ff866de7a9f3dfc5030c230a8d9afd2231a6aec97edab7f42e
train_2750.jpg,b54ff748d4d673eff9ffa613f59781be87da198fe6222743f475aedbff571cc0
train_2751.jpg,ef8465744052b6b4db16b7489d06ddac27b7526afe23ef52178c5a96f174ecf8
train_2752.jpg,0181534a486ed7ad3f666c4d4919928169d6edc80b94687b18ae9144b8dd4999
train_2753.jpg,711521ee8abab47370a81c6bfa51244390c859ebc729f464269646dd3dc3ed79
train_2754.jpg,eafdeaea47e48346229cfdf0b3adb0b220d6a1034ed61241fbfd63c6bceb6165
train_2755.jpg,138546d02209c4036376bac41f213f7eaa28eb649e7f9eea6110498d6b5f2523
train_2756.jpg,5796ad54685173b4933d436d2a45966018e2f6c36f85efdde321773f3473a440
train_2757.jpg,919f0a08f6b4811730631343c4f304b7cf6a2acaca97fa234ca420d53ff2b67c
train_2758.jpg,9664604d718c4b18bc9e990d10be75cb9ac01b0b2b23e93024f84b72f33d9ffb
train_2759.jpg,d2155eef73573d52472b2a2436bf1b9c332c5cea227f07b2574aa6f151ad99f5
train_2760.jpg,574398c9b8cccfa4ad474b9dfc4b5775b8f9e7e70ae3dc5ad4fb8b3d9a378c60
train_2761.jpg,3daf11a50296760c20e9c7adb9adb8c9bead61c1cf2061c41f9841a8d4dd0ebe
train_2762.jpg,39846a9c1010b38a6c29ebf584126b44e6c2fdfbb9ecdfce7767595ec2d8c2d3
train_2763.jpg,ffa419bb55c2ac605ac5f550d9ec5656ba08124d0331f56515d92d26d4aaf568
train_2764.jpg,8039950dc21a7704f008f3d29e12dc1c16278f0c1e408658b8cefe8fb3f84f69
train_2765.jpg,ffcf4c9b778c8106269f3d29646042d64ac4b3564cd918239c54cf2f43b99c13
train_2766.jpg,c7dc9eb653124df325b9f4910e739398c2dec5624b00ca4fa2d7afc085764ba3
train_2767.jpg,bb69ff013ed170fa26817d5b9ab960c5fe1df829a5116068daff6a99766beca2
train_2768.jpg,d90f7963a92c55311fe24b98ee9fa1dfeeee9138553c574cbadb3f951ff4a859
train_2769.jpg,679d01f772051815c97e4546a875eb0464965f9ee8eb3b8c584df644bc033a35
train_2770.jpg,fea2279a94c0722f4153fd699f25ef74241d726810234c41b314207d59b54f0c
train_2771.jpg,6e6fdd4f853931435460059f7cd4c60da7a061c017c2dc6fd3212a903a0501f8
train_2772.jpg,137d5e05cc4989f7fe275321487e29f8f1a56bd81b74d46e8ebf95788a9be4cf
train_2773.jpg,d7b5ad7af341969ea13d20bc65372db83a572abb11733fa23b322518849df527
train_2774.jpg,e8eb6cf6b6725caa78d0d9eae0af9f86e1b6cfb5a9efe0e04c8bddf12ac75421
train_2775.jpg,062c1f576ca9f0da61856cdef4d9c2cebcc62366a4bcda7eeddb180df647e9d0
train_2776.jpg,0231754208843ef8ff1d828e10dd19000a81805754e82f230425ea44af802439
train_2777.jpg,e66f19bca1ec0670f1a82fd6903a90ccb28dfc8933c0ae3dc74fe23a00b015d7
train_2778.jpg,5ccebe216a9560acdb36cfca1c75c9ad57d66a41a446e182116fc6ffb3953082
train_2779.jpg,b6b156ae10fa814814e366a37e051dedda9726bd67be188b94d232a45cda74c2
train_2780.jpg,baaf82dee46aa22563ade8a40aadaa52533c430bdf4cf0238feb215f7c58c5bd
train_2781.jpg,50c0f9b275af1a0f7b493fffb064921fc5bedabefb81376d53f6f7f3aa83711f
train_2782.jpg,2b393ddeb80472a3142afd156dfd3d697d7c9cdac576613be8e91e44a0aed6ca
train_2783.jpg,d03ea00780c27b9ef9be062ccb2c719f83b18b075ea3bbf18dddf69253bd699d
train_2784.jpg,12f695f7f849c1d5d05df3e2e68ee0728978ba4668f10b339dbaa5676a93588a
train_2785.jpg,5b20f5675d862598d9067db363faf1185fb827cd07d8b66c3a87fa705c34cfe2
train_2786.jpg,78b2d53e94243cf42c24abbdae59f14f1b84c38c1e67f93cb8abe2acfa225fb7
train_2787.jpg,eef2f7e2ebc30457fa3f9a258490e14ada0af21073b4c9c861a2b2541a594afe
train_2788.jpg,be870df3a4244b8bce6e9747afe52b1d92a285a6910cb15b533dd02302c3ce2a
train_2789.jpg,45609a05c216d0fce59ffab4869bc9bd5d9a7b61a3e914bb4f7b90e549a27ca3
train_2790.jpg,76af03dac54b0f78c26a9c6697099231521989979f93c7bd1103464e3296cb8e
train_2791.jpg,42a5ee0863d37fada7d20f82e9aebf0ab265e9dc9193a9663cf31fe07d2a229e
train_2792.jpg,ae7f9f4aca9e2423d7815c322b129f88a12af7caec8bbf936825d9f7b8b71a47
train_2793.jpg,5832ae20fe02609b10553d3eeb1c83548e78e036945a6662f85f0fbb047d977a
train_2794.jpg,9cba50494c3e63693384051957694b7010842c9715734eda93c5aad418ce8d50
train_2795.jpg,032140ce72989af2b886971a5271dfb97ac86d3643df353f8e3b350aea68ef84
train_2796.jpg,fe4aa0d68b67bc30868b8b5514a733779a61133a6a37b805fd898dd52a640d53
train_2797.jpg,8417a503e5d1e96f777dafd341f3efd667a57ba1655e9e9fd01410776e50d1fd
train_2798.jpg,b406fe439aa5d4b8236e57abb8d46d8ee1dc49ffa96e4327381c3a6302fddb69
train_2799.jpg,e8d937e115ca4a7d86548d39827fe2e3f4f714de0e51382ce1f0f1ebede96f39
train_2800.jpg,58ebdc03a7dfa0464ab10890737a99c9bb05663510b73e45ee730d380b97eee6
train_2801.jpg,0e872ff8248256d6b448b0cdafc98cfba490210bb640da193f28f41fdabb6afa
train_2802.jpg,6ba1341fb6fb54d919967153827f85627535c006deb99f3ce33c9bd33a3f7f3d
train_2803.jpg,2baae833c8ad530a70f64699ed01c13595bc29a022435bee9ad96b28e209a1c8
train_2804.jpg,597dbdfb113c3cb2622f42bc9fc6af83e584e25995fe3c75b3bca28658fa0f14
train_2805.jpg,f69de50ace6853fa5d60e3a44dfba86f3f82c4a76aca5219283d55c57311d219
train_2806.jpg,f5abac3eec5ad8803ed16091d09355a016ce121e6e114d6a0753328bab6f0646
train_2807.jpg,60374b6175ec992c674140a0fb62267d104623fc7170703ba3c020234334eee5
train_2808.jpg,7d38018856c002f85825ee10e6757b470fc8ec35d9f2b42641ed7f85ea3da445
train_2809.jpg,baee22a1c4cf9aea7a96e645724a4f02e8e20c5177d95f746ef185f520c9cca4
train_2810.jpg,8aae03a8f26934748c54590e48a50f6e98aa7f1a68b78e859b6fb27c05618fd6
train_2811.jpg,2518509883e07927e8658b48cc3252fa060bd9302cac45bbede2c1172efcd3b0
train_2812.jpg,7ab502cbd01bedfa8822c3b6a531ef503c6bc39107c72e00ab810e28cda31106
train_2813.jpg,fc5b882df9e053e15aeac695eb45594da62c4d017d5d22bb33a06fa168b7d56e
train_2814.jpg,e9ddc616d25f82e38606a26a4bfed4ac314a35a77294ca143f1619304f495151
train_2815.jpg,260ed55947ca4ef2831e39b185bf17c78e07c75615105c96cc8bb94a837f6c9c
train_2816.jpg,d8786c1f9adda82b5edd9d96b489dea69b89b004b4ddfdfeb64d4908ae8177b8
train_2817.jpg,da030f3d837a3ffa00ff77e8b2e0460b464444e2bac2fe51fb656954059a740f
train_2818.jpg,e25364b8625e9f03fedf0ba599d4e678d83a89c0e75e9de3a72e77e7998e3374
train_2819.jpg,8c93284cc391f7e1235010691f9d6021ed2ae0f0d97ae937c31c9b9b92323a43
train_2820.jpg,d725ae4786b1b34162035cace63638350d11bd67b7f2068b7ca73b5aeba2151e
train_2821.jpg,742af27f54f8735a94564934da9cf73c676c566cc3e5339fa28bf83f4c96d198
train_2822.jpg,16f0b58879963ea0c53347c6e776b0a83cf44217f50bcbe744a5f060223132cf
train_2823.jpg,535503fc3a7ea5acfbc366f5d83cc9a6810d9e966489b9600752b456a5a1d4e4
train_2824.jpg,aebcbb2a388ba893cf51c5db83031d3899335dc1f1d4cd9efde1a6bf47501f03
train_2825.jpg,4198477b5171a8d2462ab2eb7dcfdc943484e275488fa017358640997796c9fb
train_2826.jpg,9215b6402ce33ed8b3bc08281974dda044fe6cae11aef540121903afd9fd092e
train_2827.jpg,3748710f97a1abd20cf092390da60d2e60b59d0d3248d250c85305e20fe33bdf
train_2828.jpg,160b18170d2cbe575a76b7babe5baf034734aa2a46a38a9131d7025c22be6bf8
train_2829.jpg,a267d6c68533e592b074d9e154946a5cc7f0113eef5921c2cda998154c039ad5
train_2830.jpg,456b1666344d966f9a70a148d4d36399e9c40ddb96bb1ff6247ba55e6c24ae7b
train_2831.jpg,4565073b233b6d98bb323144189cb01bd1217e934a5cdd979404fcb5c31a7863
train_2832.jpg,1a149f1055d82c20e8d07d986f27c9d6cca92e98ac6b73f4153fe6159cafbef2
train_2833.jpg,a2e4d468a860b92a99ea60f7f64db80016058bc7be0257eea570fe404bc3197f
train_2834.jpg,600c0bd5bf4783c1e0706d7856f73ad03e383412a85f00562b05b0b3c8fad6d0
train_2835.jpg,2d92cc2594326cc4818edca2aea0ca0e9a6e56d00c7ce7a19bc6284a4c215887
train_2836.jpg,3b7c909005cf3c454c96508f344e8aa9d1681f4205a8a87234024564b1290900
train_2837.jpg,a312ec8194c9188800e8c8605a233fd6d0896a9c4977a28c48964f5802440456
train_2838.jpg,37760b2938bf2e7066ea53cbcb329431f2378ffe23cff6461913101bdefda8b1
train_2839.jpg,04e5a079f54b0d0909b7217b82ad318b89b781abb7d8e9ede42bd5d41ef0b0aa
train_2840.jpg,ee3a6aa2f34ce04d4970acc4e2693411385df022f4927d2d2ffa16d09234007b
train_2841.jpg,f939a24b19c6f2eb11becc631eec48c4fc0f996d69c489f811a8275b606a1db3
train_2842.jpg,aea136a8d609c075b604f9f36c474ca8a0aa31b6a5427df4a9c789e47672d400
train_2843.jpg,9af85e433c2196e606deb9c83e9c7ac7dd2a937f829741e37f02d8395e6be3d5
train_2844.jpg,b19fdff2f0addd070f048acbf558792de72354def6d1184bc564aa2a544ab84b
train_2845.jpg,d6b5ee9029f318fd2412c46b213d1d30144903190332989400978d68dbfad7cf
train_2846.jpg,b547a2accc86ccad2a44635b46237f4d00497b0e124908260daffed195482ce0
train_2847.jpg,c429e22daa6919cfd5a451ab5ef0058baa67c9faf54ba0911421257694405893
train_2848.jpg,daed07f5ab99e997d626b89b5baa5c6eb098f87d57e33b24c166cdd7c41731c7
train_2849.jpg,dfefc8f97310a0f9f09372cfbe4a09378b35ea66868eb299a82e254e0cdaedf7
train_2850.jpg,c9b47adcd7d8dcac6f82e24a5de984493a8de1c4114a52d8d8ff413d920f2012
train_2851.jpg,edbb321258f542f08c4ccdae3165e1d2428d8b4596d10180df3a12f44829fec6
train_2852.jpg,19885232c653879d2979a68074ce645223d7b1258b7db51363f3e802e7947619
train_2853.jpg,f3e9e08e4335485300e2eb673b9649b18c23101e3da82496a493a6b01eabe552
train_2854.jpg,d3e8f32080d48c2657cf056661d7476059e829d39ace1529cf1bf3552042bf0d
train_2855.jpg,a54a4d6c009b7e8a578edd092158a75b8448a22f6a4b03899e6a5ea99cdabdcc
train_2856.jpg,36c72d29bd0b2c6fae8fe77ea19626258b1ac388e8e7b48f519228ba789430ce
train_2857.jpg,556c6bdd7e58f2b77596332ef2078345df7c488ba5b0b228e5b3543933541fe8
train_2858.jpg,a2de9359713ed7c78f054940819168b6804f0f49bf409f447dfc86d4e446feec
train_2859.jpg,5f2197363dd96495384c2dcd467c2e024b5d03fbc2c48dcb3364319fa7a5ab9c
train_2860.jpg,751903ae8697f0e4e64f5445e9b460e5a7f05cc0445973b99a8efa29c11ef9f6
train_2861.jpg,6ef7316a817dda7f09312bad08d761ce0015cecebf98c071023a68581f547c93
train_2862.jpg,c6adacf9f5f59deff69896b9ff0cbaa5377bedc4a16650790b632fab3cb87c5f
train_2863.jpg,46ab97ba63ae596e802134452d700bbda4a1d41ac5f186177fb33fe919569ab4
train_2864.jpg,93fc4e8ad68acb2422c28771cf2e8f81841a8e2e6449955a30b6a0cf28309eeb
train_2865.jpg,dd157f5e1a408d38a1f183118ca7d33c27d48626fe123faa6090f5da2dafbfc7
train_2866.jpg,19bb94aa234d6f4d545de5fa666a0fb9101309903871adbdd6a6c3aab48edfea
train_2867.jpg,144ba7ad4fc5c9ecced0758cd14f301062a8b481f1f03a3e4c793edc65027a82
train_2868.jpg,6335a7d0fe3081443d4031b7bbc893c3ffdf3979d4a51f390fa559bddb3e4bfb
train_2869.jpg,47b6b23f3ff4ea19b9e6856bccaadb4cbf3894c49b8dfbc293a050f59b713191
train_2870.jpg,ae35ac94fdd098586b60d49bc02e1595d5e489f9929cdcb7a85fa65c1b5beba5
train_2871.jpg,eafdd815fb2eb009c9cb9d810638944c96f1191deede8f051d827e3b74f29d32
train_2872.jpg,79502422b7726fe13fb567ec03deac67326eb88f54a78877a87eb90c2e33b046
train_2873.jpg,57f71282e2b0e20174f91056f2d4f7792bd17e131ab2c5ae3d28a963d8550afc
train_2874.jpg,d85b61b9fc51aac16f889e14e9ac30e5f85c89213893a48173df3b856bef3f06
train_2875.jpg,faed9019c25ef6da31bd1c5188b8b20f17872a7825694fc2c0b1e59c90e1747c
train_2876.jpg,f6315451d746828fed99e3943d1995a357a002861aa3b88249d07f7648844e25
train_2877.jpg,075aeebdc991c7ac5e78af7e0241d11c320fae5fdd903613f299c4a11a5af15e
train_2878.jpg,2bbf29a0fa3e923c29ade488707ba1529aee404c109b99c03999d91f0cfb78af
train_2879.jpg,f1e763f47266dddc8605fa40938170bc4c77b067c590eacdd03a6b328bbf484b
train_2880.jpg,5125cfb862c34275327475cd41a1cb6c2283d846f3c622aa9c81afcafec4d199
train_2881.jpg,714cc1aa236c6b1d9b87bac696dc44d4d8e0ba86aeb66f5bd0033db9988aea12
train_2882.jpg,749598d4e53d1d84ffdd37cdd4214797dbd8b18ea09d5c3b117f7dd519bceb1f
train_2883.jpg,4ff821de77fd21da93b44db9f9c78d83dc0b7af692d54053d32e4d671cef6e11
train_2884.jpg,248fc392e6254bb0daae78455dc5c0fb1e619403f43945b1778168950586f7b6
train_2885.jpg,f5c84383a198400c747c1ed78c2998739f916646a4ebbbc248fe85aa2791b57c
train_2886.jpg,5bed1ac95ff23f44706d003d1887d75b549bab6aaf46509a52292769e4510abd
train_2887.jpg,42bb223feb0aac1fb1100ad051935d21e862bd1246feac3b7933fb702967445f
train_2888.jpg,197a57c53ff954303ab38840c58bd6a2cee03790c2af63724cf91361211148b0
train_2889.jpg,8eb980d947371a0317d29e20c20ae17bef295bcc71703dc0ee5752a6b29f45d7
train_2890.jpg,10221b14a05fbea4b5372a14504dda5074ec8f665eecd0a956617c54a3a9bb00
train_2891.jpg,9bd35db54f5104edbcb0283b1d7eaf621df947d8880183f1f891aa847719097f
train_2892.jpg,a372727432475ee3146b4a4cd780b7360d0b7c36c01b2aff0c3b6c12d8193e08
train_2893.jpg,9d132f1f9cf0816634c04cc78464e5384d8f81709215f6c63225b105a1cdb362
train_2894.jpg,9dc50e34bf95ba7d2091fd8d9417151b2e7a002437a055f2fca9952f92bed7b2
train_2895.jpg,e3df4e31cce918e9900fef517fcd719b1a85089d8e87b8139a338a5b4518341a
train_2896.jpg,649ec6f9b60fc99d121fc1c9a0d1e7e5b816891aa575f1ab13b0539743bd7d28
train_2897.jpg,e8907af750fe0d5afffe8467c9f71aa1d570a178be45d60c0c6d19de9a94e5d9
train_2898.jpg,dbf059ebb918bcd205a1848b3b842dd60c1b462dcbfc87f48cc47ca33dacc773
train_2899.jpg,57c06d3ab557b699771bb0dfae066ff7175982a68a332c54947c19449301e787
train_2900.jpg,40f4bc7acf0af76f604385250810b414b74cea1bdec826f2c88f77aee32874e5
train_2901.jpg,a3b9e64710f93fd5b5bc76fb8195c66f70ff5a755c36e78436444e1c563d5a7a
train_2902.jpg,9817cb7cba6b6d915d1895c9cc893c51bca7234ee93b5ff114f4763a9e3f1dd6
train_2903.jpg,f60645970def42aa510281d2d3d5ad5bc9cea3c39e11e9469a4033fdf93c8da7
train_2904.jpg,90c30bd23ec1eb5c9f7e1476459a30ecdf61a282246c49cae544712c193595d7
train_2905.jpg,71bfb5a8a1563133397e40e87bc50ce9907a3d40df54974a59a626173b872b44
train_2906.jpg,4bf739a698570f7ef66e96c7b0a5aed480f60ec6129aa4f7f899b6c3ded0356a
train_2907.jpg,226db182ccc52e1881fab0eb9daa5478db2e39db03b20a9ae7a0e3db56a87cb6
train_2908.jpg,0fe5f7f9f560ce4cfff31e6342ad632fd74c4bdcbd8dd0b23d65b07549bba2c1
train_2909.jpg,8eb2ce261fafaacb03be670ddbd4dc4f63344b7f7b1b7c75dbe47bd1449421ad
train_2910.jpg,ac2e78e06a22639a457f29c7b0dcd2d1b0d89243f28727cf42b3d25d8c36b95d
train_2911.jpg,a455b6cdc934e149a98007afb34f48a022ded3085e84e0e3f5337a811bd274f7
train_2912.jpg,e63e37e912eb5c3c0d24bf7d192911d2a74da3a382bc6c7f786f231a62aba284
train_2913.jpg,5563d0dccf60926b3724407e6a23cfbcfd8c6521857335f35356346619e8f6ae
train_2914.jpg,ed662be6d5574403873bb6f91fad179795a334d79f719957cb8184c36e84fd9c
train_2915.jpg,7366ea2dd04d54492cf11500549c5b068b2cd5ed66f1b3f9c1ccb75aef8fdd75
train_2916.jpg,37b0d8b16eab385751e0cd76fd2d845f72d5322b4da48f838d0cee7262e756ca
train_2917.jpg,8d5a033e71a1f4cf349ff2a616b0fa7577a763253de0ed96e11c8196d38bdab5
train_2918.jpg,501a03b60ae6b756c1b9020614a45c0e559edd44cbcd3d46683e9dca3f3d5cca
train_2919.jpg,2fcf13c8baaab81c22061e914daa23f4710902dcafe9cf9ef2572e164c65a5de
train_2920.jpg,19c6f2ad0e2f6c8ed9dd8e397ef706ed300d0883394dfa48d7c377b028db826d
train_2921.jpg,16ab9cd19b8021bf412bfb23b739e0c39cbd02c54304edfa91176664843828e5
train_2922.jpg,41caaadf5a39f70da874fe96040a4e1e57bad8f30011db59868ffafd907943c1
train_2923.jpg,c06d92b990469df892c58dfd9c4836ebeab745a06318ab821c898b4da55c0a8e
train_2924.jpg,f9872d11036166717c2d9c2fc59dc3ed082142fb65831ec919639012dfa1deab
train_2925.jpg,39ab2bcdb92757f7043aaa8e18ef449da7368dc7ada2e294661fd9f6a9a0fdc6
train_2926.jpg,51315abbe23244a09fe7e159087c343f177736667911bf5861c071a1de6712db
train_2927.jpg,5c717181eed9fe5d8c9376b029cd88c5d1c065ac16c41502f551c9b1f99ba502
train_2928.jpg,0e62384ac0fa70a5c4590bad279c915d7f825af627437aaa56a7198f566d5552
train_2929.jpg,1c91700fb2405de90f3c7e025cb74c1d6a5d8d67c94d5ded8f89abf41f6ad339
train_2930.jpg,60bb669feb82b74e818936293f156842eea03bd11bfca769c410813898c15229
train_2931.jpg,ca2ca810df1096c5429eaa4cc687dc84ae0db20ba356f6de2d4647f3de161f44
train_2932.jpg,c258c681b9f8ba3bb18b7641c4faf214eef3f832d5a0b8c09cdf2ff640f495bb
train_2933.jpg,b07315ab70c2e1d5f4ed2f76d2aa176e921733d89dd400a3ab11af220072f781
train_2934.jpg,3031be41a0f1c7d2ebf19cf5e3e12c911eb447ed5a2e8b4d0e7fa46838baa005
train_2935.jpg,3046958d4f643cce39d06e5a3fbd6c8b54d5a645b2b186e7b4bd8b0e70807857
train_2936.jpg,bb6e1a39322fb6b6e10cd3cc7ce9d61baa541b19456d2592f647646ba8b0893a
train_2937.jpg,ee27dadda4a9475b7453b93a359d82fcb83f6c13f596543057e5d15631d9101b
train_2938.jpg,5b73df03f0ee1bbbb7abf88a72146cbeb6f1f60188e113024e238d77ab8bec5f
train_2939.jpg,e6fa449f61940bd57d288ff1cf737ce973427dc9772b679302de01726b4732bb
train_2940.jpg,1015f016eff224f7ceef1b44c04825ae46418ac09d3abb4f0356d0c3042ce130
train_2941.jpg,a64c6e666a7237622951db8d7f14da174b6d587973223bbf8ff6a115ccf567d6
train_2942.jpg,c3877c8fd92d6a151d54aedfca7daadb614dec355a42c247e8705c8faec3f1be
train_2943.jpg,a6810f9c788acb006c93508964f965a9a2dca14e58dad9a5057c43c77e18ecc9
train_2944.jpg,3ca99a14978ada9696076e9bd74b10de75d1df84a8c8f5d52b450f522bed14b0
train_2945.jpg,c7fca8404ea843a9f3b76a5c2ead8151e5a2892901ff0a074a9dddf3237461c4
train_2946.jpg,6ee977ede8e44039faa240bcc8d019f8f9945c6c07332c4641eb2cc2cfcacecf
train_2947.jpg,8bb32f7e29cca0a83060f43d25e56b295a3105be30e272122b3c57d1f1739d08
train_2948.jpg,7e18efd2c12488654ce757011281993307da65319dfc148700fd1860921a824c
train_2949.jpg,782d3e64dd75f8957a7fe1fd71c667152d4f94b7b56883719d033a3893173603
train_2950.jpg,cfe7792c13a59769960ad609482c7d8037986728ae839eefbd1930487f4b9eaf
train_2951.jpg,9a7c8c9fa2dc7efb2208f180e370112fc991547361e96761c7c0a33fb58c7b77
train_2952.jpg,86eb2cc8126cd10781b8d3234b76b2d7e1ab4584da64dc8985afdc827045b662
train_2953.jpg,4114525626a9206b42717b86728271d65f4850cd1684fdc74d32aaa3fcead6d8
train_2954.jpg,23a0df0ab982177075b1582a1b8530827067c997280f05496b977bf15f0e894c
train_2955.jpg,cee7364b3f3b2627d6609ac949fff88dd16c24770cc2962739ce51b8917f95a7
train_2956.jpg,717860d89f3d9af6105a844a89efc9c1d6b864100d6af39ff5406f9ab207743b
train_2957.jpg,e08e84f6706a25a7f9a1ae20f8a485aa65a8d469dc8231ffa306dd5a8cd866ad
train_2958.jpg,bbd9db6e0a96998aba392d4813738105610f25cdaf3994ef21a352b1ab502672
train_2959.jpg,a10463626be3fbfee4e68fc698c5a52aff57a0fc64f5ae0a6803c587edbc5e4d
train_2960.jpg,6400da48f6af15cfa779483178ffb717917d9302eb505b98f48c495faae058e5
train_2961.jpg,27f86067ddff4e1a91874af8699bafca0a31d2134ea59e0f42de5e725a47aaa1
train_2962.jpg,4a9a2f429bf1cad3f4c475f04d318de44e2464eb1a08e2a24776309665e843ab
train_2963.jpg,24de7605ac7f8e45d0ac7ee91f0b02809490196c9020a5a670555e2a091605ad
train_2964.jpg,845e00ace1be3619ce6053e5cdc7b46e6b9a383599d07f1f1fc9943a32d0795f
train_2965.jpg,4cbf6d8b14db00b30309321c235a30ca04e9b798a3b1fd9b36dbbdfdddca36f9
train_2966.jpg,c52e0b16b00e6dc67a57ddf2f092d6eadd44d05f84442d005cb96fe76f0d9beb
train_2967.jpg,11494f18bd16d240415f79827bef85f04bb444bd1ebef98b3251bccd293fe684
train_2968.jpg,f09ce5f7086b56373cf6abc84a4ff1fdf05105e0119fd2ab7c39ded558ce83e1
train_2969.jpg,df60555fc242ef7d85042d00bc826ac8d593fb0581ab3585e87d8d4a42b32952
train_2970.jpg,4722e5e839c84f4b5ad5c085ddef32d296a20c41bb764584bd10112aeb0c3e2e
train_2971.jpg,4e28b6c4ff32a0907d7bb4ce5aa54deff229103cffbb82377361cfdb555bbd9b
train_2972.jpg,824571959b42658f87048d10b5a319160925bad9b433e6c87c0739ce33e0ed84
train_2973.jpg,a62acc5171b475fe2414d553c67bf5b47b30e6d345bf0a16c6e8b7552c47fb6d
train_2974.jpg,40492d71f848efa4745ee572fe8546ea2c2ac2174ab1cf0684657c0a9436acef
train_2975.jpg,c179553d4f4a52a93b1bc0463825b9b266eb081641f2aab19d727b11d941ead8
train_2976.jpg,cd90a1b98e4091a4ff3d47d00542870d1b6e686d115c3113081d8c8af086ddfc
train_2977.jpg,a5332422e27d4f758c5a1ca02dbccc7d200d9d3dba2129051840222804ff82b6
train_2978.jpg,35df20d76c8c7237282285e4a10f3c0024ac9192cb1c841530c82181bbb85892
train_2979.jpg,d6ddb911d4193307678a0932ac0e80b9221d165f14be11feda9dadcfc9cedea0
train_2980.jpg,10aa750e3a90352854b81b6d08b0e8fe6069da98e6a95df5e957ea1b3c909cd5
train_2981.jpg,442daf1fb42aa4d4214989244f5da0c330b9444cab94e47cbda5d88014eef995
train_2982.jpg,b5261e669d040d25329dc72c1f4c602906a01dd656657c10aa231e8caa353fcc
train_2983.jpg,1d41701e5d2f145fb734472085ce479b48569c7087b1ccd8bbc501610873aacc
train_2984.jpg,75ac146a3777e20259c77495b315d823c5973a296bb23be0100163b0ebab5eba
train_2985.jpg,5773215b9e9c4e84aa421e3378773f3e464c5f02d7af22b656065b5fc63ab52b
train_2986.jpg,e09684eb904d5288b3dfdd8009b4f5823860d5d737edf6daa52382a9c7a438d4
train_2987.jpg,3411da30a8bb00e369740a38cc429752b244c52f13668a819e598016d18679b3
train_2988.jpg,5b0ab2ad2bd743cc93e3bb7d9349cec64bdb655d49bfd78776b2aa73b424faf7
train_2989.jpg,2c078f287df7408d3e298587961f402aa253579945d84d678724c405009e148e
train_2990.jpg,cf2b87729c8789ed7bbcc80319a85d9ce7ca62f44fe54fe12cb4f5283ddcdf19
train_2991.jpg,94aa5264733f76f7f3bc941212d87191dcee8faceb208db218555ac1d883b0f7
train_2992.jpg,6aeeb1866c17685709858ee3cca6e10a69adfeda82cd99285f2a4f6b48ae16c6
train_2993.jpg,d31a32f6f27e6cf3089b897342eb4a15faa075c60063dc7d5f7cb64867c65683
train_2994.jpg,3cd3dee0d5370cec4bb9262632ef07d516f40c958493b6ce6be08379bf5b7b0c
train_2995.jpg,c3b95c15c4ceb1353e8286950f85fd2720510e813a7ab0f7f897fd352f042b76
train_2996.jpg,03040083b9464f2dfae8f7a68e5094076cd687098252e0c08146facd07b8e4fa
train_2997.jpg,9507b1f5b4599237f2a9a1ff2b3fa0e90aab4e11dacaa7316ef95084b2c16293
train_2998.jpg,2213d90738b053b5add78430edb5b321fedaaa5d6d8496203218b409ae89d960
train_2999.jpg,cd7f260b982746964c27c6e022b8c7c063f47cfc348617c3b3d121ac33770c18
train_3000.jpg,5963ae05df8af06d9f250e69540e72bc96d75d355d202ba808074fe1e24d2c6f
train_3001.jpg,2ccd34337bb5165d6d9f07bb58572a3f5cd049599a89063ab4a49368a0472e4f
train_3002.jpg,db858f6f0a5b947637f708203b19daf4f8bc939181d0dac6ea65f69a97991182
train_3003.jpg,fd614e6db99cca10ea989fe2017890d8e2530fde1c2c6dfa97de6110904dbb65
train_3004.jpg,2feeb1a2df7ce448b52721a518d86c3b54cd29a5e0156544203325df37049a15
train_3005.jpg,56343f4aab185c04ba87fb6323b46adc57a137ceb403cd88e91cf8da2bbcd4bd
train_3006.jpg,7a70cac987ae9cda724a7a73224335f384e1151c3fa721ab9c11d46592e342d7
train_3007.jpg,83e5b37767f7a0f54597664096b2fa88e353323624fdfaa30592b8f93a525316
train_3008.jpg,416a0bb368af86cd4f918b61ba2a42cd3e78088fbd4984c58274c9e2eaef47e6
train_3009.jpg,a46d4c3bde2e7f647d2d070c8d87b932386618761e4f46610baa45c0b2dae3ab
train_3010.jpg,1c1248df24c4d3026b7040efd13c7c49d60b4404aa067c7918252a75ed3620a3
train_3011.jpg,d10a8182d80c55aca5c0409cd51d8e3b21d65de950c78e8f735a46065efce423
train_3012.jpg,78974462bb4dac1ab58b0c9bfb870dc6743f4603ed453321b6bcbf4e6be99e86
train_3013.jpg,6362bf2c822ca3737ff40f145514a7c17eaf51ac6dc580e02e1662472521c173
train_3014.jpg,fa136ce1d1f03e39f93a015a355976639f413f48b8d73c2bafb3f8637009780e
train_3015.jpg,20031b6bacc3fbbf3442b4ddc0d0cdab6c323e28e53bb8baee14046e535ead37
train_3016.jpg,fff13efd8121b7e347432e28dcaa3bff8a260ce87b468d9eb78f284b2e47dfb9
train_3017.jpg,9a656110aa84cfd11c45414234fed64dc0fa3d785608e4ec446851f01920ef49
train_3018.jpg,2f80962dd00aa33d7a42403bb261c18d354a27d036af2df98232527fbb2fd002
train_3019.jpg,6aa6448037c2c5b6dff8c473bb97ddc0f9da92e8e76f68d51fc6c6e0bf978d02
train_3020.jpg,be2815b1f7691a94669dac34def023de707b81a3d78cbad52af4a1f46e5fff6c
train_3021.jpg,3eb07511e090a201072dac7cd957aab80e76e1579acbde3cb4977d662ec20657
train_3022.jpg,b6c781e0a9f18fddf919d1c07f7e4a5c7832fb690d3504116b6b2409ff2f1ccd
train_3023.jpg,d61c9ddb4e32494b8d678d9d764234b471a4b222522aeefcee74a8a108b30b10
train_3024.jpg,cd62bc56bfce5b2acf4d6814bc5912f5cae5771ba55a70d6961c4765e0c5d08a
train_3025.jpg,e2e8acd3095f2c1079c26005bb4b7efb45aea1e42c2c6b637cae39e46666be8f
train_3026.jpg,ec59d50d11974c55ca603cf069d0d65fac5bcef557c8590b63b24d2ad1c92eb1
train_3027.jpg,74a2401c86a47df2a2eb19a46ec91cc3b97b4b830accedb0f4cb9929dc97b7d6
train_3028.jpg,e52d5eb851ddd5d5a299ec71d9e0e850fdb97568a22199bf157d4887a8d7d4fa
train_3029.jpg,1a04536d1b44128b2df98479b6ca04f81ca375e010e3f75966484c57074ea38b
train_3030.jpg,3957a52ef95042c6945bc218926ab294945e120fc56b37543e31c11a729dfd56
train_3031.jpg,011eb3f3270b1ba7ef7da5c7740526ef9ced23fc2704de1358f200474af9a542
train_3032.jpg,1ccdd67cfb2480a9b804df65e5ecd8d0281873c1ee196ce6d8acfca9eee804fd
train_3033.jpg,162a6c9a52af0301fd7737479f35a9f10389054d8e737648eba9cd7398567a8e
train_3034.jpg,a3d9097b96ede6b439cdd919efb288dabb947c7b4490c52fc550ac7ac8b82bdf
train_3035.jpg,25444907357c452855c0917b8e623d4c790a279079ee91c64a9813b7b5a0c70e
train_3036.jpg,22b3468963f649698d1b8ea5291a64941c6463fbb168e03e935d7371ee102382
train_3037.jpg,d5624bdcac321a9911dd76eaa826f42f12fd36b504f80462c1a2de63260fb961
train_3038.jpg,d09844f5c7c10c563eb481c5387c7e99aabe055f93bfd9fec80ee0cb6caea2b6
train_3039.jpg,b128dca65e3503dcc105b5a940b4c9bb4edd4ce21e07aba75855af49c95b0859
train_3040.jpg,3e80691f781ce6edc1bf3c3cb9005ffdfeb8054c3c48b9cada461ad3e6e80a5a
train_3041.jpg,c191534f820598a45bab7d1ffe10ed6a659bc8cc4c8a23d5a784d0c987875a18
train_3042.jpg,c4c02323a48189dee7f729e20f6ca9ab20616668750e9c76e6ad7e41c8619b14
train_3043.jpg,37605fd7e7fc489699cf1d38cd563116bbc144933dcaa93ba891b6099e1b5cf7
train_3044.jpg,9a20a107a1366f1b7cbc2f1c63a59eef7e8f5d3fc47b953175eacec4a9a5e9d9
train_3045.jpg,89ea4c684b8a46c332e422a7e0222b24da9056713507a5987a0793e9a324dbb8
train_3046.jpg,9a77be070db5909f869d68a33d6e156fd2eeb4637a1fb90aae44dbf84cbb5c98
train_3047.jpg,1c42f4f159f0411777780c56fbc46c98f5d863a63bcb383a2f548c743b03474e
train_3048.jpg,80829d0f685341e53ca6d49445960f3d6ce5015da83bb73a08f8f52101436451
train_3049.jpg,7094f99d96cfd47d054aa26e61a46b556469a8c41fe7822d0758e3222cfb5c8d
train_3050.jpg,4621d42de2c39aa1414d19ef9b262db574c0158eb120019582fef1c02510721f
train_3051.jpg,9a8a557485ab0f569aa6311d39329684a9ff407825ef97eca4b63fc0f99d05c5
train_3052.jpg,3a5b95736c528d6475cf926e6376a5faf2d5c5b0d2007abcea5b765b4b448b72
train_3053.jpg,4810e93fa5c403a02995ec0935b15cecce287e6f3fd66616f95dd431c2b2456d
train_3054.jpg,47c7a8c4e81da3d098b2f3e4e2308ac6643da7faee584916bdb2627210b74a1d
train_3055.jpg,ed68ebf312646178dbb040e9cd8d025fbcc86f6eedcc7bebb32bccf3eb338c0d
train_3056.jpg,f3dcd5265dc2acf4c701f6658e737e4a4311d5ad301b74fe5b7dfeb6deb1506e
train_3057.jpg,e8fbe33a16ea3d533904686b81a9e3efe2c234108827a2fb3b2c858e69c68251
train_3058.jpg,8adeb9b7fa97bb088840a1e6a8e2bb6505f98d4c2b437cf94f3794a3f7eddadc
train_3059.jpg,e17f824b1674cd450f83b85a5bf50d715f5134e4a50abe1ccbeb0f3c1d48a694
train_3060.jpg,e22f76c0d1894626bae8cfca0ec70d91fd50b6ad15227acbf596256f1af684b4
train_3061.jpg,dae2a5e71e27b659be16e92ca59c75c4fcf02c886de7cc8ae8801a1871e743a0
train_3062.jpg,45e44b51c036c12bc63c858620f6963db2ad416256861679f779818837ad0045
train_3063.jpg,0c66e323051ef4638991cca691f49a77f9b5700018e04a84b679c1805d983e34
train_3064.jpg,5b469184dee74b51a14c9fa57c9c83ed6b80a9f32bcbea406e703fabfa096d0a
train_3065.jpg,a8ef93d779c9488846f9d6897a6da76334642765d69060a5341d09f1ee634b64
train_3066.jpg,261eb25ce2dddaa59910b06633f51c0388be0166ec46dea667d6e3d5a55ccf9e
train_3067.jpg,3fa0fab3f70da131b59ac05ff90d6d297413652a0b76da18190af82409a8b774
train_3068.jpg,ee737abadf597755bfa1cc59aa90b6cf6fbc9b37880a8e3b6537b8da71636dec
train_3069.jpg,296806db032bdfe9656293f102819682ad67584e098e3d914d6dbeeac9d1c0a2
train_3070.jpg,0e4b6a848a5a504facb44be435c46daa2ef3ffd193e83571b94b0ee45696037b
train_3071.jpg,881b5e2c484c406f58af24936f91ebfa75a67583bc514f530adfba0b119934e0
train_3072.jpg,b6c3333ca0662ef67ac410ae2de8e9af807573e987199484dc18c8101d717fac
train_3073.jpg,e10fa68dc86a56c58dd2b049f52897204f5b68616fa4909ea3e38fe48c775ab3
train_3074.jpg,52d85122f8c9a266639e38928db08e8f76b69531d873ee947c67251a91e1d93b
train_3075.jpg,2c0ef8d6c344080cd1eee188f87f575e6c3bedb32c3955058182a08ea8de0f15
train_3076.jpg,16caf29a3ffc6d7e6707453a3b40db70e38e2a072f60c802705fac37020b5619
train_3077.jpg,0b6bcd1be4bf02793c4075af3ee64ca68a72cb21bec84f059a41dc1a7711e6a0
train_3078.jpg,3494e3ec27de9416c3cf4f43118eb4d0660312e6c121da477778b0ee024a99b8
train_3079.jpg,d11789f4257297d4e7a510441cdedbd1dbd4bf71c37e2ad570c087354666e6e3
train_3080.jpg,f97c060c39aaabc1e790eadacdce0baf350c6a8d40da54d3e4f1348c185dd638
train_3081.jpg,52e95c44b8fe4e1eccc0707dcb607d7e57817eeefcafbb55d552f866726cb66b
train_3082.jpg,a2f5724b2bfdf7841a8f4d2c11f0b57b9e1d804430a35ac01c2a411ce0751c3a
train_3083.jpg,4142bd03e685b24c2b9928f55c95a735e3a0bf963c91cbec85d03cd11c07e885
train_3084.jpg,6b0f035aa10961ea569099b81c4114989f5ac5aefd2362d2441f98a476e63703
train_3085.jpg,de25c2d4cbf6d7e6e1717904529fc4b3c698a367cdc291e08189dffdbf89dbac
train_3086.jpg,4298606dce150945bdb1738fa7c31493f803c7ba24586f1687e27c752379e888
train_3087.jpg,ded639e1a5189a909736692737dd4bcf50eab0fc28f25641e5d891b2ec2172b8
train_3088.jpg,91fb0b7d832a8ef7bf759fad9a10892348d1960880d9abcac6a63303d3beca76
train_3089.jpg,8e1b4b7c451227d879648cf32c52d5925884a66649e7f92b32e3ed9b8b33b5ca
train_3090.jpg,840a963783b1b98b5bfa8104f0953a5e16b2b6f1234365c22e112037188c7295
train_3091.jpg,b13b63524313daaa11e76996ad3ba562196379fe2e945a2c9eadc240464c84b8
train_3092.jpg,b610d28ea71b9981581d1774ce18e152b368dffcb9c096790ec4cc6efd2cd550
train_3093.jpg,3838da678cdb33f76a8d65c327ee4db401cb8bceacb1b8b658229a92ea202860
train_3094.jpg,6b1efbbb5764da83dfeeb7fa73de3069817a91a98cb841ba6f88bb09e9532b79
train_3095.jpg,edde21375bc842bc421282e17723607ecfe70d870ad32890b39d226d5d126d52
train_3096.jpg,5feee0d19f8dbd524ebbc6acb14fa464b2ff867bd2e49bbcc00c650026c0e4fb
train_3097.jpg,981e9dd4fca6416384139c03a7067fed21175bc488582ae4ac6abc9ce86fded0
train_3098.jpg,95c245ad0914bc5a1ec0e20fe3a9ff84b0081fb7ef5fda60e613dda0e59077e7
train_3099.jpg,8c7c8d6b9654882001c750bfb8af5f5d34031478608931d58979b9961be17ef7
train_3100.jpg,cf8f820647bb3abc2b9765089e3e776eacd109b0305e497f5c3a94e0688ac00a
train_3101.jpg,37b2f298a39e574fce74c04f1c04bbaaadcc8446c83e0aaca5904a04e3692c39
train_3102.jpg,392f5581521b4f7c0c1cb2e00b1e310872cc3787fd74379adf2caa7c7dfc3723
train_3103.jpg,6ed930273ef7db1eeccecdb7932ff5128185fba46a5d1d7c5b6a383b5c4c5256
train_3104.jpg,4830b4626b2fc3b787457535429ce87b58c307e7b89b72466062cdae72fc997d
train_3105.jpg,c91731ee7cb57904ad055519793b386492ca71f00dcbcd65ccda26b09fc9a4a5
train_3106.jpg,0645089ef59c8daf101a16365fbee35b79591565b91a2a75c813511ca7b80d2f
train_3107.jpg,2ce1a5908c91bb5152c3572429ae0afeff53913e45fba65ee435c0d0c2d171e2
train_3108.jpg,2d7439c880ffbf098bffa2f4223c92e7f0892b73c930e78bda13c9f5b99257d3
train_3109.jpg,18170e1d34b6a372197c16ffc5ec2dfc2720e91f9b47575848fdb1c8956e2e29
train_3110.jpg,5f0bf35f730786e1eef2d2bcd4b596983f362bf37ec9e7ac732a5e43ad800db6
train_3111.jpg,bca172a876aa85ea8a5fd8d7270f77304498bbf7e9455027aeec94f6ce11f05b
train_3112.jpg,84a760b545fcdefcdba826216d5b2bd53bf8eb535c5313d8ae141dd83cf47a64
train_3113.jpg,5e900ac3e5fff0c3048266ac63dc9b2452368536503890a2c9aa68224f228b74
train_3114.jpg,fdd7e6ae06b0c076affb4b63ffb131bb824c05ceacff37ada935d092952648da
train_3115.jpg,c2223f57d03daa2b2df1c53255790e130d56de8cf0d390f8f79f834751b3906e
train_3116.jpg,5b28c110cc538fac08e1c3ee314b2db4a9c9cc8736125827e65e326f759e99e7
train_3117.jpg,4cd7733966c655fb867ea80fb637f5e3e2ff3cb46ff8a612649d6caedec10735
train_3118.jpg,98f6b84e07127cebf387ddff1f25c2a9befa8f129720e7375046dbd3f2f5dded
train_3119.jpg,a97ba8714a6b70e229d465a085f707a12033263c543669b2beff8c4aa964e091
train_3120.jpg,b32524e52deac02c25855cb2d23e61457297c204d694a5b4c01b6de493fe8968
train_3121.jpg,f17c9a8047c6f82ccfb74f9b75df47f2f48f8bb3010d47c487933e745ab41299
train_3122.jpg,6fe14e0df3fa42dae7e853049c20a35fc55f7f8a82e830fd687c1fb93b7b3776
train_3123.jpg,6e367cc7604c1284c2c691f42079699d94d7f2dfdb0fe924644a3bb143556646
train_3124.jpg,868f8f2b830dec71c06e3becfbeced8458c4e0561317f376d3575b2e1ac1fde7
train_3125.jpg,d632479d2adcad0b716d835adadc6f6c131c3975d81e94d8d8e6cb85cc6ea7b8
train_3126.jpg,baf31324fe3bc681810771591caba8002e7bc9555cfe9a455237203d2a40a956
train_3127.jpg,a881d6dbd75ed4a0c03ff1d30b25f8b0e5cebe795f9a11836b75794c2aff48e5
train_3128.jpg,013b0c10480568f4e230bfa06518719fb562c3ebc0c84aa1e99368879275d885
train_3129.jpg,16cfac3b2beeadf1fc7aed90aa50e2e1aca1c3e941629006d32e0d7dd4eb6e28
train_3130.jpg,46483f290dfed1c7d77f662c45da32cba11b3aca863e2e2a4bd237431eb9609f
train_3131.jpg,4170292631b53de8cf588be732e6b8c3eaf03f88f47cc4fe378c83d420625235
train_3132.jpg,c91b0e3d12cedf1daefd5f3abab7b51b326843678416119f89373dd855c9afd2
train_3133.jpg,5b6898c034b288cb69415ca50215c3b9fbd81abca9b9ecfd22470ff698a95dd9
train_3134.jpg,ed7e830c0fde31ad1eae4aaf2a7dca185aa2cade90ddf7f6549796486e7a3186
train_3135.jpg,1b0ec16dabd630d0c2ed1fb4133f5f3aa485cbc285afe88b2f08e14a1a2f5d2c
train_3136.jpg,30a25b4161d647a857cc11c97cd80b76c0ee4569a9da5e76d97e546c837eeeba
train_3137.jpg,7760dbd77a6a9fe174deb6e5fb0f33ebf7c324f972ccf4c1190e958f1932438a
train_3138.jpg,62f3718507e3e2a66f7d1294dfb8727ee327d9aefac81b22f8fc6719df85a691
train_3139.jpg,8298ffc4c17644b2b6835bba7a16d5840198ef7f27cc66cb360fde000389677d
train_3140.jpg,66781be36f191dbddcfc0fe4fe8f54c7a971d67949aa95eed3ab3a3e788eeb12
train_3141.jpg,6343fc30b2661d2a1a012af918cf2c87026f25e62ea7406eea2c165c318db353
train_3142.jpg,be894a0c00d9910b56e0b80e565f3d95f06f742d20e4580353d569cac0de2a8c
train_3143.jpg,1ba64eb29bf4063ac7611222079002e65ba65fab1c77f4bd08f9d3e427bd6fc1
train_3144.jpg,d1f48f73448d01f5bea7cecea0f4aefc884735dc2b01edd668926fc5acf20a66
train_3145.jpg,59aef900d030af95edc32b531d3dc6e78c08771a8d7d6d3cdc94c10be95650d0
train_3146.jpg,f0ed437e92e3571db3f079f4a6ed752a86b8f31d034984aee6e5802deb1f8bae
train_3147.jpg,e8132bba2aaee480fd28e56f917e36706a063740dbd1f972000060eb4c0bc2d6
train_3148.jpg,41272a0d3029f7ff19a65bfffc3c933afe51981fbf9504ad4108fddbadacd9f1
train_3149.jpg,72cf09b70dd57f0af08802016dd80ff504e823b6c0c0e2ad304958293c90e417
train_3150.jpg,9e6ba271fe7a9914136a0ae8ad82970b1ac884db5f17ccc850162e0ce57c3dc2
train_3151.jpg,282e2bfd684f9c9b642a6f46e7fd271af8903a45fee43b6dc6ae1981c2bef55d
train_3152.jpg,5d66c353dbf397dd9ad82adac41675b02b4ab601b610956abc058350be9cdc3d
train_3153.jpg,83a021a831ba988c1a434361ac787f56f84c3e6a9a3fc8b82a2a7708ddeab658
train_3154.jpg,012920a1cac8a5fbb2eb766901ea325e9bd136a646507320941e348f4dd564f7
train_3155.jpg,1bad81ac85a8bdff1f117b4db1fb5e08539a6121c8f6111afb22ce3d401f14ed
train_3156.jpg,5940a8c57504da9ab2f3bcee61c8e41c3a03e35bcc932f4a399803aee401e9da
train_3157.jpg,ee96046e0b6c05b177ed68f65b29d0cfc2f910e660070875ea376b67781d904e
train_3158.jpg,fdfaac5084047b3751a7a24047a8a432fdae2cb2aa9358d85b7e53f42ee33966
train_3159.jpg,e9b05844bbd2bfe6ed2ae85b95a03a810ba85aca4e91443ea710772308176ae4
train_3160.jpg,377dc70a0a67f486a25c869c2259d26dd2bc45dd7a207b18b25e8c938c67c4aa
train_3161.jpg,6048ee5f770930a669ad66b51869c8dd843d524b9299d2f0530771a20c59df8a
train_3162.jpg,c706f6158840628c3c178d68d0f00ba08e629631a5c0e5c5877a1ff21b3f20b3
train_3163.jpg,62d7573b6333763a5e5cbeffbf9ac99bb80bdfa30ae5094905ab37fc0f6b569e
train_3164.jpg,16bc14356bc68be95bf35b8e5478098ecedf83f018973406e8748922d0d3f9a9
train_3165.jpg,25b59e093bf6954b801923fe787fdf437019c1332a548f7c549f034fd35cb541
train_3166.jpg,0e42e20e9f57b5e249f5995660cd646e8e3f808a21b341d00eeaca7d492b1353
train_3167.jpg,626d0e756cdd806e9fa502178040f2ec3201969116e6b040465be6d0899bdbab
train_3168.jpg,4349116a901be3f878a5ec52d9202835cc69bd7bcc82b3526a5b94e447f2bd49
train_3169.jpg,6e1a660754c47a57c37883ff710d9d0a62c2e961ead74ea17c6678e875313e7b
train_3170.jpg,0eb4ce986d577a9e2369f816bf9d5f8e4519b83784933bd0fa1c6d68c693e91e
train_3171.jpg,4f98bb0e30853de3a2b0314d5b91a71fb1ca862f49f824bd9fb935997718a978
train_3172.jpg,b58b484fa4cd40c7123fc719e3982e4723079eda87ea3730080977f62c9031f5
train_3173.jpg,feb44f9b5cc70b3fc27585be2b3ca504f3a6cecc0a0f8a825f775656fda86b12
train_3174.jpg,685f324e8e427649d8aff52e0fd7b2808d0df7fa37678e19dd66bbf68824555b
train_3175.jpg,37ac4f8214efbe8e17abaeb9e0db84650278ff932bd4512aa44494b731d0ab0e
train_3176.jpg,286a8c4fb01366e17229dc4160f5ad507e2b8a689e80fa2dcf070dd50b9a775e
train_3177.jpg,15f13a16dbfd41c7cba8a55601d4925ffc0c3bf911043aa89bae925b648e0bb0
train_3178.jpg,6972960b3e7309c8678177766257748e79855963861d7f4198772f3c4176ddda
train_3179.jpg,3faba9c7b39a77e546d9b9d0fc92a1b4a94505ace7705b950c990862e15c0ae0
train_3180.jpg,a3caff63461cbfef6a5bf8285028fca35ff1b72eec6b7891bb413da369867107
train_3181.jpg,ec040db5b4019d8068913537ca80873381a1d2f04822368c7412be20e13d7c5d
train_3182.jpg,5d8dd45a1d91671787b975fee695e63da45bde52685ffa572653f41d92efb3cd
train_3183.jpg,d794fb5b65524b71a3127a8422243ee7313b1330647c7a9c4fdd40090e6b8837
train_3184.jpg,c04b6e31f893b0ff3a2f85d72382482264df4081c5259b1fabcd28747ba2231f
train_3185.jpg,369ddb56b885c63272530483cb051013a89c5b2d33df5a75842e246ba0b90fca
train_3186.jpg,5e350d44079a8e27105bf4a712a2123f724df620730a8ba7b1a4f4a830f0d817
train_3187.jpg,7b337a2b78213d0c1adc342e00d678c5295ef71dba108f42b524321bdeb931f8
train_3188.jpg,a368e503ee1d798d2dd37d54deb1a535d2656e85560c12fb4fbc11bcdc3c325b
train_3189.jpg,31c844de34c6acffd7d853b7b810d3788898fb04889e9e961eb70fa0efa77c86
train_3190.jpg,6bed2ee437d9df01d496edbfbd4e1b4df872f6a01c522779a09b232cb5c77e01
train_3191.jpg,0f52977cd4cdc3907f5686d13995c5d2fb15f109d438b52b7059f77a8d1a704b
train_3192.jpg,8d646eabd0839fb4de3217b12da3f81e959623d8f801aa072409af13305c8287
train_3193.jpg,98a78f827ab81ad3a3256137d56fe96eaf5ae5ff7a5b51e96d72a44aa59f1126
train_3194.jpg,b415f60fdb5035656f48fc79997632781699e50a04409888a0165bd1088c4961
train_3195.jpg,0dbd8f60dba699ca30672c21809f7f62ae1c641e9a8dda350d4355908a26058a
train_3196.jpg,dfdf4cbc0238e366995e0f3509d77efe965a8902cd0dc9ec993c402397013602
train_3197.jpg,654b1a458be18c81099f4413603240ff242051920abfdd095adbaa9e565ada51
train_3198.jpg,91d768f91fe946a18f005bb3b282b434d51b3f9c22600fd196983f5488575208
train_3199.jpg,a7f12f7c112a2d7ae5fb935a57737ec8350d0addcf2df418daf499cabc093518
train_3200.jpg,8d50a2c8cb49080a7724fa546f125d209a29dbd7c43dd5dad7fa2fc29aabf7a3
train_3201.jpg,0b40a9c94666c9f992b72e77f2989b45e05d7e7d18c461399e3b3ca2fa20bf5f
train_3202.jpg,ddcd07b5442e48b1d15c6b647f1dc0902a53fc395bc88bdbce605ea5ec77940f
train_3203.jpg,1a1d0bbda8c23bec92d7e22e217f42d34e800ecf725009a2135f2a90f412f2dc
train_3204.jpg,9624e69da03a5eef953ef0008f2ba5aa1f60ebf42466139c3f8476cf000f6193
train_3205.jpg,d4c0607fb4ca5e0d9d48fae4e71a934712549f927828136fd9e164926a905c10
train_3206.jpg,54876a6f5bbd2b4c737414bc4cd4cf25831e4702e8a13c192297f4665c689b3a
train_3207.jpg,681134268ed114c62f11afa6d29555966ebfb261a656856a327cb334f87921a0
train_3208.jpg,f6a7b80055d41039b991c1bd862217cbe66be114b926ca23f6d508230028cda9
train_3209.jpg,91ccbd635bc16dfe2d00ecd7c1b4a4efcace54e8665585dc118ecbe714f8d8bb
train_3210.jpg,6d21a16b980c2ae93a5b3c5de085ea33d6f5207ca815d11fefc9a15a6fbfe5f2
train_3211.jpg,edf5b28e7ee8a11226a2b7d13291fe67612cbe919d4e9e192be2660cef300211
train_3212.jpg,15d5dd9aaff0b9bc4d73ff03946f872810260486a36a30d2efe8f17c60be9939
train_3213.jpg,74d159807ae16ffe03e806c67ceda8ffb863d5204b567b4b5c3ba0e77742cbe2
train_3214.jpg,77adb9505ea789c172addcc9636fa8f111727172ad96361bd0382f4e6c7ff8f7
train_3215.jpg,324aa5e1b7a0046edae2a96036feb7306aad8af4c6c3b4a188d8f456e857fafa
train_3216.jpg,bd45280b20c1e290ba40776216234de33637f0535e68df41ed78c920a0f9309a
train_3217.jpg,d80f51a0c479665934fbc5c8fdc5bc30aadfb4158ad849a61e465153c5338df4
train_3218.jpg,ba2ca2bdf222f842333bfbc32f938410c16a1c7bbd0e92fd850a518fa18f6943
train_3219.jpg,d572879ff6f5a63074331e99f3cf7054d791e1b0848a080311fb6b32094771f9
train_3220.jpg,b2d7a0a068cd7b460da3255f5384c15fe555d5b375d90de3bbc47e18cd61cf4a
train_3221.jpg,a3b34c9521c3f50c684c7410c4e446bbddcb12c709f6856c1e0706235a612a58
train_3222.jpg,fe0b7f9cd7209278120e779544a836e8e140cd94ac1ffc04d335e6f4e2c557c9
train_3223.jpg,f07b500255754a1115db949d3295eba1edc68ed2ee5d4de673f556b64199636c
train_3224.jpg,619ee84a9ebb68117b929b31fc5d18f482018423a7d24565a6d4a7fbb494af59
train_3225.jpg,b123f7732e850c4cdce5df1e4377241a3219540b2142e6c8eede220a6d0eb7b1
train_3226.jpg,18503691e315db332bdd4b20d1976539967c7a4e4fa1b9e716039edbb5c0c2f3
train_3227.jpg,4115c7c6bd82ca63385821f92cc753cff5fcd007da60c2625ffd32ef2a700ce3
train_3228.jpg,30262f1a477ec898e197dc3a237f8850e13920efa3eee69931848fdb109cb392
train_3229.jpg,0ced891da9ed2fd38ca71f5fd8e833a08e22ed86427b3735dbcd4081143d6b4a
train_3230.jpg,a96859c7353b02876a6f127aadd08bfc80f2b176873507cc554b82c0ca4617b0
train_3231.jpg,da8b3e6b483962db7d43f62e00b0473865795eefc45689bdd3c8e7240f7c84f3
train_3232.jpg,b1cd38adcdb48e5316aa269b5e25bf952cbc7fac8932bcd4f0bd87169856eee1
train_3233.jpg,7c38a97286c27f8ab1df11af8313ce22c7c8bee0905d1de45d4f5ca899d57771
train_3234.jpg,44e1e90bc9d7a0b41f05c6ce947c114e663783e8c0c6d8c85503729615975038
train_3235.jpg,2832d18c0137b81a7d8bcfd12b79359c6b0d027f5a1fbb9d63bf18aec662b64e
train_3236.jpg,4bbd61e4170d33a08d65ecb854c464dc639e9bd8b5df071e147609e16455900a
train_3237.jpg,a313e65c771d39871111e53e21625ec4a9e37376041b7e4fc46e3ded0c0dc4a4
train_3238.jpg,6445a5328c9d5a54df04be868323d0852a4509a5825b859baa7b847257dd18d5
train_3239.jpg,a3339f273c5af8b3ee97aedc777bf5cfe3687665409f49307539cb2c2f822fb0
train_3240.jpg,967d237117d8e0dee7cba56cdec71b7ccae7afc8bcf43c0e795f4c0926313b8e
train_3241.jpg,d42635905749909c8d331641d6d92830f06d56e3d19288a6cd4a98054ca958d6
train_3242.jpg,7cac66419c5cce577b83f813e5200ef52cdc3cc086b0e996ee6b9e3ba444f2c9
train_3243.jpg,3f6ae8ecf55eb1b4725e43adc7fd99a0999c94e06caaa5d0ec5671c616932a88
train_3244.jpg,5ed4e622a8880f1286d9c65df46cbda4643a14eada24fa5a2cd301629b97450f
train_3245.jpg,56f5dbfd7f9d4034c29fa0348d43b7e22555f9f2e30626e628a6a0952fc560c7
train_3246.jpg,18834c6a715256bf79edac7f5c4e552f3eeaef5e0b07e6b75c4bdba121b04315
train_3247.jpg,2e48ec06f5e6637cfec306621fb6aae21192b9fc573df8ac3fd7610032488b29
train_3248.jpg,e44c3bfdd4f0c1aebe25219bfb9210e213c0ba7cfc34f85c0df9891df33f0a1b
train_3249.jpg,79a5d86da59299f1ee1703fec43a97c45bcf9e62f9f953b3daf87807cb834e35
train_3250.jpg,326d4d01ee2f4db5fea3d1ce2beef188a3cc8de819be0e14c7fd7a4325926061
train_3251.jpg,9b3d17a05c83739d3dfa9b387221368596a5ac50c56acaf4129ae4320f8ce466
train_3252.jpg,446882b8d094292afa900a285e67eb88815233714c9d86aff548c21cdddea6f6
train_3253.jpg,0b59317ccc146007199a77f4c2bd5b961246db6b743ee148404d9e05eb95ec0b
train_3254.jpg,57494d5a10367a667a2717157f38b475192c67f8d06357be40638c9689348def
train_3255.jpg,7ee24ea17b15e9219a7636495cb84ba149e8132bb4385ee10ecb05c85cf89537
train_3256.jpg,660239eed21e9fe6db5323b7b53a17a01665f7d6e06e5c2938b19431464d1b1b
train_3257.jpg,13ec04e6716480d8d04d85a3855f1fe63c99cf8f41762b5992cbe52baa4cf5d3
train_3258.jpg,4d7564866296805b5ab6c7de86d00bccf42c7db4fdb5decedd05eb08b377cc1f
train_3259.jpg,c988f74052662811624392204ed2dc84c53552f131b4c79bc2cfcbcdb59091e8
train_3260.jpg,24140877b71ae288a250e681035394e1c5e40aba2fb92a572b876dbe1980594b
train_3261.jpg,4e49ad954ce3918ae6c0f6cd300c0f576e558661585166e86a8cb698ade9bff9
train_3262.jpg,62b6261fd0f8f498e38e2b3bd22fc1bbc5bef0f014466af10ba8379bb5dd3df8
train_3263.jpg,ae7289ae247fc8e768e77d9bb48f0e7e0099cd2b58cbd81069f39a83a26a6bad
train_3264.jpg,c8720d2989c2f7826b946fa1e066bd55ea08fc9959df894a921755a4e4e59f08
train_3265.jpg,325a67c95fc4dcff4dcbafecdf660d1ba29255bb2ec65fe670d1163bd01aeadc
train_3266.jpg,b1c81f376372309986cf4b37000f6e0f0dbf6f7468c105e7cf33425c1c6a4ec2
train_3267.jpg,edfd59e1a7cf1a1a3d5915884e6d36562ddc4e0e13c67c10195b3e31b32f31ad
train_3268.jpg,028d8b15337dfe9e88beac0a3e95e6dca30dd4ba085b99559bfbbca950686d2d
train_3269.jpg,00250263642099cea4e7a69d09296ea08f0624a24cf759612addf00ab2870e90
train_3270.jpg,1318d2ebaf4c5251f54f3685930c191aa57556d04195cce555d0b78ff9eb3623
train_3271.jpg,2557e328e2a03d74f9d4e30bcfee4e2cb0c4962279add7d9f8b9f8ff6ebbaa67
train_3272.jpg,027c59977ba202dc60dae9efc2467cb0a5a1dc6be1f59fb965a699d8ff9b62a1
train_3273.jpg,5a67e70bcb814a053b662b5679649dc42fa83f126c833d0dbb4f620bbae59ca9
train_3274.jpg,4977809faddc2ee215582b0cb24294fb9b58a42e353d132a2a609f3c075c686e
train_3275.jpg,a84381c8d3934aa51490acd208d87be7cced40823ce26d8dacf8279120476566
train_3276.jpg,c9f5838f5a4bb832735b4e99a58843c04bb4de09da1dd9b241294ca3b242dd00
train_3277.jpg,889963901d0eccb7977a893cd0c71e08f20e1d01ee31dd759d11c5758ed70400
train_3278.jpg,e72d7f89507fbcca561d228579e3b1964318cdb3aeba0f52571290ba0468af15
train_3279.jpg,d9a7d2ea4d7abc72acba4ef91f0173a5c568421a962caf42559c4aa1323d91d8
train_3280.jpg,2341b51b2f97a6ce792a4d16736bbc6e624b705b1c3c27419395477ee59cdf59
train_3281.jpg,43238920e450379c401aea71cf5f76da200472ddb24809ac77f1024f3e8fc7f0
train_3282.jpg,88a3963facfe78d968cf4a2c29484463be70ef022beb1667e1347d2c042c7fde
train_3283.jpg,b20136e199944cb3dd097b35687e853df091cbed800d4ef1bd1552bcacd0f166
train_3284.jpg,a97d79c9032689187d418f27d27d96a58bea34f1dba7a1d8114a936237e0f785
train_3285.jpg,521b121d9770dd03ea1e972358199fe8c9133f1d2aa6c87e7b6d9a5480adba9b
train_3286.jpg,e8946196f9d8ba3758d3335c50eb5626ad7036f0c46debc75e76cf0c576eaba4
train_3287.jpg,dc03ac98446c9a424dcfe3d6c47055fe3c3fd71acd9b6b32abe431e143b7ed13
train_3288.jpg,dcff7ddd2fc517e619f8acd9e93a8d3002b6f00f0f9deb47b1427c88d9e2e9da
train_3289.jpg,0948c93e8c8dcf81eb55775431a7605bbc1f3b3f1b03771092f7e37dafdcfdcb
train_3290.jpg,936b52a8496e39367d3026f79e17e62dff7abb12fbca7efef10886d51b352634
train_3291.jpg,35602cca88b0d25c0296852b7d5d092306ff3de1637ec9f66eb11c12c3ccc57c
train_3292.jpg,6a7e9844baddcbc6761a6a8ef4da9571fab7c6c4bcdc757af1adf0baf9aed63c
train_3293.jpg,f174cfa094a16de71924a5b4a4ca8a676b984c93c999eb9e2b27ea52a6a50517
train_3294.jpg,a73f3995207f907c63e6216a65857173443d7a06dc5f5588a5babd90b5aaf29f
train_3295.jpg,7fa2eb7e4e1d5e38e0b46204a117ccef63cbbb31cd61faa843de919eded13a73
train_3296.jpg,e3131bdf6c7f3481b65bba748e874aae5b7a60b61babd1105d5739fd30e14f15
train_3297.jpg,8197d44ed01bf027f47cd0776ed11e5c6547ceec8276b513f8a5a318689b79b0
train_3298.jpg,6494d309190ee9c59685d2a3451385e0081e7d5cf9fd106d679d5aba27a0a84c
train_3299.jpg,62ad195ae3127bfea60b468a6fc1ae857c732da6428c3fb887f826c975c52d5e
train_3300.jpg,52011718fdb1e828d2256defd95c28aa86bc13dd1f89c92392ef97640e844072
train_3301.jpg,2fc65c835c44bf9faebb47bfccbbcd42a35dd828a761d8ac24d1cc44945986c4
train_3302.jpg,1f4f9273300aea2b7e22cd27f15928ade25a843479bafa9dd98b75f3a61fd5c5
train_3303.jpg,e525ef59f60fd93910497c64e1dd363b565e74bfb9eede6cc4f0bc806280779f
train_3304.jpg,247fafc17659f09694a7bcaff6f27e88dc1a1a89062c17791ba31cfe35af4329
train_3305.jpg,7da95291353286526679320f8c2cca017ef4ceb2c670772c858c4d1c3cd6108f
train_3306.jpg,89053a5e52e57dcd8be24ca1885b786a02149022cb670b09b16c62a36831c7cc
train_3307.jpg,ec6d5dd85f2a7229a6359f54c947f2173d2627fe3e3413107b79df48fdf3b50b
train_3308.jpg,c76ed5fdd1109eb3870ad94cdde6be93515c535ac2d23220762dcfdfa6f1886b
train_3309.jpg,624a9b3b6056476ae9e50428f357fcadc58aca322f047fb1f51a07ccae51f40c
train_3310.jpg,cab99c381b4b0af45c176506cf660995369d4081c8f3accd7abdc3ac1839d314
train_3311.jpg,d4d01252b74824f50e618062bd81391284f17c43ee98b02f5a7dcc6397147f12
train_3312.jpg,6d5365b913bd69358ccb9bd8421555ce25f22ca12e623309104207bbb43ddd48
train_3313.jpg,03231648a6417b39ee2477d5a2fe725aa09eba4b9b618b4e2e678c387e4b51fc
train_3314.jpg,d9634f8e095a61c74c631cc13919eb10c8d7e66fcbe6ff36ca1d01c66b8f3ae8
train_3315.jpg,2c2cdcef0a2cf95f8d47577252c7b966f5bab1efd9ee9db923d74434d69e6f49
train_3316.jpg,e8c76b3893237abb778df91192844bd4dc5f69475ca22d8c8d67737581997de9
train_3317.jpg,3834ac7277d820d6584889c9bb907e193be4c16c2ae1a99e7b1b5d9372949065
train_3318.jpg,763e19caa03d1f808b16d0b996052d04f8f83920e60334a8efb070e83961ea3b
train_3319.jpg,bf0975e4665f73b94166d00971afb02dae6867a12654cb35cb64970d9f563d1f
train_3320.jpg,5a93855f30c75a7ebcc965a4bce9e2a35bab2c89a4bdb39b09c226bec1018980
train_3321.jpg,22b46114d4de72d33d912da1d7f1945c4695fe73901199bb3a7ff6c6ab714106
train_3322.jpg,ef8a8d7ff1ee981eacbfb6820194b2799133f5f12bdfdb99b364a6627ac17c03
train_3323.jpg,00d6b098ce2c5d14126c63bf0b098a226fc46ba2e89f089b099f48fcf49665e9
train_3324.jpg,1c7041b9337c12c602abd8a49190f4d764758ebb19325b76d2064ba07d49d734
train_3325.jpg,ad4179b50aa1bc68835f76b1e324fda30d9988550f4aa3545bc3c304a2dc10bf
train_3326.jpg,09cc209ebcf977aa298aa538b0b9f819f0019a57846d2432b757a8c4e1f82bed
train_3327.jpg,0fc8d416582e798afcc6f1003f21456f752ff7be8a60bb06dd0c5e2729e51a0d
train_3328.jpg,b96a944dd9609e5fc89c192a988ed03db7fcc3eec4afcb8194fbb2de250d9016
train_3329.jpg,d01157de48aff87c457daef8be312db62ec039b52caf112253457a78133b0916
train_3330.jpg,770fc5c58a6fbb7ba6749a2277bc3b4a1e6cdc26e328e412e726564efad06fe0
train_3331.jpg,4f1b005860e949e6a4104b64edff274b27a85ae486d8394e328aac5d1a63631f
train_3332.jpg,e610e8507d832c3c21ae751d90769b2c2b5b82f9c7381ab26eb942104fd9325e
train_3333.jpg,79a7b5cc70d4f775e2113816875b4425ba9ab2d37e1702e206652c2b108afc6c
train_3334.jpg,b397f83e1c2d69dc14839ab1a4d3a50f2a2a2944cd1a2a581f03b8fcd99fa64f
train_3335.jpg,89fedd0d540b36c6f6bf96071803cacc4db3f12f1fbd66be3b16f1f0f4755843
train_3336.jpg,5f012e2f8f9f065971909a71543aa45103b978d935f451b8670b29f9b5d7161f
train_3337.jpg,34bda13d868fdf989a5d07ba2af2e9e1faa6a906e0576debedf0baea4cfadb56
train_3338.jpg,2a33e8f850e2ccff35d8db671ff5cf1d6aba17b6106ea7af1c3a876ddb40a4a4
train_3339.jpg,d85c652a4d26f3205d47bb315bf63ab8751207f56a2f63491ea950fe7669ebc9
train_3340.jpg,320757c46d5bbc381a0669d9b25078e6b1c323294eb91e474ccf5204e788ca1d
train_3341.jpg,e42c937c3b2fc1cc88ba62912287cd7259124778c826765f24352c57cf1604ca
train_3342.jpg,d9f83f5d64645a2269d516063fc237522b9b8ff0a8c57f8610b384fcc2f40349
train_3343.jpg,207e9a856ec237c91aae912806459e1347669721dbdf904a050a16c92aa03b32
train_3344.jpg,96e8b348f8dcf93dc358a08a7d43922ea10ceb3305c683b18439fdd37909dd43
train_3345.jpg,42a5ccc25ba040f9da4fc1a14cfee90919e2a97f5a0e05b8e90022db4de5d718
train_3346.jpg,5c373a069f73c57bbbbf3c8195eaed9657a8cb2a5750faf0a5f34fb278928d31
train_3347.jpg,61bbcacb9b9dfd651f92f57c40965eea88085342e535125dcc14b2e6de4ff9ba
train_3348.jpg,4e9104e73834bd8a5f53d6a9b46ac39b62464fa029435404f25b44b744746491
train_3349.jpg,c97d328ed8289703c1881a01fa21263ac9cbff7d18676ac44cc2aae10eca4cf1
train_3350.jpg,071deec02cc5739a2db1215a9af89488855ca623a86f413d8b68d7536a4cf21d
train_3351.jpg,3597c8694d5076798b8a7a2e21fae8c2d813a2b3388ed46572c7c39278f6b3be
train_3352.jpg,4214782c0845bfcccb4bd40beb76eabc62890884175cca3b9f47cefb12c7cb31
train_3353.jpg,89045c85c5b9a2d60b32d3af6683cda108b0f2716ec68bc0f5d54d6ca7aaff11
train_3354.jpg,f4e467d8e52ad3f86f5ee9826272ffa0c04ce303c3aa18e66c4ea1e735b357d6
train_3355.jpg,33052f80a0598e22f06b20910d94cc82f9b4bff24136df1ce24f5a353d5b07d4
train_3356.jpg,716e1d9db46b85daf9dacf5fa7882d05054a194e2d18274972dbb9732361e577
train_3357.jpg,8af9d7577e39adc112f99cb03ad3c9f4c8e8601654ac2ee42e9da698eb42473f
train_3358.jpg,41574cd72f8573e4ac3d34aafbd3ac91fad5fbadce94180f67112a19e2797ff4
train_3359.jpg,88d20863b10d216d116f92bf9d2989141dd4274eccd17809eced1e33029b45f3
train_3360.jpg,40c478a9eed50f61e27e94a0c3b0810793cde95effc39d3088457f731e258751
train_3361.jpg,e940095380bd56c839a74af4a43274f3a23a5975a1e7586fa2ebf9f4c8e78f97
train_3362.jpg,961e7005eb37d2021dc6a7205fb67ab315ebf56f5b27f41595f912af10ab8f5a
train_3363.jpg,ae7b57d721093ede680a7466ab1c851597ea7920144b8a27f0f7077df8c23874
train_3364.jpg,4bede966f24e5671c0c73331ea0237339f85467b578709e5e1313ed272a471f0
train_3365.jpg,4cbd7035a3beadffde667a585981f2fef1e4f3de426bca3a0b1fcca5a63e3099
train_3366.jpg,539aab6c5cb3a36f3484e161889a5fddbf644931b78e025d3027082d7a8385a6
train_3367.jpg,f65afcb29ae80314bfbca13ee3b0aa4cc0947463b650bf08a76a346fb6112478
train_3368.jpg,60d0bd1db72d3e80be9799259d4435a33d8deefc8e4efa7b5066d33873c7eca5
train_3369.jpg,b95d4ed3988eba7dadc592abb73b2362112cab101e245594d5eca51957e02d5a
train_3370.jpg,1345714e0be213ee2a3ad6869aa2c0a4fe55d6da2455442de4a51ef8d5eac2c2
train_3371.jpg,dcd58255f8e3fa73032becd80b374fe248a6ca61b67574fc404d000c30dd375f
train_3372.jpg,e8902ca97580d789887faf19fb4663e064db4d351e512aff74d368806742b3bf
train_3373.jpg,9a699f864202fda2da85973e3822484940ba4d898c1ec0f92e6c08e93f94209e
train_3374.jpg,9f5afb3d3f8871e3c85244f6027df99eac0d1476377e7a5ba9549df73b3ddcaa
train_3375.jpg,c46a0f083fe8b6861ff459632677e514b0bd82d257f90d67cdd89d3f8ffa1cbc
train_3376.jpg,778c9e232558e368be45951426aeecd81cb23539492335885ae3a84eefb1e764
train_3377.jpg,babea47d04ac23553277fd59c3f9cda6abd05ecbeea3e1d79e5ef570c1792861
train_3378.jpg,83dd9e9f18af9573bb428f88611f886483369a75a8fe8bb63d51c543f766b9fd
train_3379.jpg,c0bf43ea79e2ae62910c33898a4fc46193317637a9740d9182ee1478d6a9c56f
train_3380.jpg,e9fa6cae3196627400668de4463673f33754e9fdfe761c4d8896111f04eb16ee
train_3381.jpg,6feb536480e22c0f2c16be0edfbf5437a06c161c4414015c9e4d8bf1f52f8ed4
train_3382.jpg,3a9f077e4d87696ae6ea72d098a7f47273d594e113a144312ece50e6357c83e1
train_3383.jpg,b37ae1ec6584f3201be4c04044790d25be8acf7244d61379aa7d933b91f4de14
train_3384.jpg,0a17801abf2037a251df777ff338bde5aec751b14c8f9438e66ef5da6eeb6945
train_3385.jpg,68a0b2d624842e19ec84e4cd1c6024af43a83f0394aa1b13cc2eb4a1734c6066
train_3386.jpg,748fd724a394998f3632cbd7a3b060be29d761e8c24e5589b474c7d7cc254695
train_3387.jpg,a095ccaab4b181a9c64ff027c2ba249aeaba4638b20b9c34f23f6637f552f510
train_3388.jpg,c27c5e8edaf6029e4506d3d2aec21d40195a9dcd0dd552813a28c214533d7bd6
train_3389.jpg,15d305d76c3ae6014aec85c9e585e810c04e52ce5a6d26807816fe145bbd9d0b
train_3390.jpg,45d4cc5d51f2182248bb382a29332601f2a685542de49d4a915b798b2efd84a7
train_3391.jpg,5cbdb6f96c823acaa6fe7f0331cce2c863ddc2f332e9bde0b67c4c7435506827
train_3392.jpg,e9bd4939d44857e94559cdee1bf124c32bbafb45c17fc0417b2f2b2b7f04cbab
train_3393.jpg,c480a91b7a860421b67b557823d335e3a5e559e692909a38e8ee859ece4aed26
train_3394.jpg,8106353421e6ff60564a771d9aa51813ef7bfa4c8abffc0d52826b3ea3397642
train_3395.jpg,a1ca1b1793b03b5e6e71a716e88f47d766578b66e000004647ffadc5a1d40135
train_3396.jpg,889872e6ac70cac6d9ade03d98ca896f8a87e969744df558cbc62792ff01f9c6
train_3397.jpg,5523ef0210663d5dd6b11cf8975c5bb812a0ed5fcbcf19ec67aed262c4a6517b
train_3398.jpg,f268755b600da874e94a3334dc2790b3383317e98126bef24fe51c7f975c5f3b
train_3399.jpg,4a4d1d6da2bab35b2a2719b750d4ca34e01080f1aca4c570c859ebfe4daf3dc8
train_3400.jpg,8870af5fe4d8496976f0b367d81289ad4d128e8cb8b87cc258844a200754a57d
train_3401.jpg,97ddace0f6b194b0e05346f8a3fd94121b2f026cbb6ab5cb5c95009b8b7077e3
train_3402.jpg,725a110a9d873c81b7fd52dd1499184852b4922ef45062092082ff8ca879b779
train_3403.jpg,3ee3b16b20610bdcc275badbbb4b19c48f5fbf0dd3c37f8bd51dee8f0908316e
train_3404.jpg,531e36c93d36c75bc74d984479dd45b8aedb52cc34622eae7525c1790a2fd439
train_3405.jpg,28f790bdaf4c85587ca532b9f84191e182ee9729b2f4fe160451674a0fe0c29e
train_3406.jpg,92cfe77614db4e191386df519fd033743b45077995f604b4edbdf39a3787d549
train_3407.jpg,48c23c643abdd7bfcd36cf0ef1e01077c30f1045be0135b4ea914bd2d77a6570
train_3408.jpg,598e1ea3fa5475fa91fad70c5d493262efeaaa116d7773520fb5a2bc75486ad8
train_3409.jpg,a986f44a0ad52f1aa913c951617cdcdbcc6ce27c814b32aecfce4b31558aca71
train_3410.jpg,b04122d4fa8db60d48c3a79dae5debbbbe61e737d19ffabbab093acffa84a38e
train_3411.jpg,5096e77e931e856656f38cee4cdb5c844ac32d6eededa1384ba4a590b829ebd1
train_3412.jpg,5c8fd948b17ff1555ed81b74a5b063f12b16de6c19e3ce96fd6eae9e89b35cf2
train_3413.jpg,a7c4c1c5cbd2f94b7785a27b16a134cfcde32e2bd59f2c8beca72bfe4799fe58
train_3414.jpg,66c7794b54e33a39a6d35426c92bbf3860d17e9d6beb1af54b153a86e79c97a5
train_3415.jpg,96bf89881d595d8c987f0e0bdfd381fe932348e3902fbdfc6b0bb3f9475b932d
train_3416.jpg,e6d8ccdf2c346660d0a18a0ee5bd42995729f4c3a7a0e1483c125590519eba0e
train_3417.jpg,e42e64ac5e36c121349659cab432159923a2aa915b0ee2e2196a4c42ed44853a
train_3418.jpg,cd516346a44568a4faa155ed0a1c5dc60c02f11d7e128d226a46fc9130bc22f6
train_3419.jpg,112c528861eb73cc2f0ff8a3158e7282481bf658d62465af161660cf078c3b00
train_3420.jpg,3642f4aa9ae5a35074391dcd5ea27560036edc12ae309d3afc6fc02f0d33a2e3
train_3421.jpg,75c8f23fe2e3b7621b41b52c0f8b202115c40a3eb7192bd0c0eaf1203efa1568
train_3422.jpg,047aa81ca6d349c2c5586dca9366341324aa2a9e86dab72a54a25b1f790186dc
train_3423.jpg,53f3b811cf709de49edcd1a6b3d17ee465bb77d72ecbba64bd59aa0a52973934
train_3424.jpg,2b0905d79b14d6efa8f10a6fee80d1a10203de6ac82e573906407590f0865380
train_3425.jpg,f77e9c5bbfaba8f0bcf76bbbf1b076d3bd4e7b44b12992086a289884f963e356
train_3426.jpg,b782fd5252977e9d94253176b7be1c023e1e0f94e4287e72105da0666a332916
train_3427.jpg,6d7e39e09b26e0477d1af37194c894ed098a5b472ab4dcb12d1a625b2eb9af09
train_3428.jpg,0204d0ecc85f05d490e7be2cfea92e94bea91dc94d11ad8d1ad131a596e53e40
train_3429.jpg,f6246ab73c13483b5b1894703ad77b989051f01d5c228e26087904e05ebcc185
train_3430.jpg,ab2fa8cf4b396f3b971d8dba1ff53dff3afb47e98490093ee2e2a55d31c73b45
train_3431.jpg,59e53589bec864ae4a5acb74749c6dfbbf0d6b2ebe3a683ba25d6347bbbc9cb6
train_3432.jpg,03294df1f9ca9f68032dc06ae9c743acc82f9aa0b6bc3043d7c3a00a648436ff
train_3433.jpg,6ef894d074fe90a400e8346754e23cf1290574909fbc6ec9cfb7353d35409ea9
train_3434.jpg,dc318f133b63d28caa1eb70537660d90ba2f56591b4463c4c6f1d3e0dfe2f809
train_3435.jpg,a556cdd26f3b5bb7a006d0ff6f4d4b616ce6f75692973881503c9159c783ffe1
train_3436.jpg,e5f6ef21633402e43f71e9e39771ddd519cee41f68e3bfbf6525b69ebf0d0b07
train_3437.jpg,546a9c353a73c29fb85c886aadb3560db926f2a3bb3ab6cad25c3508037d1a42
train_3438.jpg,f98db3061240ae205406b2705f777e7b12711a3346459689cdf5c9c8febe65f9
train_3439.jpg,9c5fb179b3acbbc03780d77f723e1b9d70a2ddf3ee30096347e9984882789378
train_3440.jpg,3eb0b41fb745e5f486c7cb2a8da16ee413e91485880d986d5cabee2806e9ac73
train_3441.jpg,67069b626a8fd654dd63e489fefc6b3eab0f737faa4ad67e98d02771029f3a9f
train_3442.jpg,d3877c097014eef8a8c82b3a431ebf149be36b3a4f094d921e22c388cad103e3
train_3443.jpg,0c0789b9f17b2eaf41de9b295dea3f04af1ec5093fe7607e5468d567bbfda420
train_3444.jpg,11705e2dc9ba708117f7523a1cade7674c949d5d248c6e32a9ce74f1af681201
train_3445.jpg,734eb3285981231e14abf1f7b4ad2131e41167fd95584fb5a2ad567fe1c6324a
train_3446.jpg,421cbbb104a629e1741272e5534cf47b3b41665fb8667f9066e92a65fff9feda
train_3447.jpg,97f95884da20dfb19016f823ed82740ae6dbc87aa6bc9c5975e877619273354b
train_3448.jpg,8160fb5fff4ad64fd38c8b758948a381a454a19dec6d23bd8e4c7878ca5edb54
train_3449.jpg,902ce876d02287c5d0dececc7d6a9ced958ee3bea7a82d0fa4298bebf6ccd7d0
train_3450.jpg,acef15523a0c3d623b055555c594aab321983b41ae0b76b41872419c3cda5dee
train_3451.jpg,d54ca8b41d1b58f2cc4e3a1151b8abbc59fd954452906f0f4e0ae03382b74e48
train_3452.jpg,2d3f2c6acc04c9964335ff6fa94e8a82ab5082454d7d36568e142ca72b424bb7
train_3453.jpg,c4edd93206e3596ded71196b2d96dbdbc8dfa6e262292fea158e6c5bd87d1081
train_3454.jpg,56f074724cf21482b40f20c9f2c52068a36b9b16e78f47746a7ef2219e8014a8
train_3455.jpg,811c823442dd19d4d706ad9db6e03572c34c467759e9923042c9a5b9424adc39
train_3456.jpg,33103c97de8417dfc43ee02f947c017bbab9f8c363524fabd3492734b71d4a64
train_3457.jpg,cc8259974c985a97eb5f37dc2632d59a966fa061ab7e6128350ac77eca80ce95
train_3458.jpg,594a4c2a48d7a2323673d55db33f575d7a4a6e92933156fbf4fab75ee8df66b8
train_3459.jpg,26b65f41a8d4c6bf096372002f65d2f6be2a3ee977f4bfefe2fbf1d9417e4048
train_3460.jpg,3970f8ea68d2942ef27d846e877148307d03734692e439bc71c7eb2bf12a3c06
train_3461.jpg,f714532429ebf0ca321799420f8412817ff07f93cdaf023c29f5820fe8a32e7d
train_3462.jpg,d981a40a07b54cd44af8ee004ad912ceef8c221807e748db115f4344497c1f3f
train_3463.jpg,171190941547722ee81ed174e6a39bd5a5fbb79bead52bc7d9b4a4e3cee9bbcc
train_3464.jpg,981a8ed4ab94fc0d7338f50b68bed4346f3c8f795c3658c9c84ac58a225dfb0f
train_3465.jpg,11ddf6c95e51383d7919295480e74b43ed01812e86a417b3019d3ce8f2085e9a
train_3466.jpg,703cdb0e77dcc99be8124e4f97fcf6aac8363e56bff035c7885446f0ac7c7bcd
train_3467.jpg,c005cbfafc61f60372aad5f6fc0a313305d9804b558213ec251743ed73c3c1df
train_3468.jpg,a97dd8b22777c2024aa7ce65daf72816972067902661f63eaad7828f9e8bd405
train_3469.jpg,282aaf6e34db04dc6e47d155e799da374d8808c389598aa05f3123f438f6a0ce
train_3470.jpg,87e0a22a891b11f8e2579a2f588c5643ff69ba42170baf5eef818cb6599dec30
train_3471.jpg,d2eea4d79e8fb17038452ec4e55dc1169aa012cd4997e4b27f757d8f916b6491
train_3472.jpg,ea786d1bf57c39e27aeec84f68e6772c065489c17e2fbf2da92cdbc321eeedb7
train_3473.jpg,8da60324ce55c99489554b758ed2e6e4924ad2599b376abd3bd863193d23879a
train_3474.jpg,4c365c0c41e1982895b8622ea4cdfcda24e8e64b11e91094f87fd178e716a5c3
train_3475.jpg,5b821c01d4a2d99b47ee36c1f65a342e3d56d64d037aebf8d6409542699d001b
train_3476.jpg,9d45458506d0aaa1e57d96d409b7d168a895c6d241341938ceba10186ea7a711
train_3477.jpg,e9fc538f917a930e6ae1b7b6e23c4cbcad07ac40e2e21aadfd01ebae5611e5c3
train_3478.jpg,2e116ea980868d9e03d8afd1472528880e9065223794e5eef5f7625c24fc68db
train_3479.jpg,2f949282904e19d39a90e8768399a8623373e3ee854e0a364b3f6d5a03e345e7
train_3480.jpg,16c4f3023cfab61b5cc1b6c383869d3a262af1ecae866b976582675db2c76dbb
train_3481.jpg,21219769f64054724b431332e62909164bbe92f79c2abdfad690af4ebf5c2674
train_3482.jpg,07cb06a3689d84cec72893a396dea1ea436970250d63aef4b4d8901fe4f7503e
train_3483.jpg,d3cd319e6d9a92c078bf317f03896e9a0753627d9aa1bb7430eb0060166a21d0
train_3484.jpg,1555a854e664237141ea503ef8b58850c14cf9a68bcac7e600f746e1214c11b3
train_3485.jpg,93956854e138184f2e45f3ecee792286632e2693626d4e9b81ee925ea073edab
train_3486.jpg,cca131d1768495f1a46858387f18185959ab4da25308bc03f9bbf205f5539482
train_3487.jpg,f4edb0f1d30a95762687ba2f0ac224180ace709e5cacefd994966bf71f13fa68
train_3488.jpg,07344417b4cd4898c3d78e84764f36e74a8f70ccd413c7a432ea0b7b10dd8225
train_3489.jpg,25f87ca4679ec751ea53b3f68fd046fc688b6d591c1402a3fb0b29f30e45e990
train_3490.jpg,f9abf16b490454973340aa12068f462c83055b6c1aa66f8be9724889bb752491
train_3491.jpg,da800c7c346b9998cc95c1f5098062d7bf54e46fb71a0b7fc609d95779413b02
train_3492.jpg,be2e3c0a2608774405147eae1350c97654ce0b49307191f5f9e90b1fa2517471
train_3493.jpg,e11450e6194c2b1817d7d918c7142ae89e8678f1302bb3be2b9009baf01c09f8
train_3494.jpg,d3d632432adb64aa0fdf5dcbc682080e7792b34fe81da42066dcd3568f91534b
train_3495.jpg,8e6c2fca352cfa68dd5aed22bab169f76c4c906fcd74de7a2e786cd64b5cb3c5
train_3496.jpg,a38c027c2cbee3bc514e18f34a9b394c8bc53d15937e944adfc72f22721aed6c
train_3497.jpg,dc45c8191120131b7122a45babffedd9fedea4eca82a3df5a9c5a4f8a268df32
train_3498.jpg,3a6f8361fca5f4f7b7112592ce25dfc54c887d94ed3b1d55ebeeb287d42d901f
train_3499.jpg,d6f701d2b2575ecad7e2ed3b490a56475a621d12b4299f3e1b304c491d3a83de
train_3500.jpg,6c7a47fa95fff3e238d2ec18903759989dab96e2ce835cf52dad0eee01a905ee
train_3501.jpg,be4e8a11049c943e90effe60c351a5fa6a475718a30f71f2722f1023f39ebf53
train_3502.jpg,cff59abfcb73b3cfaabdc52241645381555b4492df046995919f43ac47d34727
train_3503.jpg,573044f5fe9f9a4659d599352c7b9cb86d3ec80a03a9600b2e746e8cf44cc731
train_3504.jpg,31398994467ad3df6ad592e6703f04f6e83088d159c369d3dcbdfcbb51ad30e5
train_3505.jpg,ba39eaef52cad5a36d2385bf0b713bbd58ec88b354b889f2bc8341cd27812c62
train_3506.jpg,7c7403652a0c0774da53aadd435ee8ed8161ec741a44591e76c5cb734887093e
train_3507.jpg,84b860edeebf36a55603c5befcffc75946eeb0a3870aca8176b070f04425b2ff
train_3508.jpg,632349b12d74fcc2d86b9b9ea667683898c5dfc615d66f66850e840772626ae3
train_3509.jpg,a9f4b2ef8b5d2b2a3cf212f7f72aae0d667e7cdd0c8f6c0a5ea81a80cff24fdd
train_3510.jpg,04cc450930256954411df142ad6b1746196fe5c647541e4dba677c6777353a11
train_3511.jpg,231c501205471c5abcc0ace64bf2ece399bf821bef8d1c841302ebee2b617cec
train_3512.jpg,7eeb96783754177df2232aba250582d92c8f725ed63a1c029d153cb071e9c2c9
train_3513.jpg,5acc8feee3712f477a8887dc8b21fd0bddbba2890aa02d124c2ce03455b80da8
train_3514.jpg,d8a12559b8567238e220d3d6ea2772e805521f5eb4bbd6836c3dca2730d741d9
train_3515.jpg,0f76d5a1ceafddf7ab49116b5c3c6f9460d92c1436806469ca63338b5edfb854
train_3516.jpg,3adb5080b95ab565cbbc5b271d5919f9c2ac4f59a5475cdacbd23f3f7ba1822f
train_3517.jpg,50ffe95dbce62c3359d4f375719bbea87d2ff41cc89d6fe0777d5419cfbd602d
train_3518.jpg,4599d6b1081a5dadf8347e6451d94d41de5da44d706cb14e6ed1de0b398970bb
train_3519.jpg,0ff00f6068c11cb708e0458e77549a3991b676f5c15e12d99e81bef60d9d9b06
train_3520.jpg,3c4118bb3c39bc4c9d0a246e3142e21e7185c9aead918e031f759a4370a72405
train_3521.jpg,9d4d6c453f5ac987dad5e4965b8d6faf81e5071bffe2d4eb92665f2b4ad48067
train_3522.jpg,218d148f1362edec0395dfab8b95f7e4fcb89f9d82718bf2e4eaadfbfc1a2971
train_3523.jpg,b94d11b17abfd0099c6d0aed689e160781971fc9765852e076955276571950df
train_3524.jpg,f4d32da00b7ff2496db270f61da45384e169b5cefea35f7b3c4fe4812d899949
train_3525.jpg,4bc89026fd386bc26065a956897858493185fc9920c4aa4d700f42e66835fb28
train_3526.jpg,83ff7feb6874e81b5edf88e7f681a3d1971aedf950970e30631d29b2cba4eae6
train_3527.jpg,3e73cf1e574bdfaf4b1c16c3df5e34a3d0b19fde502c4e1016a8b02b3da264ca
train_3528.jpg,33a609fba473ac8cbdd268171709225d152cf4192f6c8711dab784bc6cf4ea89
train_3529.jpg,f5debd6b0f415f588b2018a16320f34d62399a4538cf1ef786307d656bff83d9
train_3530.jpg,36e36f54da3502c56eff9a68a90af6e33f7d103894ef7bace033be30b304a0ef
train_3531.jpg,669c47200256882f18ff48c337b135ad219c9f6726ef88245d8df58efa2888fa
train_3532.jpg,edcb83b36c1c14799de84b338481e6a8224fa06d07007392705a04159507c272
train_3533.jpg,d074157ef65e290986244d30f32d73b137b8a188288cfa9e85ed288d13be4621
train_3534.jpg,08c1c6a6b6d974d11158e3e073a8b33d80dbf8e7bea4fda933c86122ba086be4
train_3535.jpg,2ee88c7ac848ab29170c2884a3e61a89acf66aa8dc3f69ef69a71230bf5337cd
train_3536.jpg,94af012e956f61e7f741b3c93171bc9328b7e1a26f2e07dc704c3210acf3bf9f
train_3537.jpg,658797a628b7161fc7d3e6c17b6d5ebf2b7fd2d64dcab294e229bcebb86ea01f
train_3538.jpg,8bb10c0f6938f84330d85b101090a596f2a2cc2cc7e5ffdffef2a84929e53d66
train_3539.jpg,acd965e910b65f06e3cdb79324435830400b9b701d12b60e4ac14e65e4733c09
train_3540.jpg,14d77cad986f7575428a37a3182e921b1b38424cc37471455083f4387ae901ad
train_3541.jpg,c20e1c96fb19480b04c046fde87ee9adc04ecc94774e394b798de63067b06df7
train_3542.jpg,85a93c58d7093132d2657efb0c0c319519617929ad6cc065dc342dfdc3e8d131
train_3543.jpg,334e68ccc88fe7f12a0aaa913e0d46bf35cbb125c5d416ac4bd955e95c31f839
train_3544.jpg,efba6f37b5af64c21eea0e285e00b646547d933f4b306653cab57299b60191ff
train_3545.jpg,08c4cd45d1733466d6c2c22e6e526c32c0ee4e20b4e309004cf2d803d75b5a62
train_3546.jpg,1429511579853666bc6e4e2eb70a02e4fc5810519336f0b04bbb5bfbd47e3b9f
train_3547.jpg,4573e42ed14f7770378f1aea2fb007e10098e0e2559fb2d0266982a36b2ef3ce
train_3548.jpg,d3167bf0cef894d9247d1ef78fd79e1f669dcca72434db4211ea1057a25b1604
train_3549.jpg,f638104302dab4da5f917720bbdacb49b8bdb87769a849e97a4783f1202ffbef
train_3550.jpg,2284ea2e18568a1c3a09aaa5bdaa31e2e30ef6f25c4a3cc1f834aa0edd6ad391
train_3551.jpg,ebdf0acecbb7188726b6b6b2bbd885cad45207a3da1d04557693cbb1e37889b8
train_3552.jpg,205c778b89386ea36282ec3bcad6a4b79c420a4c287a4b72b669386aac3c78da
train_3553.jpg,4ce4495487294daf564760c5a3b637640fb67bdfb062f6807d4cb653bab63eee
train_3554.jpg,ca03c3aadcb8790abfb4068f65b806d35c697255563f7a3f1bd58fa8422ee735
train_3555.jpg,749d72adc5829b8e14acb94a9daef1ec4a7968fbb8e6c5253ebfb20cf8e1aa85
train_3556.jpg,dde404c607fc3662527864898750186aa7e9267276c9910646f2f63f12f17462
train_3557.jpg,8fcac32098cefe54711a9e845742394e7ae6bdb3580a00e6083f8e8cc74434be
train_3558.jpg,3e51271866137a625364adbb10888dabfc14716dd1204e1f5a1a7c6912efd353
train_3559.jpg,b6f653e565f2cf8ef8e186962256c9660fdfeae89b5cf5dae064f9428941dc9e
train_3560.jpg,8bdfac9eea74e9028c16140b2d9a3879772bf5c83a361a82641df98f6ed4fd0b
train_3561.jpg,388da0773ef1e3284200ebcd267fd60e47a3e741984268543ec8a58f43617b0b
train_3562.jpg,d318702260af88d148b818f05b2de9cb7e7830868235ad1bc7abadd0a96f98d0
train_3563.jpg,b4995137aedfb36886a1a2f59e2a584e16aad9d74ec7f4fcc7bfa5ff1068f535
train_3564.jpg,21001655df6e460d20e4dc8901ef2972eeb44eb5e006e3eed34814730f198a8d
train_3565.jpg,fe99b4ad371cb1edf4aa4cf711c6f8a5af37174d03d0160777f0b5799e8eff95
train_3566.jpg,eb0fd4f7d6afd5cb4813e4ef76686208e8d4d059199489bcc0a1ccdaa4a7ba9b
train_3567.jpg,80f7b5716aab88d09f4e31bf37492b0f02c96f5e82d99471eecc88c0de956676
train_3568.jpg,fb5ee5221e93ea74efe23f837b9c52d9ba3bef1cbf795409a460a623253579f7
train_3569.jpg,72d3967c9c7231d2012dd251ca8378ff1e85c8bd0bd883ecf485ceedcf7db3a0
train_3570.jpg,33bd4859dcde3b878257ff4aa88efcde99447ea31fb710892e723ad452038e2d
train_3571.jpg,56dd768ad50e8e1e1fe9aeeeff6637a5ab2ff4c0321c5baa1b320b4325399a5f
train_3572.jpg,04778a6369dbc83f1395668fe67d7726e416845b89abdfb38f45b8fdaf8422fe
train_3573.jpg,6c01382a99a982a4e381f4895e95386a7c22a2bfb76c586057f8426f5c663ebc
train_3574.jpg,0ce8b8d82a0c6254833a21c67e37cf4ffae42b4139d31c73cb00adf637a3d89b
train_3575.jpg,7f78d226f3865b2c2c143f8ecb5a4d8e50805135d17883a26b3dde41e14dc237
train_3576.jpg,177e1cb7fdcc92b51515e02bd15c3387aa539baf2fcbdffb06b1d8e5cde7ec38
train_3577.jpg,7959c94989a57d067ee60cb6eed95d563e95cf39a6f685a3f8e7ad42261cfc15
train_3578.jpg,0921885d2bf3f6c0f15ced75b584ffeee270e38b54b5415d7b188ded3c477981
train_3579.jpg,c6323368861150f504d117a1221cf8c499056b21519d92d317308f11ac9a8f86
train_3580.jpg,ea6a0a1dd3986e2c58b3177ff875072fdd4d671dd4875b3a5611a89df59b74b7
train_3581.jpg,8de287e3e7398cfd9d0a3646726f8ded7625a8e465228ee7853c0797ad2b9138
train_3582.jpg,56ca156cd5d5140c0483852d6a6d1b608d1dd4e4212ed73a9d9e5e436760352e
train_3583.jpg,b52c7176945057af32067451438fa4e37c7b5d731686d934cb47a470a89b46a9
train_3584.jpg,c4415b044df630d19a6f07b0e04a1086e8f941dea33cfd87e04ce8aafc4590a6
train_3585.jpg,e0153cc193192f50b3a9642945cefcbe879abcdf20582e0755695b235eb0bea2
train_3586.jpg,1f2f6c0b064d0d0ac872b71487d56c634b113b2d00a55d28e50d3a6f0257ce11
train_3587.jpg,a1a473164b26562f86fcface1b85bc95d4202d8876cb0d8bdffad2aa3faae6ac
train_3588.jpg,ebb8ac139928611925f0cfacbf3f0e1b3a9231546e7f2ab6bf45a7a80dee1084
train_3589.jpg,b0b9b877b883e7a8fa62f643e92a9b3e5b6187b412d7548b83f798628ab8992a
train_3590.jpg,0edf54214d24b0e2fb9f3faf2ac96649d9755ada0177dfd5b9f53d994599eef2
train_3591.jpg,fefd7a1de15208017becba129a6e471e42369c1ecac10e80ca0350336c3ffffb
train_3592.jpg,f04e8700cf7992d72024aed74a9b2b9b85d8ac4a0d1b4b88a6752767a2cce30d
train_3593.jpg,806c5b2326ed36fa6e2343e7a0a47409d092acefacd2322c7c1e0c4c23f0b60b
train_3594.jpg,6678d4661e18b0429c8f0b90d18541124eb12c3093cb8c3fb63f5efb8a359169
train_3595.jpg,603e642c24ee17ef4075e83ef3a70cecd0766110be2e2e58612086f45755e524
train_3596.jpg,09941f6ed3650bdbd31bda2e7a502a3a0dd5b471428ce1c65a52d6e84bdcf409
train_3597.jpg,b8f63ccc93591ff2bdf939b62849a449570887ee7ac11348e96574573fd3fbcc
train_3598.jpg,02ff0829da54535e5cf29b7c07f937a75377b4b5148d46660f6e244663c5075f
train_3599.jpg,e894990fd2a86da130bdac36d5af7d534202c16b6d0027b296652eec1ebad645
train_3600.jpg,d17c9c9efd5c1156e6f4189cb1a6593e388a625e622ac8b94c3e7056a498be73
train_3601.jpg,e9d00d2f86de4b1ffe022aceb4002365a88ba1831321d46c5309f52fba63c9ea
train_3602.jpg,db3a5d184d3161792f1530ff4178fdfdb7216d66f18a0adbcb2f161bfa0fc037
train_3603.jpg,179deb770ce1d661e96d378f23d4a5716b5a56d3ed22f7402d5b1220be925e1c
train_3604.jpg,a4de09420532f44361aff0bb5543b1093aa3126dd3303f75e879156a0168deb8
train_3605.jpg,3ea6aca94684c06b482067272c12b6b40080db7a8f18fb1a6e3da9bd439a9395
train_3606.jpg,7a240625982fa999d4fc6be9bb0615fb7a2beee635eea62e19c18667b4d67b4f
train_3607.jpg,084dcd9f05c1c21eac92f646b5a3029e6bcd846a0bf28247b0fe9c85fe861347
train_3608.jpg,876ead0e938a7e7f157ea054a5b48d906c875060f73cbec6d8583e0c2a683296
train_3609.jpg,863a852d4b3ba64e1e676f8307c233d16696a887f4052ee42425d0bc8519530b
train_3610.jpg,dffa25cc43ce6cc4064174bef74facfadbd0089ac87bb890b8e222737bbfb404
train_3611.jpg,dc1375f4418820e4d6cc6eeaa8c59124354a72974706599f61fb8e069400f663
train_3612.jpg,c94d0fe10e6a04059bc77063d9a4d4b55d1d6903a506a0108d636cce639aebe4
train_3613.jpg,71b9d269d542b38ca5d9fb57be65981f3251a471953d8505bdbdaa3cd0b257f1
train_3614.jpg,53ae3eb8a73ec9ed9f0c06bc954d01e8e896a7caf5d5576221e0a5d610a59b6a
train_3615.jpg,2ebc01b05cbc71f3b2343e737bc0c36448893be40ec14ae52aabcf8aa7d57f09
train_3616.jpg,7e87c954c5805bf0ea3ee9b0be66416aaf096fba9bd5acd7016c96ad8c8b2dc5
train_3617.jpg,78486155abe9f9441bc89e91272196e017fc0bbdfde5de84f6d89536c54fddac
train_3618.jpg,dc7c8f61f2ddce1863df9f99a2ad0461472f6453a3369217d1339a07e5a20cfe
train_3619.jpg,147a680a7c6cbcd4e8259ad91e7f4ad653c8c4b54e3f3852ad314284f0ea0075
train_3620.jpg,c9ae1dcb4af0090d88c9e40a3fdae35a187668070b375f85d30db3ae3c401a24
train_3621.jpg,a0b6915946d6c544055c40d34f3a4fd0f4648681f447a954737ae57eb8d58f08
train_3622.jpg,1fbc64839e164baf1263cc5e9c9ec4a0254dc54a9af92f827ffb34ef3a1b5d39
train_3623.jpg,19f45259d8209b9f6911357b39bb0703e46db84180213b5d9c404eb161517957
train_3624.jpg,359f6f3a0a9de60b0a7ca0eee12cdeec93d828e27d3f23feb1543a67dc580779
train_3625.jpg,947cc1fd8e6adf185d65c08ea3bdb89f96ed52b401b0469681ca8149321e7d86
train_3626.jpg,eb5d72736ec3f20cdccfee9b807b77b5c39137d2704eb9a065845161b5d35ce7
train_3627.jpg,ce823f1f88ecb4cf6e2286fcb126941f8fbf7dbd7e60dff12b3279ea42e11103
train_3628.jpg,b9cb935cc6b56e5fef5dfb11d93cad7bc53466e354fa6a0af693bb769e2c16b3
train_3629.jpg,dc1c1d8eccefe82d7402e4d54c036f7fa9e85915990fc98638df4e65b31ac525
train_3630.jpg,60de341b63c7e25f14e3f8d580c795ec408e8e557b1da611ae124a0b550e9506
train_3631.jpg,7da7c769123464e0ea22a18b2431794fe339e4ad24e533bc0a0e7e8098def741
train_3632.jpg,f0f344562db3d482980d8cbc7d0d8106e9832a73c2146d99a6408d11d7e83b19
train_3633.jpg,ec2898d81536ffecae3f1802f2f91344b1eb739f8659f1d868a1f9c64340f29c
train_3634.jpg,321163441899a4af9e4e6ba6753a1398fa8f4eb8335da4b6881dd3374e459dff
train_3635.jpg,d48f9558ea7d2c30dfdbcfd9ca66ffb9100ec855e7cdc7a438ef649e0a47a5c5
train_3636.jpg,440c66604be68aa5da479ba0ecd350c7e90b3893ffb0250729d1924fa22b66fd
train_3637.jpg,e7847f8f0be7bd86859e01593681d3962fbd7066b9007d383caf06e5e2c92c0e
train_3638.jpg,ed8713b92f0a383caa1b9dde7ab17fb8e90cef5940acb20e45933aa4a220a8c9
train_3639.jpg,e9bfbb478fefa03733c39cfe7c8d9192ba29595eb30382019f061fa4a9e42e7d
train_3640.jpg,f463700add20d49d2488f208c666dda63a1f9a1c236f38961a07470ffc50d281
train_3641.jpg,c085ec757e85a6b64d2b0411efb02565aefad6aec7b73290b0e576889a06e76e
train_3642.jpg,e258fb52376cfea58641d0c56086a48819ee31c59f343256138553348b4e2cd2
train_3643.jpg,f05445ef3bddbc354c2e44e575447e23aa26b5629a969d5fa6bbd91371d5e8b3
train_3644.jpg,3287c56b6889e9bcda57c31e71378dc894a6f824c510ab4cbb6b322a5fbf7dd8
train_3645.jpg,78dd84990a5fca844526181fb6d63f3c5ab4a344dcd9c112dadb3c271bb5f227
train_3646.jpg,75f41bd9011ee330ad47180d0b3cc96846cc732891f7bfba71979009c5386218
train_3647.jpg,ce3be4c171fcc26303a263b4287d8b0cca3824ffc82120352d2c7aa820b90c61
train_3648.jpg,a2e678eb0456332c2a390ed8813b0a04b097f301e5c934295d681a10c59e2fb2
train_3649.jpg,0cd6e810cbcb468af9042d6e7d99b1e48885c4506636a4e79149ede6836f7326
train_3650.jpg,69d4d2d930ea0d9c11e4c590624022252095960c688593cd288c72f4bb632cee
train_3651.jpg,a0bb1bf5d3626dd42fb2313e1c4727ab3d4e365d211f7c723cd9a77e280f0eb8
train_3652.jpg,e15d16b93c9eb102361d662e2e92355a08ce927e4c192ef6dcfbb568f9ad237c
train_3653.jpg,db9d01611873b647084d3230b205da233ff9bb2b22ed0af06b8c2d9300410528
train_3654.jpg,0f9f771e66e6059bef6f9bee52d63ebe3c4090adff88aaa1c4225f2d18f99556
train_3655.jpg,223e99399c5779dab98ae6c9a9f20187ff22992321adf220e51b935581a5248b
train_3656.jpg,e6ff090c7d7d28ceaf34a0e6303b289be85363028669bedd71e420d086a62ebb
train_3657.jpg,e8c58447aaa0ad3da8744ac9bc83eb8a95462ef01dccafa9cf885a05fd2eb562
train_3658.jpg,bc6a5dc8d6873be861acfe6d9c7cbff9ab4ce24faf887f29642a83a67e1b00bc
train_3659.jpg,06b07393bc514bd19b359435677171d43af28fc1b2de25e846a8efe9b95d8e17
train_3660.jpg,41b3f38bb998203de2548a764ca0b8ec9c3dd4f742303892dcb81182e3b6f962
train_3661.jpg,bf6b0cd3521fffac0e9db7ed17f5722391471f191340d07f703a9699432ae2df
train_3662.jpg,bb42aa41b0e5c8c0b039c13a8dcfbc5bd30a6b5f83481c97825740e850d2cda6
train_3663.jpg,88477df968ac0270c39a2dbe673de3e51031789d2c89cf9a1cd64c46684876a6
train_3664.jpg,ce28d091fd2562c231b4a4c1d7541356f5342af792d0c927941109ef785c2687
train_3665.jpg,3e960329d84961cb6bbb81900fa679a2f1049b51fdd01b1c9f18a4638f10ab25
train_3666.jpg,c8a1479754a32c24581429ff2a7ab6486f8db0d9a0f5bf3a21cb3338b2c9fb28
train_3667.jpg,41b461f1e646845fe7840a7336b5d11a0c68e6cfe2f9a285211bd9b196a1400e
train_3668.jpg,359d94eae5337478d9442c49f27b210351adfa28eb4442a1d570981ba83e0c6c
train_3669.jpg,82476ccb51aa7b400c8dd26d58672f528f971ce15c2ed23544cbeb6ea5f2b5be
train_3670.jpg,5559449ecc62a0dbe48142bbe6e8812d056c0f7f119c03429710b66aeb960076
train_3671.jpg,80c24ec4f7ee08187bb10b9d5f714a5981bd6678dadac69f1192a6b49b42cdaf
train_3672.jpg,dd6842812c74b66e5434438852e64a8eb4112f4d45f7241bae50115ecaeb0e34
train_3673.jpg,01f3e026cb552c83e14e76eb8dbbef14878d0a475e2f8756e0f8b174afd4e7d9
train_3674.jpg,cc06ca2a56e8fa9bc9c888b51e17661468d150761ba500053b2192057837666a
train_3675.jpg,a2913e8bcc27c5b62d5c8d6d712cfbe48f8239b587e7993695e5310e26308a32
train_3676.jpg,79cbf52721feff008f34c106e52345f5e30b01dbacc03570e4a34d353b81023e
train_3677.jpg,73a7f39a65cb025e183b84af81c440a85d8b9b2af60d86477d40bfdaccec2cc9
train_3678.jpg,b7bc662cba5dee04927dcb1cb5e1d247a180284f188484d26a67d17b4c6fc8f9
train_3679.jpg,47f8611de4a4041a3a7dc49ca7c7505d63eaadd526089e828d10b28fdc285c92
train_3680.jpg,df904780c9e6402ef76a58c23a4ab079b53655875504245760bd66411231a010
train_3681.jpg,34408e26ad014f95da9e56aab2c147e0f46608c9553ae2d025524613230fd1d0
train_3682.jpg,55a68ca8d0a33c08731aa12e4b5fdbd7ca3de0bc40746f3fee95840428b8d6c3
train_3683.jpg,e8443f11e67c5469e60dc4f42db6386e12eb26d70280f4f61679c2a6190b74a2
train_3684.jpg,44e04241e9cb4dd522dced5557ecf082e22e5dbe77d4e4465f73a20d8164c9aa
train_3685.jpg,8884f28ef5c91dbad1ef30031697b51443c58d407fcb5978b83bd8816c33fbad
train_3686.jpg,dadd9d874990c9a6fd997fe3866fcbb905941aed87b784343b506c0b9e2b12bb
train_3687.jpg,6087872f7a16d2d43cfbc50328bdb714f539f5d0ebf5161d625d8a9ccbd1c8af
train_3688.jpg,ccf1b0d296bc090a903280b17c5adce548ccafe4e2892a472920e5347cf5e6ee
train_3689.jpg,1d390fdb5599cf494e3c34f9efd225494c74db86d9946dd58d63764ad18a2f33
train_3690.jpg,c7fac6b2b3e6f89f17f99cdc6e26d6ce12027a17d91e2ce9b970552e1a3a5066
train_3691.jpg,2aa5fb4f08ad884e463965dfd5bc9d346f0c29cfb20326203e92e329d5a8feed
train_3692.jpg,72b6255a62d0a938a690955a61441f8d8d5c4e943d81144a7def5aa2aa556f85
train_3693.jpg,fea38afd540a92362b56cd7b423978130e57ed7fcef16523be4af9b68af00ae6
train_3694.jpg,b54cb9df75335a780b5c4354fbf4304e64d70ba1fc06a3d3d11e34fafca34371
train_3695.jpg,d81c97566ec0a88b7fec1aad9b85b1b4a89ff0fb2ea25fea3186d150f9d5550b
train_3696.jpg,f1f4e6d4dccb2ee12c7725a5f79ff3fedd78ad708a7aba1edb257e5ffb9e91ce
train_3697.jpg,28027c43f564adc793de69ee4c98b375dc2a31580338b98e7886b6066f964fd5
train_3698.jpg,24261670ed869d5e50602afc113f38ebf4a5c1bffafe2031cafe122b10bfbbfc
train_3699.jpg,ade60e1942e6bc8e06654bbc59803705e97a831a4ad2a50b7b913f15bc85891b
train_3700.jpg,f86a541b007de26ca82c4b99598606ff9bd370df7495686b81c7591c0a289715
train_3701.jpg,fa8925c9f526d98dcc1fcc0c3828121c09deb77fce15a6178e4c51d86ab37aa6
train_3702.jpg,d0bbd10283fa9b2bf9c75b43fffce7e0d0bbcc0e9b78c6d3cafff664e38105b0
train_3703.jpg,2e503f0eb31472d940098e295e6eb0a96dbca2269e298774259453cbe5ca5fe2
train_3704.jpg,f733448a0ad2ac76c303705ae8ac0b2239482ce26514878c93c79fb911c459b4
train_3705.jpg,d03a5257113e89d0061b9c5fafe4a3deb306b81ee3f7d246053e4b3bf10f2ec1
train_3706.jpg,d2ae1951167472576f95d767bc993491246a8cea23b67a7fed80b6d7e2a5b82a
train_3707.jpg,5d4d101cac1c962f8c385cfd682463c2fd5ee58386fc2dfad9c9c951d9814822
train_3708.jpg,107d973a75e12fa022c457bc88db2cb2481919830fe5de4018871c5fcec8a8f2
train_3709.jpg,be12150b3c29a176f342b76dd2cd1659d041b77a9ba1b90370f5f8ef2743e093
train_3710.jpg,08353638b440df3cbf1bd4e9e822268f27d836adeaa4a6747dd37ce831346fae
train_3711.jpg,b99430ab8d2cb7b6fcab3ae8053ef2062fd3b62e9f606dd13da6f88f7c432e67
train_3712.jpg,5d1ec0af4649acfaaea45f70a0b702a760a84ba42f42030e8e53d69e3b10af20
train_3713.jpg,08598f76b378f7aa98ee3b19a9fdf6bfc12c1a5256de3242643cad69f7844261
train_3714.jpg,2feda573493b1c90a808acb8b863107f4d9c3019141997f3c5f8186209e9608e
train_3715.jpg,96849da6b7668bc7bcbb527e2b907e2bbe7e2325498db8dd1b0dd553a0c69e05
train_3716.jpg,3cc1e9a0dda72b4a4cceeeac401807fd317af5dc309538b9e21f4d7d1738197b
train_3717.jpg,37612a6952a27703fab0e08c668e51520d52ca13eb49a50886c838b671a5afe0
train_3718.jpg,f5e2a99c4130d6945848549f8374aced0749fb6bcea8c9bcc13b31e2bed0db8a
train_3719.jpg,d7f8dc412a603f5cd07a065f23b469789fe2a9e815c07ba34d9a55456014f552
train_3720.jpg,6a52f287626c71a573e54a9f707451c468ec8c5c7434373c87d2deae7f1149d8
train_3721.jpg,b4af5c1def3c9663d7f3c0f3978a0c3b2cdec5f3b791a3cab82e7deca9e29e09
train_3722.jpg,48bdb3cc7a7e06d2dbff4cad3458fcb1b689ac2364e5902783c086fe40d5d033
train_3723.jpg,a24654ce5c5f1e4bca67a972579a88a458a025e08da81e7d443ae95034ea16ec
train_3724.jpg,4efe0bedd0a37b984e177a98eff6ed469c79a2ef7a3f7a71445e5dd8d0cdb15e
train_3725.jpg,d8864016e94309fc6a4670c4c822379f54156cdd4ff1c58e61721c97485615c7
train_3726.jpg,a8dbb57690df7401c36e77cf2fb8229567e202ef20c2a8e8eba4c58aca80c097
train_3727.jpg,cbe7fdd5ee3496905c4e8f02401408ddaa5a1a9344bd8fc995723c88c9a79f8a
train_3728.jpg,6896ff580a266d92b8c096e5a7b302180a115caabb32c2c4daa826ab02bfe1fd
train_3729.jpg,4ec5349686292bdb99de1507eab043bf94056f54e0887e1fb82a2e3b24d9792c
train_3730.jpg,e67a2df84fd9dd42a86292fe5c4c07908ff384d658d18ccbfc326c317a7c1246
train_3731.jpg,1154e93aed0693c5a89628351d9c88821b6e1f0ea095b17372cdcd119a477059
train_3732.jpg,4565acef8d242dca25612759303eb8774c592fc671ba940165b0437efd379404
train_3733.jpg,a2cfb60ccac653d7cbf03351789211a53570da107f019334f99b1c35a4222a1e
train_3734.jpg,813ea20de009351a6a2e734ba336018c3dd55bff56517ba8db153f8a9fba4097
train_3735.jpg,7b0ac91caee6eb9d694c021cfc6d5c264e330065ee4b8d2b26992e0ffcbfc30f
train_3736.jpg,3727583130bc6cb9051b92b68ed9dd0ca87a3e0d9c5fec421ea93c3ae04c4d50
train_3737.jpg,f9950025a472e574e537c46e46db9da851909e825676839862d6443eb0d8d568
train_3738.jpg,d071d9fa8c1c9c6bf65c75b5b988e57bc425aec05dd710606e59e7b90317dff8
train_3739.jpg,4df5c8ece143bc656511b79c50e23668bfa0130e1080df8d9a02fb0470cf1ab9
train_3740.jpg,12b97b2ccf03e2a88415596755dd9add3e80330be961568370121b2008ee9d11
train_3741.jpg,c85edcd3f881b5004649692e099a03628c046be50eb126a637d3a613f919cd89
train_3742.jpg,228abb3e5031648d40b4a8a7242a985bf9399fbffc2ea4d8a327a59ec3776066
train_3743.jpg,cb36545ee09ee4c8d05b87bdfa28c3499a1f440913fe94f3a207eee8afe090cd
train_3744.jpg,8a816b60754452f846a0ddeecafca835ba51e890b0d7d4c7becc6552f66bba4d
train_3745.jpg,cdd56c8abc3933cea96c5bf2c0cdfdbb85ffe1d42fcb1702d6954783147b3eb8
train_3746.jpg,74345e72439b35c3796125f6af2e4782cddc7e3843ccff335b282b5be92f23fc
train_3747.jpg,e69e269c3e533aaa65323f1fad5df2ce4f61c6b66de3bdcd67c1096a95fedf37
train_3748.jpg,56ec5248e8344ef6acd2ab1ff88af5640726403c1d043374843f339acc49fe61
train_3749.jpg,977de31d7d53b8530147537ddb8ce086919d52c712a85f80ab0a1e3fadb910a0
train_3750.jpg,fb4b023b181b9ec8245cbd13d9e8b54d46ba0d98c85ed74c7f3c8161ff24088b
train_3751.jpg,aec192d2dc188773ad2e3507a1c1bed01585771daf7053b37cad6569e04d156d
train_3752.jpg,bbf818c5a41124ac71674881f541271cdaa6a8759795a93e736c22d0a11c8351
train_3753.jpg,c5f0798eb37b8b486bc6f7472f105debd76eb5ed57cba51048aa4e2b9a679976
train_3754.jpg,ce178e813b3a8b7aaf2f12a8cc3b05cd8ac79459c10989aa45a08b71b5757a6d
train_3755.jpg,860e830216dd4ebaf9853e7d550ca1134fc026a05087225aa7854b3c3f57433d
train_3756.jpg,9c8c79284fd77b95705a7786eeb0a940c150ac4ed7af59f4db013fb3983b1155
train_3757.jpg,a2933e9304e97d882e113b43c51f5c597eb497f4bb19a13b0365fa9b72d6b130
train_3758.jpg,ea8068be647b3b5bf0e64f563fc817756694003ded040bac791ed81d80b09010
train_3759.jpg,ce6104d248a818183485ba7ed6119d60af64fff1a53b610a99fb2a0ad75181bf
train_3760.jpg,7efc03a26655fd98e1e48c51cc0fba6a5ad5604e29261d27cb40f0e699407405
train_3761.jpg,2fb02fce2edf2883f6ce9c5375bf8b342952c12e6ba4c3fc75fb884fce281368
train_3762.jpg,6a3e76d5afec0c0f64c2ea127bfc488ab9e9dc3812885682c9702cc14ab8f905
train_3763.jpg,6c8a175004b073e2e33809c24d56e637da67b623ddf43f8fbedfb562a800c4ab
train_3764.jpg,95ba193b2d441975e2bbf43a5f1caeacbc870b53f66b4ca60124cdb3dd074c5c
train_3765.jpg,2b24a7ef00389c2e2f8e8dc9c4bc2ca1c1e78e5cadbaf3b4d8e54ec165853086
train_3766.jpg,99c20c84f4523f4736d17ffbb661aa118575b6d351bb2a50a2b08339815c6c4e
train_3767.jpg,d13c1e8be9b1ae191da2316a32bdbaea2dc95276eb3dedbc5723cc1afa94326f
train_3768.jpg,2e40fee060bd9b16a7b4ddfd364e1348bb6fdc68dd864bd57271a18d4f1e5403
train_3769.jpg,9214261716cca44b8203d06ac10171eb2f80858c5a850f7bf1357371761296a1
train_3770.jpg,f479e593e12d782c187214fc225fd24e9232de58e4aa4a7171aebebfbcde2541
train_3771.jpg,019eb4c65a956d90222d4533691ccdc8d55eb3cff863d16b1fd42a2e876508df
train_3772.jpg,eaf647fb658af1d9e3a7c753bfb220eaf609743683b299011947b744dc2370db
train_3773.jpg,a8aab7dcb8fdf296668bce7e693b5f2aad7e5cd0c9ea89bfd20bd169fce0fee2
train_3774.jpg,29446fe0c2b0a88cbda9c46646a7f10654cea583fe066c6ccbad9d8e3dfedfe9
train_3775.jpg,2e76d208c33b7cd09b08e828951923febc29e8f741ad7b93f1ffbe5378198714
train_3776.jpg,f1a7bd2d7d453c435918cffc04d93bd1112846e56589f87e489a7a0bd98a5e73
train_3777.jpg,c2812a4519c55235ef8ecb65b60a527c42257fc286de5ed6499ca040a52539bc
train_3778.jpg,91076e42e843d8e8e081bf41fa70cd271123b75d7a52c6804dd5047fb109813c
train_3779.jpg,7448ac6bb3ead1cb7a93e68436fdfb12c6fea2ba0dc02e38b134616ce3a4c1e5
train_3780.jpg,64c5a0a0d7292ffb2b8543a9630093e45db7fc5f77de7e3976b0518abf3dd629
train_3781.jpg,a11d977afadcf50e4c36f23114e4a9841826456a79da218e7f6e079202ff81b6
train_3782.jpg,db83ade5852a2c0ec0505eb7db4cd4f57fb0b475f6750ee901fe041c6c0c6dd7
train_3783.jpg,eff756592a21d0cfdf6e20e04e6220199d7f101ff1c75fdae7f47ee80cfdc733
train_3784.jpg,b9c2998b564c350b06de6e9a4cb196d9ca9ae0058501e57ac1b84198c0025e8f
train_3785.jpg,abd46c7baecf7d099057a9554364e33b291f353358368388dbd55d5c8b786c28
train_3786.jpg,ec6c4a448a47375a95df7934387daee7a63afa687f188b3fccf3b8be894b3fd5
train_3787.jpg,f669311091539c099d15a7675269ae6ea274d93b2eb6e8732deaab4a0624d59a
train_3788.jpg,0ec7f05cc8625c180b093bd3232178295253e94ac5facc206ceef99c7d2fce57
train_3789.jpg,8fbd022db825bf5163589b8f57b31074e7b1afdfcb5611454dc6462c02f0f898
train_3790.jpg,4079980e9187653b684636fb4a95537363ef923030c6629dfc305487aa87e882
train_3791.jpg,981363e57a151bac7c23bd12bdd0b950ca5350a4558c665595bcc4d295b6ed49
train_3792.jpg,574a33fbb622e08bf75ff864dcc906505f8b0fb04dbc42781a0e61cc6ca95a02
train_3793.jpg,62ad63d47d21cbd3b624defe154618e7c5b945f32e753714e1bf5f51084bd17d
train_3794.jpg,600e26696428013f788bd05e4b5839ea3c6c7b3ddc29175be15b12e210675610
train_3795.jpg,c28a7b444c449d5dda6517cff2868efccfbb0d0b19f838c6079e8ac266589dfb
train_3796.jpg,384881e812095cf43ce7f4c409eaf9dce9e56e1049ae9631b8523015e435be10
train_3797.jpg,3c25f4a573c403c8a6afb149d5e319da9c44fa9e747ab3f7d6369e0d88a8e457
train_3798.jpg,fa36748f45af9fb365ef17f2c82d42888b2c2ec6feb4b47bd533147e35086283
train_3799.jpg,9788d55c0261c29adf4968c69cfbd913a151740c702b5ffb9c83289703196449
train_3800.jpg,6c6339ed986476e9540eb813b857f0729c43a295715c58de937de3aba75eee2e
train_3801.jpg,643eaf429536cceecbbf42ebd1f1a9bdcd3430d1b10306a441d7ccd913ad220f
train_3802.jpg,d0789d6b19445824ae7ee4eebdf43487b9dc5515406f9ea076296272379214ce
train_3803.jpg,ba0f601225da14ebc9e3db5ca9343c64e41ad5df1e5ae64de72fd7a04f11b256
train_3804.jpg,66e2adbd726275d2277e42e492759bca6cf9f7e783f46a25591efe189a960c2d
train_3805.jpg,472940ca061bee897193887fae29e6b3aec19a10a02119be4ebf8174193252ed
train_3806.jpg,75f9b53b8a754f7f8807620617fad9a4da58d35315b895773ef59fbd1efbabae
train_3807.jpg,a589c0f32b2514ccc0e5ce83fa5ef421cc4c90b33819a633dc48f1ed2b4a3259
train_3808.jpg,852e8e5cda9b83e4b5cfa59aa6ea862611a45b9d502004807154a86990291ec8
train_3809.jpg,bc72eba2e8a6cc335d64234ff717112cff1479dd47d5e8368d66de1f1da55f07
train_3810.jpg,21fed46cd973e1098fab8a9c48c5faa34c9dbdeaeec6e1e14b43a359cdda77b4
train_3811.jpg,5863fab13d997db38b685457934bbc06e31ce3ac81e643fa193b85f313dba209
train_3812.jpg,ea0d21f8f970be0c4dd48ade91ffe23557dbd23bad3905da7744ce3dc7ad12b9
train_3813.jpg,11622a97bc2297f4f7b715be0aee00063535c93bbcd5eb9e2265d0be5ff705f2
train_3814.jpg,5e6ac42251faa2793c9ac6c071fc73c1e46bedfe187351e8a150381553b52f36
train_3815.jpg,f715c8e9120fd84e6a14bb7465d25167082030c7d46dd987db43426a1b8bd02e
train_3816.jpg,91bba12c1eb64ef083cfae9c57f6b764e32d096f0188aaa4ed36a2355023b3f6
train_3817.jpg,9aad937f15feeb7d2669f2f087116ea744431c94128870f0ee9389710d02c424
train_3818.jpg,88976c7cd03becb2a9db6f98d41bc5ee2a3f3853f43976a41da239b82568567d
train_3819.jpg,15c207520e00bd315450bdb52b8f00da335e478927009734fb0cf4144fc7054d
train_3820.jpg,ad3e12ad17f5f032fbada4fb2f81f4d451b82f9cf6137e5084fc8e5b7a8ce748
train_3821.jpg,9d8aa89a46edde5486bda59aa6eeef87333adb177d64d2a89d602fc083b6c041
train_3822.jpg,8255906642f19a233284e5a6150498b19f410a230f23fccc4cd832d8571f4fda
train_3823.jpg,0ffd9006e3671c40883f0148f31ff34d490e11f142fe5e681ae60fd9fbf75c32
train_3824.jpg,3e1bba1ff0174e774d2eef46071861be078d935ffa7975966e8fc9d0c450951f
train_3825.jpg,d52672de96ed40a25555a246a298b9676947a9c5ffc41785098bcac981c84b7d
train_3826.jpg,0dbee325353460278e72a8527b807a32768143f7ec0dc1f68c900c10e3347e0d
train_3827.jpg,1316a80e61c4d2375eca1e79e304b79fd491735f47cf030791015ac3e1b483d0
train_3828.jpg,fe84c0b993034854603b4bc457951fa051b8fb8220a1459377dedfa7c2f2d0b5
train_3829.jpg,bff76875ad10da48036c82117502d5f74e0dc16d7c9c77cbd59c49a83f1e8aa8
train_3830.jpg,330eed21169653b2d8bcdfa5fe39d61027aa84efad05b7873ea3af01b2eeae58
train_3831.jpg,89e1c892c46405e5209199865cf978af1a39bb8a5db81d4dec865fdc33c4f520
train_3832.jpg,94d0fe80e7f3928fe4887715c869f8249802758dbc4a55901872ba0710140f4d
train_3833.jpg,070ef89b92f808cbe28f756a74992d48b664edfb49597c03ae3db67b8caa7df0
train_3834.jpg,529c9f92ec9db4d0eda75539210b4aa592ded1aab91a813b918e9ae105fe43e7
train_3835.jpg,935491001a098f3a3ed9cb72fecd823b9da911c9062303bae5a241f3defccc84
train_3836.jpg,f481428460c48db6c948177709054f39ee38a377dba03afde3db2b2ac690bf4d
train_3837.jpg,43a2883db6e9d10dc6d1cd8139bbf89b4577b57b074875ac970c2c273c32bf8d
train_3838.jpg,32640ffe3e6fbdf0e71ceb57c18c41e40968778e914ed8d6e6986ea679beff11
train_3839.jpg,a87a15de1542ac047a585fbd1e3f993d8a2b3fc3415da905f85ba7007eb75cfb
train_3840.jpg,fd0d52e8a8da0597d60ea09b000d68b1890db6b9ad92f4595d9384dda8353084
train_3841.jpg,9eeda4f06fe088c96439ceed2167e15949fb8b1d14f2588908b749c8d06069d9
train_3842.jpg,7bf3c510ae0a5989429164f1f07465abfe996bbaa73c7f28638adc1275dea632
train_3843.jpg,5ab08558e1880da0b2b70b778f80055d54a1b81c0f581d91eb7775ce980d7484
train_3844.jpg,1483c4fcc909e2d0b05d0b8e9c874dbde678f9f8d842562d6c3ec425ee0ff1dc
train_3845.jpg,d89cd73a76f10c084dd9144ca1fbb6774fd94b66b967d7766ef8757aa31a398d
train_3846.jpg,d8e06ba983836eab9e26cb27f21debb7869838eb192b84b402be0085d43eadcb
train_3847.jpg,47eea8ad74153684eb1b1bdfe2799e4823388ec431e8ebbbd6aee5590373dae6
train_3848.jpg,33cb3e8c2f34ff669b6d2a3e3ac2787a03c6f96c333b3c5b3097fe2f7fcfeab7
train_3849.jpg,b5068e146c4db0964a6baee56b423d04fdb68de9b88d8e2783158fe92e605afa
train_3850.jpg,38ddcc26eb988db77db80505f9cbca69ab3099d29c86c3a0332c809cd01c75a2
train_3851.jpg,2fa301569bdb83b7db81f3d5403b9a460829bdab0e8bd89d2d21524b8ead7fed
train_3852.jpg,88fedab24b38149d5fd9df4e53effce8fb704d5ef88d9e427fb00e1a34224799
train_3853.jpg,b6a2a32283bd2a3af7af94a3ae1a941317e2245dc54248c49af6aa548d958579
train_3854.jpg,8f279829d7ba894193533b3465e1fd6a0c5d45cab2593050cf448a9174c4843c
train_3855.jpg,879ad95e2f3da412d21fe55753aa77985571fd6f0858ef5b470ec7470333f928
train_3856.jpg,dda1fe49889b8036477c75c0e3585a6fd2e902c2e7c3b5558c5867412eed57ef
train_3857.jpg,71da4c6199cb1803ad4051649bbd1d7a6eccfdb3bededf86322879961a4e29f0
train_3858.jpg,2e3719e057198b67f2f56cdc055b77887bf4584f398d010ef4b1cc78e08dc60e
train_3859.jpg,0809637af31349d8848a80a5929c49610f62f0c09106833cc0797b250d6b40c9
train_3860.jpg,16514f1459dc0aca524d9a81c0a0564065d6684bf43a011f3907d6af2bd212f0
train_3861.jpg,41689c4f86e8b85c357b55773bd161e2b1adddf16687e73bebc906c7630e5682
train_3862.jpg,dd2aa52a9710f33d95db6bb91faf00e889b8613d856f6c5d594141720b321eab
train_3863.jpg,1bdb88b9bf5bb352012f8d54413d056a0b7145e886663d9d37aeac42089adc5b
train_3864.jpg,c38c99051d45fe1d6e3a2569580175bc3500477beba53e59ec15fc6112131368
train_3865.jpg,69a883e3eff1979c46bc9629a868a23fe14a5bf32aa5a42ba37f3d96d32f85c3
train_3866.jpg,0a9e2b58846958fd1519c19ab4d330a01dd07d634cf8189e0eb1dc3a8c34f47b
train_3867.jpg,08f5657cc77e04508f9c4b52476d449a97097e3b09ca85fb791dc2250e2c54df
train_3868.jpg,19e5bb011ea847ea3be601a371ff037fe14b2758a2016fcef3ba44eba99604a7
train_3869.jpg,c25d0e7e999bdfc9ff2b835fe1c5b76db3e9cb652aff692b8856146b207a2e3b
train_3870.jpg,febbcf2739a9ec832703fe57b732a72115571d0f4233d024326546d0c24005d9
train_3871.jpg,c646ad7fb51640676080c5588d10acc8d271f2280671e8f9b65b4c965c31f11b
train_3872.jpg,ca7651af53754b9af02b8edc16f4407c361390ca9d53e491a72b7bb68dbe2d59
train_3873.jpg,1e15a7937b5d079ba937c8c21f43650de69baaa5c9a3a60e217171d5cde75ac0
train_3874.jpg,2d7e8684f668c2d15434413bce69260d931bbe815cc2177cb734a89714812419
train_3875.jpg,16450057237ba461610103080c6ec2b532b9bfafba7bc12fa528cbda0b940fd2
train_3876.jpg,538ff2783165ec6a6cafaf48a1caf70fefa4325c81fe3abc9b8c209bb0d077e9
train_3877.jpg,ba1f3c12a1a3dc12018fe9b72e2d6051f45c700452e39a7f48b2f50b7b4f143e
train_3878.jpg,d8c2055984003451b103663e5f0433fed877969e92f446141c2935a274641b0c
train_3879.jpg,e36d23b4f198f508b419cef63a7a44bea557fcf70d0bb7a28d52d377afc92bc6
train_3880.jpg,ef84b8e0d0c508d3effb715bf9cc7ca8c04fedc62cd7307da31cb431582df573
train_3881.jpg,c4183bcf01013750f903415c7393bf48989eea65036575a63a838af8615b0fec
train_3882.jpg,ede83e9ea366a8f825d5ea5137d9ec1ff3b6098077c59f41213ae61583180fc7
train_3883.jpg,e72cea98a55a9bf961af205ce7ec7cad362b23f38c395cb59876a90750941013
train_3884.jpg,8664ded0d015043955574aa743baec3dd2f45f71063bd2ad9b8d11212df9a323
train_3885.jpg,37a9a5df8a0c74fcce9068f0c4ce6ca2ebecc323756ad8396e9caf6af799f993
train_3886.jpg,0de007d1a9ccf1ce1f4659202973c2aa969a4b15634210db43c787bdf501a1ab
train_3887.jpg,40decbbd217f1b5fd401a46af919bf8fa515681d449e0c0669e91b4ea34e0bf3
train_3888.jpg,6d11e6364ada4c66e19489cd930fd84bcba591d7a5b5cd7406d5d46ecb700f45
train_3889.jpg,a34f31b7c9be11e6638acb340d7de1de79a3a511910de68727a24fbfced91585
train_3890.jpg,9ccee7701e7a35d3d526ce43ab6095466df0ff6acf71357ebe021d34e160d770
train_3891.jpg,871613d6b6ef0f2f144baf1f92b2a83b8f8f1961ce74ac0bfaa236dc4ec8ab3e
train_3892.jpg,42dcb9ad2ec9f0e052286c28c05c16b023d3ec9df078db1e82978765f387fcee
train_3893.jpg,23773b5c2bd316a65b2aa4ea1295fa31be67f788ddfaa6a4bc189e77d5476f2e
train_3894.jpg,9c593637e7a749e9d0ac106fed54b0e8408a317c9e0d1e109555bc24416b4c8f
train_3895.jpg,2e62f1b8afc300987d28334cf47beccb04d4694db6283cefd8695e24022a8f19
train_3896.jpg,4333b91409e14525836d843ccadaa89bc96e2195c196486e7cb2010c0d2b5722
train_3897.jpg,2d774901df0516543753de1bf37975537f1427c9fb05170a4dcb923cbc39eb3e
train_3898.jpg,c78572f0dac1b505f546268193199ba6a6cf9879615cc2ac7fe75351bd8ca329
train_3899.jpg,5b2cc61a864596d16eab460fd4ad0b0adbd61ad700eb615cfd7144587e5394af
train_3900.jpg,9b2ec08d5154ead4d5c0eae1800b5b68fb7e58203f2a963b50e5f35b0eed6b0e
train_3901.jpg,50985503993e83ef4a78e46acc777adda8153a0e2242c89d97ca28aebaf6cd45
train_3902.jpg,9760ac564f7123cba1d132f6a5c1fb184d9a1f2cb805d0172b63edf73fd02a30
train_3903.jpg,c9992dcab451e48e78148c8b615f785f8037db5a0815bcc6900749981eeb450e
train_3904.jpg,d152fb4da3bd7059494c3de903e4a2606be95e3da3ac3dfa948086ae584889b8
train_3905.jpg,feb127d36cc7be56cf6f9b3efc769eb36a4c28e804e83130fc87b4757b9ea6fc
train_3906.jpg,b4cbbc93a8b46bc47d7961ca7eeef9032deb427d9168d74f29a935c2f8cf0bfe
train_3907.jpg,4b2b25f05953ee3f9594461d28796170dc68aa93e8c3ad87d4baf3e9c69dda3a
train_3908.jpg,7deb5a172c3c4eb3fc906b4b5ecccf90ee9232233332fff04b00a4c5e39571ae
train_3909.jpg,191421f246e7ce6de69d295e050b3643b131b9ae8050ac4a10460f99d9bbda40
train_3910.jpg,b086a51401fc428bda90d76f5ef134321577b5cd01605fd7a636cfdf3cf365f9
train_3911.jpg,92d2a5a13b64ccb1ec7c22ebf1f1fa5c9d75bfb45c41e0b3921800290b6e1318
train_3912.jpg,7b5db10ec568301e3a24240c0e4e63b0312b42f516258e13752f67211941bc68
train_3913.jpg,c3dbea8244a0b966c52ad35f562686c1e34ba3c889b7873ba108774d8eccbbf3
train_3914.jpg,4b1e3ef6b68105c9f126c01a0e3a7b3d0e21a17c248066e5043528b17039eb54
train_3915.jpg,e4803f296dcbea037bc3484b2e9664920baa74b43ee9478e6ddc94a0642212be
train_3916.jpg,ce25fbaa9ce4b8084598ac8864edcf0579792641965f14ddd3b4dd355bd36bda
train_3917.jpg,13d11f8268f27d5fe1c422fbb7d812a338d734933fd7072cbc98268f41d72ffb
train_3918.jpg,78423fab2c655a3d2670a6a4a232f3da490c81981d7b0eb18d8b8a39302dcb57
train_3919.jpg,12e200f4e9008d56bdd535df3ef3ddfd07ae8698efab2f7b16819594c063d8b0
train_3920.jpg,492b422ed275e254568b484b33f482020736672ec071ea48d65fab7376391d4a
train_3921.jpg,416303d934905d29dcce65eefdefc13fd43e2802410342fed4f0fa296ea93adb
train_3922.jpg,6924a4d07753834e84b13fbc07256e07500b9951fbc844a5d2cc500ec38aed57
train_3923.jpg,92b7121b9f1b68410e51ce0fa2269ecb52e68990c5207d25d494aefc4bd70074
train_3924.jpg,113201149e19405f9d951b9843a8d77dcca4743baa07f3f5346855c43819b126
train_3925.jpg,1f872cc09d50e4e50e1e58dd2a6772d1c5ada81ead430b07f4115208703b1baa
train_3926.jpg,a37d47542468c2e275eb864eedd35b65207d4735d7a5d8568fcee86e50f858c2
train_3927.jpg,1c7e74371de44b1c0d39ae0bd80ae7faa6077ee6909657f0cc4071bcd9c473d0
train_3928.jpg,2e92e590c4d588d3f1156dc4f363705e921d63257e49326eeda3a010538b4c64
train_3929.jpg,00662ededf3983f45fd883f8c56b25b88e4bb8706db23a4d4e1bf06d03a8871e
train_3930.jpg,0f2d97bf393c10d8977593ad95e3b909aaa04d68d0226ca92a8a61da52f94657
train_3931.jpg,3c843c088ba0ee12a7acd50c603feb2b4f5b6fb6b50af0e720142e71d7bac8db
train_3932.jpg,1728034c9d78ea2410bceda53b5892b024c786fe2556a2108dff096885ad73e6
train_3933.jpg,01798044564fa290ea3a5ed104df4ba462d5f0047e509282bdff57678a8c9130
train_3934.jpg,0854b194d3b193b6a610e329296dda33773a053f7434155f05d947d182944f90
train_3935.jpg,ed226d0da30234c44f7465db03f9aaa89420c1044c4292794757a7ee5293c864
train_3936.jpg,73e805049c3e7eaa71f90aacf34a53a0ae47a5c6f23328cd246bba49ff151ff4
train_3937.jpg,ebab913e7a26c6da13ffaa610b506628fa76547e947d8366ad2f440aff10c072
train_3938.jpg,f2f5911a3a21b6aa7df3dd5e41feb0ffd6c7ad5557e0e56515ddc7da3d270864
train_3939.jpg,630f36eac59efe0c442cbdcd9f771460e691ce4605c7e188c24ace933bfe4a3e
train_3940.jpg,90b8c736f48b27d487d6a3880429577af0f27e350999dd6c502dabff448a57e1
train_3941.jpg,7c2b937ea7e88da8868cd739d680a58014d8c7c75bf7cd80a4514eef8d99c98f
train_3942.jpg,872310a334a440a44830b9182171527f2958c3ae95e86a5d40da79d0088c2ad8
train_3943.jpg,d67219e594374d5ca385e35a2011aa0089f3643db3284f1c12a9cd07c8acf929
train_3944.jpg,34c45e632b5fbccc99046e299b1a5eea2ae7bbbd92de5607cdea0d3533a5c2fd
train_3945.jpg,067abd0066914cbce3d5f22f9aa654dafebf6d10443d193527a55841a21c9d43
train_3946.jpg,11f5948dfb5a0aeb5ec5718bfaea756367bcd5d9838d44d6714619eae80f4a6b
train_3947.jpg,1f3177848aa2a490d7751248a88f1f83fec39accd942a54af4df7a9332784db5
train_3948.jpg,b4f641e1aa2690b0bc31c5da7275bcdf7c2154dc8b82d0c73d6a38cb06925430
train_3949.jpg,0280fa06585713333df09e3173ceb2bd4423cafe10a512d17237fb9fb9465a07
train_3950.jpg,9b6da18dfe1484d8f5fe518ae10dd70a1551b2db6052e10601ed3e6ea16acebb
train_3951.jpg,1717e76d9e5afa343438d6b203be987d308b78ef04b91ae206fd69eb70656833
train_3952.jpg,77d1f315bcc9495940c322da0e7b3c7bbec98f36fc9f9e3b8d7b2ccd6fe505eb
train_3953.jpg,433e77e2922b8830225c9a3434291517a6f1aa870a0d5d8e4586dda182c2a323
train_3954.jpg,d316a6f4368103d679b0912a2c4bbaa7bfea6c66e85abd3463e7903c15832eaf
train_3955.jpg,db3dd093083c258ad4b084418c9a1e4433f6a33a72ec0000b5687c2ecc1a1c1b
train_3956.jpg,ca83e9d7506c2b55a457f336728d3c133f4b41b9ccbaf7633843204e5438baed
train_3957.jpg,f7b05047a29889381f22e19a2062eb8a71f34b641db17adc80f870cfdecd2bcd
train_3958.jpg,c53bc311b4b3a6ff33253754ad027e5b183d89b1eeabacb9e5b966a43f450b01
train_3959.jpg,4926ce0bc494c0b3d91c94244d176cb8f9635d425ab00ee6c6e5dce054e18719
train_3960.jpg,0ad4e2a595746a0e6d988d9bbc9fc725be06558f3e1ae312351c8fa68f3d05d2
train_3961.jpg,37989cb50fb6bd8f28b7899e47af5fb25c2f2f344aa792ee01e6eb30d56919d1
train_3962.jpg,8b4343bba203be43f78c43c281f50aadcd66c5d4a48a385f752dd16f9d698a21
train_3963.jpg,b82a44bbefd13346ef467ea1b9241ad61d381e488cb42eb39f1408a28901fa3e
train_3964.jpg,9e95706bf6dddece662e4d438d4cab145a163808b61e19e23609b916a09cfd1b
train_3965.jpg,52dcf2ddbcee4671de37a2be405cca9bda2359f89f83d476a022cc737fcf35ed
train_3966.jpg,d32bc1e42c66fb921abcd08a12ac11a97573fc17c011b690c3d9d9cd18c2f0f1
train_3967.jpg,8c6f9b9d2d65969813303a117f797ff3d32929882d55d967595856967c805ce9
train_3968.jpg,fb99d3c5cb5e55ea82352a7eff9c83da29b162d34eb3826aa78f47658eead6a7
train_3969.jpg,343aeeccc0bae80ed1a19918840a9decab659695390ec754e4f1937c17f736e5
train_3970.jpg,fb19817b4dd283253064385326b859ff4c79d22867ef68c522a88c2f11a906c8
train_3971.jpg,7b4bee5b539960c2e59f8919cbe31ce861ac297eb4593234ae0cf7663150d216
train_3972.jpg,a116524d734ae23eb346ad17de2b60ce25abd9d65aa4a087c2cae48f8f42eb3e
train_3973.jpg,2480ec2d32342b67f16467162c09693dffd78d54bb9a8dea6eeb705b4b1c1f10
train_3974.jpg,99f1aa8edf7dc74bac2c00362a0d0b757dcc251db5c268dc9c42288923966c56
train_3975.jpg,7aea9d89ce47bd4178fd2bc3e724c6342bd6fc0c244d2dd0818bfa4999d1c974
train_3976.jpg,e2f9e3e236dda220b0f90d15ce613bca2ef979f1306fda587b3bdf9afe716f0f
train_3977.jpg,983d87a0e27398629c61717e5f0b7712836b5a641f8102a94bcc689782037d0e
train_3978.jpg,dee79de9c05d353aaa4e000c5fa0603cf83d234e4826d643078d0cb3dd34a3e3
train_3979.jpg,a348f2c25c5950b2f1958786b9507aeff44bcc226c2f05af06acf6862aa6304e
train_3980.jpg,d520012c5e976bcd667076972b0aa5bc61b968ab2a314d1a3e41851e3109e52f
train_3981.jpg,8ef7babf2bf9b6d96f63ddb81803c5ee3126ed645ecd2dc715db4406b07e2edc
train_3982.jpg,dd49ded6f2b913ac3c2e50fd5fc4d30b947e4afe8d98e1c7e8e2808787a5704b
train_3983.jpg,6d72e9bc5fd1b9342f99fe39dc55080dd9f08df1335eae10338892dcfeb18e21
train_3984.jpg,bb6012106968e30a25082470c32b622b2579cc4446851b1ae6813f4b5a0f04b0
train_3985.jpg,158b6acf960967017eb06a36fcb2d1c48e4f9c72e7323c5f9c53f78fa7b01d89
train_3986.jpg,8273bcf9c263c659c494f6d2dac482f1f4e0c137f4242f7a77ce91d61c8e9cdb
train_3987.jpg,9cf11fb7ebd36c865d386d2d28ae98a4c2fddaa88382b30aae7bfbd273c595df
train_3988.jpg,c2a9da3a3031860763a7b0703ec375f83e43c403f6f3549f7699262371ffe0e2
train_3989.jpg,973af99bd7e18cb41ed5a31ee8c9a531a07a293b1007c3911278f30aa3e7ca1c
train_3990.jpg,06cd6677848121c7dfde5dec7f0204f2e939a9efaf87ae0dd60ca35696b199ae
train_3991.jpg,c729fbc0de31dac4dfc6aac48e907c9d9eb126197fdf70b9819848d7bc5bfe96
train_3992.jpg,826820d74403ddc920c483dad829fe308bdf9d45dd2dc5b332d46a19778f007c
train_3993.jpg,25b55497473d2eb4c858e0586f063a64d26f3f379dbb7deb07f777be753bb5cb
train_3994.jpg,00d6d50c9d6b71cf917b718be82495f1dd54dee5ae8d35d1530ffd78d23990e8
train_3995.jpg,9978b570bc49b6f75c6828f9261c1b26f8b0926c12e2b8e18df095eb73b92363
train_3996.jpg,66f5d1cba0b7ca6e739d5b4a627e7021b414eb5a882d9313b8b4166b5da5b4b5
train_3997.jpg,8444cc0c87958492b0eed914556ab9a27230cd46b27a38939c0f6c9755b781ef
train_3998.jpg,c8ff530a585eacc08b26b8755918ec12dc5b28a1479d3aef984a9a2209894f83
train_3999.jpg,161ac4ea0f68d91ef1e824e225e4fe265f84be0721ed39d7e904e1e70c90d39e
train_4000.jpg,745e8fe87b14bdf3f2bfd8eb676b791595147c490283fc66c553de43e3a42483
train_4001.jpg,f6910569449612d0f53ad019215322092350182e5081b9fc10ab65bf649e9056
train_4002.jpg,5c3bb929f6688daa96f9eed31541c0c2aaedabc6df9afe7743ecce60563fd114
train_4003.jpg,1fa52b37db325ee3533fb78548760b0af07710d0572c7a2676437344f14afb2f
train_4004.jpg,028c99cdecbb83fe768b80a72272bbd56dbd5697219b2bd9b3010ca48dc3fcf1
train_4005.jpg,5f3add2e5bd1e7add6201130faa7996bbd8e5061cf5f3bd7b093c4fd723b323b
train_4006.jpg,5e3fb43b603499f64a9337e20d987800c6072fc3b9d5d384ba4992f90ad9eec1
train_4007.jpg,29274a37b7fe821559d93825767dff6c3bfbf5b97bca71f15df5e0362bc128a4
train_4008.jpg,9bde2bcf772230637b2a657a97a1f450dc06750ad4731100f8b56239dcf4039a
train_4009.jpg,4b0bf0fe59d23348af71cc4429a5e9bdd63f11ce2d47cb4047652268717f3e72
train_4010.jpg,6d4f884af9afd57076ffe72cf4237a274869f621a3a949c36cef645fb559d0ce
train_4011.jpg,80d1e754d4ab46c59d8a305c9295429711cbd9af77db511a4d984ebc1d0766b3
train_4012.jpg,6db78dcfe8144072ed7cecdce2f2e55d0ae8263a8216eef72378639c9ac32aaf
train_4013.jpg,7a3595de82b70e25de183b301ce1e734ef243c1a8192bb223b62f3e92445d734
train_4014.jpg,49c6bfdc437b07e35526f0cba8e32eecf091a438cbb1dab4868ecb2d0e889eb7
train_4015.jpg,854f69563fe3ef07e2c71858a44c3eee9a666958bf82e3b9fdf4727bd61bfa1a
train_4016.jpg,1c4459d36898d0a25e5943742c0eb739073594a9c9cdafed875438cfaf8b7fff
train_4017.jpg,deb180b471f23908250c9d51071711b7d916f764a2bf908daabcff0570832697
train_4018.jpg,e373a8034eb38abeca6eb6e8b4059ec4a5c1f99050e2603c22438135d1e8fdfd
train_4019.jpg,a13dc353865c3224dfdd65dcec2bad8004f5d69ba0e5f4be366bacfaa898fb9f
train_4020.jpg,2538a89ba39666a21661d83319123bd88f19ad0683bb9b21062d8b1cf97bc466
train_4021.jpg,5f9b0e14e2a5e75673e63889bd39a836c36861a26ccf3319621031f1787a0b63
train_4022.jpg,8c8204046f5bbeb9d730eb02ef324cf8c53a79ba64c0a632dd2f46d6eda0a68d
train_4023.jpg,80097ab97bd57f1cda5af352a4f14f76af70a412c7cce5bfa8b51a71bdfc9da5
train_4024.jpg,7573ab9226d543bbf12e6bf7f9d7d2cb19b8aa77fafb3681aa5d4d707cc010dd
train_4025.jpg,236cae646ef4b00b6322964fc7ad900748f63e42e9ff6b5a35da567cdb8e514d
train_4026.jpg,ca9e67bd210365d7985663337aa51bf7ba5d3ab4b050d5a397ac7168888a381e
train_4027.jpg,10c4c290d7c3cadc4859adbfda4fbf68ea912c62acbdede2ccbeafa0c951e363
train_4028.jpg,e2c3664418efbdf89222383c4525e790c0ecf33c0dd8a01a76d036b2a8566e7f
train_4029.jpg,1faf48cb93a133ec32589157aab853385a50e9754abd0162bc01b26f58e3c856
train_4030.jpg,d6b41f0fab0a7ef7f6f490efd177a9fe5e5a9f9dda6d0fd05277729c42962987
train_4031.jpg,07ade87a452e2d2499500f133705da21eb89a5e70d84ca248f6767d659a7366d
train_4032.jpg,5a1abf26cd47cd5ab3cea36bd32b315f5108776eb5ee7ae0350b7452d9d8330e
train_4033.jpg,9038ef390b15bf6f1324efb292c793ccd2d0c30e3e57d407834b1227d2f81d8e
train_4034.jpg,419ab422edfd7b48a34a75b6bbff461e7a4a084e7e8f3360fd1e0ab46291fd2c
train_4035.jpg,00ff5d0dee27f82397afa99ce22540e27fb4d87f6687cf0778f7f6b33772a374
train_4036.jpg,ec37d7d2512d01448d00ccc0e2de85f0a3f4455720d78acf58cc6532c57f77d7
train_4037.jpg,f5ba6af6d3c70c4790646bae51d20e0699721683e6f7e3438e260bbdd2978908
train_4038.jpg,6b35a45de62fb9ecdf66d58c3639d8ea46a88eec038533c37a87d41b516a9f07
train_4039.jpg,31baff989c3097e5ea40598487a1d9c45a1fbab9270ec1a54edb3e4e7bc1b52b
train_4040.jpg,05630ca2b44b387f1499ed269d18ebb6750f25c72d77fdf7ae5c8192f2c46546
train_4041.jpg,8148f5ef5c32c6f2ee8d5d6e789cf03dabbbb5645853333733685867eebfab42
train_4042.jpg,118d66844baa7f44bc22129275c019e6a18b269b0882f96f8a5e904735698aa9
train_4043.jpg,79161f6ceb82717a794b698b9dafb8410d9ebece2c9723ae4f5be43a23086c26
train_4044.jpg,54e1e3742676c49dd84a2d6517b5bb0a280dd71afd9374ee05d129ea3b9e1877
train_4045.jpg,9cd064cfdd674daa905f7016dbece87e6b3556f43ec1f170934c64150c88977c
train_4046.jpg,f5ab837fc6ee05a88192bcc53eaf5b35bda6f897bece0191d2b9ccfebae67542
train_4047.jpg,a3a7897e5d6b3b110700ea95e4f4bcdeb2febbe9c36a6e05c05bdefa6681a966
train_4048.jpg,c50d681ee8370adbe6a04bb7975d177ec992a48194267f6f3ef21e407ab18ae2
train_4049.jpg,74f60fd1f1830c1628bf805192c5591b7edb66d6575143f76e9f29445d1e02f4
train_4050.jpg,0a8c9c1fe965051f954bc34e46111c34161756cb031d76cc78a0243297b68b23
train_4051.jpg,a81c7e2e0b58bdeb5b75b2104614a7c9affb8974d8ab2641cf47e3bdc04cfc27
train_4052.jpg,2f0fe883d384205d6c4d69aa041c637e29493753916178058aa60425dda5f505
train_4053.jpg,96b77628c6b42cabc04e3169274fce7e405bffa75b6af4a580a0b0907437a7b3
train_4054.jpg,f6dd110de2a5b87c26b36864f9fca7f00a7f27d85857d170dc6f04461ea46dee
train_4055.jpg,0f570f06590137d0f3223c14d684022b99d8ae1647002bb75dfac435f7886119
train_4056.jpg,52e37b30dee816aa75b745ab1d320beac5846f14af77a0991baeba3c7bbcbf74
train_4057.jpg,a8d22ef35500849a87f4f1c5c1fe7f437fb55dcf8f79bda571810e5dc4e2208b
train_4058.jpg,cd0c79c5688fc2c7c8249b67fe59dbc4114c621129af5640421e83bb62d11385
train_4059.jpg,e1b2be98326c9c8321f67b5c0fdaba31e8edbf94fca33773c70c48a473b7d219
train_4060.jpg,7dd3939940c9b4a99feacf2c48e65bcf6b1f222d1023268e2229e49db464b5a3
train_4061.jpg,f0349057d675441b6b2db8b6aa7e1d078b3093d6409b08dd0bd0978a4cdc0986
train_4062.jpg,f553a58f5dd8122b5ae0df4c3aef55e63aa26f10903219d203325829cb7e90d2
train_4063.jpg,866637d5ffff3b89050e91b4d7ff654382ffb726e0833d375dcd856c3a5ed763
train_4064.jpg,086b1074213ed005bfd2f8c59998b2120448d2d287010df19bff966485f3577b
train_4065.jpg,895c5df493c5f9c56dce7081dc6633fb6565d045aa2c4d28457fc3583152df6c
train_4066.jpg,a8f556e4492a436b200fe21ae844c81957760e804c3f6da2a5ee34300a6c2f10
train_4067.jpg,867cd7a52392ac27335f5b4f3e672ff31127098a7c7cfde0e81eab32adc85d0e
train_4068.jpg,daac7b09a25a9019b75db18862c6ecc4694c54c2ea92baa9bcbde62e5f3e5167
train_4069.jpg,be7a8b6d3a602eb2791300a26858fcf4c8938eab4d20958dde2ba5fd806ebc8f
train_4070.jpg,130218a442ebdb6076431f7416ed1fa323727028be0f7307f89dd46cb555cd2f
train_4071.jpg,b8330822c0e3dffb2bd414dfde117cef01151afdc3ad2cb8571449d8b12878d0
train_4072.jpg,5133d0d72f752a7a6007e574edc09ba6ceb06c06d8bd4fae1e6fa7a8e5e5ca95
train_4073.jpg,6c6ba6c88aa8608519c5f41d06ca8edf9699a26fa5326c37d86255590d7a2d1d
train_4074.jpg,79fba842ab1c2cc2ec6b91226d3020e8c00a9463b4ce9e05cf4690feafe248f5
train_4075.jpg,f3a009a041274d78351047edc19e1670fee7cea0d85dc8534d3fed588952e2f0
train_4076.jpg,8d23474d46ce8c39baf9575a162ab6758d5c2f6b8d3a8944a0bb99128a4c2d92
train_4077.jpg,58aeb1ffaf7797845db60751e24755ab2817e923ab8fddf8d47a633d7241c31f
train_4078.jpg,fb789129506d8ec2b3dfcba85e4233fdb499cbdbed10410caead605ee46bf415
train_4079.jpg,814c7f7d8eace9fa8749e057b76db12a3a0fce929486bdababaf1207d80faebf
train_4080.jpg,d78c048eaaca01e004e4f2036a59631b16d10d993fac1f764d44c3312a207ed6
train_4081.jpg,3060d46e783399a74c22fa5873e0d7ee66fc86a2eb3a510987672992e7bd980d
train_4082.jpg,bec8cc5b9f3546afa26daa3f8a278941b7fe7e1e2042d33071f2fe0f87571751
train_4083.jpg,c84b5a32660df67e281ae536962640c1d673203e05db8a0624c1060a86dc60f1
train_4084.jpg,03b84c3287b03c01d3e3d4a508bb1893954d1e20ef4acf52e14a4194525de1a6
train_4085.jpg,b00472d1cd34c8571918670234122b534a87af2c1a9070bee2feaac927137a6d
train_4086.jpg,5be46bf3b1e4942abe5ab12fa4bd68e5fd18fb688a813128c9471d6ad779d485
train_4087.jpg,e85813eeb647f19f0c94ec2d4d2d60c9038d0bb9cce8e918e73adc930aa21e1c
train_4088.jpg,cccff58baa9b0d2c2b11d38b55ef35dff6eeaac0d06880c2b69d435348c26ce1
train_4089.jpg,93a2b8fa4ea33c8bb384d35944caed7f3a47fdc47054e0490eb5cd9f64ad97bb
train_4090.jpg,a52375517252adf19b6f93c6bd73f4e39f57b466501149bc500622b933b33cfe
train_4091.jpg,74133b758f44a1d992ebc9b7ba8196af9c77f3213ebda6b110274a1fe395bc29
train_4092.jpg,30851a84ba0602cafd9e4dfdf75926620747c90c9d138fdc5d7bb1e9d1045546
train_4093.jpg,ee078153642dad0d443c880a388af4e5659bc287dfa4a2cb2cbdc9fbde8b6a50
train_4094.jpg,b2fa580989d0deb538661ac6132405ca4455b95930d416efebb9eaa071da70ce
train_4095.jpg,1010749ceb0bec9cd0d6ea2aa338236d3130949c856dff0a733fecb9c517f635
train_4096.jpg,e447c36fdb2815e1c8ef93fa7d2e12116f34cdc1631dd8c2ac25bf25f8cc5ab7
train_4097.jpg,8497b3365c0a41c8f32bb89662d87d1a152ae22f7cb655d95e67be51fceb5926
train_4098.jpg,b71a74c1f8fb8e18b729f64db81f5975b057486adb129e32721cad6ce6d57e43
train_4099.jpg,10fb2ff15bd86d65b512ad3a73b98db8c2056bfff23f24ebd40ddaa784558e82
train_4100.jpg,73f74b0f4321f2a64ffd5009036176d9eece5eca021fa6edd73195c549cc9929
train_4101.jpg,e7dc3ecf2ec5e750cb932e0bb35cf654e6278c9398dce9afebace87877168cf0
train_4102.jpg,a367c3ee4989270e9ba703d96a5aaeb42257a4ffc327900ea42b6ca864684a85
train_4103.jpg,eb4d4dee9935bf06d92919184c22ecbdf6d86762385fb5835b0e0638ab6f0a03
train_4104.jpg,32f432e0148eca25bd37389a6ca16879000875b5e1731486c71b2cf61de55d8b
train_4105.jpg,0202e2ddfc6e6c0c41c0b13d17ff09666b351e2a5efa6cdbf058dedfd4041fbf
train_4106.jpg,69927df03736554f162106f86367b9e682f4961169b7e02709d1c2bc15e22dce
train_4107.jpg,08e594c0c9ddf81fd7d7ed6220fc85ff8fe44af874efeb59c087862d21988749
train_4108.jpg,462e7e555c0ab84a74f94529daa4a14d3252074216ac2ef53dac086927aa3041
train_4109.jpg,4c2da8aea454364f42fd2faa52ab81b17da6403a53283eb39157196b26990909
train_4110.jpg,98574978f6398f8188bc0a4b1e14b3016773d637cb4e90ec78473e0f114fe1e2
train_4111.jpg,02a7f8379086cfc803283f0b709675c0f2127ed4ce4dd6b4547c75cf86589062
train_4112.jpg,83e71a46742cc8ce8bebee9860bd1b5f36609db4fa3370eea7a823cf9d82da26
train_4113.jpg,d6255c62331e906db16ad8a953d1308d1482b251523a29e2ee2172cb813c4149
train_4114.jpg,92f3c5832074393f78abe997b7a5fce17a37c97b2fcca47663474b0c8040680f
train_4115.jpg,c783ab88024031966f45db594d79689a92663429954253f52ce28d2d39d27e65
train_4116.jpg,7b742b7573d00d52ac4a2638913d23d8bd6808457cb0b98c811edecf969fe57b
train_4117.jpg,ac94ac08a3216d91e6201dfc9c9eb1f42ee862f648d9d3f808135734314e6b57
train_4118.jpg,e59717db27f0affef0a28ec6f04177fded38b1480ee08babdffa4ad402aae895
train_4119.jpg,3366220c3de3fce9299dc2704ae47df4d4a62b1f584e44da312a8145ab91add2
train_4120.jpg,be2a974d690a9f0321d5ce2a90702d9a826bcae8b26bb5b1110a5195c9d2e00e
train_4121.jpg,bfd2543ecff53d7b9708aa0a7dcdb758c933121ed4fa7b9dd8deb42b8945fec3
train_4122.jpg,08c098b303defa319cf8d9346b92480ef0826f620046a0161045ff658787e060
train_4123.jpg,daa4e5d470277b1b1ceee99d69cdf567beca3e5b15b2fbb4ec7f62acd90fa7a0
train_4124.jpg,9684f7e6baaa4e0291b3cac46c52e55881fd4fb0aa7393b4766b80fafb41250a
train_4125.jpg,e1b6719b86c9ff37906c777164a0443bf82ff6b4969ec8853275c2471d06b76a
train_4126.jpg,8e0ebd23bd91da873024fda93d736c8269bc5ba122f4b9f65ec689aa2d1a7738
train_4127.jpg,c83c6222645daadb80311e1dbcbee9028148a41439daba0aca0884791c85585d
train_4128.jpg,da9c6c10b6a7a6410541375b43ede97d4a035cf3ae6d2466c81e7bc9b91e3e64
train_4129.jpg,80f3c0007777afc2debb3775e12b567bb956b9942512d9d3545793b33a9e770c
train_4130.jpg,09d396f60201b3ce01dd38e8a1890f8f7b7ef0915db53c516c156589f2ec32a8
train_4131.jpg,2b0578ca431bddef047115a987bd0ef0433751656b134a2aebe2ee4444dea35d
train_4132.jpg,ffeb2b01bf13d00b0c737ecf7456408cfb20c0384062d9854a114fc25897fd90
train_4133.jpg,fef817a921955a9e830be02043689b6ea42072cda5f7bace3e2ff11cdb8b62aa
train_4134.jpg,960001a9936201415bbc838c17a0f419a30c96b467b826f6d165bf2a40146eff
train_4135.jpg,33c04d32fac6c9b3091f3aeda1d5bdf134af8c1db176940f3766f820337d0236
train_4136.jpg,5888e5e0ae7f839e088ae05b0cf29048ee1323931873acae4a9ab7b8ca9afb96
train_4137.jpg,15057314e4dc074ed02d4944a3468e3f47b8c58daed2c3a76cb3281e6ba2e490
train_4138.jpg,8509e8f94746fe929a6b9f2b0e72fe4b819a09b2d73aea6a8e3eaf9ed8ed2019
train_4139.jpg,de27e8aea686519db1003adb2f306e4b6acffe66527d5137eda76908ba4cf681
train_4140.jpg,f4dfa2a73c808d7e74601abc5df98eb8700f5d4263381b4d5462aeb614d92982
train_4141.jpg,5e5013c9a3bf462bfa147a87aacfee36ccdf4ebbdd69a5f3c9f2bb2b43e0041a
train_4142.jpg,1129ab5331ef3a8c66f3dffee6782957c154e9daf4d55d28d32a361dbcabc15c
train_4143.jpg,1a83f40013a17f4d0c88a2e35e55dc40a53bd709f19e9e0dff0e7db1472f7adb
train_4144.jpg,cb226af991ee86a6ebfb86a6b77470efb0fca28b547f870b04dc6e378ef89bc2
train_4145.jpg,7016cd0a6c127d0cfefa2039e91a2ce4fa29d0c91dca5147173e1b368628c49e
train_4146.jpg,6f8dc2bd37b2b29cf7ddd33cefbc73e104bf4ea8e15281fdb7fb1a8184f069a4
train_4147.jpg,a90d441632410dfa63352b608b207f73022c03248e2ef8872ff80b8d623a92d8
train_4148.jpg,33f739f3190b406f5318dd043cc02d6a8f31f8f3fbaca55b75f564751ad6d449
train_4149.jpg,4baefbfef321c57984c0fc9f131e19dde88dfcafd871fe29dec016ba7d7e2832
train_4150.jpg,c61440f861122079fec8565378233a93a25b2dab2226c72f2d08241aa714814d
train_4151.jpg,fd0d96b15ffd257e86e018e006ba7a35f6af5fa8bca6fc41dc8d2012aaeeebb1
train_4152.jpg,8f1b3b0e6d8b1e4c2db4b693b1accf13af07a89edc6280196eb3d9739fb3cfd9
train_4153.jpg,304a208db310a96cb1521b9318e230cb8af3360d77277be6034a1400952b98b3
train_4154.jpg,f080747da2e0fef97294017977339abade4b6679e189c8c9ca831feb6f007c92
train_4155.jpg,fbeaa5b0e4124717733447d198256e040f000d2e3d8b7f17825ac384434255d2
train_4156.jpg,28b0efecc8745fbbaf58bd340dc157c1963e07f2a5b8991b221fb72939da9ba5
train_4157.jpg,8c64ae5f40ea11e8ecab205b71b631bbae32b73304be39e613a0d7c5b2a3625c
train_4158.jpg,cb1245c98ffdd1d21884de75371b6f9869f13cf512096f603cb08cb4585a0d8e
train_4159.jpg,25a007eadd34654a3645b93df7fba33f845ffb80655e12bc2ba4f55ee69717f6
train_4160.jpg,60f6caa2316eb7dbbe249cccb893cf4a626c4ee2b998621e1e5db791dc87ba17
train_4161.jpg,8254edadf8149f021f63facc76b834f729984481cf80aa5c051ebbfd35c8dea5
train_4162.jpg,72183ff762730639178e947e377f1c4113a08a74b9a09a33ced1e383c201fd82
train_4163.jpg,e5f11212bcf615bc70f5ff00e1be7362d86a7672e3e95495736835b736eeab98
train_4164.jpg,699f46c15e7957055b7d8c3569f3f65104571d584b65e2ead8bbdbea31447407
train_4165.jpg,201b9e34eee694411a4266f78f652f7cc5121aff740b24cb14feadfe8665501c
train_4166.jpg,a7daba260070dcb72c1887e7c3b3fa19d852978696fe072b2ad13124e44fc409
train_4167.jpg,d901d51a81227bc6b167e307d8f176507be2af7b5a0b0b6e2952c36473dd6f67
train_4168.jpg,4ef38f36174c30e6e439fe85ca6d595838c8b2644923c863d54145cb78f5c6d4
train_4169.jpg,55c83a4b52a9eea2da6334ff15f15a6f99136093debad017867d4bdcbbea41d0
train_4170.jpg,c7916fda44027b063b6a7b0071bce53bacba79525227fa5530e459afa911bfde
train_4171.jpg,8374f12129aad99d79b6343a9d851a43a147263526f6c3d08d02f816b52def8d
train_4172.jpg,a1d053249154afbbae8b2638523fa1b7e1dfcc3289c43228485fdb2d2d3d5a25
train_4173.jpg,70a0e4f5189e6b4865c3c46763e7d6edfeb3c2ae2b69f7d424236dde8d88c0dd
train_4174.jpg,217adfd6d569d3e5c7320212cff17b1ea9e77180b51945d4935e851a98014e27
train_4175.jpg,728174abe37769faa6f6e9606c5479fe7162d316ac315673ca80dc3736ef96b2
train_4176.jpg,5146b6405de320dccb481c68c01c481ddb7e0d2a442dbfe9d3b8e9e1b8b834fc
train_4177.jpg,473df66f86718c36e51c03da75f97c832eced777870ea0fbb159e7d6f921c514
train_4178.jpg,95b459d600a29df9042834cdd9ff1c8d3c0f5466b205da7b13c73fc137f3cce1
train_4179.jpg,018bbbd6ce45d5542421a5bfc76bea34e776ef67c9ea6611fae8e7cdd78397de
train_4180.jpg,6a069fca38d4404b351f6a9fd767a150c31145832288246c4c67b32f9116dd02
train_4181.jpg,decd2bcea38446a0ab7cd63b6a3929ccc84fe9037f23f9a68507d8bb1eb03e1f
train_4182.jpg,88e9048cb772714ef998687bbfb7c31719815c8307d8f310b94e52bb45569648
train_4183.jpg,437e4b87508ea7ac5b26ce43060c96753726d3e0ffbf489691caa14c57644b94
train_4184.jpg,15dd2e2d2c15c2e1cc7117811160219ea99516e9c0740a41210650b27ab9761b
train_4185.jpg,60428502a358a45aaa407e6fa6e6bcfcb2ca0fc75e85e0102c5b25d2f2373778
train_4186.jpg,f524ba16801ffcea3f6fe582bf86ff521dc1c5f07ca403bb6299250310809112
train_4187.jpg,5f218d85bc739417c37a8c6a073c879c25a785f6a9eb587f861526704fd24e8e
train_4188.jpg,7a3af1477ebc3381c622ca0586fc70b51439181d7e14e6b8895329ecd0348a91
train_4189.jpg,fb921e98529a87f06592d31d00bb5efad11e67d5e0348d5047b09c63e5c4c8ce
train_4190.jpg,2e16048583a868276334363cd969901d4aee87ca99a254e879f380d9ac7d9fba
train_4191.jpg,7fa642d7159e6077cb690288e7b4adb92daac41e9ff546e86ad1b53e40ab79af
train_4192.jpg,596d97b9287949e4e66346ea66d686bfe91c43cde061d222470c3fa3dbcf6d93
train_4193.jpg,18a14d3b5b8fa0972eeaa57dedc6927bef1de7d8c6dd38a01368d344f34e4df1
train_4194.jpg,16d90787e95d440cd0207786bad33d11735e17e9f9888c89d9d718abc41c01c4
train_4195.jpg,0e214824d9e2200501727c61860103808bfc85b48662197d818d1e6ce3ec31c7
train_4196.jpg,bccc2e7c00643ca4b5142dce3fbba4782194b64a75b68116832da98cb8ed07c8
train_4197.jpg,ad2a15f4d56a00ec163df7d5f8dfd9bff40f1b4a5a0f61f3cc9beaaa2343a5bb
train_4198.jpg,6fc71e53608717ae7e92f3aaf0f746a485050a439d72f4c04c75ef8d938ddaad
train_4199.jpg,58af0833498a8e9cee1e6356c0ada9c2b2e7ec855218c14064389c463db727a0
train_4200.jpg,f179b5253ccd346c4e6377c4b7a30c4ce4bdedccfb5bc1fe1612d2e2ea2563d7
train_4201.jpg,7161668425c4a7df577ea759353bbec017ec9f4e1ba316f07616cfcea511a3e9
train_4202.jpg,0962f8897d7b46437334ee83f552aec6cdb21b2af4b31e89ae1927bf5bb3058f
train_4203.jpg,8bf93be3821b1077d990d016d2061afa05f3bb64aa4dc1e4d0ea4aec966d292d
train_4204.jpg,e84acae4b20283d0a32019067cfe77027a92edca625dbf9f17412b93d14e352c
train_4205.jpg,1ca204a64b0149fcbca2a46cb64e95fa3d9f7595ea9deb35700a623d361fb8e9
train_4206.jpg,ce4653c0540481ecbc9260157899ff34019d90576d56c063982bd4605abd31b7
train_4207.jpg,fd3f410cbfcfcc8b3f64a2e76741b9e26bd6ba73532cc5ae851e07274f5eeae4
train_4208.jpg,599788cfe32202dd424fe0cf9e01f6bac0eb8d632b9529c2bb640d4e51b28357
train_4209.jpg,145eca1ebede7cdca5501276e41a5e043616317602f79c8112f21b34aef4dfd7
train_4210.jpg,8660c57eea5a58b5f2467fddf875d8d6c65e9521de51027eb48c9dd5e7c91a4e
train_4211.jpg,5addca86d998d7f90db897a4c8713c14c3ea710eaa4059db3d5d0e7cc4f5a2c0
train_4212.jpg,7e7af131dae3415b65160f4536aa585e512bd77fda28c3711a036e675b0b93cc
train_4213.jpg,0daa4a44bcb5178ed32fd01ba5b004ad6d3fa2effefc120b7fd2019a91e6e896
train_4214.jpg,aa9cb22669acfd13ab1c3f5ce5fd44f48843deeb0db0f28fa51b79532b51f92e
train_4215.jpg,7123c4746b6d5f12d6f9a195e3bbf92526f09e5bcf3d58a6d2fc3ed10459d6db
train_4216.jpg,3633adaad84a86fa1ba6ff6ee977a727eaeea7f9a8b05014782aa09ad4f23c1d
train_4217.jpg,86bf3592002282878a5857d8a799d5bc98e0d1d2268a6806bc69cadb034d65ce
train_4218.jpg,7fdc0904122d64391be26242e6d05b87ccd6cddc41211873b8dc398a266725ab
train_4219.jpg,59cc5babf6b51581456d68ab7db389a457edc9f0adbad19b12539c2b07a5409f
train_4220.jpg,e736af83ac7f19759fab01a27a8bc72c93b080da671b22b5fb00134a2b94c5d7
train_4221.jpg,760cf4b0201320fef270958fd7b87b2e102bc3c400bb24932b547c5c110eb936
train_4222.jpg,1378ffe853113576e8944c50e4dc1313c3372bdf53787df467f82571166fefcf
train_4223.jpg,9ace5a5260843618c43d9241faed7c4ab132f7c79fc92fa91044c2a55f8dd6a6
train_4224.jpg,b278168c8aae8bd4ef8e655920c68c051b07e36ba1e41841c94ad9df984b07c2
train_4225.jpg,4dc0f9f207bf8dc7b34cac6917ed26bcc9a37b30fda5e200ab826333b8bd8a74
train_4226.jpg,ef1fe4e6e2e3ce3ae74fbf4fcfff819e842f5a285f56905eda8d5c1a4e310dfe
train_4227.jpg,b6ed568515bab58a54d55a14913a557d90b5f8449ec7abb93246919085e0d452
train_4228.jpg,f8fcc8a62309136b21a1ec48c750227522874fc6a58183df9d70a13694cc521d
train_4229.jpg,29ca117fa1d3a6dff078c62584c3a90ecdfbbdf012a6ea30df6229fbe6d9478c
train_4230.jpg,e27c7b88c89719a245172254ef1ffbd47807f904b7013ea36f4433256cb4cdde
train_4231.jpg,66440c6e8d5cb84bfaa1a06623d8bfff4999d9b31711897783abcbe043d1597f
train_4232.jpg,fa23368d01851e7ea16bf91f41c612967b53694e48c1647728a65944b2cc44fb
train_4233.jpg,d4b6771f4703b7d7c43abf2ddfb69a2abf5724d59653e7cfa297c5f93a359026
train_4234.jpg,2fc80daf0abdc9f363ab7aa4b0e0d576827a1743691eadbd2150082d87a0c808
train_4235.jpg,c68ee4add58583f6ef0438704e4b8aaef5b30f53b9afa9c59bf71965bb126067
train_4236.jpg,6919e9bc42f4d3a26a9460d00c1994aceb3eff36ce5d92d9cb4f9491a8eb8169
train_4237.jpg,5d071cc5af7d78a85d485f4dc49fe3185aa76adcf399b8559878dc4191931e30
train_4238.jpg,e1cab073980ecf75805933025875d4e64b9acc2ca1caed0b4f18d29e42aeb7af
train_4239.jpg,0acb8162a4090e0765d3e977eb289c5b6db65f412872ec09ad69393e67afdefc
train_4240.jpg,ca97e1084f62b26ac64758f0a71cf3adefc4aead1b8a1bb4cc060d8651fa50ca
train_4241.jpg,ca1c560487b1b9d1d159042ec98909a853c767762b70d7ca94489e8a7e420d0e
train_4242.jpg,17a180e04351c58a236717a9c5a59cf8177e504e255cfa9b2b1e7c806324eead
train_4243.jpg,6d10f95554d741332f81a854c2e6630f208a555fd4044b5ce4d480b46b62d22b
train_4244.jpg,aea7efd70e319baa103ccc68d14de56f913a4d84c33b58fb1b70660a2b9bac38
train_4245.jpg,e4770313a1c1ed11ab42a3c669bcb596690ad09120c6360ae6481c728c211f01
train_4246.jpg,1d04cbd0643cc1a7c20f19b70f5efbb7f1b52154ec15c166b008ab2a67a990d8
train_4247.jpg,c6a666c30fef38635ded5c3d7d00de6a2124ab728d375d6affab66d6c4cec9cc
train_4248.jpg,49a47b9cd3261c069569b84a4d2365d0744551c8566ffc78f3b361c72ba271ed
train_4249.jpg,904f2ed4a5870aa0a024aaf80beca3cfe706672bd27dcd928cfe30c6302dcdd0
train_4250.jpg,9b8e7f7bada58bf7731bb0445243b5f6ee54eb445c4a02a7ab620cf12eb24779
train_4251.jpg,6c5397940e9a5c12dbae9cbe2f183c159c7937bfaaf3212291a4df91cdd40250
train_4252.jpg,119b60216d063823d87d65c89b93d454b430db6940abe3a05d1ab8cb844dd016
train_4253.jpg,9e8dbd92f679f1ce657ffc474977ec1175b74884ad63a9f8851bb85bb0cc3e3b
train_4254.jpg,dab9ed4e05ca888e9566812b7057f50e6687b019ff71280f155d5421fb6546a1
train_4255.jpg,e29d0a8e6ce13a1a06255c54dc2cc44986c96f42b5ceec47797357826c5a5fdc
train_4256.jpg,43712a7e1e1e56fc13213e9c52dd64f5727576d4980ff1944dbf4ae9bab47d0d
train_4257.jpg,ef53ed0f7d5093a094cb670fe0ab5987de07bd5f873b3eecfdbcf15a5533031d
train_4258.jpg,465db4024abb85809d79e18556fba5b172fed0d6fce2148c088da0f98c67890b
train_4259.jpg,2b4dce42d2ebee445e892a98eeb10d35989f318ebf67edc3df056ba4fbbaa93e
train_4260.jpg,9e2ec5f87a3ba8d9ddbb97fd9ae3e9cc191c673b14fcef7d279d10e2feac7716
train_4261.jpg,5fe91ca09be8b9d425d3c224f93d64fe98f79976b4676466bdec3727641694d7
train_4262.jpg,7519a50088b56e377c98407d1e93da04abfd73ff3da8e2afd2613bd035ce683b
train_4263.jpg,b187b22f1cefb414f5ad5069b10ed729b1c5398025d9be1c58a7d6b12576204f
train_4264.jpg,b0a0fb99e531ef920486fd18e26471ff89e4f6d89df738e3e59050153210d2bf
train_4265.jpg,dbca8c9ca827eafc706fb66c0256279057d7d1ad24cb03936fcc296bb66c8d1c
train_4266.jpg,4861a680168301afbd69785d7f5e963f8057d994835062964f5edf0c654f716e
train_4267.jpg,ce368daf8f45cf39629114d2a82d822ec113741b059095eada2d014e8a5d7644
train_4268.jpg,ce1189c2f81a15eb43bdc5ae436974b4127c957c4b1d2bf3c571020fa65a777d
train_4269.jpg,98f7dcb5ec2409c1f354ca9d97204f20f335f91bcd773e360684fc9556c0ff98
train_4270.jpg,ff95df31ecd5202af651b0f8eff352eb904280fb6bab9f40b98f5081c677a02c
train_4271.jpg,1e573b5eb6dadfe0bfc95c0e87978c17cb558f15ccc649e42030e03bac8f1094
train_4272.jpg,63a187247a13bc4c36c5574be7f7f1650da731d91135c06296b99ad359e1064a
train_4273.jpg,437f301da5a4c15b13fc5ac47d4a21e9e77cff771985cdbbb8c6410840ed985c
train_4274.jpg,0f0983db14400a404ba4c07401427c862325f1ba3a0d5bfd56b112b7b26432b3
train_4275.jpg,450789648f060c1b49204745c219df0f4045b3d940cf1900810a6091dcd93074
train_4276.jpg,eeffb4724d41cce8c1a851fb3a50da66edae03795f99145f72a51725b4223a0a
train_4277.jpg,aeb9b35421673f71680f053f1eaa223c104aac2ea85db7eb6daf995cbb7bb914
train_4278.jpg,906c101fde1437e96eabbd0515c6101045a1a17669bd793be18d11c6c492cfde
train_4279.jpg,c9c3e93178d42c7e570c2b61fa1ec85a17520f296bc704cf6e3bc52b0793c981
train_4280.jpg,94304e2b69501085225b71aaad2cf3d4688245b3c5c366807295b32393c6017a
train_4281.jpg,ec52c1b21d9ac5067b69376028c1adef3329c16e95e7e30d5e2a9a1783bd163b
train_4282.jpg,81555c25a3853f9dea0e274f79fe163f752166bd1bd28002f965e217591a8c96
train_4283.jpg,89d130c319d19576b2c5c898b34506c1f76b991c97436b655542a8d8256daf64
train_4284.jpg,7e255185a6738806590b410164980f441b7aa06744226fe43bbfc8c48a68ebe4
train_4285.jpg,c8995700b8e5ccb0a55a08ad44d1b32e1908c51b372a9f421870485218ad577f
train_4286.jpg,5cc67e509a4f7c5967c4de6bbefafb74616b8f2b0749e96626466d14668332dd
train_4287.jpg,ff1ed9c1da60f214336ab94522a91cfa5154bf2142a38a041b1076552f21b848
train_4288.jpg,88d02f535c58d4cc924ad9b27eb6917cac0be7a4fb7f6782d937549737c71f32
train_4289.jpg,82bca69dfbca4ddd9d132143e15b5b1bcd7f14b56dd087f964f9c50801251ae0
train_4290.jpg,995525ce5a2c5e84f822c352fc11717f211e6b25ba8cb891d82ef285def74bd8
train_4291.jpg,2b7b788d09d743a53b4b954ddbbab070f532d3d391acbcb1d8dbd60b48e0c475
train_4292.jpg,3a14a46f2dd6f1e659586005b3b3d05b153ce5dd166465b6d6a12148d369e963
train_4293.jpg,c25dcdb7954dbdbb008695cf4c6c7af81b1908a012f0bf1bf62520dca90d9b85
train_4294.jpg,b0853be82e63b3b8f9c200dea5ccd9dc02d7df3d61466c235426c19b707917dc
train_4295.jpg,6372a9935ca50dea8dd4b125e0e7615ec29865f9375c20206e999696e280f4a7
train_4296.jpg,fce975e354a70063d97da8e019e0b312f3a1ee7537acc014bce906205cfabddd
train_4297.jpg,f50cf8a62d2831fffe28aad452552c787bd64e220d1e05996c5df3beaa618b0a
train_4298.jpg,454b7ee41994d877c9cdb8b373c77022661e5a9a18b6af624cbbc45320198d23
train_4299.jpg,ce24b7d9113b5f932c67947e48635ec225769f1d2c7d92e9ee887075bffebf45
train_4300.jpg,ee89f591f2f1884a6eddf2c5c08f74da6f86937f2453b1a8e61235754e6224f2
train_4301.jpg,988d334a22a4d81b1a444aa73d937166a8ab6d3406d5764100a09de38f0db539
train_4302.jpg,737917743e49270fa8a3edc96c444790dbe33661d69d4d14f7dd8076d5b9beab
train_4303.jpg,55371e7bd3f39a84ee653f8d265242292040a9bacd6cf5cf65b2a5628edd166e
train_4304.jpg,d29db98ca0a85db2556c5de98ebc3f9cefed847216326bf90dedb56cb9ca9e44
train_4305.jpg,b3deb16853633c129cdd566b46eefca081c673ece8db6db539fb4b22bce9348e
train_4306.jpg,f3d7f8894cb3e4152b82733cda8935e2b23e90b8032afba5dad4afa22d2d3d11
train_4307.jpg,699141371be8e89a583dc935c4176a75669cb32740b8f4faaebf80967d950ffe
train_4308.jpg,52e7030fdc5c5c33c3c3c217df42204222691163a131b4945a93e9f016bb6670
train_4309.jpg,14fc9ba8efcb8538ef86042d3faebc500d040c275b3463ba5e6a6032f2b5524c
train_4310.jpg,b591735c984da49d6b00d1d8d62bd65d1d0a4cb468471e74da70aec5b8ef6583
train_4311.jpg,545e0472dc896087ae4825c752a434c7da666d8bbd5344471f844fd97735ed9b
train_4312.jpg,1913c6aed723b810f8a2e26dd5eb497836b93a90a8f4f012b34efb65a46546a2
train_4313.jpg,778fb55018b7365ac5efe0d2b1554e8e768d6c119815d715c474d5ac2c13ac3a
train_4314.jpg,29c9851b1a991069005d6e46193139d23a0aab1d5a94e306d644c055bacaf8b9
train_4315.jpg,5cc8c2da26b19e8c651d6940d3eda27c7eb41e211b4630885bce0d0dc680c2c2
train_4316.jpg,2c27db815738f2c011b8fdbfdfaaf916009d3e49ad70db12ab6e5463bb1c80f8
train_4317.jpg,379c4d6b82712a1fdb934c86a2ca0927db3d6f488db53caf4ce230b4ffde4315
train_4318.jpg,7248afc708cf4924fa2a6fda359c76a99107f8bd5a32d8a7362563b07a2ce01a
train_4319.jpg,0a32b0aa3f0f0dde61d849f46db601ac67244620aa996bcad730ae5e4ad25bf1
train_4320.jpg,c7cd86c4435b9104b75d58fe45c7f19488c7c901f8e164b8666be9181b0f15a0
train_4321.jpg,a658496853517e83a7236ab970d02d77267ce00e587f2b3f9fb7f61e505e6ea2
train_4322.jpg,5e783b8249f04f74723ceb986d71363e7a3cadef9ff577263dc3f5756ded0858
train_4323.jpg,2b3f3a8eedae06fdffe8dbab841de35518cc93022c12f6d6f99d93199774a7f5
train_4324.jpg,70ca4b1cc2855202ea6fd327d7333e4c55e53f35bb5319346d90a4c380da5c4c
train_4325.jpg,568d3bb7580dcaade0d56ab39360037b662c24d21e92658d284619b65cabd931
train_4326.jpg,68b80c25b977256193939fe94ddb1402f8cbad1e1484a1eadf79c26ba98f798c
train_4327.jpg,008abca38e0b2d9506ffe1eda9be8553fbbb9ab987cf454a1b921d2a7302a3b3
train_4328.jpg,c84db0523ff96c40398972546c2763e4da42debb349818ecbdc53bc24ca551ee
train_4329.jpg,72f8a3f096a38fc88aee8decf3ee5d4402731ed90ba32ab78392af9774eed2a9
train_4330.jpg,8c59660d8f641e4fffb49dba2c07b31be3ed0fd574eb77cf4608d807d64889fb
train_4331.jpg,df424ab20ac752b2da29eb496aaa713c70707477bcefae4078c402739e6feb5b
train_4332.jpg,e3b6c696d70e6181daa223cc4bf3ef93dbe7a57c7eff5a10bc6b971c3f32fe0f
train_4333.jpg,4652639f549be4d1b22b67bb9b36687218c7bfe7c51177a19d8ae7fe3d8ee223
train_4334.jpg,4378c2e87e4c8fe9184b8e94c0dcea1bff737f0024392522a55858e05ef3bdb1
train_4335.jpg,af8dd3f3c46fef5b394ebddf18cafbee75966ecc6badad3fe4a32f032db264d4
train_4336.jpg,db0246a52c70124db973f8d01c2c1405f5af9ffb9467629ff13e2c21fc9424b6
train_4337.jpg,f59feee64926fc187ea73e8a040961153fd45b10fddbec8e52c58be4610f110a
train_4338.jpg,755f7d0085d26601eedfddb45d35c74086d9011f81bfb0b27b16c92c7c1e1f60
train_4339.jpg,a1478577a513f2c6d86f6d0543724557b7f31bf18d0d108bf32a2fe411fece84
train_4340.jpg,1e2c27bcc2dd3a2a355bac709d649b774105bf7c53fa4a9a5c2a8d5446f11497
train_4341.jpg,e57e4bb8a23d4b283be491a656ae4298de28d6f779a075e9e5ddfeb5315b48db
train_4342.jpg,34d3cab8ed6eae64fff802c85e5461f9023a990992f45080c3bf6c64e6df46e8
train_4343.jpg,520e08e4c21694fd290869cfb3ca12efb7208fc7bacc3b72715c0d0c55569386
train_4344.jpg,579a77470f80ddef72efb1dd08befb07b600664a55458509ea46e5007b73e5ae
train_4345.jpg,aed0d70b8ded09ee764e730fee82cf92129447af3ed699d1704443af3e3c2620
train_4346.jpg,2e900215d53030cf8514e5b650d419abf9534939f99e0bfd9125d1fd0420cc01
train_4347.jpg,b6c358e1fbeef850e0e25a9b957cdbe3ae69be6a368801b1c4783a79b815e999
train_4348.jpg,f0a67a169e3452afb16e2917166f29daa8d8f03504656a1a016f5825becb35ae
train_4349.jpg,09cadce5d3a1bef2bf31995fb9c2847a8a5b6d85a29493769c255e83e4505a63
train_4350.jpg,610c6a57ab12c2b12360a096753b6927a3ed6e51b3db052707da4bc4f1dfd3fd
train_4351.jpg,25e99f9a35498cc2ac0e864cb5b73c867b265e173f03220092dd864025510ff1
train_4352.jpg,5a888a19a8e901829516049695996ca6a991513579e3b7941d13d08d2e5d58f9
train_4353.jpg,a3a522532b1fede1af5877462024208ca2bc22ea6b70f377317ba6af8753cfe1
train_4354.jpg,e0285cdce3951b4439ed09414973095b6a799493db96e1b708a89cc7e5fa4178
train_4355.jpg,d3a8608968c257f045365ec7b0b80c031d13f3f9b0461b3f65a2df66b011ed4c
train_4356.jpg,724b490742967da172ad08d9d12fae69ab9e2c126e9184cfb48af6b93a786700
train_4357.jpg,cb6b3ce3f311cd37c70b0fd8847271bee4208f4189b3a23e804ca651335267a6
train_4358.jpg,12b248732c04cdebb69573bc085e0011d0f3dc7047b339d6f5ff52038779c934
train_4359.jpg,ad76c30b8081c8dac8a7f150d0f6356d7baafaf1997dab97bc1aaf39390ab2b5
train_4360.jpg,9de55e0a2eb02d75a1f797e95fc96f4ba014eb21dd5ac0ea2d88f5605f12cac3
train_4361.jpg,fcbff486c866b2346ad57a9527a1b94322df1efa63bc0f42b0dba360b7af82f0
train_4362.jpg,97c00f396b76fd05dd79547a509788e7bd07078daf933da02e87b5f333ace456
train_4363.jpg,9c54bd7fad78099b91fa01d3e51610341e9a035130eaedadcb5ddc493e26fa8d
train_4364.jpg,89df53fcbb4615c872a266c2e37e77d5ab840b2e5c6071ce43da3b6528f92fbc
train_4365.jpg,a03e351fc528449b876d83af9c8f7bb8496696b222e809cbbce14a7dd59b0f83
train_4366.jpg,4ff684b7efac99df1cdc4c80bc3e9121906188d2becdf34c7e41eb37666980f6
train_4367.jpg,326e0c2e15e5bca325648428cb911af7b7fd002d66ca9bce2e5a46012d15e404
train_4368.jpg,3e07f1b007a6f466d63d9632b5a8b7c15d039d7da135167950caf7cb01a8ccf4
train_4369.jpg,3b14e4260846e0212dd81faae23bf89488c28b0b2698bd47bd7cfc03d0c17546
train_4370.jpg,c8e2a3a28ab1fc69d4ebabd8ffcd1eab70da06d6c1c287afdb16f55e265da139
train_4371.jpg,ca7923307a2f3544dc56308fc560b880c227ba227e18591d29561cb62d90777b
train_4372.jpg,f0ec9495b347f432609c07bf0503db038454f2db828ad9133fc6faf56ca7e273
train_4373.jpg,b78882a56074363bfb18fde45de1ba39d9e802c57dc913795242ec7396314f90
train_4374.jpg,3d6e5f460bb4d688fe0b426be076a3fd937f1010e190240fe241bb8dc5aabf36
train_4375.jpg,b1e8da39110bc54b2b84ece11f418addaca8334adf1652d3a6cf91160791153e
train_4376.jpg,0eb28370b4ba2a55200442ceb9586b60f06bccd753e79b9a0065a75487b16c32
train_4377.jpg,47f1aad52214ece564a20ea9ffb307b4d9967497379571cff26e3072dd284aef
train_4378.jpg,f6eb53495487284d21cb71c5985ce2591da96faa6297f04afbe7c5c0d5e6970a
train_4379.jpg,21f7cc7f1f9ec466a4173166b7190861ac700ef65ff8bb748dc3caf50ca0571c
train_4380.jpg,8ac44080992e1af7ecf249c6accffec0e9d4a23f3e0b0ae4085fb3932e2fb051
train_4381.jpg,0a663c701b2213f066cbc34543aa47f16d22136697517a9acb8542d35c6705c6
train_4382.jpg,bb1858b706c31730ab9f630a2b5bdad965099bfd14fbcae9d2220953e613132f
train_4383.jpg,ea97fe60275c2d438a7a2ca451798d6847c8935ebc550a6ebeaf8022324f401a
train_4384.jpg,3f2a60a4350ba8b3b6fdf4788b5ca257d2482daf02e0a76764feed8b7ee1da81
train_4385.jpg,6e210e23cc2019a99241caf3da6660e123a08718b8f83bd71350f26dcfc64877
train_4386.jpg,69310e5aca1728f9bd2b1463b04aea8cc51f4b9c8a15a8ad438e58f7e48f01e0
train_4387.jpg,9b45d209632c1276c9270f1beb647bc3ea52dd316cc562db38915dde38f2ea9d
train_4388.jpg,c98d35eab856bc25d20ea21ad7a1426c8d49e3c5120f1ab1f8b2447c8dbd874b
train_4389.jpg,48ba186c5f682d471042babb9bcdba5b5d7887ad5d27f765ff496e0024cb597c
train_4390.jpg,dbb3346e6f69961f8eb6be28c99687f4ab353805445e977f161e43ac50510262
train_4391.jpg,db94249828fd4b3dafe23bbb643105b05d3f0b9e8982af94da3b6a0627d7c05a
train_4392.jpg,29c9a515ee34f9f16e7275d3b4857c8063584eb4f97349ef3bf04f277b9f2697
train_4393.jpg,565b6a69a1922c35870b85fd5af9ce5209b9b74c40612209359e4a7defe91500
train_4394.jpg,e366e6167132000d6ce380464f71743dd2e42efccb24ee140f235866ba053391
train_4395.jpg,6f2591c96a2e6fdda58317ff7954840e903059e28fec5e83156dc9a884ef880e
train_4396.jpg,1f585212b2fc38e9fd5a3cd861d512367406276806cb53725342e1816e917cec
train_4397.jpg,1d414aa631c8d07b03090bb10ca60dae60fb16f98617cf456c1f046fbde48dc8
train_4398.jpg,0d175874c69d364fb2ae54383e2c1aac562b2b0c3a8a5bf6802b59a83f88b304
train_4399.jpg,75de24dd35bf7ccf269b8a7ad897408de7d3168670c3ee66ed75945bd5045c17
train_4400.jpg,978a85a83076f3057ac2cb9ec8c28da754763ea6a8bcc7d6da811bcaec67d3ac
train_4401.jpg,72f5922ebf9f7c0e3455a4fa72d37ea68f7d1944ec73e83cd93284ccb6edf7ea
train_4402.jpg,ad6ebbb1c80946aec9149ea985c6bb194bb66578529020ea833cd7b09c96cd47
train_4403.jpg,7d5cb38022c505ce64f9ccddbf4207b6d21629c9c0009fa842e921e1b31fee72
train_4404.jpg,a89c698c4389a2249625381624c1c06f0f91b9bf1381325ae06f28103162072e
train_4405.jpg,3c5d9fc085583032d79b49d7d94570404381a404487e9ed65bcc949336bb7bce
train_4406.jpg,27cb456f0353061f2248da18f5d809ebb1e6e2f4b04818b3f14f4100c235c021
train_4407.jpg,84f5e34502810efe1c8b840661959a92baac87e41cf935ca79aca3bbcf13401c
train_4408.jpg,4661369d852daa7b595250e44086bcfa3585df6678083eb67a8026871c26076f
train_4409.jpg,09b385883d9dc09c101086c9f0becbe6d4a6e62fcf3519a171120cb3ba68c03d
train_4410.jpg,73b0b174e57daea96bb07df758146ed267e6567508faac2e331b8759db743711
train_4411.jpg,57386cdc15c2934fe598f4eac2c4003be4a92829ec263a4bbdff1850e479f8b1
train_4412.jpg,b2e070369c7a2be0fc73db26f9605f966b5ec061f3a7167c27f47694df9a91bd
train_4413.jpg,fc895dea868c64c0c8aa2ca864f0ebc40e8dba2308a67385a7bb9bb25e46bbce
train_4414.jpg,31d17be8ccbb99bad010377dfe4ad36b0b7d15869d7b921c489be73d51a7f2ec
train_4415.jpg,234aac4df1377baf7c8d5c54e47cad9e82287d6b59f212ebc1c690e95ad543fd
train_4416.jpg,87fb423aa4a34390dba8c47558603a852daef6de3c1562b1695dd26e00184128
train_4417.jpg,0ee2fe0451cde756c44cd7f87c42c804c11c62be3238b507104575afb58c9c42
train_4418.jpg,9c00d3f717c08cbde03aab41f5feffddbaeae87d7e26d65ed45201dba3c0b7ed
train_4419.jpg,b1a3145dc09c7e0b1f9809e1c0fef245e0789ab35e2a39a309a6d29086ffc189
train_4420.jpg,38d60eb427d8ac89e74d0d9b3225e01366df6e095f10c1b79d16716bcb4ad0c8
train_4421.jpg,5a0ddeb5e9189c44c443b0fa2a1885ea35ce1939a8d6447d1cc8b721a2e66d4a
train_4422.jpg,bca91c4274f580a80efc6aef3a1875c82af64b96d8f820b814285d25ef93d366
train_4423.jpg,79307cce21b33f7c2b5dd235ea868f9248a2831ada62ed4aecf430d813d14b9e
train_4424.jpg,0c7ad0593ea54eef9e7a5302c58418f68177ddeaf544f341cfc8b2a237bbfb29
train_4425.jpg,18c1069eb6031cee5e23b2ddb1416b60a3b6a015e2f944cd4e152c3f8a20a991
train_4426.jpg,1097a48e8652ade5215ae58b5f1c12831ce8fa467ab60c0908dd1b761374aced
train_4427.jpg,986c47594fb7ff961cd651a580b932a657dc7e237826cf08962d66f756a4da1d
train_4428.jpg,2a52745c96f3a56dae7af91b2fcd835991f869d55e4cf188f074c2a96add06ee
train_4429.jpg,35947ad85c7ce0aa27194282700bacf21ab0c2978212734a419e806c4edd9c6e
train_4430.jpg,f8799f44eb21210dc330328bf6ddb2efc5c546d850f4ee89fa2439f4b69085f7
train_4431.jpg,eb2647a77b61a2b37923969c30619552346f207b386b621928b5d21732520b52
train_4432.jpg,652ab4d215c2043476f28e91b4709ff66b8f9fb5b103c522e0078f3a5877927c
train_4433.jpg,0419e7deeb5993dd17781689a806bf244218deb5606fe4bac5a79b1a83c6cc09
train_4434.jpg,8c8f6f86819dc5875e84cc0ff7be0e68cfe40ba50a4d1eacd04b1b335a3dd721
train_4435.jpg,97cfd9b6a055507af4ea5346817a81c0d09cc2a913baef9e2609277c68418f64
train_4436.jpg,2e9396dd60eb5239af72a74d3860bab97bc5a5b6f4f1c828d166daf5c3745522
train_4437.jpg,8bd22734e46ad29c7107fcc79354eef138159adc2d8f86f46abee67c4e435239
train_4438.jpg,2c45c5b96a3faf916ac83607a45047f8f4cde5a50612cc567c6e3f8d7aaf8ad8
train_4439.jpg,d153444c0918bdb8067d177438579cbb6d9c585ac42cdc18a846ae385fa6529e
train_4440.jpg,e7c96402c2bac424b77fd310da5cbcd0404bcd8a2a27b426073e5ab4f6cb845a
train_4441.jpg,ced4ecb20d52b4c87850524e53b0dd70a2dc6b70c81ba0d67e2e4adef8c89cc8
train_4442.jpg,4251734f918f42958e20f15297e4b59959b30d7e3efa457391df0f3005c4a6b4
train_4443.jpg,79599c45c42a04e1086f39bbca9ca9c81ef55fba7e25ceb1db17f606ae37acfa
train_4444.jpg,20e99b6d49692febbbc54f0d34613cb51d5f246cf4179d70e8b3f98a4fdb285c
train_4445.jpg,bea8490a782ea2cab9004d2dab326d782936eb0bb91c5249840df462d6afa1d5
train_4446.jpg,679834c784ecc53e65e7679e323b076c11285446172686d4081e677cf97a69aa
train_4447.jpg,f292e8589bfc157f1e7b85a8b681c9afe56c7cde28220f9fe4780a7b9f402f72
train_4448.jpg,15fbc250aea4aeceba3a9dbc8a3479a1b4003a99b77b9c5cf3f1b9cb13605bab
train_4449.jpg,27171c3ffeca2431c6eda5985728f1366b03765e62e4de56ea653bf5284ccb1f
train_4450.jpg,bb9f1ca5dcf4cd414a79b90fa4ee6c135af3aff9fccecb4c0c2da2ab81cc5355
train_4451.jpg,b0b645674c212101a5e669c871407adeea2879d0a5a0a10da7f7149ccaa6936b
train_4452.jpg,a73e1f4b2345114e984b05b56191371fdfc378f4ecef45aebba168440f9e4660
train_4453.jpg,e9df9706f1e9fadedf1a36643d6ce4377b748243b4b81c5a01d1fcf2be4880de
train_4454.jpg,14e53ca4fd59cc44bd735c6c0978f7d6e9483ceeda78614c79898a5bf66e8f5f
train_4455.jpg,f769132d85e3ea2e2d9f13537350482856aa5f43963fddc5b93b499eee81b70d
train_4456.jpg,0c66d631b972cd7547b2bc6764688477e4b713f781149626ed598fc64beb9573
train_4457.jpg,38086677ab7a335caa9f993a16d47129a356ccd33dd55d1ce98eac9f00932502
train_4458.jpg,2d5e27a5e368999ddd46f08c402e00be212456edf1578724ce8a0d5344f6215a
train_4459.jpg,860f537eee25742be33103ebfa5993297f236339ea0c2c2f59f2a95bb78f008a
train_4460.jpg,e4ca6b1f7cada5198e1e53a99ae20cba6e09cd2d1adfb99ce7e7f30ba00ab84c
train_4461.jpg,be7a414de2c18b8d1d9d60bd4de9c605f83a7f938b1629ec8cce71af52770f8f
train_4462.jpg,109806b4ab946d94055b0693e4057c7d857a54af131688d2e73a572d2ff0a9a0
train_4463.jpg,1477e870a09f8ac006fcd58aad69f58756774aa8e7bbbf82174b891178166f5b
train_4464.jpg,ad9a7836902b9a07b6fd0118cad0d55be78efde5bae63e7578bc264240613f43
train_4465.jpg,d5ee5ed67f866eed692f7abd0d318ad4bb8de439cd661580f30fd646925d8daa
train_4466.jpg,cf3c033a520b3ff0772f373bce359d24040dff2adec3459436a2d3e883249a09
train_4467.jpg,0cf077c23a0d61103027438e54c9816f880f936bf592d8149d71d3936e7835dd
train_4468.jpg,a67e0055ac829650ff8e1235fbb45d01944bd10506021c54131757dab353e4c5
train_4469.jpg,b955999d47ebf3dbc09f7aeee5e6d689684817a7e5c989694c4e64ac0b934af3
train_4470.jpg,73b3b5c677b796571be200ba37f6a9bb86e7797633f06e1ea40cc9dcc7ee82be
train_4471.jpg,bb89cc3210e03b4a962ae49d9682e42c956f4b632ebf128ddef0c499aa3ebe88
train_4472.jpg,2d3f733d54f078439f305b74accc2290f2baed2b946471fdb6052a4be899488e
train_4473.jpg,cd2b49982b6892a86817317846894af4ece6ea45c8a43bf4bb8dcee7ee3c3b25
train_4474.jpg,9fda1090146e1e3c619d31d9fbca83f5b856e7bc68474c8f7a670b3ec192bf8c
train_4475.jpg,5a51717be310d47d6fbad122d4e666a97b73beb959d0a545c1cfdf8ccff4d666
train_4476.jpg,d17a7c0008a0cb640d1b9e56c6cfd4151f7d54eed1d626ae80a6febdceb0403d
train_4477.jpg,df0ebb627e333ea245387e52a3e04c776fde6cccb7612c7813bf97933ebf1cb7
train_4478.jpg,92cd6a0a3a972a70768207555ebf8abdf33e71b047768aaef1048d779843578c
train_4479.jpg,dba18a87fde26509f776fa782553ec369acb5bc295a188d7244d0bf98b1776a5
train_4480.jpg,ff492a9de0b023f7e4fa662fc2a97a62aeed74a60a61f306564033dfb62f7c9c
train_4481.jpg,e8f8ff697af2c5727cc46580483fee3b80af9a0c354693f672bd5d01de1e0492
train_4482.jpg,d938f8e45d9086fb51a682c7e6557f4ce4a2163f9e1e1fa83a8c24ee47731c7f
train_4483.jpg,0b9ca1e6c4396636ac7032ec50498d38fb7ee097e320220083d8932365da6634
train_4484.jpg,91215b4996eef09a6903c15162cb79cd267e3b10f42e11236936dc1d32571e41
train_4485.jpg,7975d204a46aba3856cfa84c35cd842ceb04a2b82275af212e50a52c33bbaf71
train_4486.jpg,e591549d3d492c5bb90353b5b3f0744c004c2b64a9fc9f1f96b089895ae1a97a
train_4487.jpg,6b715e4730336d96dd055e559e1acd9bd3bb1d7fd317cf5dcc6164678e03dfe7
train_4488.jpg,d285f790c2f1b15d7f1bd69aa91e8df15a5487035e8504fcb82cad040d4ec977
train_4489.jpg,6f50ce80c7fd134e7ef6c628e92f5b58917186f01f4d271cb49d5375bad3f3d4
train_4490.jpg,ddfb43a4c637f459a84cd6b345a46ba60cb45af909b6d43156255b2837ae7d98
train_4491.jpg,46b19449861f37f487428b992d674d79e64b0b1b62a96da71001474a80f5d4fa
train_4492.jpg,a5ae94dc790e2482236c30883206cfd2d28fc7ad3e6cfb8a2761c21d86cd2328
train_4493.jpg,8ab46a909fc389c41fadd510e42f97595c287af4c5aee06196e99900ebd3be7e
train_4494.jpg,76495f9a0c5a38c7bf9e81ad2d214784c8422049edfc33c5e9ec0c4fdb1636aa
train_4495.jpg,28c81b2858ae23add7f2912a3991dd9989cb8c27bec12447b902d8925f3aee67
train_4496.jpg,7b4ae31fe01299b6944d510de386a3a3e212fa2cc098a0ae256e2e8c1edff286
train_4497.jpg,dd387b8425c969423dbd21f019dfbf1c4fa573dc3b67f1aa16e8ef023d559573
train_4498.jpg,62313af454c474b11183b153ada7d7896aeaa61e8f4c76880fb1efdaeb77a094
train_4499.jpg,73eeb3675d07a91b52e88b44ad758acc8a2c83ad0919fdb44ed069795f91759e
train_4500.jpg,2c732a58f0877ac69f4a0b5f182dfaf47976d743beddc9fbf843e25463bea7db
train_4501.jpg,306f3c0b46b1a7c2563bed8120aaa697e5fdb3e90be60965a5e7cfdc3303f92d
train_4502.jpg,64f14316d07a37fd74a4e303ceeca70b89dbf2370bdbe033c9a1a63fd21e1f8b
train_4503.jpg,9b20806e0f3abfc1162c6ba3122ee054274442ce58ae393488337802fea94092
train_4504.jpg,1f677a473ce1f4e75ef458c5d5ea45e5637cd44ae86be6da3d49af927731db87
train_4505.jpg,a9b908339ef667eec08efca1928e3baedd49ee78cee63766ff55f9743bf0d906
train_4506.jpg,55f90dc358784a38fd6df000fc1aebd54e0e7a63e0f5cc5b67344a12c9c11937
train_4507.jpg,c63c52221af9480c0484dc6c775d56fdaf9737b00cb05aa4716233cf8969e02f
train_4508.jpg,896c4b5877efc893056a9e78522b7fc8ad45ceb9a709658f36cf76ef5ad66d6b
train_4509.jpg,dc01d2f411d91b18f876f63c3f65c1518c7f31a90ffa85734dba9d8d7aaa2905
train_4510.jpg,d1aa07d71daba1fb30fecf335110cd28845715568a4d062aaf7c74c19100b81a
train_4511.jpg,00a497a54ff11ba6d3c534e1a2714af69b3816ef337695f7bf12c76a3c897feb
train_4512.jpg,6aaec67cd0512ba523de67381a88c0adaafa119d1b677188b1169e0a59bffc9c
train_4513.jpg,d2e95e127127f522efec127de11e22f5d5d9e73614c27d2ae45f4a0032bc9d78
train_4514.jpg,8443186b331c05a4b66c066b43eb1959d9a5d455862623432e4b62e3de6eaa25
train_4515.jpg,f32852e26bbd9d64625a0c246ee6c150961ff5121e0fc03b94e7184cdc0724c5
train_4516.jpg,26d6731ae6a9d3bd1e91e2ae282eb6875c6564cdb2e91f89963c185a54b290c4
train_4517.jpg,f7e83bcc060d57f7662e72324c3ec7b2893b05c30fdd70b71204818bc220c5e5
train_4518.jpg,c2ff944f91d40161cf2dd9ea075186024682d9fb3bea7330bac0fbac7ab9ce18
train_4519.jpg,1919b47d9748ad0c9a35c1a0d231c5ba609bba19b585d80b8193e0d6bae1e85e
train_4520.jpg,d3c51082aa2845d3cff668a3cebf285210e9e588994aec5c8b647ffc7c716a73
train_4521.jpg,5b50b2c57d3f51190dcb80f5969cb79d45bceecfe49b139d80d5fd802d70871e
train_4522.jpg,108138c9a565eeac6323490c6dddbfb3e6c84d6862b3761aec814ca47d2628fd
train_4523.jpg,a8f7719ec5c477e135c8edc47cd0b17d810b60508c7f0d20e2ce00532d086be9
train_4524.jpg,b833eff84dd3041b582ddedf20ddefbebe3c3868424874d3d78ba9afe2cd1f9e
train_4525.jpg,f49a17a55162c9268c79b0e689cd9fecc084fbaf87bfd29e50bff0f18366ba3a
train_4526.jpg,96af288601930d41e59c1d19f0f98878ade02ad350b63111f3812b7676ed7101
train_4527.jpg,f7ac774ae2c57d4dd772c91851a660841efbfcab870241c54b1fcf07ca65e52e
train_4528.jpg,b770f9e30008fe0dbaf971c17451c5409db09f9181c5df251cb6cadeacf8fb6d
train_4529.jpg,4c319e6209e69eba39a6b195c1fff4ac47deff1a2b2e2184a4fd3a3f00976bbe
train_4530.jpg,22b6cb7bc51a96e6412ab8d065013d795822adf567048d4c3ee98432f5b138cf
train_4531.jpg,bc336c7759e80449e0597b998f92cedd43190b2d6a3a32a092110eaa0e911ed2
train_4532.jpg,6a5be925fe01c2bd14ab568a6847b0fc5aef43d1410ed3d822a4b027b5ee0093
train_4533.jpg,87df0da1ca2018a1a72d0b3cca11a73b4ecb9f8306351489e781579e186832fe
train_4534.jpg,4a6a1cb8abf1bfdf99ea3e204789d0febc9123c55f2dd6bb85a691463d1fb9bd
train_4535.jpg,9d326798588536fcdd099c7614d1428f02599c6987921c11f412db4c94fbeba2
train_4536.jpg,749dbc975c6fe2d718ba803f82272976c2dbbe13db93e914290db19ff4289b8e
train_4537.jpg,0036a1b8a48da9a6d9aa0894076c4d8490fbcc6a54f59460c273b38fa846e50f
train_4538.jpg,b2c527584c753a489fa93ca06b1d93abb0e4ddbbc30232aa3b9e650debf59eed
train_4539.jpg,e3aace110bfeeaa2a959072e6c0e9d043daa9c0ddbf199da366dc7abe804de73
train_4540.jpg,ba3142b9cd8b3f52c2bb22e5600ef02c18b122c80d97b7ae61c07ed89d643e44
train_4541.jpg,f52222d001d19e6d14a5b2b301674ecd3ecdf6e2af36f43a5051470784ac37a3
train_4542.jpg,37b6e6944d5ea1dddaed48fe052fb8b7601c21b58a1ca4bc5522414e4560091f
train_4543.jpg,dc263503743420691d25d6e9dffe9c8e85f80fd22a25615658a01cf5d7e0c0d6
train_4544.jpg,6eabb12f29720741399b235adc61ba5567aa82adfa9710e656518b7f75a3b0c7
train_4545.jpg,45eee264f311d90aa1204bd5f3fa46c9b6637abdf9d6d34e824823e6e4253674
train_4546.jpg,b8bab2d46b145e17c81c2d2fd85d82a213bf77031c444616de97b7d66698118e
train_4547.jpg,f0c3b379d44654177e98a9443dd4d2ce16a91bc106e694e038fe4f1c39379224
train_4548.jpg,0af5ff7fa863590787e34f5469cd549a4f954c94258f8bee06329ebd7868f215
train_4549.jpg,37e9f266816a774943fb0fb05a2e2ee923a057cc6cea913173da963453a143d0
train_4550.jpg,4c44a237ee694fe26bdb445d9be868a99c824f700296c7a5bcc72aee836e31ca
train_4551.jpg,de8d7f490af307c5127d38b96aea95d4d5cae86a84fd696c2ce83347cdd67b30
train_4552.jpg,29e4787283cc04344b1157200d5e5b1613205d364a9c7d55c30da68a485bf378
train_4553.jpg,e4301dd457497af2666ae6ba3df85c7091b8fd4f49fcc2c2360d77e7bc5423e6
train_4554.jpg,56a82dd2d7a7fa21ba46a5a248920c5d24273ad0b9ec6d1359572801f0989083
train_4555.jpg,11202016f94742d7fbe394fad8ac22553b60905dca4d595cd5e522f9e0d3ec6c
train_4556.jpg,27f8053989f62bc27a9084b7b7b7da5475eccbd696c66a70f800edeb2315c606
train_4557.jpg,16ec9d129edbfdad9a1c6f82a2ee2695d2b6a3838649d7136083d16ffef716df
train_4558.jpg,5abcc48f636af32684b8ef7679ac91899045b7338f5fbd4bff665af34bdf570c
train_4559.jpg,4a271a728b5797daf728898bc6028e54da24c55ad7a077a799f2a11ab3cc51d6
train_4560.jpg,2221217028632a6055bf73a850d7731d798be8926cccb1f0c0259788d45934fa
train_4561.jpg,2de0ec4cc4f4782b25454187c5cf5b34281428273bd84d176434ac78ccffaaa6
train_4562.jpg,55afcd9c59821d2d0efa5758b4ab36a2e4a265b4da2b3b3ba9bb480bea21d15e
train_4563.jpg,7905607ec53f6177f5262f9eb1fbe118e21eccebadec7139c85d4700a75b128e
train_4564.jpg,11d0c9c330a2994dd5e3f1057071b6f9739200c1ea9fb7d1e48e107ea95de94c
train_4565.jpg,ea03186cabd528ffcb3e6267ab2055733b8c453e9d5a28516f9b1884e3329ef1
train_4566.jpg,6517014dc42e2eb5685aaaeb4b23bb82b11664961110fcfd1b3b6e564a4c6e73
train_4567.jpg,7654f9c4b22b4f6e6a731c423ec6cc9cf94e5eb8371afdf948754f3e67d5725a
train_4568.jpg,89367b7def90c85b636424c2e7046788ebb99fc3a7eca5fb7f0793490775be11
train_4569.jpg,fefe73d9aec50edd332ba7248b2ae894fc66cb98bca9669555a5708ab4363b67
train_4570.jpg,c20162cf83e97dc86941307ca69c71a9fcb8f24f2e6acad3aba2748f6f80c0f4
train_4571.jpg,702b4722502413219d42cb821790b02322a3a2449d6f541ff27e149da8b7a2b1
train_4572.jpg,8e1083afeed3154b98b8d10424004419bab55511774542acaf9e9cebb276db80
train_4573.jpg,cd98bbabfca3a398a89b43c9dac08cd370bde8e532fd7794dfe1af9d8e04418f
train_4574.jpg,c749dcdef9783ec428e2a5adaa7d1e5d8beffbb1979dba558cfe80a6b29451c6
train_4575.jpg,dd04026e945adb57c62f305d8338964cb874b7de238fc74e70360ce426ddc2e7
train_4576.jpg,f699468937d0e8e590d7ec42b71e3a8f6817b9068e18f15f67f42b000ba91a68
train_4577.jpg,9fc4ffce492aa28873c2728a4e902bdfa18d130dda6777f87e323f2ac600203f
train_4578.jpg,08f504662361254f17c168959638c839e25d98c43b64b3402c87aae7da4c85d6
train_4579.jpg,dcae9625779e962b2f5944a6fbee92afdbe933cc1cf209b7cd26ef71a2e80a58
train_4580.jpg,b3314464c27e672da77a8a6b5ef72c7d9546288d8197564b8515abd1a8a232fb
train_4581.jpg,05ecddfc2e5cf2be71c4c2cb75939ffa28587a0a70aef096a73d4c0b305d17ae
train_4582.jpg,3d233fe7ffad452c34569a57d774fb268c831c1bd782f02a08c232b51a3f562c
train_4583.jpg,1faf5c4dc8db4fd2e63b3eb2cca8c2a87d4919259fcb2b050e7ffc12d0b290fd
train_4584.jpg,ccf7558dfd62da3aac3a53efe3057ad3fdbc84d9e16bb4e5548d5744b818aec8
train_4585.jpg,99f52b0bd31cec9fb33e0a63d5cd410df6f410617fc559cfd72b26dd64939425
train_4586.jpg,9d95f2c5e9e11472260ad397edd554bc4436fcd2c0b89a23255b5cabb691b93c
train_4587.jpg,801fe471063627d5496e2b6c479743bbc0e4ecf69a5a29caf92f604bf6098029
train_4588.jpg,bb6a8f50c4032a4e1837770066e62b5d12232f53dc8285b8461772eb3b562788
train_4589.jpg,4b87d29cd7893cb13adb2a9825c4a8670404d9c82cb7bb4ce8fd867ba72b92b6
train_4590.jpg,1ebf84c9b4995c5365f49823f7bcd0c2918e9d3de57c8956a3e9894677b3eb97
train_4591.jpg,fe39b05f03408006c22d98f4792bcfabbc412d62bdf85e73a743234bfa125ef5
train_4592.jpg,665a7ad2a41ce7a1ed2fe95b58a5f404fc421db19d827d4a893e6a95b719e78b
train_4593.jpg,b47f47a0b787b22cdd3f9abe084fbc84f09f149585ba95ed7d557e1230ad0b4d
train_4594.jpg,fdfc07b86ab40f5c2eb23014910f347e07c770d0052f86655f5148fc33e56514
train_4595.jpg,525397d70f600794872b66c80628a5289087915334e60d7293c9dd6839fde30a
train_4596.jpg,e94cd2b356e79e19fef927b8d2e678e3501eccae51be2cd60320708cd2974ab8
train_4597.jpg,d35b26e7e036ee6a9a2183845b14f61420e8f5db468bafd10de86a9dfcfc1529
train_4598.jpg,a81abdf40de5dd5520b0eb02b5bf1888b9aefa2dc431ffca89b587011f2e1d87
train_4599.jpg,dd97d44e6bb26da41da58e36776e364cc3388261952fe7ffdb8d651f9bf1f4be
train_4600.jpg,90192d31f2b913627c92aa11550258ca4a0e410d2cdbb8046b42dabd90422758
train_4601.jpg,e63547bd9fd5c29283f7cfa841e2a60a0a62d8b7cae3005a69cec3c37a0b0ff6
train_4602.jpg,193957ed83e10b7ea1b9f80a5d6ac74c0253a6742b50f075b82e195a85e88a3d
train_4603.jpg,b2dc1e5adda5ac6856d2e28e8df3cf3f137402c5a074e8a1d0a1abf5e6b6338d
train_4604.jpg,5a4cba0044ed34fdf7ede0c9dbb76c1c499b75b5ad87f9d531732fd572278d0d
train_4605.jpg,29e95908907a082a79e10ffbc1736bb1898ccd990c0ea026e2df1b944d62ad65
train_4606.jpg,9b94402ba970e9c85bf294485a9cff47f6c36157c92e082b99592a40adfb123d
train_4607.jpg,9751242351ea7323e2689924b80a26f57d1d67d399a3701f7bfb518ec93298c0
train_4608.jpg,86980e8d24a7ee2a5d651d23010121b3a72dad372ba63a19560cce179f50469c
train_4609.jpg,bebbd7fcc3576de2dd75f5cf823873482a540de62d48d91c0d91e902b8372369
train_4610.jpg,0031e73ddfecd162425f16bfe5a95b4f4fbba53905e59b8833a55e1ffe172b17
train_4611.jpg,d8f6bddb68f29143b9272ace50d464606f5c14d139fea7fabe0c308e0c7621f3
train_4612.jpg,26cd1440ba7a6edf48a95776bdb93bb836f79a3cae24643099fa822b722196c4
train_4613.jpg,c4dfd074b366e594cf5cbb0a41ee5568a70b9cd6b111e00d9d3fe52f50d255fc
train_4614.jpg,7fa7382c19b1ebbdae8ead07e35a652af89f2b773eafabbba621ae14316278ff
train_4615.jpg,83a412727c67a0a4222bd86468f02a46e5daad4311dcff1b002a5d3e213af18c
train_4616.jpg,0d4678e3129f82405cc3682724d9d283c82f8b8f355b101975f489849a1a4c48
train_4617.jpg,92076dc45837e8bf9da1b5e6d21bda4e7134aad6c5ea389c139b6a7407bc6b33
train_4618.jpg,16ed989a788a305156e56158174519ee0f2d517da77b6d3f118362c02b660595
train_4619.jpg,374654bdc3c5021211fe95d0b601747822f68897515145d6a71640c020a8123f
train_4620.jpg,13a47ba57d106c437bdb26f3621a20feb8a2d88a5ebe703cd324c704e1b20a60
train_4621.jpg,debf8e2ee57a0e17b81bfec9eee7c5b7c4306425fb707d46ac11b6d65138a592
train_4622.jpg,59f9a9a464e8916285794cfffc3a65f296fd19c3429fab732a4b5a29cce6656e
train_4623.jpg,7c926a71b0dd74146bb0f2fbde7da8de00dd32f2cab44cd11403e16987cb395e
train_4624.jpg,a97d8dd58879368a5a7b7c30d5483b85a3d1a8f5dccad59515107d02d41993e4
train_4625.jpg,a681b8352965311e8bcd6328cfff6d746461429b5c3ecc687e735a200013f93a
train_4626.jpg,d510896ce527448eda6973b9783be487e1f4fe8233148aa7b889ff50be7a3b16
train_4627.jpg,c9fd9d93a33ee5d13edaa3ed52ade450d4a41808c4e7cc331f7efe721b1acda2
train_4628.jpg,f0a6e03a92a0f1ece3810b524661dbe2824fc07c0db48d5fa09337ddc1b0e295
train_4629.jpg,933e66e6f670b3d817abeb69727d0efa0c504d1cd39b6211603d57d8f3f1bebc
train_4630.jpg,2e83c3f17e78f9d3bdb1169d8e659b2ecc68e74bff2ba795a57e8c3105bbe0e6
train_4631.jpg,c86ec4939b84447a2eed72ed82b24c6960c2da0cc89c9fcaf5e0479efaa44fec
train_4632.jpg,1ef7973b1d1bda8c9a9b0b39dd8bbc242e11bc31b9091510886f186adac3c914
train_4633.jpg,c1e2a1e3bb60e477cb6cb227281f9f12b7880f3fa0df9dd643483c5d998967eb
train_4634.jpg,1ca852dcac0ac1381c64ed824fe760cb354445de63126a310a361e67b09080be
train_4635.jpg,b9d735732746e44f41b5c81dabefb0756725359d8e148a2a9fd298bae77930d2
train_4636.jpg,41bba6f341d49089e762becfd6c5f30b8ff0e53b7e3ea91dc0c144ac5f4f8911
train_4637.jpg,b4616b697b55c85a2769cf38e0a791ee4ae7bc7adf1be11c87a01fac339dc58e
train_4638.jpg,5f3483d7c38568b10914fd10cec0e8b035717fe0ae4e4dc1285807e8663b33d8
train_4639.jpg,55a518cf55d047d7a0e3127aa94d2b05a5109ed76ca6a0057a7d99d304df548c
train_4640.jpg,b9dc0bf78ec4a502507db1d26056b800f2da33fc932453e4c7e80c3f3fb7c38a
train_4641.jpg,9fab87f84e08fd10c3d1e34a5b6d482aa1f30a616b0d78f2218894149fc6ad2e
train_4642.jpg,0e1e2f4c0cac18f4cabb22ec253a9382352982bcdb6f93ba6c7815fa12082ba8
train_4643.jpg,19261defb885f983729a3e6e800ce93cb6a20917790fb2a2b05a2977b4707c85
train_4644.jpg,cc5b3f7c2603a8f8cb57edf8b1d1161a5c379e5dc9344c789d0118b3663bd398
train_4645.jpg,1532c360feb59e689e694b495e0710e17656c4466c4d3f1dba73800ea4bc396d
train_4646.jpg,1dfd798d984e21935ec9c2da98f798048e97a16e8c1a8957ab7516040546ed5c
train_4647.jpg,c1645ddd55fb22d9b3ce2ce4df20c8b8c9d3117cb5ff95eb419b3bb9d02e9563
train_4648.jpg,32e6fad577e4decef8cf941df83d9648efadd1f9a6fd89089b175f6e8bdb483e
train_4649.jpg,0e17ed7277e22040771adda91d5ca747a6ed759eab2177743cc434a91a07e749
train_4650.jpg,5f648e1d6036c10ef7a8cc2eabf049e92e4dc294283e92e4daa4461a95518740
train_4651.jpg,cd80a7ed1e5d4ed64fde40d17846bb9c944200fc7b6c7dbd6c201b8a32badef8
train_4652.jpg,da5c10b72bc4ff79ceafedc4f31868dfbc43f9b16e1775bd6ae813ed45a3991d
train_4653.jpg,6c7bc844800b7955eb459469a033fbffe0a029b44fb1d02868c1e27771794096
train_4654.jpg,0e70cb490b20f4110037b43ba0817e2e22f75ed45bb4dc7585c129579a747eba
train_4655.jpg,f7a130636dfce2f103fefd9b654f32977e2f1868d82b908e13cce1b6c50fc3a0
train_4656.jpg,c898cd303d466d928391c818451c62792ed5f880d33d4f1764ff070336758bed
train_4657.jpg,ba7d3515fd2ea4b050d9d680b7acde00b39040b8438e9baac4541066cc8e79ca
train_4658.jpg,05fff6ba4fadeb4fc425c254d221fbfb924289abcba28c95f146b7439f6d5ccd
train_4659.jpg,d5401de67ac225c43ebeff142ca3619dd03281050befe702ad8cdd961602f0a6
train_4660.jpg,03da30f946391b4dba02e271355afce727a3af134778874f59e9ef1cac84c1f8
train_4661.jpg,0c9417f7bd35bc819787a29e9e46e85f13dd5c3ce9eee452ff53c616a362aca2
train_4662.jpg,a40753e7995b4c9fddad9f03b9a537fd2a387afeb1ac109d82e7b170aa3312e9
train_4663.jpg,a8b15765323e56a86ec5c9f5a55e22eb0b22c5992c59692b034ed2d502668aee
train_4664.jpg,9ec7afc1d994cf69c5e518931b24fb75c1bed196d64a83cd894502131ca99424
train_4665.jpg,88338c34768568d1e1061b057693c126e2104c02c4501764f356ca9ff4d4fa00
train_4666.jpg,297950c0478ddc364511ce69dac00f01d7d46bb25a9de1467b2ecf85467aaf7c
train_4667.jpg,3fdac4ee7def139a534ab0e6ada889fedef447b29c1aadb2c20b1a51604375a6
train_4668.jpg,66c09bd0f39d311b1e4616adf8974920599042cc3f4426fa4b44e3ac80d73c05
train_4669.jpg,ab78705a9797b393f12ad5a8f42dcb27913942ffc784b705776c99aa48cc19b6
train_4670.jpg,c15c0abf7f16f8c97adc53abd7b1f8da35db231ca7f7f5f87d57a1f776341967
train_4671.jpg,e472c60af36d7cf1befa48e21850eca11162fdce6826096c53865bceeeb2dbfa
train_4672.jpg,bed694c87660bede7871eb237d8909b62a33b602bdb70c77b30e76c88bdf194f
train_4673.jpg,1997f43dfa39339711d21057b08b4f7c07b92e740e718711d88f421081e08691
train_4674.jpg,7792f0845c6859fbf54d1ca7f33361843844a290f927931d60ce5adcbcd9f4c2
train_4675.jpg,ca088c8cd33c5855c9e6e403f9d57df4a480ebcdd454cf4bbc1615cce7f3591e
train_4676.jpg,a06ee519f8fea46646cc066953f0f61002c9b3dfd2fe5e9cc9e3b9da55eccaee
train_4677.jpg,9e23613e816ca0be152e672a0ad42707306c3da7efa2d19106abbc5b2c2ee844
train_4678.jpg,e9bcaee45b251248b0d2bdcf427c0f40efb93e130b728058531a3bb8ad9d17f9
train_4679.jpg,6b0733eb3992e8d593059af34f4039b181558325ee1cf0397cfd35db3a533c69
train_4680.jpg,821cc05abfdaf5b8bfafa45e5880edac6e4325f77a50e4dcbd81a0391cfbfaa9
train_4681.jpg,76dda0c5347e282fcf0354c980b8978707eb49d53038a737f99b68bccba254a5
train_4682.jpg,1b9fbaf640c76e0c7ac4b53b28083d8a06f4d835b4c04bba333df5ff32550af9
train_4683.jpg,a56c15020ae78e8f32e44f1715cfdad75b2720f1f415bd5ecb222341d9cc70de
train_4684.jpg,03071dd604c818609fb1d4368d251b92a1e64e34afdd078feb69710dc1d10382
train_4685.jpg,607341ea509f00547ce8982fa5e131e29d4b9e5b86a3feeb245ec887c436f476
train_4686.jpg,c32d468453d1e9818d72b7576ed59b6df47f2be64aed32e72a12944051138472
train_4687.jpg,88515507b3ab59974671836e4b3d09ee792c4ec7491198fcb735aa66e255826e
train_4688.jpg,f04b662c4eba0192783cda70b191f720d29d29296f72361ab9ba0f27dbcd06bc
train_4689.jpg,ba148ec9124c56342565bb6e1700d9bb5c0400efb22fba378870d577eebebc24
train_4690.jpg,a5d5bbf7aa3bee75770e7be0d74024f171afb9972a8a91fb81f567ad740eeb90
train_4691.jpg,1dff59f3d1802f9cfb51442904d889a32ddf7aad1474d70b73280b6bf2bdedda
train_4692.jpg,ed99bd0542f24a9fc77f22ad9c720fc7c01433f2c0518d2b94cd46133590c769
train_4693.jpg,eeeb2aef7c717130a7406419bbcfcca78f04ea76f106ecf8058745be6f446860
train_4694.jpg,100e1f656548c83d086f364d0888f2b71782588f24fb6e9443fa6de03fee72da
train_4695.jpg,9b3c73c7a0b2e65253e600bccf5c9406379b07231cb5396320778d8e36e9e3e7
train_4696.jpg,4099ac40f9b48e8540581a685c7be3cce84c88352f474b68e9a1fa01d0c4624c
train_4697.jpg,a0e77e05196e0e5933f871de0690409ad8684b05deff7731add0ec41e8b7ca56
train_4698.jpg,9526b675b9682a907385369dfc912deaf0e7a7ed857e0f0257d470e3c711b020
train_4699.jpg,a26f3d2f5ef8fcab8bec0e95413d8cf1e6f1138eb6ef8f9c9229841d102135c3
train_4700.jpg,6accbbcf991b3eb93ad1ed9c6fc5345076fa4657ce289ade3c74a39324d749a5
train_4701.jpg,5d9eb8b04285d45dae3e0db593f856478b1dde1857de4e6ad3dff7ad48ce9aa2
train_4702.jpg,2dbc54af7ccd37a498ba1b968a91b32f2af2834e0096df2145a0f7f41b0fc43f
train_4703.jpg,e6bedccaa47f21035d98365b4b7030b6be43f84b25df55d964d3c4561d428d4b
train_4704.jpg,9c504f771ade90511c299691d32707bb271c473d229f6b49f944de951b0bfcf7
train_4705.jpg,eb833076af21c4317d89da09b49289a70a82100840cca86aa32e301b4f8c0e63
train_4706.jpg,31b28390b8e2483b4bf3ea14c54bdcd17a35e1c7db30d49f331ad3f5634409fb
train_4707.jpg,af00452de77373eddd9996d0f26863133d0ed3ce6da8ae51b732a03c74e6d722
train_4708.jpg,6e50dddbdc75a7bcb063ec9ba0bfd7ef843ac5f942b5bb31d09e77c028ce7888
train_4709.jpg,eb65afb6d17ff5f5d21ae5bed22c4e478d1c90fc175dd260c15016163de73b0c
train_4710.jpg,2a13e20ca4b357b1088506cb02d3bdc72657836727cef128532eb0db37104de7
train_4711.jpg,426ac38e4ec442decdd22b87451419989055c0cecfd7d0df6bb6d914e8b1d2a0
train_4712.jpg,2416f203c6ec01c26388748cedbcbd88c6a4dd335a6d4b58a48f7db329744d1d
train_4713.jpg,2a1afb35ff0f04fd30367aa600fbce2d2c16892d53f83bea06dc3748c0770656
train_4714.jpg,4b451c1344eb5b08c77583be457f343196e09677edda32673d9e0bd26dfa3a57
train_4715.jpg,f850d6a19f51a27f3abd85e202d236da00e25b77f6492cdab911cb99ebbbb765
train_4716.jpg,8eef33383107445204362802fb151b0a71bf2c6f5f36cec3aecded40b22bf508
train_4717.jpg,35d42b30e7535e1d0a80e4726871d54c0a8b7e83374e606e3aa0cfa39da8efe5
train_4718.jpg,a16640329ebba61cad1159fc18f4e2aed94037c46b959d422559da2063caf469
train_4719.jpg,ec69639239cd7d3f27d0e86f5a36ae26a51c76325efacc7d87d8a8f231dc28bc
train_4720.jpg,963083105a4f99cdff2daaee494b83e89e311e0b1f028b7cb14c5fcbf9e9000b
train_4721.jpg,066c1fb5ae16b4756dd90a2e9687dfb115b7a9affef2428031530ccb8ff794a5
train_4722.jpg,2912528be3fefbb063aa6935b13a0ff3e17745138a81f73c29b1ff8ea6514b52
train_4723.jpg,6b87340cd673edba5bb193938f7017eb9eebd161f961931dde59dd7877ee581c
train_4724.jpg,2f51ec0b77c323e82b0b501302e6c65a3e87878dc25d69f720edaeb9705a72e9
train_4725.jpg,440a22caef5756224de80757ca07ea2602d8e39b2eda899da1833b8a892a32b2
train_4726.jpg,db1b1a77382856e2c34618332afe46a967c13f86c4c10e8bb089298aec1b83d8
train_4727.jpg,86b627cea074445bc1666bef6740fa2348e0a912ad33a8718c207f19c599b6b8
train_4728.jpg,7e94117ff3db6157d401bebc0217f7d2853c0026a111333d50a0e03f2023140e
train_4729.jpg,6f5c8098af2846001123b82a301816ca24cd3f251128bfa124f6d9f10cc553df
train_4730.jpg,a77903be604619d3e6856f8191dc828f43fe9ad6ccd795d1fce0b9924cf14943
train_4731.jpg,9acfc99803675f295edac9bba0e0c2303c19e644ba30c44a731a9c9b7c73de6c
train_4732.jpg,f81f7c5a4575abf58d0e50ae285cf96381ff58fcc966e77ff59530fed9046f43
train_4733.jpg,46038c23bb955cbd21267b5f720cf803542d42ddae8511303e6051e6186840d5
train_4734.jpg,8147c8ec485d4a2893d981c1bf934b4598416abe27061d4af9cf530fdc6d6722
train_4735.jpg,bcfaa80f28a86ceaf2acb261ef0d9b70c5086021ddf715c6a2d70c8543a7ed1a
train_4736.jpg,4820cff33be6ff772bb56355fcfe36a66329997b8636983687ba41f391470f73
train_4737.jpg,49232c44eb874eaabd0d5f80a92f29e62befb90908d421330b23c5e2693f9769
train_4738.jpg,7534baa4a6bd725b84df74a8da1e701828cd06b768766406c61d665d35076d4d
train_4739.jpg,331f28f45eb8dfc4604369553d3077b22c7bce89067c37875458770ee08a0012
train_4740.jpg,7295a95987db64b6dcd04097fdd004841f9f78371cef79c250b029c814864dc7
train_4741.jpg,84ac600caa0478d168c6a6b7203aa6c317bdaf8088c5e73a34a9bd35d5bd5e28
train_4742.jpg,1802a775809ae1ec44816aa38dc179f5d403495ab5f6778dd963a8144ba25a9c
train_4743.jpg,1452d448880ef5c49cce91096d779f05d4291f3a124052b206c4cd56a2bda525
train_4744.jpg,079efab19fc4772a82fb25a490f121b5470ab6fdbb24293d7fcdd82db9150035
train_4745.jpg,d0f263474ede5e8cde63a7a14a07d1c96ba3fe352075cd9f292eb283834f01f2
train_4746.jpg,d4cff0af4c0e737e9a515983104f116619b3c7a1af25655140a69a87a88742de
train_4747.jpg,e5addd7b1e94fa0bca89a28b2b76edc1956da817c972addbc19483fa57630c5f
train_4748.jpg,19e91896c085f85d88ca62e70ee0e67301a4060774f8006ee17b92fffd4ecbd6
train_4749.jpg,3de03b0234b7e74585df3b17866858b113d97ef76e23d3e64c1b35d950d5ce9b
train_4750.jpg,954869edc5d057b329424e91112077cc7b8d35945d521d4cbad68a76f25fe783
train_4751.jpg,f60c8da610914ad19eaec61880bceddb7f529b4f715a09e7ec64170ce7412f22
train_4752.jpg,3669f0b7b1ce4367c31cceb7c046ce96c8ae9e95ea9df1340db2e18a74001ab7
train_4753.jpg,7b0eea2d999fb68ff534000decc713f1d8586357a9f5c7887b55453eff1329ae
train_4754.jpg,b70423d4dd98c2b8495c2241eca70ae286d2b40207dede62cc46263a39fc1468
train_4755.jpg,17e83834ab362574ff2753d9eb00a668e795192ea5e0a4ed9f53d034646ae69d
train_4756.jpg,9953ef4634a97d513f0ca8009a66233b17664c84d5149996da11f03db246bab0
train_4757.jpg,0c882b76191e726be55ad654b299ef1e2fba299b516e433cd13fc92fba25294c
train_4758.jpg,dcd8bba95842624cf289e768c9a4381c3b6361e398f64b5cf66a914c0b4b4c56
train_4759.jpg,d9ec50a34d8da1e62f53f3787de5c728f6f5f309234a898091838cbbfc601b6f
train_4760.jpg,3d0b162d9ae631c801f5e4ed1fce7f9d6a3b7d8b15606a3f0e9f8f5ce5c2e7f3
train_4761.jpg,40053ca917ec8c85bd74800f97d765d54efaf68cc1a73ff4b0255e2698df9cb1
train_4762.jpg,918b0b91634c28f3c158f7ff150f6321ae3f61ae8e1fa32aa7236efbeb8e8c3c
train_4763.jpg,03d3952c433203b9917609b4c4fbef5d90cae532b730e2ecf5bea1f7c0df4290
train_4764.jpg,3c5cdc200e42d55aca2cb401d4fddddb38c6b6c9cba761f70284838d2850a6fe
train_4765.jpg,17f4018fb680a7d4a6b04570c3bcf68b63e0e5983f62acae31ce8f337fe62802
train_4766.jpg,80ae2fb13250802f950f651f91583f250bb06a6026a4b61ebbfff700809bfb6a
train_4767.jpg,8c58a667a94ca292bcfc6b6a2a1c7bdb025fe6375a2ba315c05e3df672d79633
train_4768.jpg,e1de45e3ee116d8175e6baaf96f5e9f222355e031dc056be9e99474a3ba111b0
train_4769.jpg,5c4c6828474e4c00ff6d2e6de07b5724243ceb444b989bd0ab0f37ecdf84d51e
train_4770.jpg,6f7c57bf726bcc2f7e86acecfa0afcd18a2e7b14c57806efbbc07b409a257cc9
train_4771.jpg,5db0fd8acb16578e9b7b9f00330ad1a15b19b26abacb4ae76dd21930aea673fb
train_4772.jpg,01ce67f781741d10ad9774e7df65595bec326277122e3e2848a66cfa7409ecbe
train_4773.jpg,bbac74fd50231e26f1b3de46880754d7b524929e5f7b3d3a693859732225cb40
train_4774.jpg,43504e71b3cc8192f1419dbe1baec6cba417194867d4626d2e65f7e108a911fe
train_4775.jpg,7b3b10304479909d8d80709aa0091cf2c4a856ed5eb8c8026a10eacb6226de31
train_4776.jpg,17a007e7d6498171782fbf51dd2b390d658afef38861a2d58bff483016e8452b
train_4777.jpg,2e40f89a8112abbfed0a60a67e8a4e769d08b5b0630f6ce02354c9b8cddd1377
train_4778.jpg,4e509b747439159ff92ee859f1fa390f60eb1db2d310813c605bcd13a584af46
train_4779.jpg,49df826ab90eff15a7f2488506191a6a32df982d1f9354d3c16669172f0f24b4
train_4780.jpg,e17ed67dd9a31ffd44d0f7e08ce6cfbe24fb090b46b8bc11bfe80048348b7afc
train_4781.jpg,2d564d7ccfb63e3f3f8b36ca8a685dc64f9c73094551b71e10be913b6b50fd28
train_4782.jpg,9f0170ccff444b61f211ae011afd807bc9da776249dfadbbbf2c0dc246ce478d
train_4783.jpg,6ea602ae157d0702b91fa3063bf0d292b6914e91109814e0c79da0bf465e8cee
train_4784.jpg,099e229082f03dd46618b35c0dd9b7b4491fd296ed9edade5becea3256968b72
train_4785.jpg,5b1c80be7c11a64e56a1f7cdfbf2be1af51978bcb6f0ef05053d68215478896b
train_4786.jpg,1d5d67c564079940cb7e76733ede6f59e7eb63217a82da250fef34e8ee8e511d
train_4787.jpg,da80b58ed381045c505221e7da5f20bfb0e5348753079d3f9e4c0faab63d4f23
train_4788.jpg,d4dedd673c01e3dfe399be5c08734cde4be98f530f5dec7b54c8e64760b7971c
train_4789.jpg,6057e26ae4cd55955bdb113961dcf53fc1901a3ed1844cc346190ea7230026e4
train_4790.jpg,0eb0557e24d314339196c81c0b2178d3993ec6a2a3e9a73f0705cbab17bb7166
train_4791.jpg,03ed69f4dbf4b6db13349546e97b44a25e7823c295ed72350a746deb4eef1df3
train_4792.jpg,9c8a5a1fe07aed83dcd92f5a82534681e87123ebc7f9fd9534afab9dc4a2e2aa
train_4793.jpg,bd844923cb737a8d53b14bafba53f5929f8c8ec295060af40ee90f55397633b4
train_4794.jpg,56b5f4c12f66aaa1b72e0e06519e1a33ebc03ccbc67ede216c542e9cecad5074
train_4795.jpg,0cb477b184b654308c7b4413acd40b5cb44b22e284e737aacae3ca3c89a9d84a
train_4796.jpg,e0e999797d492b4ac5011ea9bacc25b3d08e2a08c58c63bba43a73174b659cdc
train_4797.jpg,77973f0c01b148ac1e755a5f1000e2595a92d7a1adc5f663d8ac150b77de018e
train_4798.jpg,2f475b76dd3a21900603bb69422b0b4868fe43bcd92bd267c20ab50e19c07477
train_4799.jpg,d4ae48509442bfadf0d8abfd8725c07a8fe7e7e558e7d5b876ed68dd86b8dc3c
train_4800.jpg,75241ec3d5c01841d15eaa6e158ce8b3c1edcf86ade05705ef72253c788a0937
train_4801.jpg,f8a245ff167786a483f4d2dd42cc5c031cb26cc4690b7928c229a79aa5bd6f66
train_4802.jpg,23085e01e1c7a003fe4f6f0145c9a5b3e57b08545cb0e896a65c74ebc9fca7f5
train_4803.jpg,f3f01c5100064d0b26d9ea290e46d0f58fa09c9f0786a998745448aa1a36acb9
train_4804.jpg,d6d043df16b6ab2a6b69ef21bf948063fcbae14054a7b6fe2d760c853a4d7cb9
train_4805.jpg,c6b434101943579f77915abed952107acc6d98077ea25eb90227f7a4c7ae6f3a
train_4806.jpg,db4f74f739f711e1d76f167d4f97f2c26a53892e0fef8bcc8bf8a0c953681021
train_4807.jpg,b42e40d6f494772fa9bc154dacbe381fea758c65c8bcbe6463468ec2b8f7c40c
train_4808.jpg,af2059a0af4428bdc94445b127a21f30f6f4006500449a4c4e4dc5d09c1eda9d
train_4809.jpg,b10fdb36a322d34f8c0d3666509bd1f2d4b2595a0beb6a847e6fa321379c0dc4
train_4810.jpg,04d7c5bc1e080d538610dba088d34c16c77f55cd69ef956a4323308a20102f72
train_4811.jpg,54dd83e656910976eed0ee7437a48669e62cc5302837a99f3ac1c34b9a965a3e
train_4812.jpg,2346966a9e0a743f2020687568bc1203c72ebcff6bb87d9a8d5a245d236e0342
train_4813.jpg,b608603efe2482801f866b3372d1869d242fe2a829154f89de088ccc7a88b58b
train_4814.jpg,e81609002de1ba83b5121ae24f66b27ddc165b98a6c532729f6f6e3968593eea
train_4815.jpg,be4148177a08f04becd2eff2749da7b3446f851f594dea20ff6da666a92dd15b
train_4816.jpg,7292c475d1ea6c2a7e3f6ec66f96a66956163baf95b174e569b0f5bec8913e45
train_4817.jpg,1947c9735a187e973b864e8c6314a5ac95c2593a9a3b827274766aef18718973
train_4818.jpg,4fc842de891794ba1cf1c1bb37fd2c97b3c98b7b8c5facf1162b06820825f01a
train_4819.jpg,ff07afc3f3f644a327b8d9d74ccf82cdefada398668f1b69c7c0359c184c80d1
train_4820.jpg,95d4fbe6a428b04d0c251d178aa1142e84fa22a45580429e48144aa348a7e1a0
train_4821.jpg,466e4e78e0e69590ac12481a8aef6e83f9511f898cb0d844341629b540640c1e
train_4822.jpg,cc6b48b067649a7ba78c2eb2ed5c929992dbbebe3a0bb5a88decb6251d96f8fd
train_4823.jpg,06848cd501865f6961e1b56899d6b3d55fbd13b60694010d7e4869a3fc9e74b3
train_4824.jpg,871f1e4e462e3843c91c0d25a7fb53c666bdb83ab858d70a4c63d206f52a8925
train_4825.jpg,d3ed94ce6b413f59b2a10a57249572f0900a7d3a975f6f486fcde8867f2b6472
train_4826.jpg,9d4a38f9506f7b63e74e1494faf7c0dc2e9db953995d333b75c8bc07aeaccf87
train_4827.jpg,07ba982267f77e6e74c15ba7e1495cf37c438f656029e3bf4760c89cdcdc778b
train_4828.jpg,a3c2c2b59b0319874fd1ca5f5298335b75bab6cce45cffccc3f84b240a9dfa78
train_4829.jpg,663ff87cf48685efc26a8d212f9871433fbdb0ddf8330c10c4e8d2f0f2dfd7e8
train_4830.jpg,288d31ad5f2358b87b4ccb5ca5049fa5c1ac943ed09fdead59b8b1e9bd052dfc
train_4831.jpg,73173912f0982939d8ca7fac4dee5ad80a79a826e7683dabdbbdc58f73b04bf5
train_4832.jpg,5b79823a33a7f184b20b7e81190bec04c221c37713504f3baff04724c50db68e
train_4833.jpg,e2d697d312be65bf147d3f4dda5f561c21d915940c61f7ca40739a073fc38974
train_4834.jpg,7d788a51f3f19026ca8fcc75e17def76826246aca001526e0ad3dc4dbe8645eb
train_4835.jpg,84871541ac715e8e879274424122fa6c6b1a52e985ce67076ffade436204aab4
train_4836.jpg,195daccc44843e7568835532988165d04debfb3792c94501705d95787e1c1aaf
train_4837.jpg,f8a281d22aebbcc2fb44c815009e7ced971e04dead50d2e3e2ef507d715417a7
train_4838.jpg,d9f23b10d0e9c101d72a6cdba615cc3e4851f80c4fc4be0a493ee0309c460d9b
train_4839.jpg,9de243a424bbb6e3975dba3f01ae15c541a20edea1f470eefc45b2900aaba7c0
train_4840.jpg,2a00293efe4d77d19a4115c637ae683b26b454fd59fc36d3a7a9ad5e7539d5b4
train_4841.jpg,54cd3606e0e5a21268d23e86767aedf45b22ddcdc188943a38bed954d40562b3
train_4842.jpg,3c461b2c6df2f446888bd9769bc081993027b5005145748682912ce1e24ac209
train_4843.jpg,a63e0faa112104b25b88469b507f71cd3968627ddd7a3d03fea249e1153cd61a
train_4844.jpg,63de5560c3f49ed1f21af0fb2cf3f3a211b12bac6d856e1bd4f6ef8f5c8b89e8
train_4845.jpg,8616012c23be23840e51ca6445ae7333738fad57e85afa559f2dcaf31f819ee6
train_4846.jpg,adb9510ac2b21d07d3ece36436b0cddd04d03595ba6f78a0ab762bcfcae131ec
train_4847.jpg,e1892f753e468cbaa428b5b5fa286725478d1e166697535eed8442e6bdb6d567
train_4848.jpg,68d45a1a694e6de3c5b079d6cef283b2ba81981a1d2921cf4188f9ef9141e7db
train_4849.jpg,830989564be81e04e17e44700027c8f6c4cb0fa5bbb14ba44cf198532ef2c915
train_4850.jpg,c28ee718e086ceca6a2f2398fbc821b97ede5094e0b0013362e72dde332c513c
train_4851.jpg,d5a1493d6f961987dd83741ba9a6f9abafdbddcd3b989ecddb6b37f562de68cb
train_4852.jpg,e2f1150b9defd1768cbef5dc5d23632bcb7adaac181acb1089320f4e4a36ba93
train_4853.jpg,b1f5535e11e2bdd8271ff8a4d037ce4b0fea23aaffff7bef5448c7e1948e74fc
train_4854.jpg,c7831d5ff2a4f388226e83d6033d885026e7d6edcfa4ea789ff65ca99cd9b3dc
train_4855.jpg,64c5d0aa57bf95a3db94d6308504f280df27eccc4d304bee33ef5f8bb69205b5
train_4856.jpg,cde8590fcaef275094fab927cb86cad62f512ccee82d2a6362e9cde98aef8835
train_4857.jpg,efc6525587d7a432599894e1c2e1407e81487d61bfe889adced2ef523d38d21b
train_4858.jpg,fd43f408838af10f0c8fc12217ce8ca312944578264a368ea29d90f6825c433a
train_4859.jpg,b5dae175562e0936559b3490ad27d83f190a3c64814f86fbdacd4b91b3a9dc69
train_4860.jpg,4e00ece86c591853f34057537c4b00ec1e2b8609f7f143bc7cb64093e58ddccc
train_4861.jpg,7ee02375a7c6f06fcb9fb17385e6e918be2b5e42500b739b29e65ca83cf29bec
train_4862.jpg,23e82a7a919643d53b7cf4fd92dad1bbed6f8fdfce943cba6f6c6fee6e25cdde
train_4863.jpg,28ac29e25bc34a4b643d29c1af3d9960ca182e482d64221d63ae990bcac65b66
train_4864.jpg,97a9c5a648ca3157b7b51f9a24d0d0f23cec09488a390a8bdf2d378ba44e19cf
train_4865.jpg,cc2f2cab0c90561b95a11ca8343421a54a3674ae8c1f07878aab0ee731e55d4f
train_4866.jpg,ff606698beb6278a11e453ff1df4c93913d863f24244edbf63b687c709e6abd2
train_4867.jpg,0593b1b3eb4be81a4439d1a15e4a5854c46cfd4a9d9239d9adf97d2b1279e1aa
train_4868.jpg,82518d48f1a7cfea13a6d1e65d889a758d4c6dd29012be6ad7cfb712e38a92a2
train_4869.jpg,e6a3fe919f255e2bc034a4697979e20b4d420253d1af9b0f5c60fe48ff84444b
train_4870.jpg,3d6e15e06958249d462d202732ec0b9b64b69dc02821e45491b2ce5de92293c8
train_4871.jpg,6cbce4ad545bc5e0483b1cad84fb20f985c03e220f978751798d5d7275f5fd12
train_4872.jpg,a0a258668c582366e0d1d5568b14e26b7131b611fe67307b7d7cad5fbbe39f43
train_4873.jpg,db3086aa81311fa3f6689b034936a5d7120624fa4aafbe2aebd8f7a6ace98a10
train_4874.jpg,c8e44bb0f519669c3c550b5983041e1b2d4306e9c8d5bca666045760c52a5883
train_4875.jpg,d9399b2e2464b5c318552cfeb55dcf2f1aba2c01f6217779167de563cb94fb64
train_4876.jpg,4ac6313ceeeed4a636dee0749951a942d9700b9bc57ec461899adff6e9c42d9f
train_4877.jpg,9f8cbf74681f385ed96c23a89597deac41220bbc69d4542721e8c92f8b90c675
train_4878.jpg,e4819c0470cce4504bc9f1850d78374c370cac5482a2894b96a3287b997ca53e
train_4879.jpg,47d805ccb46074822fc0f00c66e8a362340ec5edbbd6c7da68b16a3504e93896
train_4880.jpg,47d90a52a8cdc0fc333a5d3929830adf6083e3d180fa6f75c8d9ce48dafe68ea
train_4881.jpg,da1db0f949a50043d8592c863a55246d2825119793981cd37853101ed84fb9d1
train_4882.jpg,63d41f22dbf8c90bdde0363c4a31cea401674bcdc36c8f394ac50780378c7c5c
train_4883.jpg,ed4505418addd243d181ebb5c868b15d2a938cd408d251d8aa444a9e392242d7
train_4884.jpg,6e793f0d18a4854e830cea9d5ba4863648c2bb74862c37be856ebeb60ebdce61
train_4885.jpg,003914c3fda9fd5f9f5635fbe343a570374bac6875e8921d5033b3064efbfebd
train_4886.jpg,ed3e9ec63d83c680d5931c46ea36d195f33893487e25e76fc25adc6622018a7e
train_4887.jpg,d5bfb72d65bd1c2bfd580624c0e03ebcb962a7dc863172282b97be04dc304104
train_4888.jpg,70ed158539237360e6b24ad641e6625b70164f7d429fb02dfd8dcad2f3ca3875
train_4889.jpg,7ece0180eac739b799f48c47f2d604b84dc037a15985d5a5719445f27d3c2cff
train_4890.jpg,04123b0c33b4e54131869a65dce33b8d52550a20c35e981b88a99ee70aaabe81
train_4891.jpg,cb5f0d26da41add8dc3ff6991a312e2884eb2ae21435224b573d7ee5d9ca5069
train_4892.jpg,7bde3129a7e9a41b13bdc853524b61aeaf7be955e2549dd59a866e310672082a
train_4893.jpg,63b96b02fc3ba2da78f262b3036a76959286d7f22af5eb0f19bccc2c24e6e310
train_4894.jpg,662d4f2f098b6977846e21e21ab0a6c47d57dff2ad6f348f6495ff7b91d09966
train_4895.jpg,033698fcca0911606c5d0d4bdc14c9d23cf74f0dc9cb55175cc1bc7dc94fc066
train_4896.jpg,387f0c25112789a6e53bcfff0c09e2f1400969c4a1689bd830e7ffe30e83eaf1
train_4897.jpg,df24988d85605fad11aa5575694f8b008d36621d3a3490bd9df9fc87f6a70a01
train_4898.jpg,226f83731831af5faea4a6860cf542c6a8ad81f44ac6f318b3d16e9f7f3cfc22
train_4899.jpg,33fd8434e197199c9ef5761b58761b56e5af6de9a15784b5100ce6de5a8195cc
train_4900.jpg,d0cb75e3f7be1960a35e07523d234914709da108f9da6625f2ee9df4593ab9ac
train_4901.jpg,3d3c6900aa7687d4c94b9146f71b19df9477d0873189b2dc750a9be0947b6932
train_4902.jpg,424afbc41fd4ead1efa51072ac7ab0942adc1492d6a8aa241f4bf715e2567e9d
train_4903.jpg,7f00bc1b79d6cdc4270dc577ce0c576f7c0ce676362f23f760a54e18de0251af
train_4904.jpg,a26290024afa8c10e72d110f665855ca2f08398dbd35c2bcab343780eb5bf6f5
train_4905.jpg,bf9dafdc6259e144c18972dcd5a77e586a2bcbfc49ad50352dc30e1cff4f7ea0
train_4906.jpg,72d2f6e61de78c9f5da3cb3e3370fc7e8f28987a2a222a848cc39120ecd56f12
train_4907.jpg,16214694d0e8b9944cf9495cf91f5b8fd040a7ea0fd6c0c0c537ddabdc782fe1
train_4908.jpg,ecc3dd94f332b2ed720d4908bc588a715e81460753eb025d3f3afa52f26a0b3c
train_4909.jpg,996f8aa731946e02eece9aa0d96daed0c13d5e41edbb7220ea9bd0654bfe7622
train_4910.jpg,e69d254550bc90f66991a2c6b043893d6875340c8e39d4b2af5646d1f33a3657
train_4911.jpg,410c0f74e11149f3bbe997760ca514cd06bdead4d8bea6385ff9286b812230a2
train_4912.jpg,3071e53eed38a6ae6c491a40635baf7f7ce5d4c57b2561ca9b0218688db0eb34
train_4913.jpg,a7523017215b9d4300d790740a341d42af18672074a638698d6c76ab4bdc010c
train_4914.jpg,426215c79871f5769e225c8149d57ae43052fe9a14874e01ca664f82f3621398
train_4915.jpg,8f1bf26b260911aa6fa4bed956725577bb06740e6708c3729a59a8d7ee8175e9
train_4916.jpg,1bab105d4e8bca2e60cee8fdc087f321475e1f14c833c0bb31b9929562196c79
train_4917.jpg,f59f4ab2bf73a99bde6c538e003d44c1ce558e140e1721d21a0a417cdf2bf628
train_4918.jpg,5285fed6d1d67a2b4782cb033c1cf3f7b930c00f271ecc6d27e368801dd42eb0
train_4919.jpg,442322a260391ed5eb6c1aa6bf80897438669d7851d35db436ea41112339af71
train_4920.jpg,9f0b2acb15b417fa36eb91c164d91a8051e037607afa71c270034cf0398f86e3
train_4921.jpg,12af118f5c593486383428387574c15ebba904c1fa91cef6601ca16fbacf36f8
train_4922.jpg,a808f073421b0ab7706a5ced70a874be29112e9828704f37a80d478875d3cbde
train_4923.jpg,ef25c5465312845f29aec1adb3dcdf4081e5d7d69f8e74a88eaa1418c3e462cf
train_4924.jpg,f55090e0c691c0084d884a6cd8ac7a1f4ee179ebeef804868ac60d013385b2fa
train_4925.jpg,5b536fc4ab3e854c6af9eaba05d18a1302b3d2a813d14ae9b26ea4781efad3d5
train_4926.jpg,515ff6226170a55311b1e04210a709e35a6c23f3e5f205be27252406a9eb7360
train_4927.jpg,86fd8008a9d6bb6eee25e8b8eb6e1d2ae5c91ee66b82d6ff444ab38f827acece
train_4928.jpg,fd536de7abe2e25e289e8b48ab1964d4ab24eddd9be9e74042fb87f9cb58def6
train_4929.jpg,7ab0c804d1d4b42e69837169587f29a912f19ce7345730da239036cc2b21e1cb
train_4930.jpg,911a560a165dfc3a6db1f126cac70b8c0a30f5569015450a8b2d4222a7441bbe
train_4931.jpg,b47ac13eadf8d43fbc4e5fa0a71193875fa955efed476afe0b9df194245dd434
train_4932.jpg,2112a949ae25653106124db1031070146acb5318ba4b4fa97cbd62e795ed3e0b
train_4933.jpg,ba00b562a7781f1cc89428ad31522335e89c14bf0d61b0a9e8e9e0048f843d57
train_4934.jpg,d168e7f67695f7f6a82b194bcc6aff24f9da7d3681a5e5b67b1f8cbf7aeaea39
train_4935.jpg,927323bba140562d62467e2cecbb60148c5f66bf9f8531fb0d91c2a750f88bd1
train_4936.jpg,cdcf8864b79eb4ac6cdd588904ce6e64758692d11ac5b4ed59aa4bb071ff77ce
train_4937.jpg,e5f4c302cefaf49a047f6b61f397b854b55a59a46a2a53f692e44878103837b0
train_4938.jpg,e5a366b739088990856c816635b8068cb23ee24b88bff127aa40ca997c871cb3
train_4939.jpg,8c78d99eea6cc32f6f1317c165bb3dab1a829b22ad9b7fbb877ca3c5b8618b7a
train_4940.jpg,b1e8a8305ad6e3bf7ee84d58accbbbd0721463e07ee2696dacaf1bf907b9199b
train_4941.jpg,02ff9470c94c5327810b2b8c5c9cbc0da8978b859fc452f1b39d2a04720f975d
train_4942.jpg,706a4bb1956b716905ade95be8ed27b6e54910aff9c022dc2a21e11fdfd6f42d
train_4943.jpg,81035f9bcabf743bbe205bf142be79c024485d5b39982ddcb544037cbc2d3fda
train_4944.jpg,e58921e6534690c0926d66dc7d4bc473aeb65b6514469607dfa1835be2a29e13
train_4945.jpg,121289b79ab77b5748f592cc683353afa38fec31edfbfb2312292b264836316e
train_4946.jpg,4e7c5c6a86c2b696988b0bd344f1d4bc13db2d98b97d2dc575cc8de6ef476135
train_4947.jpg,cc3082b1f448efa5d3c3eba1b9c04a54a6493847e0d2eec9f7df35eaf0be4192
train_4948.jpg,ab0a9dbc7647824450c6a44ad2c51cc23b97dffbb2e872bcbd36e5efa0f24f22
train_4949.jpg,ab2239b3fe9338b627db6dea0618e64d61efc64ee80e92ba9a6b8bfa721f8ff0
train_4950.jpg,51ff7229bfc3d519903b5c29364653fa2bb4f62d13534f7154f25c2c6eaced60
train_4951.jpg,c69e2b6a86c438c08e2149845957ba687f72a29f56fc905b77ae8fd988ea6b62
train_4952.jpg,e0532be87bd419ef86a53f15933e3a3f8d4112f63d76532ad371f9b8a1c99abd
train_4953.jpg,fb28decea4b9dbfb0d2e51a1d8f0196672a4dd852efec372480e1b8fc5bda5f8
train_4954.jpg,fb683125a27a2cbce573844e123c62ddf15ef53b99347c37516b5ea1c81df55b
train_4955.jpg,e50ab1d7bc6ff47feb5611b0ec7d9089bbdc708528eae6e2988310771a62a4ea
train_4956.jpg,52a78347e7a506d75c68af6d509bb1cea7c4cd28b95b3b5ddf68eccd813cc03f
train_4957.jpg,9ad026ce236fe64f2978211608a2d02c326693eb71c7c161234ca2af3c0b4a8d
train_4958.jpg,66196234403884dfccdb6cd9d7c703344edba39c47912025d4e5c98d7bfd0aef
train_4959.jpg,aa3bcc06f580020b25f580c2067eacc15a57a111836ac0445d642cbabb3cab07
train_4960.jpg,f7c8308815b8e5583fc6d41b5027436d7bddc5172ed73f4058c7bd17b570bf59
train_4961.jpg,e7d12a6018a5fe08da48bf745cf454e4e135b2ad12a546f6fb1963e65617fbd0
train_4962.jpg,59eafe56ea4bcb9063733809a38f8fe15570add145a6271941aabbbafaed780f
train_4963.jpg,73ef550dd2ac0799bcc5a09b69537143900948b2709aa849ebeafd849b787843
train_4964.jpg,c218464cb6843c35485105b04a6fae9ac3c619f4e4435ca9f8cfcec193aa7cb0
train_4965.jpg,afd80b97e734322bf4f6b0d0f85d497c28d006ab1421ab1231e88dba249b4960
train_4966.jpg,f7fce395c9feb7b92446cbd6c1bb2fe45d0f2168d6a3fde07bcded922865194c
train_4967.jpg,e4e1211a70ba92df59fa144aecdfae48ba602d3764b4edcd1f9b11904ed958f8
train_4968.jpg,2374386c794e38ce3ebbce8cba31c9cd47686b7518dbbabbf8994a0b840910e1
train_4969.jpg,495b599c57ef31368f5cd9b04f7fd1d265908a01a2bc3c3900a0570aa4818167
train_4970.jpg,872ea01a86236abe6cc8e79c52767d627dd37542d348dfa2aa54dca53920a9b6
train_4971.jpg,1d1568bc11edba73c6a9b1bf1231a46079c1774321856a5e0c7a3f11171d01a9
train_4972.jpg,36cb0340528106d92027f980ebbf02ec05c60cf7dcc8aac90058abe0cfca6c26
train_4973.jpg,ed8df32f36d2fd1135c1677952f29c341b997a68a61cb991e5cb80f89a1a2a88
train_4974.jpg,735e86b919c0ab53998abebda4b0596f085f7a77abd2a5868ae0c74373d23470
train_4975.jpg,0dc477943d2103c1fc43a691bb1bf1c758855b6e463df604187ae382f50b4527
train_4976.jpg,1330bca1fcc14c65ca86f7cbd13fc1e1991caac67ef856886ceb487d32604029
train_4977.jpg,18be2425277717978c1d09bd1c61009472c5cd913c934456e65e706e765bb738
train_4978.jpg,78d199013990c9853fee08398fa1471ebd2515dad9c427f458f11b304beb941f
train_4979.jpg,57f097376b728f6781dee4134829564594258ce047e8532d97046a6ae269d239
train_4980.jpg,53e41b7253ee3e6296f2f1b5ec35c153bfaf8cb62918ee47e9aba5bac00b36e9
train_4981.jpg,3c20a71c796c18516834db75dd765410a9c49d99284c08ddcdb9248fe49bf72b
train_4982.jpg,42e5aa110a06a1bfe35bd78ba42c5a1ce7a683d267e7c39ba4e948944b3577ec
train_4983.jpg,da452a9291abb579e84e320c9065fe360f73a5161b353542fd47e3ef4566ef35
train_4984.jpg,b03af17923d883805a446e87d905d46fa3700ef46f5aad321e6ac25bbaba5d38
train_4985.jpg,cb8163daea5abb7a9ae97f153e5b89f2b19aeb737486ec9e3647fd8bbcb2e48b
train_4986.jpg,59eb06c0adf307fef77b26ac9939c978c094a504fa9646e7e3093197fa533068
train_4987.jpg,e41e6bcbfee741127660eafed0356b62d70e171a8b6e6aadfdfb2ba93b2ab256
train_4988.jpg,7374ab7c4c9eb77bfabfca8e4cda1aef3004399b2f8b47be622213f21b5c3301
train_4989.jpg,18d72d16c2afaf9e70521118c5d5fdebb82aa48cd1ec8684768fa1187c997f1c
train_4990.jpg,a2060c20d7cdb8fe18d4400d62fef08c86943b7f2bc0e13cf0a33f1a34cc2022
train_4991.jpg,6321dc29f9287b7b1ab5d1dbff4ff6fa19aa968b6b95be34f17de3a4f326094c
train_4992.jpg,584fde53e00fe26fbfcaf4c988790ce37905eb1601f6cb1c56fe07970cb3a111
train_4993.jpg,451c8616b5484961fa39abd41bd8ea7ff40c6c1f4d985fe9aeac84886fa26331
train_4994.jpg,4705a603a8cd114805127eb887adc94596c71aa8d9d693bbbf18402c5002e2ea
train_4995.jpg,e293b8a39b86134f35f034c1032e0dfd385c3bdb6d14e19fbc5b471882acd08a
train_4996.jpg,f152611e12a2d7e2f7b3485efaf971af24bcfdabdbf24980c54d1b1af86ba923
train_4997.jpg,0bf3f93037cec568f317292d44b87199eb541232babde98ac51d8f1f2e43078b
train_4998.jpg,5fb4a844ab51d73e35c7ebd320feae17fddab02a4b6171e1b3c71f7bde6f76ee
train_4999.jpg,c09971255df4cc38ce0a047f16494b1bfd7cc3176dbf8a86423c1d3f2e9fa107
train_5000.jpg,37468036bb8218c732b02fd971de10d4120762754d80c7d4930f0415817317b1
train_5001.jpg,55409ca39ccb29516dcecbec975308ad9686036b1ee802a19d8bdb6795b95538
train_5002.jpg,4adc6c0c89c4c5061fb6d4ef61fd5d015046dc166b90c61f65c3a4094138f199
train_5003.jpg,02dfbb1b0fc58d42e5026b4e274d265433b01342dcc812b5c50215fadeeebd90
train_5004.jpg,924d39dcd496fd77a377533752abd7834c0e283df153d7876fe9aeedf904235f
train_5005.jpg,f043dd38044df7b8746f5b03931f47118c8a258a565be34e6c6ba8047afc9f3f
train_5006.jpg,3f2ca404a6e446e3a172047c618cf85155efbb729a8f604d99e4088652371f2e
train_5007.jpg,673503e9fcb1963d7574e0ded3ed6458ed2e0bf479afb9b3f8348ed9d33b6569
train_5008.jpg,25eac495771c768e929eb49da899d34fbbe2c540f8fe2b087670e26403e2c9c8
train_5009.jpg,3c02b1c14f4b154dbb1a44970b126f43c85fb5455a91402e49993f967491fd11
train_5010.jpg,62e8a90717e47082b36c6fbb328b77e39b2afe9666369d23c6d7ddd0d962d3ab
train_5011.jpg,987104c260997b0713f4241e0e8ed39d8da7ed6bfc1388875c98a300f9b91635
train_5012.jpg,6fedcd84d047374149b100848b5ee79551412bda39ac92ac8a8d0eaba30af0a8
train_5013.jpg,c8c7958bbff7b848ced1cbba64b95006f4d24575505c98b3937c6c0bf6ded567
train_5014.jpg,afb2215601dd24b17217c28619a299fb6aa1f320cc26a2afce346027549a1aeb
train_5015.jpg,87d61447924258844ec28bac8b2b8859321eb726eaba1f55c575a720120d1da5
train_5016.jpg,be1a62b15aa2640c8fcc983193b648e060a156b612d07b5060e792923f1b8488
train_5017.jpg,f3c1f87bfba3b183880c0dc7d496324781da10a6e9a84db9fc0cb5d1add43d65
train_5018.jpg,f7bdf562c0ed937c4b1c2a136d0acaf8357b456340ac9bf54f4a8730ee9443cd
train_5019.jpg,39bd04cfb6fc856a0fab7e66a6a8e0c346ba9bd2b36d0d7354402a243d31bacd
train_5020.jpg,30abb59f654aebc855ac1b1ccc223e934b736410429585e1a2dae091c5a8ba37
train_5021.jpg,6715bad236a985a57905129df5113d66c985583d5677c701cd9e6155e0f09042
train_5022.jpg,6c6fd9f2c5736f18b6cb06491bdf1c2faa9b9871261116ce9dcf412dcc520884
train_5023.jpg,934bab900b3db018c2610e7688801f1bc55cb55b2011f4907998c36b408c68f3
train_5024.jpg,056d29a9bb960febc642d993bb8bd795b46399bae1169c07a71a957573cdfe26
train_5025.jpg,db620deb6ad5dbd2ee7fdeff10896ed47857c9a3acdb14394777c064f9061db0
train_5026.jpg,32f2bd4cf9c83d2b11b65ae58c0e5101df43b7d50778b7bc4eb2c855ec2d0663
train_5027.jpg,98ba1f085ac60743ffb0bfc4d0f5c1dcc71df0e5f180ec83a8a48cd7e4a4eb1f
train_5028.jpg,300cde95e135cba387089604ba114d71e88410637cc66580cd8476a8c474925f
train_5029.jpg,cbcdc53984f22043d91d03ae7e1a5e6ff3f36caed3bcb52fc7eca104fb72840b
train_5030.jpg,b0d7e8eba6f1bdee555c4432b21f8011cfd39152d6bdf2f1979a2ddfd69f90d3
train_5031.jpg,d381a0f31e26fa6a7963052c93bbb715105028f7af1447db74f917e53f4fb67c
train_5032.jpg,3786a06dc0f1868e9e878c32db4492df0eccca0516938472d0400e6853c7b1fa
train_5033.jpg,98a3512c9679f11c72f57a8c56b481c02c4c1e01ee2de8f516aeb233a3f7e380
train_5034.jpg,d0d82995ad3d8456b82660e53fdafe322c9c97991a0475b8993a384b18ef7372
train_5035.jpg,35fb4576e69f2447521e4e45f247388f7aa1fc7e33b36e2f0032aa5a587c07a8
train_5036.jpg,ed4ce2fc690f923a8fe705571376f954208de465b764f926660e84cafd774d8a
train_5037.jpg,2d10e290f1dc11ed43ff01f6a0a6bbb48742669f93065dfcf63829fb0c730151
train_5038.jpg,be1d3f3979790e5711a54558cda0ae6d9b7c8c38d3250b35c816902cee06022f
train_5039.jpg,b2856bc2a389b16f3257b346ab94f8c5976479a42d7a1fa97fbc5523dced3ad2
train_5040.jpg,b8f476fd35d562de93442c3fee715e014e13ba17c00787efd3dde5f4d1063d02
train_5041.jpg,6b44aa27d4c0ec988f7d12e88a66a8c90312da43b3c8ba720e8e812286f2d675
train_5042.jpg,f09d2e454bbf50e8316140e17ac04d09350125a2ba75eac47564eb39479349bb
train_5043.jpg,84112b9b907f88cc3a0de756bbe7c45199216fdecc2a592699b04670a526dabc
train_5044.jpg,a9013d8c6f9db7301941f404a8c37e331c481e7c67821a58440abb4828e8a2ee
train_5045.jpg,ef8bbb4b9f68a6fcf4b264638a5444ab59bcd6b7382e9386337a1779594466d8
train_5046.jpg,5cad767f5ff6c978a0088a05708f3e68aac270118e58459d6298884b00a14b14
train_5047.jpg,4e20880fb80927ead6d30d1fe0c7e5d35b7c0812604dc79d2b7fbd2909dbd2b9
train_5048.jpg,44923f6cae48cd560866cf4d19a27f13828a45005d27cd765190495c380171f3
train_5049.jpg,9bfed408777d1ddbb7bc3128881035c85aaea96390ac0f71b07046209bf37966
train_5050.jpg,06c889cb782c182e0da7da9126b2c6a36caff199ad47febd2197bc06deb50ddc
train_5051.jpg,5a6557f31b91e1c72f975e28402798398c7fc53dcaeea9711e0866d4037377d4
train_5052.jpg,32990353ec6f0bc6f14955582a436115de50ce10c3ad9456af47129aa2e3fa70
train_5053.jpg,83836f08b1735c99744830c1e2ec2f71f087534c1b19bd077e94498413835866
train_5054.jpg,7733d84e5cae3c7936768c04df38cb18b64b0e2575547309593f33700719bf7b
train_5055.jpg,81b2dff83fbac1264dea372b5f1024a8ec13f2d2fc93986aef0a68b3b0c8aa99
train_5056.jpg,4302dd4dda03b1743159377455cac59edbd284a9355fc48fde032cd4aa3f8d27
train_5057.jpg,a2d52b75c6234f8730cdfa75cdfed303ae615823184fd89bd24bf03dfe5a623e
train_5058.jpg,6b49ccfbfd9c2c73fdbb1b132e313959d36af529ac98237e7ade143f4a30b0e3
train_5059.jpg,b3228538757853505607b596186a4771ae6470be5d84f905d5dbc907ebee7ca9
train_5060.jpg,2e454cbc14e377621173ae9bbd46f34cf3548322a42c86a69390a4d197ca392d
train_5061.jpg,6d63190fad7ce7c5be3a841097781e44fa53ac27c7af331ed2ade754e1deeca3
train_5062.jpg,a33555a6f0754b75be109c4a97db7e8584eccd3aa74894681ea063e96a99848d
train_5063.jpg,2ec9e169d80bc295c5998752899694b2cecab126244981ca3eb4464a8ce54dd5
train_5064.jpg,772ed93e68f47563da59dd9cb6d96c3c7bcc52cc26882f5a7c95170ac9ba0d4a
train_5065.jpg,a4dd9536be5dbb8c50c0d128d1354fcb398233749a2c7852a655f1286b66d51e
train_5066.jpg,e52bb9f85d3bf4c5b80336a58e8ed274152742a7e650bc3ef98f78321dea6888
train_5067.jpg,6e35c606ab5e1b25a54a3efd8cd7d53b70df8aee1bf7c35926da552c35d8a814
train_5068.jpg,fe00e55ee071219c78c8af548c2b30e5fb9b3ea3ea770dc12cee31a0f24c2cc4
train_5069.jpg,113a04f44fe609e4b901b829f14428419f27b9f49ed55e5eedb9346189de91ed
train_5070.jpg,ef951089a3fddab7d51bb3b8be7eda3b89762f31649a1124a34199a7e248c357
train_5071.jpg,fda9a628f824ba5c4d43baa06f7e5be6260480bc85a10334081363f6c41d7cbb
train_5072.jpg,a8dc3aac87d4e2956dc1acd15751d47bec864b3576a340f001bee62fb8e1ab2e
train_5073.jpg,dc949d86d4ce13a323f3fade9304e4919175699d072bda46be1aa7bd8a3fa954
train_5074.jpg,1e9f9527f0212efb9423b9b5665554235c8f9f0107a1c4db78f13aed90b99711
train_5075.jpg,1815b3b350a6f66606d168fedf6b9c156cd12bd1ba97ac4a1c1249b8aad5763c
train_5076.jpg,dc409547dfe8258dbc0921b88046ce10009383bd4ed9c7a65c2c45c978021161
train_5077.jpg,dca843ccc997ee3b7c73bd9c45546643986cbeacbb28bc2d5d7945d75d9b2f4b
train_5078.jpg,237a7d373cdc8972ae164fc7739dd73676a443f49cbb0fc289ba1653018b1b48
train_5079.jpg,faefb1517ed12a95ab0318100a252504ba68738ff39d1e80cc62e9b37c85b57c
train_5080.jpg,a61bb6aa4e354e6e02ab51054a9ca0500bfa321270df744d73427210175fd186
train_5081.jpg,d32ad3ec5ee8127d3f350814d24757583149c321ae0f2f3a49760ed5df7739cc
train_5082.jpg,67d5ddb01e061bec7b6757019a7e36d3c743a25ab501f7bebbb8f2467ad83e1c
train_5083.jpg,6a2ebcf4086335dc6bb9c46ac44abb52ca596d82bb81cd97cb769fc6045f7215
train_5084.jpg,64372dfd283c94691f05982f61933d0c6ad6806ef13262fca702fff249f35b17
train_5085.jpg,d311bbbaea7483d8d89b1f8a64c281246cb51a90f4c5a61d7093747aa8771814
train_5086.jpg,0607bafe7330bdd76c4c61e859f3904c727999ad9e601389ed891eff4725fdbe
train_5087.jpg,cf59579d60aa3587e1c1ffba915ac3c428df647bf7829b7ace2b21dfe189fc58
train_5088.jpg,09dc5a8cb3e849bb7b9ee1f77accc38571859fe5074003c1e9a889e228890aee
train_5089.jpg,36a80c0024e42a7db0191e3a336dc60869ae6af1e4b28ddea4309d32d14f8f14
train_5090.jpg,3ae2b43f97f520b26245875963162b7fd6df3380b8e7e1cfcab71fa52e67a548
train_5091.jpg,fec57eb8535a6312d4ce241ac53010b8b0f668428c51123e9145d96e17a0cd59
train_5092.jpg,a96eb6489988f58a7a60ce19c181d1cbe815b224e88a88bcb8766f902990d568
train_5093.jpg,447cf0d433fd9087b1cd74e9991e8ad0458f98a524265bd043c5629efeafd30f
train_5094.jpg,05a85d8cd8b50d3f7445326f525b099f7f0aaef0eb1fa95469c54bf6607a21a8
train_5095.jpg,2146c89890febc5a780f959b99cc58f1855fb7430ddf3e56d05d13c9f28abe20
train_5096.jpg,7b3061d3a8c1330c45d8798744a3a5f2ee3c1b1a46e1c248810ec8ffa0c0d54a
train_5097.jpg,06bcf408db5e79626d143d421c554e6cac28d02bbb17d997c99dc1d45e6a3055
train_5098.jpg,f12cf9f796b91eb7c07a4e557c84ca5a4e3bf26fed0c104da2960220cc422464
train_5099.jpg,1e71144543629cebded7bce26b486831f6da6111e1f38f3bb835c4c3f5dd7759
train_5100.jpg,7b1c3b093c9d71764e21c0cf1cfb766866ccd846170f6e5dbe01cd3aa7a87182
train_5101.jpg,27314ba5f83818ab2bf0172ad214c7215e4421013426ae7e04b2f882a850b3e0
train_5102.jpg,20eaf6768309ef4ae31e13269f588abbbde824fbb8d3c50f8aedbf27e91618bf
train_5103.jpg,fb577c5dc1645175355a71d9dcbfe934a38eb93dbb399d7a5d604804c4cb2d93
train_5104.jpg,0356c418c2fb03107e540517cdebe35cc670b0773a8f8f3ce7e995d87bc6b236
train_5105.jpg,0752bb3f412a1cb9a7bfe5feb05826712f4535ecbac2d8145c9c974565269740
train_5106.jpg,c75a8537133720159a9a779b9838ce53c5a387c924be7bc7df276d16194a9926
train_5107.jpg,5c806ee575d23a9e4a6206322993a3487e032e4d896cc34dbd9b04616655ba0d
train_5108.jpg,d6b102e5da6b7db7f602be22c9ee75e82b19c24cee0a437b4d60034152243a74
train_5109.jpg,12ee8f9e1a77ba8b7ca244a03431e0b742256a4f3099d5dc3376b4e0fb20f3b8
train_5110.jpg,c6fd61bc7f7adab2373db29d657de7a47b23cac89c94dae7347865fbf5049c64
train_5111.jpg,42608200ca5e8f55bbbb2b7f635f7d684b34fe38e66eb56b49ee46f5f72693a8
train_5112.jpg,a7cdeaaa75352a9b66d1bd6fc81171305ce86da7ce44e0abfd732e1e7626dbb0
train_5113.jpg,f53384284012113ca5deb737dfa6b51f8a09620e7666f7483435baed4b9a8637
train_5114.jpg,94cc2f3276da829371ed3b25648b15794a2c76f862c10f334c7fc59bec21a88c
train_5115.jpg,e8b1d8127d91057da2329fbcd355dc50d6b23e8400b06f2639718c8b8fffef5b
train_5116.jpg,002377af8d97fe62023cae95b8250a94ecdae0e771d9e78e07ecf611c10a9607
train_5117.jpg,68abd0cb2e2cc66c8be3a19c358212924f43d88d6291ec31b28a64b93fceb89d
train_5118.jpg,b1d112a90b11409d188b7b7439b593d5f99d6b6250d1f861ee4f33244054121c
train_5119.jpg,fea020360d0f378a040fabb6fe054d25a6198f8ec2b089569bf060e652b0f041
train_5120.jpg,d69a9b93bc80d564881684c5e251c60d7cc2312b3a2b3ee46c533881a64385ad
train_5121.jpg,0099630f190779c5b1fcbb057dbb9421c4119454e9653d5e05f3920cb04bf44c
train_5122.jpg,015c92040712485e6a3002bfbf6338eced6e8228267f39fd036f76627ee4bf8c
train_5123.jpg,3c7b82c736fcd138738f308376e1f058307523f6063ae8c7b568d307471dc48e
train_5124.jpg,207a9c4c6d3d61e8af61d59745886a3ffbe73ed09bef1a8bd6eb890daa19d98d
train_5125.jpg,64e857f403ce78ad1152b8f873f0895126e3575897faca3097bc81f003e3a160
train_5126.jpg,1955be734abe85f0cecfea099537d6ef1e17d07ee2f834db8133f17825826701
train_5127.jpg,c8c370819cc8397acd3400a693c1221bd67d70f32f152a7d2646ede29a16df5a
train_5128.jpg,ca92b558a3fe8df2c32486918182d7a06bbb0d07ef3a4409eac9ccf9b74b83d5
train_5129.jpg,5ac00ea9be276725bd2121743026468e7a19b04328f612d8ffef73e292da6975
train_5130.jpg,ed718f938a9555da077ddcff81f3a6618e473d35e9937eb35984be5ec2827f3d
train_5131.jpg,bad1a3d647f784e79c43a761a67a2f5eb7ea435e7c74e38934d8c830f65ee03b
train_5132.jpg,b8c9d9689a7d4256c2c34592ae6851354eb6d233b4df4bae88315496f2cc75b9
train_5133.jpg,180474d820b4a0b9ee423f1e090823f04d6e41699b1699a83005dd25aa9fdb53
train_5134.jpg,3a54086e3fa64d01909dead696dcab376317856a5bf55b46662a123207b34414
train_5135.jpg,c4200d269141d6ec4ad6304f8159f302e163bc90d7513c379eb4daa1e39cac3a
train_5136.jpg,4d7cbcd7650b3a7d7f864325eb8a32c71ae9a137eb6bef2c8a0b85ff393ef191
train_5137.jpg,bac5e7e7c781253d3b30648f0939b85b16658bdefe79108ec781e20f43db3ee6
train_5138.jpg,d38b0f665e54cf4f57e1198568d2c31bc7fb39aa117ee703c2f59aeb0195e827
train_5139.jpg,2204fc57aea9125f7acdcd11356c806e9f7b0e317ee35269149ed05b683129a8
train_5140.jpg,f002100940ec0224926cac5ec6f0a1c61540c1a41fc1cd8e621483333e21f6cb
train_5141.jpg,2f4140b3a9996e56842c035804531aec2c5034005360a9207444988f29093323
train_5142.jpg,5039a39c27d7724f55306ae476c4d40669a33f08a91b1846c383763999b90378
train_5143.jpg,34ea4f77254ece713422bc6b6cc9ed753694956dc4e3ec57f313ec5fef09a765
train_5144.jpg,af5f15e66abb344e4ab622e807f9135837281368569e5b1012accd4f73ab4553
train_5145.jpg,0b1ef9c59d27e5195cc3751e7fbd01083958ec07ea217f5e6ffa5b3397a14c40
train_5146.jpg,8d0ffa6cf0643f03e2909deeb26f731950f13810450a15cc31e9a55bef4c83fa
train_5147.jpg,4d8d855f63b9fb1cb1f5578aa9f403868f4eb73e59e6f5080e7720821cf383db
train_5148.jpg,eafd4f3f5f4818218756750ae42b868d014cea972749dff32752ba3887c58dba
train_5149.jpg,69e891f0da33f4384f1664154daff7e19fdd860b90a3ef26ed819590b9792656
train_5150.jpg,09e4bd075dc9b5b5f24f68997d243931f5360f7655cba7ba92b855b4efd45f7b
train_5151.jpg,bd57a1eae724b9ceb104831ae6f1e6d8bbd295241b440dca321bca8a1cc2acc7
train_5152.jpg,2aafd581cc531bc0f0cf5460b2bc66db71109eafbf0c10616e56c50edd50836d
train_5153.jpg,2bb69d89fe3c8cdfe412da9820e1621219fe557f5e16e3b5ba1eb339afc0aee7
train_5154.jpg,afe16d6685cccdef1e99579ad31126cf69c579c003a6db6d45c4540483a6fa1a
train_5155.jpg,acdb6a63ac901d1dc16af62e56eb686a94dd1734de17272d8c13bf593a4c45d3
train_5156.jpg,28d87c1b3c321ab30e6f575e8af6383b237fb345738a352931a5e5c3487f36b5
train_5157.jpg,cf1d526de768d2bbcab5ae269541aae4f0480ab1a29cbe967dfd3670df85fc2d
train_5158.jpg,22af017f047f93b0ae8507ba75249eeb026d0fd3717b8e9b893c23b1d908520c
train_5159.jpg,d9aa63476f4a9aa6200e098e7e4d788e1bc38e4da46e73e77d498431722c757b
train_5160.jpg,1a0dd57f980e2f4642c4008c96130d2274a8079b6d64789d16ab8a35d0bb368f
train_5161.jpg,a07f40f2bb60547486c62fcc110960c8fe01581053666f566e530b4533f2f851
train_5162.jpg,52361b1b2068b62e9e30a40de4191969a2536773f1ac7455d39bbad4f622b247
train_5163.jpg,5e17df2d1c1c23dda1a21cc13ca3d170f22a9dd509039174a85cb99ba08f5ddc
train_5164.jpg,2d7b666d955cfa24053e8304b858eb5a1b72a9fe108b60b603bff315d0f3d862
train_5165.jpg,70a13231e78ecbf60b1b40b62e47fbb1b0748c412ca1ad2cb446cb385309bf06
train_5166.jpg,0b4c6f040d54fe220993cf04c96096669fec80c966b8486292c25a57bc89fd5d
train_5167.jpg,df06b7acf20a8e4894de049f8abaf57e622239b6e73b1ab4645f826a9a4a0c28
train_5168.jpg,1fdaea5120400682a89a0f6e0b5f4caeb63edbd60b4336f5e23df31bc5ef30f1
train_5169.jpg,0dc8822b2bc39e9219fec71202f4877925a5e86e87513a71de59c3dd9a92342e
train_5170.jpg,4c4f03532d3fb9884b4081f48dd3e230497d7693e97ea7a2f11d7c0144c89d16
train_5171.jpg,e79d3ca139424a4bb374a2663fa36b9db293ccc9923e6ae8aeacc902b2683ced
train_5172.jpg,6eedec84224aac2b1264357687c4e79a40a3e4597165b90460263e03beeabdf9
train_5173.jpg,d9e8a9c889d0d567abd855f05b3d49a6a32ce0245dbd702523a06af3a92636b6
train_5174.jpg,8ff8350af09ce31b38722dde446a872bce268b52440fdb275c9d9c2b33aaad1d
train_5175.jpg,136ac85536e79aa237c69d83c2f37d3661b5b515293b8858b2b1ee94fad3d268
train_5176.jpg,7a639f7fb9d9bfbcb6d992c331c763e62b744c1b6d5d5bc34d7fe7f0a2e9697b
train_5177.jpg,81bae063e9adb8adb7eb25c67b4e1c67f214c6056bf3e9b89c00c9a221ec3e49
train_5178.jpg,54a9bc9abd80dc15336f0c92b740c391f39b831236a4a6577d41520ee0f7f0e6
train_5179.jpg,5ccfacc17df37ef7fb606cba5959ba980b84acdf710e6540b60ccd449e9a0918
train_5180.jpg,b07b64ac47733a9d64dbbcc529b26587caebe6e8f5e3b7f0156f13e394c4f237
train_5181.jpg,b9f07b24640ff6e879291b036e353bca9d56c647773ac08f7a59a6bc8303f4c1
train_5182.jpg,f7482080f2e59399877ab8a76a6f2dda51e28646715b251fe3b573b51a6ff246
train_5183.jpg,699aa2ec2ae4852df028cfbd89b7d956fa14f0e4583b543c64424cde8f281fb0
train_5184.jpg,fd7ff052b8402785e4454024b2bf6a34add191bb2f7c167e9330924aede7491b
train_5185.jpg,c1060f4248c0ec54a300ac64cab6e90b6e9e2d5edcf48a93030d2adda12bad44
train_5186.jpg,5b3149a21e5e3707e8531e5bb661b5b6de2eca277360d4579a9007a481b4428a
train_5187.jpg,ac50ab70f8a411faa03f66ac8790fb1875c90a97d524222c3c59c7b550e68512
train_5188.jpg,83f2e70a659071358097a2d88af75dc736059d1a952e3b22de2d547688cc4e85
train_5189.jpg,bd140cb62b742e77045240d50a51f8d9e871d52ffcfa0a1a6d8077c406c5c330
train_5190.jpg,8ba29f991e5e47b5f962003f4dd5d6f3db3df33fe0f9bfb560f708d4b9689250
train_5191.jpg,08b6d4c154d4cd1a2a09422b4f5f0311e35ae18ebf00338e9c28714419acb294
train_5192.jpg,ebf9b405574f981c5a7da9d923a03005c2211495993aaac4f87993ac11c5960f
train_5193.jpg,96009c80735970b390eb6f52657cc19fea10e07211079dd735f4b6022ba12e9d
train_5194.jpg,fda52c47add2a088b04ed0cbfa2cf13046d9de1c649b4d1df216b524d9a3c3fc
train_5195.jpg,6e7578df215f5efd6e564db41f79153ec20de0032068de45b1cbbfae65ba02b1
train_5196.jpg,35d1cece278a4324f79c865932b678997bfa85f4b40a865e671b44ca4bbc0c25
train_5197.jpg,a199a1b0d725d7b184a025d153ffc8f96a53e30c6e3b40ec949a17f32cdffcb2
train_5198.jpg,65a235959b1c826f20222e581f478830f73de0b5caa7a38b61728c0b50b9ae7d
train_5199.jpg,c6f6fe5881295515b5f3258d78719b401a302e7014dff41e35d6479173937d39
train_5200.jpg,aa6dae311ce81070b99485e84811fe138ea95e90feadc08372bb774c16c48a67
train_5201.jpg,22af076a1b23b4bf1c8d6f5957c931aa5d7d676a2e070899017a40a70731e7c5
train_5202.jpg,c59af5b7a36466e2e32e85f0e5e7f1eeed8ac1aa7c9a6cc2cc68a616c5543c44
train_5203.jpg,53a3106704a8774366193bfbd3259870b9bc06fb0109f3ca21c0e66165022e82
train_5204.jpg,4344140be94a2320c0b7290f292737e13198e893488fdd05e47315da3b29a3b1
train_5205.jpg,05440638e6e6e41954fe2362d5ecde00f9fb368c4a22f516551cb6a18a5b137b
train_5206.jpg,7c73ff741214b03599277fe2607ee0adaa1ab8070d7ea0586149523d865bb933
train_5207.jpg,67eacec784e9cd704529bb78340b03065b28156c44ccb89c53aa8d6a7432050e
train_5208.jpg,57e005405fed03be5b751f8c40bbe8daf6edf4c6f66a760adfe27958cfc09d89
train_5209.jpg,4c2235b5905a0b4f6dbd1aa65a8fa26eed877d6416745ed7a9ca3cacca94ad9e
train_5210.jpg,8438e446f8a17e080d70c0eb0c3b17864db3507ace4335cd26ba9d60489a188f
train_5211.jpg,c3c224524ef655fcfeac7a6a0eb80f97e929fc3cd4754389f38049565fc1896c
train_5212.jpg,cc52ecef125bdc7a5d9cb697f87ca7a06a44e4510343faec8da56cbdd374d44a
train_5213.jpg,eedc88a42f3f4ad4038e1ab36d9d3d3835c3f1d27caa92b126dd296d0bbf0355
train_5214.jpg,af29f88d9ce2b5d651c8afb01826e168b2d7abe5782eef71a3d4e5312f664797
train_5215.jpg,77043ac14a729cd8194ab741fd29f089096ebc133e5965e559387fad9a26e921
train_5216.jpg,af3c3a876069045d82fbe1f31d6b91eb2e54a7f1712e09ed3e3ffe695b0fc86b
train_5217.jpg,8e2657c4da57da7066da6e6fef2c46d9e6ea12679aeb9a06d64352366eba547e
train_5218.jpg,c75143cd4d21d742301ebc84f64e5e9d3bee25ad10428e065f081fd057a82b31
train_5219.jpg,da15fda551c6ad5a485e7352929cd96c9d240b940c4f363c092c64981194b0cd
train_5220.jpg,910c35a417afd4ec2b701b5b0e392e96c47c92a68a2480cc9dd1b0ba3c9ddd3b
train_5221.jpg,1742fe60bc38659199d461b922355cd980c5a337b0941cbedb6b70d47a35edfd
train_5222.jpg,c8f2e13cb66b230954435042693ca9f6d6c467275d81b75c62f0f16dfb35d4f4
train_5223.jpg,50b124c19cc3a72353d457428b942312aeef7f9c9896c7cbba061443cbf454cb
train_5224.jpg,11e332e754c80bd5df227abb1f51bcc70ae89fd93bab54b94110dec5980b776b
train_5225.jpg,731f84df136c487efe28a0b339f8211c12b99bf6eff28b60e0979edc4a62f2fb
train_5226.jpg,e5e6dc0f3e900983e737f82ca36fb49ef92dc41d1d684ac16fe03d25b7e80375
train_5227.jpg,2fd25db448256a980d375003b113b26fa735692fbf901ee233044a307109c1e6
train_5228.jpg,0fe79fe1714171201850ef62c3e7973ede58944a5cc912d837acd848fc8e3f18
train_5229.jpg,aec5e56d795b37745d54bf18a7214ca42071abb83bbb2225f5d84c539dc3cf63
train_5230.jpg,4ba9d7d9a59b8b777ef3dab0585669d6a9a4e5cffb57cec9485c86a6f6e61191
train_5231.jpg,e4deb6d714e95f31408bdc2e1592d14f1ea64431ed635bd2e43aba8dbf9ade87
train_5232.jpg,9998ae7c49b4249758aebea00a329a4fc339aa89293c438999d3db529a13a4b7
train_5233.jpg,4a047a5e47374b454cbcb710b661dea8d17e44bf32b602155b6ebaeecb367688
train_5234.jpg,9c67da18ed03456a202e0db50f90f10c8bab03d4648538b2b9673648441c25b8
train_5235.jpg,cef39b8603bbe458743ba515b5aab058cde2faeadd3a995b14a7d84b2199142c
train_5236.jpg,cae21471deec485ae160aa237422d95c269f1926e21c3a1b2b34709e5b1c6dcb
train_5237.jpg,72832dbb294431e1c7e0aa3f9e4fd99b83451828c77f8e40f089f90664ca0e07
train_5238.jpg,2f7fac11ca2fe99110889570255e01740e74a52a7e9cb695a253ed1ba2eb5441
train_5239.jpg,dcdd921a5fa7a87555b855f6868d47364d62a8cd69732bc4d86610fb0eb4f872
train_5240.jpg,2f820b3b798f56c5d676b755640744913ef7669c91d6b4f8393f6238aeae0db0
train_5241.jpg,57a0ec4ce4b1063bd4f0728d6b83ef617adf9271408a48bad27f74d9983b4d14
train_5242.jpg,aca86caba05aff85a7c15391ca5b8fb9e67b2e8908ef288a9ac85fa11096aede
train_5243.jpg,6cd566119baf58d5295bbedaf5701756a14290626bdd4e0e4b85766acfe4bf54
train_5244.jpg,87f1599146fbf5595f8258310315687f2ec53474860bc5320b4b276f6f1a4d15
train_5245.jpg,a17c28a950b1a50da0397409cee5f6c286878514617a305f63cd4c2fed5bda30
train_5246.jpg,b61e7173ef921b9374de35cc70bfd4c3995c140fee46feae8ed00a526ebfa5a0
train_5247.jpg,fe97aba9b68b14f7c83b7e9adf61291f58f219f604c58cdf83af64f1e37f2d54
train_5248.jpg,a144a29a45d8bcec6772cf81781db75ee38dc1bb0a9409d1dd7ce8b7ce6b5425
train_5249.jpg,b60a0debaed9f1580512698b39afdff852aef62aa59431fa22bf88b98213dca0
train_5250.jpg,1fd82b042d0a50ea59c91eb50879db73f8c7500b52377d0a08021156d7aa5a6f
train_5251.jpg,d6a275bdeade481fb8a21a2935c0e1369cf80361edf1d586abceefa4844a2a24
train_5252.jpg,fed61e52fff3467c7b7073b370a29982b480d8e7c230ce1b058292e631385bf4
train_5253.jpg,ef3056bf830386c1ca82420f179859d1611ad78c29f0869fc0b66532b3cdd345
train_5254.jpg,e5e033b88134a63d8f01cbc3326cd35ccb588b1bb1038946dd9e4970501967f5
train_5255.jpg,370fa83ad81c5fa3339fc310aa1cb06fb9c6719775d8422e4e50c3b7cd8a28d0
train_5256.jpg,3a8602c96d8c8a99a79a22749c8cb95e20edb26c4f54fb6fc75c513d6005d4f3
train_5257.jpg,ac5ac73d6638a64b526a4c0470713ea43bc0b269298bf999109ecb9d66b17e36
train_5258.jpg,8e42f81615e1a41ea8ed72f8fc90d629af7e9ca0f267b0811911365a708fcd7c
train_5259.jpg,65a4d05092153dec8c656f23a681be1b1135e8d175db3e45b8c57e13c7b9d355
train_5260.jpg,72ff87610d400342a69661df46eb22b1a3ea6f3d1af2af3e550d04cda3295ee0
train_5261.jpg,8af53fd7025725627dd942043240873c951c87d8c9e6f0f79eaa172ee200b906
train_5262.jpg,27306e6cf9c7467eb8381db3a841e86b6521e5bc52af76e79e9e26a91fc5d701
train_5263.jpg,42c43e5c8d39601596ee8c71cd6970d5541c074892785ac0623f4e6ebd2986fa
train_5264.jpg,1bffe171ffcedf7ca281ab2a937eca99786a94aebade605ea1dcf7bdfa804982
train_5265.jpg,dfa101b2ed1d5c07740c865d9ca924109ad9af9a3d5058a344cbfc40362c8104
train_5266.jpg,5739f101ceee2c6fa02003b628abcbbdaf0e11e7dc8293755c3f2d9a1cf42609
train_5267.jpg,a0915c8e2db5a1b0cf6eb4ba40b4890a1d2337ac6d3f7e436ef2a5e384439750
train_5268.jpg,fc6e0e6132e836671ae3ee37ff33074a31bdfba492cb4e4e93d354889f8906c2
train_5269.jpg,51a4917e480cb75975524c9fb41f86dd14b46657bbceddbb82a196d1db74de7c
train_5270.jpg,243d9eadbe937e3e27328ad2162a1d1c234f0ad70d172f713dc48b3826497f58
train_5271.jpg,88727d44790ca8a54b330a0349f50d0ff7b0903db28865cbeffb9eb6fc77d1c0
train_5272.jpg,0fbe08a330e3db65249ab14cba6c7edb4d8a3a15172669eec559d7cbeae40736
train_5273.jpg,1575889ce71289481a2411c9e1a713bc76e6064daa755e8bcd6a947eafd82be8
train_5274.jpg,d44da97c4319e6cd68487357d5f19fe37d0cbf08317d5a414d254a35b4771ca0
train_5275.jpg,c1bdf41094c18188456fbc14f22817f426010bf3d89a04e938a977f40ca90104
train_5276.jpg,fd2fb98ef1d39fd3827ec5040af4426b69dfe4fadc72647d9a76dbb5bab36afe
train_5277.jpg,27dc26f702fe5336b0491da5ccb4658a8e0017a34c6eb57696b638bfdad9b9c0
train_5278.jpg,f877b6b7dd185d741b1c1d06ef1b44496398af404fdf881aff1a7c45352552cc
train_5279.jpg,bbcfea5fde2cdf139dcb6d6a633196e27b3b8e9d47083c4d8fd2ced57a65236d
train_5280.jpg,16fd2f2ad3618a99b39741d1377b4aea35484263915d323b3a4c182acc8fd9d6
train_5281.jpg,cead2bbe39aa3258b9e649778d67ea8f61e83e1147aa773bb86a9bb2cbc1f141
train_5282.jpg,e772aa4d9aceaf7d876187e548cb6a6c3e97c3ef92dbe5195e06667f263fb9e4
train_5283.jpg,705255462435b6029dc4e6f41e20a4dd11ed70328fa741ac2670d8e0edfe84d8
train_5284.jpg,bc2d9fdc05941eb1da5e4e6be961eb4c04e8a88631a3ce386a6415aa903cdcaa
train_5285.jpg,c891e6c0d2e60866559243126791de6acb337ef2505292f4de9b92f31c51e797
train_5286.jpg,a6cbfd5d7fdc0f0a39b03b5a705b27daa1f5bd9c6947ad95ed18fe41ec36829f
train_5287.jpg,f07427991e901ca95c388f249fd6a358846bb6340ac1ceeb423c83e833046c7d
train_5288.jpg,ea4efddddd373503d4f3b0e16b91388bf1d6ff6d2a34123fc7c5b8dea1675b47
train_5289.jpg,0c9294a5d8ffb2c81d4fd82bd0853439b434b006288cc50de225b11967d2a96d
train_5290.jpg,80c2d53df2aec799598350cff45e5e294585d072a16239a6fef978235068d804
train_5291.jpg,88052ad6c7bd817c2e8a5d955c10a9d31a9a13442de783fc2756739a6a904905
train_5292.jpg,4519d2015d83353edbb7d700d4e577643477d846b4546b630669597f3e9cf345
train_5293.jpg,ec7c5c2583e14557e9853401c08367d60a3bfdc78fd15734d66bf5a8d5a5c78a
train_5294.jpg,7b5467459d5ccded9d958601b91e494280e21da73de58d1c9ad085dddfeb2d35
train_5295.jpg,9bc510b462d6c5fb5038ee60d3d7440b906a2ffd55b9968d1c45bb3eee824480
train_5296.jpg,7a7e82ae6a455e1c6fdd428fac72a680473e47afe997306cb6d5eff409f20399
train_5297.jpg,8397f59688339f3f48aadcda4dab5b8bc536e9ae8139d6e48555d22e9ae12a33
train_5298.jpg,d52603b2c60d256136860dd283c4e6ab92c4a61603fd87382a7bfea193050311
train_5299.jpg,d11332bbf72c5703b4f2a0b61d48f0d8d1f2dd7b12945dfe31a5fb180e8b6a75
train_5300.jpg,bee231b5441384256782d16bea21b15e76af157ad4a375356ab105022dda14e1
train_5301.jpg,1a0ea497fb2e6d7d5d68b41272192b6f0af075eb54e84914cd0f34e1b37d1840
train_5302.jpg,2c0258cc33e6541901a0ea45d0540ab65fecb6ed5c4bd5bf51169789d4b6c2d8
train_5303.jpg,79c4135bf18f2837cace29087724390f1c2f143fc86090fc45d7ecdad697640c
train_5304.jpg,425afc78112b21833908e19653abcab2782614f7fe5a16aee50daf9e85509880
train_5305.jpg,d025fe2d24889aef7a9ab4fe63df8ea01ac3c418d6251343705f62c60896abde
train_5306.jpg,bc9a21692c211f2d243edec3fab9945c9898a50d67cb5dad52db030538082490
train_5307.jpg,95b918edf27adcf5ca9bef37528d73ba54b98b4ab33d76b83e71d40a7c3644b3
train_5308.jpg,07b09e212ab2e38f0a41e5be12d22da747b223e81c7378587f049ff4f3a5bac8
train_5309.jpg,8eb10a7db9e8dc2c21202115212756f8ff4d71e8c8d9f79729d7d1c7e770a042
train_5310.jpg,242323c170dd7d38b5a1c639ce6ee3211d342ae75f17a301cd40f60cf82f2d86
train_5311.jpg,05ffff87ec8b0f44f825c74a50a3e22b271b05a933ee3d3df9cde6cd5da6f2d6
train_5312.jpg,de333df229fdf6c6ffc2d888632bcffda8865ac62d1a91fdf627bf6418369f21
train_5313.jpg,3027a00401f58bf014a09980f77dfd98a611ec4db5fd58caabba9a6140707677
train_5314.jpg,062c9cba7d0036ec043119618f3f5344f5d07d1db27db8b1d5df7dd84ecf3e25
train_5315.jpg,847ceab7392d0af1693c13ba0bde6b36e8a50ba3c5fc9d80361a539c852ba336
train_5316.jpg,7ff9d62eb2479d7d81b7eae0b979224b404b14bd442fd5379daae2a73801c696
train_5317.jpg,06e6029780552e67553c2eab2433baa5df323782fc15733101d3ae3d0407aa44
train_5318.jpg,642c7c71fd3fd44ba3419bc79e06e7f9bec30d1ceec408cb5f8591a030f8deaf
train_5319.jpg,731ec05c2a980319f3af3d5ae13eae2b9520e90a1e0fa6d420a37f217db4e435
train_5320.jpg,606f490b9de694abf3e4b03c07693b99a0ac85224d8be09a111535d93ed5a21c
train_5321.jpg,524011efd2ce508769e02ef38ef0fbc01f68341bff43fa8f5d748f704ded350d
train_5322.jpg,6384c066c0b041613f69c2d56f6dfe362709f0c326a704c15bd7db5ace7d7325
train_5323.jpg,cdff1398219bf12fe29368959b53eb4755809aebf024ae54c015bee800f130a8
train_5324.jpg,ffcec27d0eda8902abae220fba20d5c169b1b6d84e6446475d20f49e4b387807
train_5325.jpg,c282cee1da6333cdeb269d4fc3c5fcf461433853316914ab4ce484178c7ab4d3
train_5326.jpg,57cc1fc6992e8496c88af2a69e0d41c22cd7b039ad83eb6ca3d553b8997df96e
train_5327.jpg,46056cb0a257d6d43ba13b228ee78ddfc9676d958d35ba9079c46a782b878a59
train_5328.jpg,2f0dbdbe6276058043e9aa6adc751028784fd26d4ebe6c1b4a945a989567bd9f
train_5329.jpg,39bc5f6553db65c7ac990fc8b02488159e899072ef3672ecfce59a8778b557b7
train_5330.jpg,0ea6b4b836c2ca6e4ff75f9fecbb63a6891fe27bf251970ffb0951687e31201d
train_5331.jpg,0959c56635c0bc4cdbb8e86656ba830ba25b50b565b560ccf4764ce32f70dbaa
train_5332.jpg,62969390402b3bbb1aa188ebe0d0f9813d1524f9ed5ec6658474d5ba02718d9b
train_5333.jpg,57479b4819bdb6bbb34cb9a3a44fc4174a0591ca439036d0587e3d300aa4dcce
train_5334.jpg,b674b73ae757a2d85670f3090eaba1e15a3e5d1fc9efd9e87d7ad894c9bc97a3
train_5335.jpg,105dad164ca3b112e7d24dbd6aaf7f27c1ea6cf7f6478d46895c5d35c69973bc
train_5336.jpg,8f6749a5afe3140ce2fc51b142ba17e8c611846784ac726e665c09090e6f9ee8
train_5337.jpg,299c4202c89acfff74d8db41cc6a72015295ed5eee52c3239325f15cdec21c7d
train_5338.jpg,e36c2203f5b6d0d2d69ef998e7a39cf21e9322bfb19e35ac95de7e9825a8491d
train_5339.jpg,12e53db8916fa8a59ad9031215874f3e3a6b5ab5c2b93fb3a72caa6ee4fb110d
train_5340.jpg,0913d9bbe2adcb67e94f2fb0f5863bde9570d961036f8bcf00bbcfd28405ce79
train_5341.jpg,3ca4abf505eaae5260275b2ae2ba8cdf78610dcf16f18b73402cd4c3e9362d64
train_5342.jpg,bebb04d74d9c5f0c92fcab3e0222e78331976716bf7b62659490c728e618c169
train_5343.jpg,8461c7af31baf952708b9f0b23a4b9538ea2e0e3c1c497b0da42af328c84b772
train_5344.jpg,9818df972a2fa348e4bfecdadd7693383971b1008dfb0d2bdeb50d05d5b06dec
train_5345.jpg,ce639f6827186d9756723ab40e76cfc74da1893a87c4d3a45d76358d62b07ffa
train_5346.jpg,73386abc0c50d90a73fe8dfe84e9d6cfba7b65d972b00cf28be6eb8ed9571bc0
train_5347.jpg,43c4403abbb37cce4419021dbc3565ce6912e48281d3281b26b4bbdfc2e79ee0
train_5348.jpg,1849bf3f8f1a2993a4fb6864853125459ec2c634970e0235cabb4df8fd73def1
train_5349.jpg,2650e163f84932bdecbae806fca68e525e786b076d2a57b1f4e97702f7b3a4e7
train_5350.jpg,4d4fc870613025a2fafc8498854f03c33d2483049a2edf79c8457f4d3770d2c6
train_5351.jpg,dd7eaddd1558a42b1c2da39058d2d74e1cd7478ae96a2cf2b075c764ee8cba47
train_5352.jpg,aa6e108d0603b181f775f77e75cfeb44237ffa5c2bbe1cb67cc2e9875ba7b0a3
train_5353.jpg,32259f447a962269238294407ccd72623d6b902d5b127d7672f51d63c35ce181
train_5354.jpg,6cb1a94b4f4af5935f09e22e6f6d738f7890c167aa8c7f058dd878121c4af95b
train_5355.jpg,251459179eff4e001b550f3e1f2f6928bdea9d57395ccc94c0a228fef09c00ba
train_5356.jpg,096da8d3d75ddd55f4e90844d66bb06d5c38b558cadb0f549588c67197d3de39
train_5357.jpg,2785cc4c62b040fc1435450d2a5268a65470caa3d3f200ceb1d7c6a6deb331a0
train_5358.jpg,6414a63bf15a64b526874d9ee626fd3e9a0ca9287ef097b17445239df6ab135d
train_5359.jpg,1b21faabcf6a7cb460df7dbc4ec67da38fdad1a734dbe4cfb0fb3ba5c4afb65b
train_5360.jpg,e149a26ec280b5878847823d8d9010bb61bd99823b534895010c2ceecad7a97d
train_5361.jpg,368333e15b202b2ccabb116e18a43459020baf29d2a563e6dfd4ad45f76661b3
train_5362.jpg,a20b143b68830fd4c845e417fe5603fc357e3c0958a847729496e77e721641cc
train_5363.jpg,dd20bddefa8d024902649ec9ca6a67bf3e1c3257381d99f318056aa93495af23
train_5364.jpg,a06c1a3a0245cf2645eddbce3c1c669d2e1b13b068455976548c1090236b9314
train_5365.jpg,d5a3751563a7a613fd7924ebe5e4ee5590d7291c63986ea2f196c6871d4ec2a0
train_5366.jpg,619d7b0bd6e79d1acdf5f4c0f646693e7086488320b151ff9712a0a31b0dca19
train_5367.jpg,bfd92dc0e31856385e91f41b03163c2c3171e7a40b74877848ece9a48a4832f4
train_5368.jpg,4e2b70cf6fe4743ec4ebe73ef006b8ee8eeede7b90bcd002caa9fefe682e3c3d
train_5369.jpg,2c0b1644d7e497297b7da78e623d282b69cc91ee54f4711220d796b2aa1e046b
train_5370.jpg,8cbc373883d1be5c8b81bdd7e125e5a579e782649d7c38785310df07b9ceeed2
train_5371.jpg,eee922ed5fe72097af98fa48671622c2ead069fc0ed68f2dd781459c2cf78957
train_5372.jpg,d4f2e24ae7c1488e07c1ad6e0b9a1c0a0ebf526732e16b9735bde2dbaab301ac
train_5373.jpg,ec744541221e0c828377dd10575bd8464eff1bbd5964b8e69d6f7bef605139f7
train_5374.jpg,76a0148dedd4db6bb25c0dac487ca796086338a311850e7b28e1f9426ccbd398
train_5375.jpg,0ec3a21e420e1b87b59f741ff4b97e17ea64dabc7da56f0fe103c3ecda14399b
train_5376.jpg,c44e5c6be812f632eb6c5794ba6f842ecd340a97282d5f1b346a4274c09c26a0
train_5377.jpg,4c44512adeb301bf28619ca21b577fba83eef51d1099ecdeeae49662fb7661a2
train_5378.jpg,c0642fde9648d92981ce4500908e8b612c7aaa96cb88e15a58b53e6dd7a73135
train_5379.jpg,ac3d80586a730fcf135687bb831bbff2da4714b8e1359cd2c26a537e09795550
train_5380.jpg,c979e3e97175c9316f1b100cc3a38e9e321d54f0414b3200d9ba5eed961798fc
train_5381.jpg,52cab68cbf87ad358dfd31f8055f204f87bf969ed76db0156ce034ee9811cbd9
train_5382.jpg,71774cac781bab8150662153eb6c97bc18c9175ecbf52a0ad8a2be9c216be453
train_5383.jpg,29eb8c515b351b7e13d71afa1b4d5d7bf74de02001b80acacd2b1c103c1afe72
train_5384.jpg,715560caacf6401b16be11354923d70d4014f53d5006240b4fbae51b9e126073
train_5385.jpg,c7b27278260f9a07973630b93bf47af50520b21332e87713a7a681de28d39724
train_5386.jpg,9f65894b748941ff9f464312f8f22a28910a12f78685df05a288549460c6c658
train_5387.jpg,c3a4e4855fdb15938f46154297c6a1164c31c647e59dd5088331913deed1e8cb
train_5388.jpg,8bf32962b21ebbd0f5f36971381c29c98589ae9f155d79404b58eccfc7f62cdb
train_5389.jpg,835b4197d79454ef905112074a6022206e084b4fe89f06a2c69b299b18fafa5c
train_5390.jpg,949096fda61854f5c10ac3bdce617ce841d8cbb55b2b11b3a84e1796514bfe39
train_5391.jpg,ce4f5b975847de2d338ca98ae2cd7969d024e036cbf6bbed3a57e912f8b12861
train_5392.jpg,bfe37af006a909facd6bed15c39417c5a4fef3c464dce729c6788a2fdaead224
train_5393.jpg,2f20ad75cfcb68c41ba9b251827dce17c5f5a5dc2d078fddd258c5e7c3df7de1
train_5394.jpg,e989d5664b370ad6b52c9d358a75a0b01cc9871f23dbc0aa8dd1392db3b19439
train_5395.jpg,0682eb885fd3bc7cbd46a59798b8a4478a43172632b0a285859b4da0a718fccc
train_5396.jpg,01dc87d2a34a6abea6941f5ba75dd8e9881853fbb5bd0a7f818eaf694aaf3f27
train_5397.jpg,0c466abfdee195199022a0287275d5a674631a5ccbc5296518f70e304862188b
train_5398.jpg,7d05542b72ccff96f39491cf4dd1e2854d11c9903fcb434ea33755a9bcc15f11
train_5399.jpg,f93c0422b956a5b0af4237c4302d91f128c4003a39f926597207a9de419376e1
train_5400.jpg,58158c3a1cbd557a7dd4aeda494f4726a321e90c39d5ecb567032892102d8595
train_5401.jpg,7decb93592bec9429ed5227a6f51fcf79686f18ba5301cab66d30faa6e4ea09d
train_5402.jpg,0d14364174fd208f5c41e38859acd33940d48bc36e632c5e9d84929858955da8
train_5403.jpg,7838ba575be036d750cdd0ea3d6ea5d01af501d140796acb023f21fb801cb3b7
train_5404.jpg,fe780d88b81bdabcc8e529ee60e584a9f37d19252411ac7788f1c949e3a218ba
train_5405.jpg,31350124a390172d522d7cf1c89abb51e9902fcb781a047737185c9bfd37cc22
train_5406.jpg,94a41138e5a7a07299cd4f17962807e9bf5e09660b56465d1f46845531b9cb14
train_5407.jpg,4f1750c19a42cf094c82b9f595e80cc5e589bb1d1af432360b6f86baf522251c
train_5408.jpg,7e129a7b10b6c1efe8be7f240b855a00942ad084f946b98697efd5e2d492bc4e
train_5409.jpg,96aed4ac3af5e1f66da15b3ed3ab96f37c55215001db76e2111c0058ea2e0229
train_5410.jpg,77ca887933dbdba01826e7632c7114311ec6c1e69d980ddb15ac86d6614f3b16
train_5411.jpg,dba1e2c6a8b8c84dd5c547df8a53b9acc26023c7e4a845cf491ba0042e1c2394
train_5412.jpg,52030c54a82c652837b7fe05cddbb3d42e9fb533a343a678a7bd8ad2757c863a
train_5413.jpg,cb69cebe10590aca10461ebc69ddc7e1a7956c542b80672cd6acaa46e281cb4c
train_5414.jpg,151ae8ac6990074e82b9a003aed96781d863ccca8f3712bf13d1289ad6333a30
train_5415.jpg,b5083c8ed735b09c090b2c48b4de8d7d3400460d05e92ef2ea839006e10dcd48
train_5416.jpg,1288bc517e81f3c19a96db516e405ab13a4eab3db9c62981bb4a1c9df2a2adef
train_5417.jpg,758525d1093470c6244ab6cfede765ef945cfd35e1b9b93469f67e48719149c9
train_5418.jpg,5339b3f019925f388fa1b88fdeace1bbca0afb881e24c1c8d7f4ddda4f58da6a
train_5419.jpg,d3918af923f8e4e49b65cd63f950b440fc1deefb0d82b96eebfbff1c1f786ba6
train_5420.jpg,7fe3194121bb42ad6699a9b25c054cab15849e3aa693ec956abe5e5160193089
train_5421.jpg,d1c206321884e9b0a2c07d5a25c51f5b638999cd28898f7a5d8b4b70f1a6f4c3
train_5422.jpg,4583719ee0e99ca1ed4e71eb2e3e6d9e6a21873fee5a74f258bc180066f9e9b4
train_5423.jpg,b3559b86ce60bfda67dccc15757d7c63abccd6d1f1180dbd2ddd19a1e6e4c156
train_5424.jpg,8d628f948b04c1ecee43f8a966eab5632c82c6c5b92c725d156a7f00d8658165
train_5425.jpg,1087a258c19f3b9a821c3a64fb523275d3bad514bf2b15186706b1b13759c93b
train_5426.jpg,51b87ac92652db699d81269003a4e0f3325e0d0ccd306ebb1c45c6b5f746a599
train_5427.jpg,b8eb26cf99aed713c4fd1cb8c52d7d4ad7596018b60e96890e42efee3ab809c0
train_5428.jpg,f76a109965e346162ac18059070d28d5a3514fbc31da8b57ee1309be928a6d50
train_5429.jpg,b1234e3d19e4e1778adc1ff78e2b434c4d93772f1c4fbb1f9942eda474da31bb
train_5430.jpg,84575a2f59600e2e542182fb5f98c233bea9899f9e442734ed4d557ed84d7b0d
train_5431.jpg,28b00a627546bf1e102b3fdb8878c8059bd133f5104399ea49115a85641d620b
train_5432.jpg,52b633e502bc9528195efb41a204fdff543beef6ff172a710b2d6aa3cbb71065
train_5433.jpg,86af83358ad1601f482bee8f29ac1101f8ee8e3a1fcd701d22017fe3a85e6217
train_5434.jpg,e47febedc75b5b91e9c667f92d079e8a019f3074cb7aa0d899385ccb41d2a00b
train_5435.jpg,7817b9e242baeefcc7091f8afffaf9d1048d7718417a5af208bcea969953036d
train_5436.jpg,c24230913b6309ccc4f698daa43fe2c74bea6e304ba6dd21ff0e3304260c7c4b
train_5437.jpg,53d653f817ca7ba2722fd162e43a09e64fd7fcf5107b39ce1cf0f429e7cb53c7
train_5438.jpg,a2e3f675bc57a2458d5fd46f74a656bc1e52ca925a5705aae81abe7276a42b90
train_5439.jpg,cafd5ecbc1b3665f73e3b61b4da4dbc24ef706364885aa567081e8720bd5e7d2
train_5440.jpg,013d6257812e17703d9fffa349063d5d162d6bf5d9553c91348f4d5e1f03344f
train_5441.jpg,69b3496fbc3561af8b1651d34c95606dd800b7148cb34a1be5cf47f557990516
train_5442.jpg,8e53b51c3b846279c36f114b1c0ce608791bdffa7ce777209f2d9fe675beaf5b
train_5443.jpg,4b7b5f419f0cac5b54e0147460bdaa803f5b725c1715975c8706f762e6f7c7fc
train_5444.jpg,3b512669cc6fb435d7fe3899587b00ac337aa09e505e792e9b4e988ce00055a7
train_5445.jpg,4946a0a0648ac9ba0318ca136c0b72866e1d5d90611814bc4b91c2fe9c75d99a
train_5446.jpg,e0e3270125c56528b24719fb31de0f89cf0620d8bd0f9a5e5619e091dbfc33b4
train_5447.jpg,70e24e175a696511e3281cd8daf9313c64b57539300f72772c9da8f9ea1a66ed
train_5448.jpg,778cbc0b1cecae7c745f600313eea22ebc357c49ba4842890cbdae0adc356329
train_5449.jpg,e7e0940c03eefa7d8ed534987620255ed4d8d75b1111689a2c9f96ed64a51902
train_5450.jpg,094ebb7a24234c3c0b4e5bf770c17661e7d9e7b00e315ce631ea35559190813f
train_5451.jpg,8fab21247aaaf7538506c26ded21ab1becffa6bd07901785ab9737d3f4f732f9
train_5452.jpg,314cce35b55e00928850e7ae5212b0bc8428eebc9043b1759bf5621c0d44bd61
train_5453.jpg,13896c38d8c7793e6f92b8c89964c82e9b11e4a9e933bfb51e497236efa93245
train_5454.jpg,869ac5ab418a5831d3e011f95a47429ae0d367844f2e221b6078e49ecffc4e79
train_5455.jpg,e0a73bab7795092bdaa5f7e920df980c35c244ac0de0fac05a5edc9f9a926874
train_5456.jpg,0bc9630cde5f8f70220a0d4976d1d498b9f40099becac6f79fef3b908f948db7
train_5457.jpg,5512084b72049c680294fc52cee922a2c657bb9e122117c0d227c4366828b876
train_5458.jpg,618393a4e97d18d5a52e2212528ea148065cf6c0c08e2325f8b430bb0ce19d9f
train_5459.jpg,177a585736a6f0e046b01fc5d31fe6fac0a0d196cc4006f5970442f741fd5def
train_5460.jpg,ef455ca664c87f2b53cd0b85110f18b5f9a4ddde83db3bbd7e4119fbc7184834
train_5461.jpg,ef8900b41cb785175b5c5cea1b87e795cae7a9af4191a4feb5cfd969272ef06f
train_5462.jpg,f612e9edab04309cda189fc201ec7663e6a278970f88cb054dc8c14a51b61742
train_5463.jpg,78da257bd62bc49171f4af5878dd66ba09ebd971b58f1e80321e0db96cfea5bf
train_5464.jpg,5dcc458bfe47a7ba4051183e7ca99274b195247ff1d3ae549a680893717fc11a
train_5465.jpg,c91320b9abf4f81802dd2800bba8981af0587e233b7920947a1e9817636753d8
train_5466.jpg,ef1c282e34a7aa8c852fda5f68d8c10d14cd503e265d536b8f56f13af693f5d2
train_5467.jpg,af11140b6429a5af5f761f6de9b0af4fd4c8d65b5bf44d83843a8320c2be4e79
train_5468.jpg,e96e16fce6ef9c1262aeead6d7d63ea2594e0274117eaf0efd3cdc52e6cfdc10
train_5469.jpg,b8f825403910f3c3af7c55d2656290dccb498ffe6f34bdae51abdf9befb58f72
train_5470.jpg,9753caa6b276e0012d60f5fc63fd6299a5c0955380b786645e850ac25f338d89
train_5471.jpg,6a803e403854e52e37c841cf25111455cd0c726c000a11773e5e7ff3db404d95
train_5472.jpg,d4ef091031beef8eae010183072f07599e00199c6de189fd16a4330577b5cc42
train_5473.jpg,30977c3e09bd22b58e447222faa4e3d11b0837722f361f3bde2448bc11a51e9e
train_5474.jpg,8447d1b1e911361aca9a0ea39cb6ad0241ce213496e96c02c98add7a76366432
train_5475.jpg,058c5939e026ff73feab372adf07a52a2089ef88a92bd43e66c550d25f2c0594
train_5476.jpg,0f4ca4d355cd931b236ebe4ac5ebbd091bbd07ffc68578425b499ddfcbad6fae
train_5477.jpg,bfbdb3a6493c7b899657298aded6b24eaae08ed77193d74aeffb5ca9f3216d24
train_5478.jpg,84062e4d36b316d7d5cc6eaefba050f3b1b9c9ec84892fba50e3a821d345c90e
train_5479.jpg,196257d323403247c3b6ce781ee4a70979ae22678d5d974586ab168285c227be
train_5480.jpg,edce4a9f21fe3301459f8da5309409f00a74a84f74fb066a78e2048998a36ac1
train_5481.jpg,325c60705ce3479cec2cb18680fe4d9a47d5cdbe1cbd36ad64f1c398896989e4
train_5482.jpg,cc328c22a90b5736a497a4a9b5fe836a3649d25d77af4367c61ae9d69f4484f7
train_5483.jpg,749a0e840e99737d513708ee7dea3183693e876f6ea6e68caab861b0f4daa3df
train_5484.jpg,ca6c6662d076d829d9351752f2abef14ca9a61ccfbbc52793ff1443950cfed04
train_5485.jpg,0dce224cbf737d089a4220e2e2c378187790198262c5fb5c53bcb4e75af96ac4
train_5486.jpg,e8837ce2614293fa09321d5880feee95bbb8a59a03d903d781fd3427c5ed3f2e
train_5487.jpg,ec0df871e449ead4a4064cebef2059ddaaebdfd85b4cd7110dc4f687c7ada75d
train_5488.jpg,af7fa1477eba84ef9a2785fe44e329ab5cfbef81a6115df908d75712b904da09
train_5489.jpg,494adc666b5f7a12f381a3459500773557aaa2f71b31e70829ad9f540cb05245
train_5490.jpg,01b2a9563c4f95161c8e8b16274b4c4d3f47e495431a9d2c00216bcdbc5a5cbc
train_5491.jpg,5ec87a260134d9f714858751712b13e5c6a4c46beaa240e01b7e5185a009f678
train_5492.jpg,6e55a8cda413ca2bf132c39742f0c8a000a0ffebcf01bdee52aa88803c25a3cd
train_5493.jpg,95d87e5d9bc3b71efc0f3e892983cbafecf6356882119945cb207750431aefb0
train_5494.jpg,4964c8690a5d24670cb55a0e806a34fc06811c7a2aa109b865f0e14da04f6995
train_5495.jpg,20e39851f88506dcd1eb1da1d903ae8a6333cb9aa8dce69ef68657cdebc36847
train_5496.jpg,957a620a2b7ac6c415067c13ebccdad65f95205d48095a21b5a86a47d8bb5412
train_5497.jpg,a98a3a4916669724d50bcc1e338e5886f30dd6fd8c027f0335df9804c9d0b11a
train_5498.jpg,d244dbea91c76d69045277c4df7e23359d07ce4910642e598897aaa4fdcd8a07
train_5499.jpg,0c9cfbc4401f4100ffd3d947147e947d414d700ac0305ef5f8c143c1426a4e39
train_5500.jpg,d95bf9abbcb4765c880588bb257612468082171a0222a3067d60f5c2587ec3c0
train_5501.jpg,cfdcceb2f4051ad6d1af01286b90f01604744c9be4fb848d85c0485e83e0534e
train_5502.jpg,14863395249ad28304ec81090ee96ed8a1b8824f825ac495b318b43dad0028fc
train_5503.jpg,3a518a587e88271b90c15a49f79efe0014e23050fb9e0b3ac4fd8e2e97f2efca
train_5504.jpg,4716624e2e898047814ca9978101e41054319aa8017246a91bc813220264ba7e
train_5505.jpg,341a17e16e39cfec4cd7d2dcaaf1e4e187e3a44e8b308af6e4aa9ee4565c3323
train_5506.jpg,e446e93ac6e65eca70d4feb15041ed232110a44ea459cd52c0bacb76ece569b3
train_5507.jpg,0729c26d6a9f576c622b589eea835a9a94d3241fc03ad26984a053a73ded9367
train_5508.jpg,a1ae7cef15eb0159958b991af228ef7876fef970c8926276461281ee2d7a7313
train_5509.jpg,e1bb6e488bfaae7f8e8d13a9d98ec9919469e6a6a9c580904f84aa84a3c9ee70
train_5510.jpg,8984a24893c417fbe0a9bcffcee79ff4eb123f2e5e4e65eb3ccc273d669cf27e
train_5511.jpg,0c470acdee610c6ce2b8dcf3262f8d1982dd657d5fa370397ba4d039ccd513c8
train_5512.jpg,b29cf5da17a50bf295463ec3e76f75764c23fe955f9297c685398dc0f2599ee3
train_5513.jpg,167e2cb365ec6476eb54c1f7454fbd095613eee1c80e32b3297abfeb91997822
train_5514.jpg,f4901b7bf764d1931b6c633cca40868599655e5966199e9d81f2ff3b3564c7a7
train_5515.jpg,5d1928a3a2e5409033282c9af815ceb0ef2a22b869012d42a0dce21c3b0dddf0
train_5516.jpg,fde95219351f665f3213966f9a7845408ad4508db3a9ded11b50e30f26a077e5
train_5517.jpg,dae17cc3f74e35eaa9d7c75bddc437b77c04e805ce94212a7a44f8468d6263ed
train_5518.jpg,1717f486091d36387bd5d1834c926afe8851c9d5721ebd5e43f3fd9ebffa2d17
train_5519.jpg,56ad1c26f2ed0ab6d775506a27dd0e5507e22e0db2d81d3860a9f70c6cd7c43f
train_5520.jpg,75c5143dfeeecef344b4344b297fb0a573720f83249d996e04d2a06535637a5f
train_5521.jpg,56428bb5cce2a759967ddb0cf2853b3ed62268487bfebca24f245acf7eab60c7
train_5522.jpg,d85fda63f6a9afc870436238e04f2a0e0926f52362ecb2ddec7891d02bdf8b4a
train_5523.jpg,9c1c038b15951e634af29a65e75dcb14b6bf0180f4cb9bbfa77bde6377f31d8f
train_5524.jpg,2ed54d43584a5297f9ef0e8848bbab41f8910e3e3c76fc604d2118b9377f19cc
train_5525.jpg,d9511e9310bce73472146f664b6caf17332279b803277e76b0a40a8dc4688739
train_5526.jpg,ecd5b3cb2a277188bf6bc48f85a0e9b87fad3173dee3351434a700bd17cad931
train_5527.jpg,7b621ca6c41647f04627490a60a6288f277ea653d3117d827cf155a7d5564543
train_5528.jpg,b77ab2e727e0a7fae40ec5ed99023a6d953ddbaebcd90273f663f54258f5e33b
train_5529.jpg,82ffe195b238cdbedad71c3e22757b456cae240b01c560f8f671d0aaca068dab
train_5530.jpg,5dcb10d9447dc59499c7645ce9cf1778d4299015f1c9a4f59bb30df618b61105
train_5531.jpg,c0e8b1c0d9518e39be02f83b0861423dabda3b059d899f933072f51bc4b12d09
train_5532.jpg,2576a20ee18a559191a13419c61c2da55e9b3bd836ce242eb69102232f4a5b98
train_5533.jpg,70afb36c614bd06d3b4219c09dbfa6609e0c67325db38d6052663d88c7ae181b
train_5534.jpg,e1172d425256da4bfcbf45525e57d7bc4433e41aff80976b62fc3ee192f34f76
train_5535.jpg,0ebe8d6b4ad6f4f1ed55b6bd7f4fa1096951a3ca5228b2ba816241d34b001069
train_5536.jpg,b84e507a5eb282511167a0d800b2f5f8fe1f2b21a0c8f283c63ac2874ec5e2b6
train_5537.jpg,b113f6de359895b652a86c21dfebd9264a53b956941fc2000e7b02ef62c52329
train_5538.jpg,4c3334515f2b09424884692906e6b24fd216c36e6dde8b44949ca47401f25356
train_5539.jpg,285266ab5ca1c4f33733b05c3e39c4c742845f4c9dedf213b83a67da031e9266
train_5540.jpg,43062b72315a41454cd473f60b35dc835fc5f9c0b75feee80fe2831b0c3c1865
train_5541.jpg,a79916075515687ca6f9dbab4911b86bd5175fdca971a439d3a91f11358b5f17
train_5542.jpg,de768f748828158b324e261e195872dbf66c55b1b9418b88c6c59dd524d87b5d
train_5543.jpg,3a516ed03f9262c5cf9b0fccbd1a9dfe4d83148c79a2f6062a223160344fdf96
train_5544.jpg,2018d2926c5e78535567daff84c51e6ff0145ca9322cabb28d3c25746d7de3e1
train_5545.jpg,3edab7daab1b41eb241e77b6bdf6d21d1418a9187070d364a43cbdff3b686013
train_5546.jpg,b5e94fc29aa6cc766d0b090af1c86bf265c43c2d3de165e9602b14ce27d37be7
train_5547.jpg,529ad1ae4f36759d2ec8d858bad59272ef5a1c1e7713d686e2dcba41d3d239a1
train_5548.jpg,ec85355d11c8c1430b22e446efbfe257bddfd465e54b65d7e3dac276afe7ea66
train_5549.jpg,3e0bdc0a3d4c96d2ca46aa74cd67b55684fcdcf30408bc9e26266b163eb08025
train_5550.jpg,58ef98582c0fec8afd7093c881636f3dfdf5235523ec830b9cb5fd6ca60c064d
train_5551.jpg,91a2657da01b1dfc92f2d13680e82fc665f64c587b867bc5af3e2c529cdd2cef
train_5552.jpg,7f0058447d25700a77358ccc306fee942c40cd489a88ff391f7152dd0d9bba04
train_5553.jpg,5882fb0c7f6de76478f7b8184b3ca6f8353fa7fc4bcb0df93b713b13fc86e773
train_5554.jpg,e7289b395a9c7afb7a8c32a3bc990c7d66c5fec6c03dcfbfccc9037da74b1bfe
train_5555.jpg,1568d8333a6855fe58131b004c567b7b783e23e461f2978f902cec2a4b0bedbc
train_5556.jpg,f5b94a1475cd89aa76b75b983f7b3c1c619e493c50c69d5ab26cec924ba25cad
train_5557.jpg,b4d8ae1a4ce811b226b5bee9fe25ae207415577781079fc56f3e34228f900db2
train_5558.jpg,22af904846af028a6e5e1712818250987e7c76d2bdad7f235a8aef55737d464d
train_5559.jpg,5bc37828d1b12e4e5a75ebaff33bf6e4dd84448fb5c9f7612b28353e6f45f69d
train_5560.jpg,c4827d173e2bf6172bc738bb9f0377b7c7fbc1a197ce915e81496e679249fc19
train_5561.jpg,666d8cdf32c3c132b5cd5639eab5683d17df14f5af2e89b1687cf215d0e9abdf
train_5562.jpg,faa1fd4eff0c09736a290bebff0f6ab3ffeee93122a840039180fb30bad3754a
train_5563.jpg,969820ea276d68ab89ba898b434938c8d999a91a10603b21677cbca7500a4f42
train_5564.jpg,30b63ac0b17ef77e65274c44afafcd01d33321c4a9d7007f7b3bbeb442b3709a
train_5565.jpg,5e71a1e33691ca341148e2619171a1d7b3643121cebb4c4cbd69d97fb912bd8a
train_5566.jpg,da89f251d5d083e2a8f353243fa205c3cbb602eb29eda2b076ad8f7eaef2667d
train_5567.jpg,694a4728d2eafbb6c3bae2ca03aea689cd5b6e1b38b1d271523af416fe6f4124
train_5568.jpg,9fce912164637ca92d910ad4b33d35630a45a63460c75fd6cf253c6893958858
train_5569.jpg,0c058cdb9e324b2d75ef77b268c086eb94903bc2e9f6588ea73833e52fc60773
train_5570.jpg,5bc3df1f60cf27375fcf7db94b8944cab3885c442a3dcda2c2cd6771b9d5ae6f
train_5571.jpg,b93038cebb8bc22e9deea472f3b01cc340af8fcba57627c43de4df8c5fb79964
train_5572.jpg,1123ca5cf1229f981925a9eecbf6faaa5a7817f7f25db2971ee3ea99518839c4
train_5573.jpg,2e5d691ce81e35b83b6d35b4a6661250b39cd25c34cd0965d21ffffe6fc7ae79
train_5574.jpg,3a979470525e8d147bef50b3ad129c0ff3e59ebacf64b0df0f252017f08c4eed
train_5575.jpg,944b2385484b349c0e81c1c83ce25e6b74433502c8aceec3517341a11e42e8be
train_5576.jpg,64fc504ea633ec1cc949e864ea9e358bccc39f8f29affe13e49062ad5d2e0321
train_5577.jpg,3f4fd19f9f1075794388e83d3ad75be41b9c3f70df83ed335b7924cb22d6e5fd
train_5578.jpg,77384614790d2e7db9ae25dcd65da083743f2d4cf2b7c8a59c05120223a15413
train_5579.jpg,012c1bf43b4fc27b1fc1b22ff5331b39144d0808294b5d830709400af585e585
train_5580.jpg,8d006bb16f4cbb911c52440cbe1f50b6d22850b0aa8dd8e01548fd555f79f455
train_5581.jpg,1973c9f7aa0e5300768736b782f93697191687b7c64cec0f0cb2c0df5ab9869f
train_5582.jpg,00df6eb71acad881d6bd9a43cd37485f5ffb76b299170678dadb3c4c4ddbc17b
train_5583.jpg,4a7aa750b3cf1752fa48bc2cad6e3f96bf1e964bc8a989e1ffd4c00989efecbe
train_5584.jpg,f46174195bd83eeae3daa908b4c4a2271af0f1c8a9b61f4a86e16cab44a66a0d
train_5585.jpg,de268ce5c8ad4d7efc8f9ac6181de916b807ac095da99d1ced757c4b4230bb50
train_5586.jpg,47973c7737c3cf32ab7c6d7bc9b3e427ba121b25f3fc138a833a0adfb808899e
train_5587.jpg,0427568150559eb6c9ca85b68ee880171e5a168a6c2810609ed8cbc65c8f8482
train_5588.jpg,6f5494591babbc88f80de3699ca831fa75b49dbe1becf98e5fa3e66bdcf4e56d
train_5589.jpg,a22bf76972a5c6553fb0b2fcd5c628aa4cc3703efa67566d4a5f1353e4da707d
train_5590.jpg,aec12e87cf0c815425f108d2da2c277f4ebadcd430f343ce6b5fc56749c8cd2c
train_5591.jpg,cb8a82e9e2bc5b1d1d4a6ee15f134d7ecb1c95bf61d68b11dfa1850184da2395
train_5592.jpg,b46097b9aa4f9b72348b55b21e7e9d709f3d00363f54b883d01802c3dd2efd88
train_5593.jpg,bb0128814ef2d4c205c566b468efdd4bed10ae68fc9953350ae04fbf93c7be6b
train_5594.jpg,fbf8d98713ac650d965f7b860e532047b7fec4fb7bf0b5e2292ab0720d41272d
train_5595.jpg,6b7413081bb816976b68be15d5f611aba8d7ce00b46570692d256c5ad1cea385
train_5596.jpg,1d698ede8bdb2f894e55e93fc26d0fd7daa33d902cf08c6fd1909cfe684e3ce2
train_5597.jpg,4458e605c0a90b7ea3f7638b249004c62fc8a05f124d05bd5f539eff49e6f0f4
train_5598.jpg,698175fc2a7e7f6ab89da917be97e9f16850d2f16aa673290f531d455018fab1
train_5599.jpg,6b8ae89d4387991007e13ce9ca34c0922d4061593475aad0cfa7d3f287edb334
train_5600.jpg,cbead62f0cde9ae0545969ba225837a5d9dd1e2854b408528cd0298791546d9f
train_5601.jpg,264016d569da358ad440fd8f00fe780efe5c292438ed5e9c36e2e6859f5f3a7d
train_5602.jpg,ecbda4bb2ee2e3fef3444a098a463cef0b1cdfced300a271a1f4eea67be5435b
train_5603.jpg,9d00f9488a577eb42aedae15270d7552d41e4c1c677245abb077d4d9faed5248
train_5604.jpg,d7a584a2d39dba0e308e8212f743c1f5fb4355348a22d0d782a7cef2a244cf95
train_5605.jpg,5199e0bafc5fc31527ca57a8a325b3dd2ae850ef8075135fb69bacdcf0b17b1f
train_5606.jpg,b927072dbda765b70a0e0b635694ab75f14d84480192cce39674e08875bf92fc
train_5607.jpg,bd52cce7970d8819d115d74adceb81bcd7d3cd62d4bd5667585b22b4a78c9c24
train_5608.jpg,890cb4985e0fbadd9bdfee9023f9a073230137fc5110ea5d9534b64619fbb48a
train_5609.jpg,0b5787c6a000af654885a25af97631fdb593673e2aded6269c8351da3e4e157c
train_5610.jpg,a6b08f5f9106b14618deb5c74538ed546e685f2d4344412a28c4fad5483fc981
train_5611.jpg,47a6b18bb42c8c9f710ac8df8b91bf957ee9848be52100dab0ac5f641c878337
train_5612.jpg,5c99ecb056ccdd69e9d70875468bdd683ba6925da8ac59f52c0f16fbb4e6d686
train_5613.jpg,2a2ab5575c4f15784ca1bfa3dd2f5b198908be1ed0ced0b3a2d1f2ee272e90a7
train_5614.jpg,71080a5722cf6a210717780a4537f5e57a340c4c6fece342a99605016c69456b
train_5615.jpg,d12c622e9beb48655a5294c667c5252b1edd67878af17294732053be8ac24358
train_5616.jpg,a3316064cc0534ef6842eb2e09f8df1d8d1aa32f70a1d35eac714fbf842e70ef
train_5617.jpg,810d8fadaabf96592591a8c5d5539f3499de8eb654f7dc4cbb658a8709dd4b46
train_5618.jpg,1220d78f69646c5fd2220247e576c8599d3eb5e3bf93d44c239690bbb66a24a3
train_5619.jpg,8fdcbae8f461df06aff8e7649a6ca0265476413453b0005a97e7081394efad57
train_5620.jpg,b5dd832a1b1a2ae4c996633e68ac0dd4d4e55f1f85fa45eb34480d717520b8f3
train_5621.jpg,a0a77d2ffff7457caf19281eca2d3d42d9ca11084fa9658f20333a5cb108d35a
train_5622.jpg,1743f68f8a609a0d9420d626dc16ab9a741a9442aa323dbbe8df21d948d310bd
train_5623.jpg,c0ff8a4ede8c97a97bd99a9303120c9f48bdd6f009aa42475ca3d1cc105001d7
train_5624.jpg,0ebdaf798efa35fab3a7797a00f0d8504b90eb6da050abc09392e3a8ff7e3fd4
train_5625.jpg,217bac1e68c99a945cadeb4e9ecab45863de54be432517a2c2738beb81f504af
train_5626.jpg,1c483284b1d82c447c1516c31737c5ed7d792afd6e524e234b483a227de9a4b2
train_5627.jpg,728055e176aaa6bef40c66e998b5cb27511dc69d9c188dae5346943023b6a6a1
train_5628.jpg,111f4e239a7ed3e5e79fbca0d6f1082ce43b2e7181b7d8d76e1a2bd403e9ea77
train_5629.jpg,dd6b579c74c3996f804758cfa9bd76588b62a65f3660e701e02cc1bbd0729823
train_5630.jpg,a3a424b8744246123c4dd4c4c40df3967529776130fb10dc12cc0a8483b91fba
train_5631.jpg,eed05b45e9f07b74685bed88a5da52b326514c3ef5c41c0e3069cebce0636fc3
train_5632.jpg,1ba0bbc346ec93001fd6888e4247e0b3a6b65c2c98309d40c267147862c88eb2
train_5633.jpg,75c5673b168910cd3ba71499e2956881526b0032521fc85b657d5dad8cac5696
train_5634.jpg,3df0b19a70d1f748b260d13d341032420b019ba2d1f474c759f7a523c529375a
train_5635.jpg,4c00666b176e868918b4392b74162fbe89e5ef7207ea17b23c60df2f63ab0ac7
train_5636.jpg,0c59f9047bfcf4d90cee2134e0d3f165c44f882cd3623d1ecc97669d45180cef
train_5637.jpg,ddeabc67393b395743e7e8b63a4f6f2daae27e24f2bc36be0bf98d27374d73ac
train_5638.jpg,baac6e0fc36f9a89f1b09096dfc9664fee41c59ec1b467cd1b4caa5650f160f1
train_5639.jpg,8687faf29e1865a6d37d0a2f91867ca39da79d4d72de3c4e9d48326884d885e0
train_5640.jpg,e2b49c3c9772b829af81b37277acc705fc97fb0daad64ee10741b61d58bcd7cf
train_5641.jpg,23baa19280ab9d812738e2f05edc336eee4024013cb6cd002f9fd8a026c6ac23
train_5642.jpg,a523545480c28463b2c71dc391e092d19ab5865c98b0848bc69159385fdc64f5
train_5643.jpg,1d41c5b8f4aac635cb3428fb3d201a4a0d694d2f7afe9f4383e9af755bfe9041
train_5644.jpg,9f6bc4213231ed11a02f44f3887b64ee3081dd2781b0adda6abee1490519929a
train_5645.jpg,0eb453cc7b4812d3f9cfaad02841580427beb96ec708f0b203a6f5e62d6912e9
train_5646.jpg,b33e23d1782a34d011f91d8aff20342dfd424d0aecf1cbaa08c9c9195faf274d
train_5647.jpg,98edd7be0e95a03956e93f38f42f9c7b5585bf7ff0d8f03afa3eec9b69f4bc7a
train_5648.jpg,30a15949624ba97b1cc48148688a34c7d3faf2f80b965789e08e5a70eb7fafdc
train_5649.jpg,aa27e846b74c18e538c8386104cc4a18a74e0912099103c1fb63911a88a614a3
train_5650.jpg,73df22c3db2a70778233f1584f1cef419df73f5ef588a3018ffed7db8848cd82
train_5651.jpg,7b59a42d68ce8f30ff195fcae9b152e67245fbe69073be8d8ae2bf72924d21d7
train_5652.jpg,87efce299af2948b9f636f78fde29b0da8c7b355d82071516313ab2116067ec0
train_5653.jpg,9e5a6e0d2032c56dc27308b423858a6ac325d779319f483fc7115f243bfa4c73
train_5654.jpg,8f364492438d5db16a7ac5b62c342f68d42d62aaa198f49cd291c60c6052a4cb
train_5655.jpg,b5a409217ef26372ccbcf3d56e1108235e983ef71c93f2d1dcdbbbb4eaf3a658
train_5656.jpg,7bf47a9baf4071f19117c6748562d8abe6d83b917b547ac56a076597a01b33c5
train_5657.jpg,e91a2853d66b59b15a3350a0b3dba0cb9a97b7cf8843c610b64156137c5eca7c
train_5658.jpg,e4e17700a1a52cdb6c8cd9cb1bf51c04f732dadc2dc4e3f33516cfb951c53b5e
train_5659.jpg,bc9a59366eb1c4431d220ea28493368aee5275a165a17b786764a34c0669d387
train_5660.jpg,1e7ca504bb316e73cb2a400eb6708fe22b5319321f32fa21d7e0449047d40cce
train_5661.jpg,3eca0a7fc9dbe3d7c752aea687abbac3bd7a4c68b524bcae34adb099cef4bfd3
train_5662.jpg,b56ffeea446400812cd4e05b71a203b4bce46f7a37dbb7a1553fdf012bc1ba08
train_5663.jpg,7d1bd35df5a405224997868ae1ce1c51a8f6d61c2bfece9b0585cce80cde1769
train_5664.jpg,c0da506c153d8fbdb9cf86db31ffba608f033280e0533860c7b2c210c5f4d5b8
train_5665.jpg,a29272bfbc1badfee0f33d7b6d3a57172962513e784f297763098dadefd040a3
train_5666.jpg,f3ccb060ca2caba57fc75a2d23bf168d0d402933f1fb5e048178b91487e6cba9
train_5667.jpg,0d8a6468179d51a4ee0604c2b4a1792e56f51a9f3a714f1e31f05209e0bc9df5
train_5668.jpg,22690554de22b13484eadf3605ccfcef361c92bcc2786d3bc69cdff35c26259c
train_5669.jpg,172a3c7e778c57e96698121bc901bb1ed5db4351967ae57af9e8cda9b82ce62f
train_5670.jpg,2d41de6f8d8b11a88db6a79105506b96b90564bf34d20509326a9fa5c1f056b7
train_5671.jpg,d3a880815c0f6d145dc692eca0ce61965dab8f9ab8b4a412997b2b8011816e3b
train_5672.jpg,c228085ca992aca35274271df73acfcc630518509c6e7146ea7212cd824cd003
train_5673.jpg,a7220a141e48701ec4b56e11928bb45eef6df214eeda99893e0c321fac4fcb59
train_5674.jpg,07828cebeb1624a8091daf141304083e251e4b01409074b90474ff079a582c0f
train_5675.jpg,eff67eea45148521f18a0602bfd85f6ec0296581467ddc1d0d01f2b0c3c1c342
train_5676.jpg,ec6468f7456a6b4235dd7127c07d6c0f6553cd22258d5d33143e344cc7e17eb5
train_5677.jpg,6a7bfa846965bdf2fcc5faded9aac87ca4db56a46706f2981b0c5968255be665
train_5678.jpg,d4814a761a4dcb914780cf86370bce7e2594c48b6b2427d976dfa19df15c0fd9
train_5679.jpg,0c362fc1f75af2f2cdfaacf5679b5074c48cf4716ebd4701cc8d4312670721fa
train_5680.jpg,350fcca493a072985cb2732a86622097270293c326e11876b8cef70e70b532d5
train_5681.jpg,70196ff2487986bacbe10b070559e8f68f0e45667671894473a70dd17f18ff03
train_5682.jpg,ed4ed50bf46494ac637e5ff40078cee3a467014cdf944bc74f2fee52f8987d63
train_5683.jpg,c7919613a6fee6077886edc4495d5cd34f43afdeba797c64cd48e34e1e28d79b
train_5684.jpg,ad1a8e4effe82893c97c1429828ccabb657f517f8b650d8f2f60bcf2f6dec5c4
train_5685.jpg,4f1be96e7dbf41e7b604e4f78cc1323f13e9ff30b040ccbfb5154451812cda30
train_5686.jpg,6b05984befb6033c068f25e213a7d234d39f672ef70deafeafc47290cfff7c81
train_5687.jpg,c646c5b9c34b5c6adffe7e149eb9aab9bd3a58af3aa8ecc2083cd12840e1ad99
train_5688.jpg,3faf601b6321eec6a33261ee2bb45c9b48f65fda97259311abb4507b1a079698
train_5689.jpg,ef6cd6cafc89891d31aa83bd8fce50a8b39e50ea63d16363e3b9abe75748c014
train_5690.jpg,4f26d46ee6a1328ce18ee8ac09cc49e5562b8c6ff944c71f6c05fba2efaedab0
train_5691.jpg,478f64e966330d27848db83323ee101fa338bfed3ff68b68a102bfb5490e13ac
train_5692.jpg,c140c329bd6461b79b65067573ca4ac3443a3a79d4a45468c56cbae104925667
train_5693.jpg,5342ddfd30803b4bbd3947c285883872dc0770ade1c24d496938de439f2683b9
train_5694.jpg,06f105d3ec58ded244cf871cbb173b452a3b7c7f12901deeb2d354b40b396c1b
train_5695.jpg,bee93d440030504162fc1460d8e15ea7953a81888946fd0973ddaeccc916b7f1
train_5696.jpg,62a4a57ee2e0f0eee1404ed21c5a8396a6387164e9cf19b3c1bbf17379e9c844
train_5697.jpg,158d2629832d996d88b9a3a3283663a9fdd9c2bb931694431beaca1000ab24c0
train_5698.jpg,31feacc505af82ce08c96dad57b367e65f19c8aa3117ed405598b26d7b759052
train_5699.jpg,cb4bfa4504c292a727d1a7af0b87a77b3dda2a823c989c5e63f8445bdb6fe6d8
train_5700.jpg,eb7549d3c94474d88ed6adb1be7255016cb4bd98dda1e6a95ffee42ea3b5fba7
train_5701.jpg,456e84659a5e42a7fbfdb7eb29ee93ed76e9fb2c7c36716b1689908566c230b8
train_5702.jpg,d1e36325c52f489483ff4b140c5928ce7f76dcecfb45cf6c8de353cc5579e2a4
train_5703.jpg,00343a84885c129f17be062d12e1afe29d153a9860042ccda1349046937f2469
train_5704.jpg,6f438ae17fede8a14c29c24ac0b9b461d9f32312863ec4be838d33e4617fdf99
train_5705.jpg,0cfda09a756f0c582737da70e5a6b797ae6cb2ad10d7fd097d75c594d10befd9
train_5706.jpg,86de0913505f520c25dfd051b73dfdf0e38149b87538e2a2a4458b27b47d158c
train_5707.jpg,57769a0d332d0779ba3bf803665228f62da3ff93103de154d7571f8b3cc52c94
train_5708.jpg,a5957904e5b246fbc399e09fb53e48e89306af02496b2ff01aa012b371d734bb
train_5709.jpg,87b8f17896172bf74d4a97f4dfb16431ae67e7d9008de11c36f57733dc52fe83
train_5710.jpg,636808562d957ad5f7254062bb6af9e7051035f52ee8370d5f75ba6d31f4c11d
train_5711.jpg,eb8cad5035a9af7ffb566528a5875603db71614029b99f510263627e2d75c9cd
train_5712.jpg,4221a8d64e54e462ab2932104f5e645012795bbf7304578ed7ab8951f3b558a7
train_5713.jpg,b03d601b702aa7da1b561171bfb777e401a400aafcad08dfc4539ab749293b0d
train_5714.jpg,f4a0c5ff2b8109a864b1bec23d6ae0830c93aee19096f5da0feb075ac738507d
train_5715.jpg,bb1063e1fee25959ccf9cc26aa697e6061a8d1de34d97674255d03919553e4f2
train_5716.jpg,4b8a6365fad51c431a2cbbae06db6bc9d73f6f54e5faa436c81571dea00d1cc1
train_5717.jpg,a4b22c2b2160fdae04524300d56e1963bb247282174756b478f2c39872224901
train_5718.jpg,bc9b97a8f3083548fb6ed88b4e7d1453ef2a626150714eca9d71cc2c84af87fb
train_5719.jpg,ad53b0651e3ab896961bd1440266d9327f02f6b9440c709f5816bd8385a78eec
train_5720.jpg,60f0faae996884904ee9a83f345fd2572bd69bbc023cadc61eafbad6e8c81bc4
train_5721.jpg,c36383f137fc22987c4aaae8bc3f7b6b0de6c3c8e0a3a3b2689a5d2016a16688
train_5722.jpg,8d28704a6a3213eab5df4171bfa548846be78d43366f22cba07f490433bbd0a3
train_5723.jpg,351b70792ebdc3ee2df18896a5dcf4a9a523518750b961d673d23f3ea486c452
train_5724.jpg,fdb8a2f6611284a348760a05f19d2445e9ef58756cc362f4ed000c59bef1c713
train_5725.jpg,b6b803ba3ce27c4c8737946cc602e6773dd6e8d03d47ab538473979738d13ceb
train_5726.jpg,2e72b4265f8895b714847bf46b18a24838bf2ec93aa707df58cf3a83de886a09
train_5727.jpg,41bd9b7cab023ece6995d385fc626661473b529a1746df93b04e5a03a6c1abdd
train_5728.jpg,a71d0e599e0a1b2f9886850c7ff1aea5e9bbb0dc15b883f926e659a15146c56d
train_5729.jpg,9a8312cd1972c8190ddfcbff03d1648b6b09da6a9902fc5103de24bd10948731
train_5730.jpg,bf64dd1ff28ff57aa76f694d4d1140c8713348353100d4a778d7644a62620714
train_5731.jpg,494233f00b9a8c82c98c7ff6eb9b25584ee8a93a9cab580996970459ba3ce90b
train_5732.jpg,eb80195bd5020a2ea7ff6034e10a991d96cc9ad2c4a82ce32f0c9d9732495f86
train_5733.jpg,a96caa05b7c0fff3ef066d52aea1580d8e37d1e400e366adacbd957c6d12ba25
train_5734.jpg,5d77ab374dd6fa8a0ce6ae1aa04d6372835b0910687445568ef78ff3c1d92ba8
train_5735.jpg,d2a1fca022e118037aa8126df124667b7f596132c4e5da456c8dce1428a7d026
train_5736.jpg,1ee65d763d454814a19062c69d3d512622d4481494ffb62fad5f65e4dd26f491
train_5737.jpg,60f507810e779619897e66e1d05fcf9097d98bb9ad439424419d2bfa380269e9
train_5738.jpg,5817372893b1f50fdfbde763237c9fae3109af923d44399f7ab4138d5cb43e62
train_5739.jpg,6848c3e1f4e5b846eaf8c1f2c136f17a96cbe6551295f9aac30ebed779c583cb
train_5740.jpg,f1f015315bde2cceb89d8efdeaa5f8c6c0fb5eee4fb9d8b92b917a406e5e6559
train_5741.jpg,9ce5706e4ff1fadda96647d416da15db494576fa15205b318f33d30e03833492
train_5742.jpg,f2e00d399ec2e0dc12fbe24595a4061cf83ccd9a79c609de51b5c325be7c75df
train_5743.jpg,62da6b87f577262eae397c8490adfe15066e0943bccd9e73bc6dc5f5cf7b5cac
train_5744.jpg,b13adc7938337af75ed915f10c111d8187f9c8451aeb74f2024d59a295bbd1c2
train_5745.jpg,f4b8c483dde8d2cd2a2f0302c1a2a826ae9b45a196e80c6230177ca250079c24
train_5746.jpg,3c13dacfceeaf03592dc9bcd41d8d6bd7002fc9264ddd1137e243583e592510e
train_5747.jpg,543ee9cafe2bb5de6ea0644016a8655e58bdaf7638eb968c94186f99d1b5600a
train_5748.jpg,8afb107dcd1eed6717069382fa5c24aafc154a416af5976e39ef075b683cfd7a
train_5749.jpg,5019f59a69519efc8851b354921dc6dc5a2adcd1e32214fbd2c80404cca2b5aa
train_5750.jpg,c0828a0e473357e9c48ba7eea0b7b8cfe0443875b9e57e10d067b4953bb1189a
train_5751.jpg,21571fc6c0e30c2d7e3094d0645183c4c7a9cf2b22c9ca7edcccdd5fbb050b0a
train_5752.jpg,e1b4ba0eeb1c5bc037225a2b50152c02e9e98c67aa766d5e57aca599c12d33da
train_5753.jpg,a97dbcaa3bce806f1e840c9abd8048c73fa02b6bf8b09773be8e085de12881e6
train_5754.jpg,54e73c4a4553037c408ed0d00b02747d9e75fff879b22385a8ade6f64c9a6165
train_5755.jpg,dfee925cd21900ab1339cd6d862ea2fa7e5bffb564e5f3a2ea4ee8d2185aedd4
train_5756.jpg,cca942bace32844b71f1a6634e2c62276f6c23ad60fda14cb4cb7783ef72c058
train_5757.jpg,9553b9cf516ca832b6177f1e97b3670083cbd56011c441ff2ed18674f3d2f98e
train_5758.jpg,e2345ed69473121373ccd0f87f17d0225365922b8150ad11926b3010ed3cc03e
train_5759.jpg,1f5616f8c09e20db0a06993dc5bfb1d166050c60f32907554b1218a38a9d0d80
train_5760.jpg,919443dacf05b5b82de9131990b88c89ac484caeb819d9c90a987164946d3dbd
train_5761.jpg,5486c3cb44d106ffb0232e8827eb155be5efe66c484b92bccbb12567357f8f57
train_5762.jpg,fa95dbdeb2b6d96d4b15839504cd0ec9a0d1a3525ebb196351581106b0b65e8b
train_5763.jpg,ece7dd9ea806b2d9dbb61e05d2b232cf11b1552f1c6f8e9cec56460e7e339dde
train_5764.jpg,fa708306bf1967c81ce09cf83fb4de2b3b6600444febdf6d22618993fa4c739c
train_5765.jpg,5b44e9257cd8bb17f0bd531016fe901179f058c96ce76e8a7711a73b847db7b2
train_5766.jpg,c522cd0c279689a8c45581dbe57070ee43c287a6717deb936b116b7ace007079
train_5767.jpg,0fc311e541288a7568ac335656ec64741908400ac14f9a2153bceb61479184f8
train_5768.jpg,a9c0601721b5f01ff09382a8f755877085723987c72325bae0ca4cc22681c211
train_5769.jpg,554d5c0195dabbfd32ea99f2740e7d0594ac7ce7e414512ccf1ada937909513c
train_5770.jpg,d9448913e915f5e2e6c74ed7a92be53393f1f6dd1beda0c5795e0470e0f3b8b3
train_5771.jpg,e671e78639be3ac7ec5d214596ff6eaf51cd468088df4a9e98bfd01383a3457b
train_5772.jpg,839b55b50dacdf26a7af9c9136559ac46aa73d501369b9f86697be5317a09f2a
train_5773.jpg,d28d62ff70009470e8a0da660068de0e1f9b066e0205342a3d05cfcf2e07be85
train_5774.jpg,43e21f7b3a552a774e8c69a3abd0dd011323d29a1a5368a0f0f3857fcc41e0b6
train_5775.jpg,7276262735725e0d9ff1fbd7ac8ec866b8c8b7966efc0d352c9b17b37b27f771
train_5776.jpg,c4ad09dee140488f94656599df99af469dd1314ce339548f75def4765acd0ca1
train_5777.jpg,eb338bd70463a79f9783c861208b1c007d4b9683648a62d6cbe1d7babd04b4d1
train_5778.jpg,d0eb68e63084703b078bfb80b3cd78e84853a7c39bff430715096875e0cc3c74
train_5779.jpg,6435155cc360110d8083c2317cd93f0d344b54e78c72997b9c0a61959f2a5c2e
train_5780.jpg,21ce38e11cf6aa551f2aa5fb9a86ee86b94a64c05448e8df8838fdee3ca28a28
train_5781.jpg,de3890ab69821a3d390062232c5b60c1d4dc54717ffb30a161a1b0179c5c4436
train_5782.jpg,4255c828e769f9a44bf6a42765781cfbbe3b72670149873f1c8851b5ba4f0b64
train_5783.jpg,458570d1170f99c0100cde827c5d7ad428c00c1d175f957c36583987856c6c5e
train_5784.jpg,bf19928f323905540b145090f152f51cde5ef028375f950d4b0a8e329e09f989
train_5785.jpg,1a483d26fe2fefe891a024812680c887b7f1241f10408b3a1e8d3da584d65c24
train_5786.jpg,f0d8995f0ceeb5a385f276c54969ae1e85182c46af3d4713c5e114cdaff22bc2
train_5787.jpg,df6176770252b8fd767fdd9fd2b311499cce2407f6c321658b158f0d67e91657
train_5788.jpg,2a9287373e2ae459ebfd34e53b18ce323bbf6dc2782f923bb34108fdb3329f77
train_5789.jpg,3cce8786e44f01e8273c7f1ca6534e17b9ea9e1a20d46e84eba37b714f9a85a5
train_5790.jpg,36e7273e53358ab641aaf8143f1c5ae005023a2e8f7e1a0f425fc0a8e1a39092
train_5791.jpg,bbe046f213317bac2a952c3a8e0506690704650a390b798924cf382f6804cc0f
train_5792.jpg,43a460007dfecb30c32d71ff62ca2e05716d623f46af7fe61e8cbdabd6192b17
train_5793.jpg,9a8a9cfc53d1b9126bc9e5f77f8d7aa55f4aa2a161ada2e70acb932d5b0c7171
train_5794.jpg,a42c3f22cb5b9537a47ad2654cec4b622ff696eb6440c4da2a0d4243574e7b4f
train_5795.jpg,faa9f42b2f43604f256ab108602750bb72f5ff305d2aa91fa8fc58b1ee614bcd
train_5796.jpg,99f93680975c4647ab0b426f7e597361af2889a96e559066e656585446ee4323
train_5797.jpg,85e755fe46253b76c62ed42e6511e791650bf940c9ef292c6f96986f421a3eb3
train_5798.jpg,21049f8cdde9e5f8d01c5517f4d7879ef93b72a154d7bf35d434253d0e43e170
train_5799.jpg,0c1a5367a5b79830c425f2cdcf49cc963f7e33170b83aaabf2aea04c9408d712
train_5800.jpg,5a161813c31f4c33cfe54d254265595a2164c0233d0374db04ba7ec729e39826
train_5801.jpg,ccdda0ea18306b90efc6a09d27ed32fcf959c296509b53c2674be41b392002f2
train_5802.jpg,5be285f614240f65f528310f7e8cc51ec8afcfc276806a7670c47c533fb1dd5c
train_5803.jpg,300b7890420fadda5113f38241273298786e0c1e0df8b52f5ac04f4070ef7b95
train_5804.jpg,b89f4d398bed2ae0e76dddd1fcf333fbcbc6de071d73993c6e20d06f02047e6e
train_5805.jpg,e98c910734f38c01bcd2dc3548309490e491e97fd2a6b8744c2b0aa5921d1014
train_5806.jpg,c491ebd0877d4309281f1e0e4e97633e14d22890d201ee465ebd13af099d4139
train_5807.jpg,05cfd901a6125ab1653199ce6d1f445edf06bb7e5a491060c5e64906100702cd
train_5808.jpg,7fac47f0e4624c05c9ea5fee60e93cbfa898b9cffb6d93e3d9f48cd9297bdf6f
train_5809.jpg,5ffb76c6a5c25ce77cdc4058c964e5686a7a234225e5d1713ceab66238928765
train_5810.jpg,7a69a799c46843a31a929c62cfdf272640624485f73e7f8c33bf6a991e01d35e
train_5811.jpg,16e9e68cd4cd7c308a82470e17cf1c4393eefc151b3e4ac47f74ab590a55cf42
train_5812.jpg,0414c8aefa965305901f1280ebb171226ec0df22099a082a4fd89375106368f4
train_5813.jpg,d959b3fbd95a664e813941dd78c9e2827c92f5169514bcfddd68465807628827
train_5814.jpg,404e18f2a9e48c83ed20b94ae4340f24558fd0311185ff4d79e44a5ca2b184fc
train_5815.jpg,31f0a98ee36718dbff70b770a18c893f00c2ac4131d5dff1f02e8adfc0bddd08
train_5816.jpg,95c5818ac59eef3b0511207750cd9fcc6adef69ceda90967e796e2506a7755b3
train_5817.jpg,8dc5cbb165e87dbfa8131cb1b3c3f60f5340f64bc3e77d48042f759af21baf05
train_5818.jpg,21d2eee0d3d1d3e0f647fe7e285578f50760c6081292f5da4a57f11900b16a3d
train_5819.jpg,545c3ffdae0da080645e20ff112a01c39527382e2cbdeffc973c505d660475ee
train_5820.jpg,e272626a52cd5dbbcc25fc705773a8f9e1f82fe688ea15192db1a96e6468947c
train_5821.jpg,9b9099eaafd0fb25d1b360d10aca27c0a2b89444046bb9a4ca5d68aab82ff7dd
train_5822.jpg,e606e02228c8bb4e4bfb5079bfd40e29f53e8af85c1281fca6324328954908ce
train_5823.jpg,a4db28f61d1f12f12878e0ac529133548c8db72aeecb3219114052f2f47aa604
train_5824.jpg,92ad370163c1700b1d09351a51d2992002770ce8bf24834381a2b30a5120bb93
train_5825.jpg,8521839c740797d701e039e9b04921d496e7e193aa92fc0c7fa020d14ab6cbf2
train_5826.jpg,c55689a34d75f5117d528afdc37a323cac10a3653d73e571c64f32bb324f3eac
train_5827.jpg,02ccfa2d4a77070926470b5e3cf5fbe32241bf341a15c056d8cae669454362e1
train_5828.jpg,54651e9e66644f2ad055700060ffcf7a774b805960b1dd021cfc9ac65a0f5ba9
train_5829.jpg,069ead4cc601418fb5ee654fbe02a785266469d3793e549ac172574e44d12f74
train_5830.jpg,4c2e0511131be0ccbcfb68ae69a43ac3ca849821392091ac71df1b4c67b1c2a3
train_5831.jpg,e8031d98f5f262860d262f6b8b5871385ce6be842bbd9eb255629732411cb91e
train_5832.jpg,7aca781b9c3eb3777456335a9cbfbcf5e9f02e3d30e442e9371b5a5b7bd04a4c
train_5833.jpg,2f03ab32da978139d2c4a0fd0885a39708d060e96e2220cc10d9a33c1334bb6b
train_5834.jpg,0a5acf56dea6748efda5d3b1fd34fac9b4da3d099efe78cfb8530a2f22458623
train_5835.jpg,980b36793d942e0b7025fdf058b76b089019dd4f60101c5daa25471b81e6f9ab
train_5836.jpg,cf6b5dc2fae4a0433263b9c75313ac544b3a749e24070a3e4584ca3dbcb463b0
train_5837.jpg,bd447a0e6b9e30f48c1e34c13a357f26d434064297ec314c12e6731b352dd8ed
train_5838.jpg,19cf7175e7a461978c75660ba54e8a16d3208ade90a85facc245dd0e26ce0275
train_5839.jpg,e87bf8cd21788b8ce631a1914dc4fce6703b2576c39bdf78e49623ddc8bae1f7
train_5840.jpg,d27f441662be5c61557ba9a2696220cf8f62aff38967c5aae30726ad1d73030f
train_5841.jpg,e6af85454c54a9e20fe0ca0c1d60d6e11b232a7a58716b26f3ab66c4d353b964
train_5842.jpg,67076765b062f76277232f246e949875390b284d9e84893ab96dd160a9f992af
train_5843.jpg,f054de58f1cde647b7b95049e478067f757f6a20a7ef237892e19dff27305d77
train_5844.jpg,38ff8be0ac5308e78ebaa77e19d79f4cea1ae39d75bc53522d9a718a5559bb2b
train_5845.jpg,460158497578791ac40bd821edc480fcc54de321e8cc529465a79a766a3ee466
train_5846.jpg,6b9de36127fd6b5c0bbf0196a447f7467538741bf7694c4ff92264defe8879b5
train_5847.jpg,28f77a7fe2acfa5cc8649d053ac9309862f5e4ee3562bc7d9f2f71fbc3c20a24
train_5848.jpg,6691fc59d5011349441fdebcaf6a5e134d8be5aa57bd5c68826daf53f2ddd8eb
train_5849.jpg,4f1ce53f2172e968342477fd52acd8732f285222faec566a8b5ea662c0b6190d
train_5850.jpg,9dcb7366ad2e49483c7712924d312bb0d9780580c12878f71a9eb345184794c1
train_5851.jpg,05bc2ae5128f88f478f916f6a09ef6633e7e07e5cef0d9f6f6a5bfec9894f432
train_5852.jpg,e2fcc5a89d3ccad2c34c975d4de43a83afc29fd5a451854bf50acb8b5d0b1b93
train_5853.jpg,31366c4a525c4f654ff10299f6ec458c0271a7643917f4100ec160baac8003a5
train_5854.jpg,da694225f3267bce9a3b5cfb72b4e9f8c139e68db53fe562c4c45a909978cbb9
train_5855.jpg,99f19915a879182eec5c123b3fadf35995052aa991525b5cd5d697d2963fbbb5
train_5856.jpg,af9dac0387781880e244f8bc3da35a52a45c6d693672e150047880df88be62e7
train_5857.jpg,65d08cf193439070f967a8c7259f6ab01e48f86e9e7c0b78334a6d7ac4f376c2
train_5858.jpg,b003aa43447f1e86b7c6c1ae0c5736c51bd414cf96fd968397778fe3ef9aef59
train_5859.jpg,8a206a00a552e9cc1cfe2a9d1f2001acb9ab4d24e8f9079fc93f464423a79eec
train_5860.jpg,5ba7f6de1b35128df118cce650f5eef148be1557c2cbb14285d7cdb380b20a7e
train_5861.jpg,ea51301679f7a6d2d1f235495b262c4251727ac9b2eeb74edd275f4c18c72084
train_5862.jpg,bf9d62761ef40ccfc3611066717511db37c44095d5cbe830a308d09b02c3558e
train_5863.jpg,007470e541a7e34976491f5629430457d49c732b47300ff30993d181381a78e2
train_5864.jpg,da158a27080b5782558404bee44bdf9a78052f0c597c153b8464d5ea3066ccf0
train_5865.jpg,9df8dd9824b4f31a380b57afc37101c9b32c46d5f7503a8daa48365fd852e796
train_5866.jpg,2fdc335f04622dbe562b880d1319e0e850ebf98ed64920f6c5f6c02b0d36666e
train_5867.jpg,7e60f19a4cc340d6e0ef51a72bcd4d8772151f0706875cbda0dca6bff1a68348
train_5868.jpg,a771906aab2fdc0d0b874086700a55259578cb3f0de66e9d678a06f9f2720091
train_5869.jpg,db742fe01b248fb802ef0098d5289fd727e108138223ee9fbe39f916b1894932
train_5870.jpg,6c7a8272d05c22ffcfee2fb238429423084aca1ef8c73295612918241ed14bd6
train_5871.jpg,4a136b94bb706db835adfab0760c88071b34074706fccef747ed2118bfdd017c
train_5872.jpg,71a579d117bb50881c9c98af25520cac26c9faf93fe1fe34f2115c983030c1e1
train_5873.jpg,89f354c96b54f26ac0ce9c919a30f059ce4586c2a4bb1306e696da4f2d878e09
train_5874.jpg,e0da4e72f7ab303612d3a03a03b7670ca6f5975b9ba39159239cbe4e7146cf70
train_5875.jpg,82a9e65301242861a1cfeea289557be842414a41c04349c7197c310b176137d7
train_5876.jpg,d532bbb6024e9420b386c65e95c7bd71417a71a58950a2845eb73fb28fe660b8
train_5877.jpg,cfa037d77365ec53159ac1884f9ad9eeb27750ca3cbef86352a5ca95e9971c3b
train_5878.jpg,c1ce1bf3e64b974e6ab889953ff4c04d431b24341ea61f11b86f1225aeaaf9eb
train_5879.jpg,5b4432f94a7f51b622a9aa5b980607e171cc3978493cd82c1988ea0f32b7bac9
train_5880.jpg,ab4c14c32e24bc60778fcd5c1044150a18404d68b00df01226b0a49edfeb75e3
train_5881.jpg,f85cc9b641e5c444003eeca10634342c6405a569a41b183350b79dd9a4d383fb
train_5882.jpg,6d4d47b76286114931451ba093fcf8ad907cd72a83e2ef70c209bf160934717a
train_5883.jpg,43ee27c2f81ab50507345c7029dc93098ca120338540bb34bd0600f9b7240051
train_5884.jpg,07c088dc8fd42988912674c37b7579c54eca2cd20d032f49ee79ead5c666c398
train_5885.jpg,962d2bc3701bcef0759f5074b2d3803adead1fb29b663abd780a02a4c107f030
train_5886.jpg,d1a4b53df91b35b8b54c6541cdba67221b64dc011a3685a4d55c4680870c0320
train_5887.jpg,4d08c9dca2212fd078c22f3a72dd8b5d3005cd253a4924674bd0a802310b2663
train_5888.jpg,945f33fff2ec746c891d96a283b2f64b104e04150732b645a4627bc91f2a8a96
train_5889.jpg,3a9d7dc10cb1d7db4931cba4351f17e1bf647db4f1925d940b2b0dd294ed52be
train_5890.jpg,08a83578b6e1928defb1bbfc1478b3221450df26dd7e7ab7405aab9d1c34fe3d
train_5891.jpg,3aad03177d1942755761ad4c28f7047e2d522b6da28cd088589ea6cdf9086a58
train_5892.jpg,900f643f39ea662f949946345bc023429672174ce3f65f9af1b8debd964938ab
train_5893.jpg,c5ab964905542075ad1a7533dbf0a3759c54bbb7be4bb8583d5bfc6a38b5de3f
train_5894.jpg,112f6e2b5bafcd7c2b72cd802beb6d54afac61127a8217dc5a24447f0f1d556b
train_5895.jpg,98e48c7221c2d08145a26d7929750827433d458f3cf5d66d1409452e04787343
train_5896.jpg,3f573e9162e3ca014a2ee9dcc35f3b969c2321347730236aa9ea90b456871fec
train_5897.jpg,fac3d5f6b0111e4d6c8a46d155813a0718c130991a2d24120e717c7b62fd1bff
train_5898.jpg,d97386d825d092ab178f5e6b1006c3487983f79d175261093436e56907bea822
train_5899.jpg,2057f3f9335e77a9d13e1efb62255eb8b93cea458a54b635d2d5d1c573eb31e5
train_5900.jpg,85cc083a07bd5485515fbe2cdbb83a9df569a55d04be41b2e8ba90a009af4014
train_5901.jpg,1d4b08df4090d2df8466a8c5926d9d21e1175108044b010d5999c7631011d9b5
train_5902.jpg,eb4ca4662f59751eae09005d44dd398e3510a8462327893d394cc279638ab66a
train_5903.jpg,bb838218fd90266a57b7ff63770cc3fca556cec0ade2b9cd681ae0ade52957f6
train_5904.jpg,1edc626cbbbc949f12de780ea19e641b5b47a522b4f514e8f2311fe91c7e1ecb
train_5905.jpg,e4c33007f5d32b73c7bf3895c7789847d3c3211083676ae95543c4eaf2ce084b
train_5906.jpg,2220804cebef987666fde40de93e7bc96404639106377a361a2555b7a7fe4b24
train_5907.jpg,403066a6122337ee99348278d0ed575e72551c4d7616a169923661520bfbc762
train_5908.jpg,df6e1a1370e4e169fa6be68b1aa01a96f0a91c35df4cdd9d5c4839302eed768a
train_5909.jpg,10757a5c5e53ec6ff773d0e46414a5f4621d3ebd520327577bb49bafdc47ec37
train_5910.jpg,36f70f084c9495154ade2e64fef97cec6246fcb3fdcd60ebc1bc9eac5d5fb62d
train_5911.jpg,e66ffa15cd7222523bc3217f6ae29fe3004f69eb626876afe3f6cae181859763
train_5912.jpg,6bab43d8e8f0a4c586ed2beb50436b15298f3a0282a52b5adcc9c93411c4a473
train_5913.jpg,1fcabe0d73785f053c8a0aa68f4557a6913c75ffd3b18c81a05f9d20d33d1d4a
train_5914.jpg,5bd46ec0f38beb1c65aa46c864366c4ecb84ef5a882411145a050175f1450023
train_5915.jpg,5273c2107b0eb263c3d85f1bbb6f3dc5dc81f624486d4886945e85687fb92bb8
train_5916.jpg,c82d052e1eea97686907326a686cd631b68ce65ed147a2f6caff0a09b8567628
train_5917.jpg,6d4a103b73d99684377f4a3aec7a338948731b68c5803c7042f31708af67f8b8
train_5918.jpg,137ff5d3c4c7145e86b9c0b259f1f29bb40587d80eaba447c48a9283059cade4
train_5919.jpg,9c4892b66a6f75e6966bbf567fd4e746fd40c05b6a329e35ab06ddbf9837e7a8
train_5920.jpg,4593a99a65a1dcd2ba38fac9f9d77c409e98e0a90c283620977cc7129f4d05d9
train_5921.jpg,0ee17d55ac31070aed2d4cae05032b1e92b5b924908921884f0a310d9436ac00
train_5922.jpg,5b9eb5b49cc8e314617ad9169bd78ed79d2ba79cde97886549f35d845a53c589
train_5923.jpg,89b49a18352fa9898d78d0a5d0bec08bfe0e0b7f15e3ba86b747f956d2266571
train_5924.jpg,18471fea821624b423382dafc9566d9ab1d71306fe6f2b5b2ea8f9920f18dfd9
train_5925.jpg,96d33b758455629eee8be870c32b40c9c4e308b126bd9431b955d66afbab1037
train_5926.jpg,319d99853f29d2daa9413bb5819510d0c6d9a25f2aa2007db6c92d4facd93232
train_5927.jpg,f49a52a3ad78dbc6aa1da3e4e0b34b2b2e758fb52ec938d649e1d73d2d3d3325
train_5928.jpg,21851ae7e706ade1564583504df4f2f1f8eab78682c6d4e9f34c1ab29ebe1ea3
train_5929.jpg,db7c20b4a79c18a72da9c178ccd6d811b734ecc81ee99f75c9b79a21d3514627
train_5930.jpg,3213d4e6da497e0eebaa774708d0264f6cc638fbfc7dc52534b116b594a34af5
train_5931.jpg,ee4b0414faf39152b90c57d687c22f24bbcf7af390c617ea55703bedaafae666
train_5932.jpg,394e2c7bd8fa21b0ba48f310e65e4a15e4ccd439c8e910557c972ca34de46b1b
train_5933.jpg,0f46146b3928a58498c21090650b73317c66361fa2e157169976b0501fb07206
train_5934.jpg,0e38acff597947b969cf7d7912171f3210b19d0a7be9075c91d734bef5672461
train_5935.jpg,4b4ad20c2502030e9bef6e62c532359b742624f47826c6e800b470a54cc9f245
train_5936.jpg,e6902dd8a709eff61ee5a0ee81c43783456fe9cda1c35bb32229e67c7d6e6b93
train_5937.jpg,26a68332e336532da2157904e24c41a718a4aaa875b9de6b38c9bb3815430ddf
train_5938.jpg,919793637785fa128340eef8207e633311c243adac0f2e8b411d96c85e605a94
train_5939.jpg,c8adf79b73703dcdf0a372242b90743f6a79761461c0858f5cfd45e666e0e8a2
train_5940.jpg,ccecb07b54cd0e951507561e728d423fc6357fafe7f42bf966b56a5443c849a9
train_5941.jpg,31e9db58be19cfa0ce481a3073257ed6ce90ed7bb02ce8682d8ab0334f3811b1
train_5942.jpg,8a4ac2e6f2b2e7c695e36d9d083b19fae70173981739129882f0e9e71ab08d30
train_5943.jpg,8cafa3ad348edaf880b13e7658dd63818cd95b5b9cbb0162e9e62b2384dcbeea
train_5944.jpg,7d67477a92c476cfb1e1c738fc34cd2cf4b28a31e41e45195ed67af35097aa59
train_5945.jpg,04dae1c6c341d22b474cc73318e67848cf90d46dc6ced579e0d5579c9ed20c3a
train_5946.jpg,019976b20e02251d317b56aade3954d6c63b38bbddfaca57d6cc0523f7e90b24
train_5947.jpg,b6091c88930cda49c012f2bdbe79cc3ff8a4e6a78285713037d45841524b571f
train_5948.jpg,9b237761b491a5c9ab8afd46fcb69b1414e61b5f83e2efc5685e025eeae3d90b
train_5949.jpg,b44d63d42b00cc48500f8494fda8c33091437fa675af1da7912c9a06a5a5bf11
train_5950.jpg,15d09a2f51593b80bfbd35d4baf3984dd1e4249d44fe842dc7458d74eff3d08b
train_5951.jpg,133ecdaacb2c65fb059ffcf00280da58c15f186dacf54f27bf4a114c50ee8c24
train_5952.jpg,c0d0ad6c26190fca6d30c8eb8fddfb1b13ea96b77f787175f53acc1d71cbea25
train_5953.jpg,962ecdb65f1c4ab1a9f38b5b67b86d8873b266396a0801154f1ee097f53ec82b
train_5954.jpg,da2a110312bf78e78933b6ffc4950753f617b7ab1449e4875fac2688a0b40580
train_5955.jpg,e36723854883164bade18b3be3104d27e724d76cedc8d89738122b11b448e371
train_5956.jpg,fe6f4aea70f8fe33a0685c7b821f0bfa521f4c6d7f280172bd4be515a9d4267d
train_5957.jpg,82ed05eb53fc1dfe7459e3f185190a71544f57c6ecf90be08a0afa2dab6cdfe1
train_5958.jpg,c005cfed7b84a687911dabef9a06ecbacc97854908fc45a153a8d171ac069ca6
train_5959.jpg,d81ab01021be64b64886496e9979af7bcb7f86ede12a1f5e86b15d3348601f35
train_5960.jpg,8d1c9bb28c32bc308d64c31ef26b6c919fcf3e6d43faf16def141305afe0e1fc
train_5961.jpg,b0e8d11e9e4deb1ef0ae2f18172a683cd8b645a532bed93af3e76e58599cd118
train_5962.jpg,7ce33edba0fc47c0e36336c76601268ab841fc592d10d86209b615082ce93f55
train_5963.jpg,85bc9513c9503eb49a10e25d25328f5981e0d1f6495b3132b727de882239596c
train_5964.jpg,26231c249de823081cf198df1324f2b632d636cfae661836b1ce567865f60e16
train_5965.jpg,970cef814ed65381fe4f68ee1122bbc13a4cea410a033ca14f61ea0095730cec
train_5966.jpg,27dc6c9c05207591fa48d6362b795a6388b2592ca1c9a59895d4cf1ee8acf033
train_5967.jpg,42e8d4ebe5738d89423667e0ac14c4180ec1084f62bb20227178389274d749e4
train_5968.jpg,91e61943ac66875a6f7a481642fd2224e2fe563ded8831c3f5cda9adba36e19e
train_5969.jpg,ec229888159d234a5df927be1a8c7fc1072b01be23c7243c22190976cd9515ad
train_5970.jpg,a68f66b3f86752b1e25808488356ae162ecda95cf4e78b7a07bde55d6e19597e
train_5971.jpg,6cea980892a2f9e0be6757df26dc4ce6a4e4f7bdf90f3fa0bca3383e41457920
train_5972.jpg,dff5a99d39b24ec72c88ffd10eada68f0f473b162c0c46dab6d4e3f8f8cb7e3d
train_5973.jpg,f7d40ff2041f04b0950ebd8691aa6fded73c6bce96303322b2d7b0b1f2e88e9a
train_5974.jpg,722e4129428319c5e4c84b35f02653fafa25e1aedf125471e3b2228c8e1e8699
train_5975.jpg,14806d87f755b26a4c7df89573eb964ea22d1d34bf269ea56391b1442d60ef38
train_5976.jpg,7a2c214a610c4d7632037f58a8589c448d3f816c4fd5ce035d10c7a7f964785e
train_5977.jpg,e800c973aed463534be60f34e3b8dd7d99a295c5f5c8096271f8cbb2ef59af7c
train_5978.jpg,dac75fcc7abc5c43dc73b1836ca16e2030758282ed1dd63abb79fc69a5718cb1
train_5979.jpg,9eef9f4e674042549f52951fa0ee7a1fea859ece767bda7c54f5cf168c997162
train_5980.jpg,c29c951b9630a0ba269e6048ac0951daab91c3c0bbe9da714d264ea626369add
train_5981.jpg,8689cfba42306486c1bf6f6bc9022ec7762eacaa392666b372bd1eccda2893b7
train_5982.jpg,337e8de25bc02e994afb819a5dbae69035d09454ab75fd6c6ec473903b042b9b
train_5983.jpg,4c80fcf47fe0c5c89f5c13c4710f11ef58bbd4978cc1b83df9ecc957feac2c2f
train_5984.jpg,31cdc65bd5dd4e7cb0ac3fd6bab66ff507d93930f4de734c1f38fd47638a1969
train_5985.jpg,cea9c5d2d0374ddaeaad1d5be0da7adbdf4e51d63ac86efb24047788fcede4c2
train_5986.jpg,fd9509a06bc40acbcc5342bc25fb03777bcf65c45a07d0ccd3419e34460eebd8
train_5987.jpg,3680059eb96f2b222ce327aeb6488d93f0813bf73939899674dd475ee156b60d
train_5988.jpg,0977d630c8b831a16dbc09ee83072459023fcf1be23f7bc105142d1c866dc765
train_5989.jpg,6304273b0ac703dbb7390423e4f2f2c19e1a4376cd0ee47ac9b291d478e0c550
train_5990.jpg,c72841054688a108ed5160918a1d80b899dbbfc125cab396c2a60dd9c242ca75
train_5991.jpg,d9d1dc7480810f37e76abe74e8855e6fac104c2167b07822e6cab23134d5ded8
train_5992.jpg,db650a20536bac764eb3c74b20297945835df5d4256391835bbb8c8065334338
train_5993.jpg,2317cb40d47f3c8fdc9c4067cddb0d22618e0c5dc5ad0d09e0b177468b9da702
train_5994.jpg,1265f4bfdbd83d8879c057e233d295a416de42c98ffc02ee4ce0a5995e0c7044
train_5995.jpg,66d98d692eed476f82c2d3313e42cb4f57c2e7157db85bae3209ffa635a3637a
train_5996.jpg,a10aa3f21fbaac892219171e911c3dce036c1d053dc6ce80ad036515af051e39
train_5997.jpg,a154d6395452e23e82244268197a876f78792688b3a273ccaa2ba20bb49a06d2
train_5998.jpg,dc0c2f83a8ff71de6fa14acc55d1e380ef8243499a1f2e0cf513f462ce50f34d
train_5999.jpg,cd0c5fc2406ecc19cbd70c3f5401ba009ed781ea453da6cc5d6af4f2e3700918
train_6000.jpg,875ac7ae5920e55779bcc9f96dd4d3d8a24345915df5360ae70535f1208610cc
train_6001.jpg,2e1d445ad174aaa4f03b3f9efea08dc4a7ad057ba912124ce64ebdbc45a66b54
train_6002.jpg,4dc9307074d297d7a469b273a733eee72e7938c565c316ff080a28bd1ebf88a7
train_6003.jpg,212c92e6ee6674b627b0aaa13ba1117c5ca987ec9585e2aea8c095170fc3ffe5
train_6004.jpg,351f26a5d07a39d29b63ceab47a5088de374a90e9132386f8e63aced036e506d
train_6005.jpg,041d3cf474561d377c6bd1b0749e3e982d4f1531611eaea30a33fe0220b4bcc6
train_6006.jpg,a246ff47bd1fe28ee3f500c5dce3e6db657486167c1f7400fa8a6dc792d0d56e
train_6007.jpg,c3dc5ca4a2ae4e532ee0e63ea79c84f3ea5f9075588a05956a53321ddaf948bd
train_6008.jpg,f430dcb70aa65489c169b323dc1edd69f67364a543bec5862a35a258ff7a6875
train_6009.jpg,771f1efbe4505f6dec4a86b046f9681b4a2160911744bde16eb426c187414f81
train_6010.jpg,3793dcc08ac59aeda085ee01708cde10653ce4c8734f4d2fcab8a22c5deccda0
train_6011.jpg,dcb7d1f39462cec825802eeb910b5ec5bac5064c3f444e857fd3c95879f0d378
train_6012.jpg,67999f8580cb672258f84d23fb9bbf6c87dc140b12d11400c0d77cf0312d981c
train_6013.jpg,433b757e743d4866e38b15eb8b3876f0319df1d3e2c636c5b025b27ce74b17d2
train_6014.jpg,52e4575319e122d70fcca69d134e675e277384f6a7eb1a4cc2a5a39309870e4a
train_6015.jpg,640dffbc617171a849f2e309fd930a48f9a07c5be2a5dd49bfeaab039737706d
train_6016.jpg,330f990b552e577db95b281d036586b1d5f3dea6733d771da3eaaaae92afff88
train_6017.jpg,678c0d81a3051063a353bdaf8053de4662c807fb13ba20586ea15859de454a12
train_6018.jpg,327d294f9a0127d39b8144aa9092d814698141b28838cd6e5a20617ef3d6f9dc
train_6019.jpg,c7939e55354ae3f8536b2092fdbe52d6314ad4e3ff5578382f5a40c766841a6b
train_6020.jpg,75d5e65f319b4b02c1f324652166eea7aed6eb0a337d443338c16c179694a2f8
train_6021.jpg,f4ee50e6f20d5cc9b3a4c72efbe7a01185662aed4eb5bcf5f2c65359e6ba5572
train_6022.jpg,98a248cbf2857c72e7b42fb3f2f706f46ab5183b2939503e37f245a1a414e4dd
train_6023.jpg,4ee68bc90481d692e9f7c4c3fb2a84b1d10b9ba22642e4ca8a34ac69b5045fa7
train_6024.jpg,1a654b4f1c9c6674f5c892258a8c3933cda63d8bbf67ca32333402f3e568f8b9
train_6025.jpg,a1305f2a5fe2ded3668e1dbc8ed47b7704ae0cffef5f2d9444ee31d9e3ec7934
train_6026.jpg,e0aaa927b039955b8ac30848398a923be74b9c7f1715f901cc46bce194c4a2f8
train_6027.jpg,7e0e57860c51adbd0ab81bb0fc290f6b8436d4c1392e6a837034a0f14d35279e
train_6028.jpg,389de7ce4972af40c51ee65b99eda627684a33af33774a6d3cb2b3c3a28a2499
train_6029.jpg,1acd5fa65588ce42c8607bc3fda16133887893403d2a237f9559458e5de2640c
train_6030.jpg,da5ea23fe942363482919856e617450ef7df57f848a5820328d834558168fdd8
train_6031.jpg,6d4d617347c819b25aaf15d19fd470c1d9986f9d311c5da0e1dd725d8082b10b
train_6032.jpg,8a0427f6c281160f10e55790ed5e7f7dd849ef9e30e507a6d64cd7b7f64f5c4f
train_6033.jpg,7b8935895b863dc48830a022db15e7a67372c518df586760e0afdb6280a4ce08
train_6034.jpg,c12ca550a80b40ea428e647f89f679d80ce75af39b51ebb23d4f57dd7fd0fa8f
train_6035.jpg,48d0728fe09fbabff3d2919a06d99264b044f192f57e2bc9ce62950129dfc2ab
train_6036.jpg,ddf117a9e784418b31c6ef4ceeac4954bf7e10af9a38a4501635897cfd8faa16
train_6037.jpg,f32e5b58ccc4ddb2751f0c0e852302559c2b2750162a964bf9bfd8a9f08132d7
train_6038.jpg,c6c5e59dd836fe31b5a5710d3f3b5a6051f51ac02ef59c6927e161b3a18f0fbd
train_6039.jpg,87ad7e6884fb21c05475253512979103a018172b985e0950bb52e71e159cbd9d
train_6040.jpg,999aef319e51c9ff41921938ef383bf2c026382280a0c85d981fd2dc9424f312
train_6041.jpg,94a60bac7ecac751224e3abe75be424185638442fa7ada7dc9fbd02dc939d5ec
train_6042.jpg,e57d4aa6865bfe0ffc8aa05b34b3e4c9360fcba0a0b1a1038f12d8d08bfe4a45
train_6043.jpg,b0879d73e4e7d409f86f3f8714542c3e94537b3f9fc602a107147649a2e4415c
train_6044.jpg,3a7f8a0b81e728f065bae6b70b0a4f1f7726cf616d2b32cb15594b88f0a29f70
train_6045.jpg,41d4c9ce1977ce12df9aa65f5fb2bec4815d3f261d88e6d7b7b78045cae09010
train_6046.jpg,e845a40642fef92961990396bea7403066dd49069f818e7d19770eca0593f946
train_6047.jpg,b86bcc057aeebc87dd880e0f3677a8e1b3adaa448051cc1885133750de01ddbf
train_6048.jpg,16e0ceb33382fcbd637e1e550374ef30895b082d1e726eb51ea5cf44f3bbff54
train_6049.jpg,e0a31757c193d139c54a7ba9492e9ac0af80067e15aea57cfe355f658b808254
train_6050.jpg,e7d5c9d225b0660b651ef606cff66b830c2fbe746d1d34c61ece48e15bbe0350
train_6051.jpg,de2ff9703cdcb64298e72f1ea6a1bc6aebcd83a0e06d6752f3fbc9e4a082a3c2
train_6052.jpg,14299970c50ceacad44d03c47501e80292cab1c477475d6232be055c60d791f7
train_6053.jpg,9d592a3ff56c56941511638ed431f0e8f7bf79ea54cafa879494692291c7e775
train_6054.jpg,b8ed4d0cfac50288226a4d2893f6fe4ec8d4dc46da16a53c93bd039e56096021
train_6055.jpg,da5c4f8d8df1332e9fa5c41bafbb588198d463a524c09534cfbab343e7ab46d0
train_6056.jpg,f1d2ec97364b82d0edc49bcca4f03bd8058dad095fb0cca99db792ed955139d2
train_6057.jpg,f2a558d6248038a3097ba75e5c2797e8d174f0a9f9078f590f34fe3837254eb6
train_6058.jpg,61c9f772d891d7b24ddd914c15e9672a299883ec993ed4d516717926a5c48d7d
train_6059.jpg,b31143c272c5b3ca5d46a0015d014690ab92498191d4c536c3c06e5250298acb
train_6060.jpg,f848cbba0f0dfeaf508b9723cf93044fa5ca005a86bc48fec4d25dd2ce91817b
train_6061.jpg,36288b57c57cdfbc74aed36d6bbb56613ee7ecc3087e02d000eeb798983021d7
train_6062.jpg,7afd47807374594500515d2a2e878860eaebb293e3e4dd5d6afad401b71e58a4
train_6063.jpg,dcfcddaa814394a38c3b960b564c621ba3f2fba48a6fae431ffb1d0f222c4bd7
train_6064.jpg,3c78148b485f7cdf75c0ebc44d5e237cceb36c3c6d7ee7d36f227ab66f937ffd
train_6065.jpg,8039898ef075d37e45bce07892b449b95ee117761c2301eec8e6d14c4ac8e053
train_6066.jpg,e519a99b91d2e4a5d97a26447bddefba5456ecf8ff47024ee396e351b8c944af
train_6067.jpg,b0a0065d9d704dca3bd5186a2b793b3170db2355cdd7ea79ce6ffd82ccda4d83
train_6068.jpg,3cdcd4339649a440f182872f13487527af7525e25a7a752de6490f9dd9e471b0
train_6069.jpg,0d9328df4724de1137011be187c36946b4dce4efd5f4c040c9ab176cfaa0ac4f
train_6070.jpg,46cab98d8f7b23857feda152112d4b3fd06be6efec41bb7d9895e90342e56825
train_6071.jpg,7e4c81195ff2c3d0da83f243c20a0819dff5d4eee63e94556cf6d4b2f8842f57
train_6072.jpg,720fc3ae574be04d1b105b4598e409cf50332833ca8f65082d7007f24a334781
train_6073.jpg,5ead6f65e6a158f06683a07b208a040c74547510a387a299018c06519b2ef737
train_6074.jpg,1588897cc7048530f5833f4f857c39b9f5e1711d45edceabc5640690b4e46659
train_6075.jpg,b2b81199961269f2b2843d4537f7fc7f2a9c4822469be4299f08bd595a98312e
train_6076.jpg,caac3d6df0abb0be257bc04061155f102fed1e7f0a5d621b0e94905087ab30f9
train_6077.jpg,a0e62068f04625860249a02d336bd31afc3ac8502446dd8e523504ff13afd009
train_6078.jpg,47af128970c034459ce3768e8a79ee6df894c0f7e24ef718a696522962f4fb91
train_6079.jpg,4a72e13f92a07bad4f857e4cd53342a691f0f6c80d5834ab2db2b471d5c7253d
train_6080.jpg,d0146944e6d1af79e677c88c3829dab009aa1d8b5bb8f669af2bf420aad3805a
train_6081.jpg,b2a88ea90bab414a536a0b6af1928ebda20519a1eecaf9335f09034ea3a6f5c7
train_6082.jpg,2e69c3df419e0142fff8238a6b4595347a6bbb6f90f713907771aed3ed22dbd5
train_6083.jpg,fedfec6f217d74c432e769e736b9bf585765b7f635d39b3267d7a1a2d14f6283
train_6084.jpg,494e7bd950646e364f33c6f7f841f06d077727097162c80a64a0e4afb81ab6df
train_6085.jpg,a5b0ea70d3cb11d6b8f46e8f15920642963cce7dec5fdc50e20bc1e0fb8ae9c1
train_6086.jpg,b4085cf343af328a4af80261eed4544ad14a1c034f0aeb6117dfdc92329ff269
train_6087.jpg,2ec0932583b4afcfd59538c6606d2953e604ac55a5c938b0c0d9c415c0e7db6b
train_6088.jpg,d4385c47506a29cca963847c4fdf9c3b14cc87782631128ec02cbd7be1676b9b
train_6089.jpg,d5ceefffc616066dd0bb39c4f556e9c197ea845089f78f3599dfeeee111cf2ad
train_6090.jpg,01cc613e807598c4b06063dba554fbde9798b14d842f749ff4f653c09001b2f1
train_6091.jpg,5b9a88d7ac51cfedfee0c602bb1078c2efc82b5a918b5a38ecdba81b059b1751
train_6092.jpg,0a3aeccdf00d1d26a44a6f517b427ad64a570e01dc504ab7f0837e8bf3251175
train_6093.jpg,8bf5bc6ca5c24a70dacd301922b6c3a5350b64b8e5ff2706c873eb63732aac1e
train_6094.jpg,29c69deccc07da1caa140de0f33825aa52766716510db0f0a85f40c08897f418
train_6095.jpg,cbe06abbb9515f40000265a18a70a6dede1fc9b9c73b48a6a8af08dfcb07f27a
train_6096.jpg,7010850b26e547e9e9cc16269d42ff92d62a39316b9aab6b5c5943cd7cf73312
train_6097.jpg,7862028795dc2c10ff7cb6749824290817a17fdd97cfa6cf182a6fc2932d7af0
train_6098.jpg,84f1d7aab7795be6e1bcc654fa5b8fbfe480d8b75871523d38ac14259b4c180d
train_6099.jpg,197a41a30f9a7c2de18de505dee1e2d6d84243b5c58595d7b7527eef64093b45
train_6100.jpg,2c5b8735938658f8a2222539a5af80b926b8fc1d6a6d052d4c2880566784a812
train_6101.jpg,956fc1e55cf1da5db144bd4cba1ecf4fcfa8f73a975ec05919c5d58322a38ebe
train_6102.jpg,3c39053b60fd20d7edfaa3ab9e5d7d6a44dec4251feaab50b8bc296470851a63
train_6103.jpg,a14a272e8f428656493e099cedb2ac79ce1a434de38abedcf7d4159d0a663fa3
train_6104.jpg,e3f0c637a43b7492ce2a6029e66be95c88ba840780261d69d2e5dd2f5ccefb80
train_6105.jpg,6424dfac4d2001e18fab3144385fef519cf9a62c75c640823ebcdb6394b64567
train_6106.jpg,82e5c1e9c9ca970cc13a8c58adaa9f9c044d52df5ea822388f77294ec1cc19dc
train_6107.jpg,3881acfcdbaa696b315373f889c81b371e9b6677b12fa25adf72f2f97e65d9f2
train_6108.jpg,6ce67d96b7da75ad291d15734b155aa43bf1bea1a204886d55012370e69e2b92
train_6109.jpg,45a2a55edf69b905942475a7ec4f48bfe5861f179c275056e9f4a3346b763f28
train_6110.jpg,6118279c6f62be6bcd5c8f4cdf304f133f12a54f8f633de8c55bea498db758bf
train_6111.jpg,2dd5644181318a73249c2aa539c52e4bf753363f5208d233b48f7edd1221e2bb
train_6112.jpg,97992917dd7b6db99ec71d96a851a3b20e0d379b8cf774fae672982d17c1d02d
train_6113.jpg,77aa6b7c7df7ea269be67ee074d42bdabbf05103aca62d229eaaf31f79eec8ae
train_6114.jpg,a65ec54dc377dba9810f9c6de7fc692bc43a7af07a02617eb1b54af58e9daee1
train_6115.jpg,6ebf47e3c0134d28202a45a0092c98c0395dbe42c954f570db6bdf007ff9c13a
train_6116.jpg,39a330446c1adcf2de753c8cfbb586efa467a3d4980cfc8d0e139b336438c105
train_6117.jpg,a67076d2085afcf4d5de310cd2cc80bb94ba08f7b19c1cf995b5877ed942829e
train_6118.jpg,5ae6c7ead751d858cc1cdb337417bd28bfb0cf9903b5bddc44d4554d3eab378e
train_6119.jpg,0afc52ce97c234285e7a4e33d1a8cafcb9f194d25b28f81205e8d297ab1853b7
train_6120.jpg,5da080900ef785587a0cb6464eff8d608036bf8b78140f532728c3ab438fffee
train_6121.jpg,e6cb2ce2a00fe01928a809b3b92e1fa316d9e4b7e77622eaed6230cc0de92c09
train_6122.jpg,db3c5885786cff14b96a66af483f42b64194f2df8e22e6da4a16845e02e7fc20
train_6123.jpg,e21d76f413827343dde202bf66d8d5a4118855a3a8d557ed2515c3ffac509ff0
train_6124.jpg,9c5d7c7963214a184001bfdd395a5f86babac7f989987f6f7a6bb465dcd5efef
train_6125.jpg,369553c0818f3834d327f480e85dabb24dd77f89336eaf2c0d5b1bc37f5bed40
train_6126.jpg,f2228074f0593829f322fa57e647375c2de24e497215b96d316a250cfac2736d
train_6127.jpg,57e60c78401516abef8b6416f54377126572b0291fd1c83703c230403d764e78
train_6128.jpg,94ee264780e7ef7b4986fbf54455c357425f1ceed51782c208a66985eedca774
train_6129.jpg,04731b96afb1f39f342b21b03b81847cf79f5ab272f0b175c350301b01e40a03
train_6130.jpg,34e9c74ee6c6399c79e18aee24b359fde8124725c4efc589c6bbb110c54f5b3f
train_6131.jpg,02d7d4ef329f00fad346da814e5cb1ed31426e073738571735dea8a60b54ff45
train_6132.jpg,8ae1fbc7127335af2e6279b59b774d0a067ab419fc1281f3463466fc44814ba6
train_6133.jpg,405136c52a7e14ae99d2cb6cd4478d459f5180702471de1ea36d98e3a2c73ced
train_6134.jpg,446095c9656cce22aad396bf96918b78886f3843d8ac78cb1dd13ea50cf6845b
train_6135.jpg,2343727a3659bcd1bb3b387e42449a81330296b5f2146e47ec26daf0c7fa9c36
train_6136.jpg,863210627da1a54e85339eb8dcc1332b7ea7610ce1f41d6adae23472061898fd
train_6137.jpg,ab89901b0a0299f90c032d157ac0b9f739053696bffe5e54d063f9f67b87cd11
train_6138.jpg,823fec653189c0faaca9023309ae1d9044c6c31c5eab0af777a2ce798d796510
train_6139.jpg,24142efe23d0ecb90111af2e77f98d19d12f1818e7783bcab32821bd5da95d97
train_6140.jpg,31e96ae5a80767099bb6a363e67d46db03b4a8ff4c89489619a1e0e84b7efc13
train_6141.jpg,610b9cdeb2e6ef8c92c931cfdc41282d841184c53fc78a21b923fd8cd06234f7
train_6142.jpg,87328b877cbbdd53dd9c3f8192620e67e7218aa27db0c5a2f3ed0652bd5c1be2
train_6143.jpg,25b8df52287f70fbb3e09994ab00fed2a88172ba31065b2fc7d89643849f1095
train_6144.jpg,1c451711ceee8562dac30a4af747bbcfce8afa7d799390c295e53a788464368c
train_6145.jpg,d86e2d84f46ff1759eade26190b628760dc54a870b8facc51540e37d1ab96c18
train_6146.jpg,72872ebadc75e1fc011a86c0c37dffbc689aa4d49551797fcd1591a42c46e26c
train_6147.jpg,351047fef088e37875e849d1c02439e07f03bf2389472c1ee9fc65d005c214c0
train_6148.jpg,bdf9aa4b04dfbde7c61811b1ee702228771b1c07e62675c776b84b965194596d
train_6149.jpg,f64e3c9f32720cd60ee84c89c61c4847ef5b28a7f6cc1598e89af7ba34f88d56
train_6150.jpg,4c3ce488d06395497008063469d102df90a58a5617b15fd08d18fb468e9c4ee5
train_6151.jpg,2adf31b514edb9ccedb42f5c0c4305e4147971f77d5e7c06fb5528802df024cd
train_6152.jpg,0055d6e47c0bc8932d3a287edf542b9eacde18dcbcacf56d665bbb2ac3038e22
train_6153.jpg,d94c009e9c758b70216630420fe642ee0a22acddb0f946f16e8471bb00d6f76b
train_6154.jpg,37b0a113c4747f2777c3f80250f536a4a4f898dfcd861ada5826d7339809ff61
train_6155.jpg,02bc7b393e586dc11642ff0891aa3947019901bc43c6f80c710a02eae4547a42
train_6156.jpg,b2030fe2411e0fe5f0c674e1ed5708c35f49d758a56ae7bc1cea185e521b7d3f
train_6157.jpg,948ed25c20aca6e48af8f3a77e2ebdc9a0bf94e675d0b0f8ed6ce8daf5b6808b
train_6158.jpg,f6c079eca024902cc44eeccc337899b21570d9bf03f451e9c6a40b4da02081db
train_6159.jpg,f8f11ae164aa3ca94b2589aac3a45111c093e63ca3fe29776b25ffc8728e7df4
train_6160.jpg,ad93e75058b78bc437b57400cdc7fe855302bb4f059f3539e1b34ae471951aab
train_6161.jpg,14c60439639fa1a22186efcf594d38f799c1c0e1f4228e030f9f3cfc63984156
train_6162.jpg,27c60b45d9a9597ccb62455e50d08955f9ab7f8e9934b9353e8354c7f4961ca8
train_6163.jpg,df0d86cf9faa0973cbfe704b296fe63638ec79aa98f4e0817b1a3f1c834fbbfe
train_6164.jpg,b2f8d88e259b3f29e45c8a20f33e5a777653b345f0e2780f5810f57d9a314278
train_6165.jpg,f6a479dcfdd5af77609cb6ad7747815b20d65f99b4cc93b2d0469ceb1eee1ebd
train_6166.jpg,0bb153939c007620843cf939e30324936badc4758c9ca9469e7017380c3ac97f
train_6167.jpg,7f3e635380b75ef0ae127df4d33704c8f416101d5ef8097349df759c389a5c7e
train_6168.jpg,11d534fcf990fae1983e64f22b0a09f41de48cc0bdea88dbbeaa0ca22130f61b
train_6169.jpg,5ea9be5fcff866b17c53df8abae4b2aba7af1af6f7188dd6b315a36a45a198a7
train_6170.jpg,c277a64cba45d053d585b4cf95b0a76b8613588d65384458eb71ddeb5f9af9bb
train_6171.jpg,f05d5476c83654f627b18644b862f4535da0603e6f2fc63ae5751e9c1b0f5c95
train_6172.jpg,ffaac92fe90104a006803fa68023693d96e16f2bceba5ec20abbb80dea900f42
train_6173.jpg,bdd4f48fb19f9f78e482e94ea71148619826c9374f9ab956a075805ab63ef86c
train_6174.jpg,ce3422bdb3c4054e27c02757683f89be928f2e8d24f99554e08185d7af6de4d8
train_6175.jpg,6d60ca3d3d0718b1e75c1f450c7a3f72f869b70802ff44ee036989ca40782f4e
train_6176.jpg,3fb8220d3901b1a27f9b18c390059d7fe7af9ff689b8eff0dc7cdc7ef81ea632
train_6177.jpg,a13cde1e723f56ce1ca4cca1f0e6501ac3ee32d39c137cbe605664f3e6c325c1
train_6178.jpg,ec89a84f7b274826b767705b1fa5a45e73819fd4f0090a7a755a0092e5036b3a
train_6179.jpg,3c94b88f32a0778001c63dd1d9d85464ef3c62aca0788d06b2cb763374850a17
train_6180.jpg,9e2492720bd1322d5fe36c255bc564c2ed26bb1955504ec87594a412d5a06592
train_6181.jpg,da8ad6f9683892a02ba6d369249c40a7ccfe6e94644c11179065a799d5602685
train_6182.jpg,c33a3cbe2bec7acaef4f134a427b78062a19bf159549752d4410a63d347d3195
train_6183.jpg,f2b317aa5e02ead96e00103ef84a83d170db2b18bdbafbf76cd2d73c7569486c
train_6184.jpg,54ef0c68c4846a78ab2d8965e6449ec717f60dc4db5f2a077b628d0af12566c1
train_6185.jpg,6d2ff2903f56124f1b18a99b1d1d5c4b51117af0e0c767704e64681763de9300
train_6186.jpg,7edff10e2b9f7ed1aef76f49871de7297fc7be29819bca8e391c8615ea352149
train_6187.jpg,be9325a524d437f8fa1d29364147c66860d1ee2c3f4b90dff6a26662b1117acf
train_6188.jpg,2dc7b08831e31d3c976c13d7942a9a8b1c0e7d8579fb2ba4cf30daea688db87c
train_6189.jpg,a5dccc57b617d8d9c07bec2ee3e8cb003e9d6121f6eb8b9dbda2a3c1f77a63bf
train_6190.jpg,7316b2b52349c9b2f7207ed6e4c9105aad779d62da7833be42ab21ec4bae200d
train_6191.jpg,cc9fb7ff83ab577e97a95bf49d4e5f89ffbfc6de163ff0b526435bccb448897b
train_6192.jpg,8746e623a1b6a9c4c3fbb988b5ef267ed2b980aae7d644b410a66cb1180fb51e
train_6193.jpg,a9b010f8d64fb3b03c31bee03aae6eea19ff8352699ffa4bd7d1fd6ba1add113
train_6194.jpg,25fb502525b09a284d3f538bc877ac073ada80b3ea9b29b721800447c822745d
train_6195.jpg,ba7a9d56b588e1c37d518e57d4561bb71817aa0e76c9b54beb966640a5f75393
train_6196.jpg,1270e910e8ccfd8bfe2f8e11f0bd2db770b9797cf1ab9337970a945b2946076f
train_6197.jpg,dc7f19d914cdccea120b9e0ccf2597a3ce309eef2174aeacf13b66a55ed18fe7
train_6198.jpg,daf4e57e17d68ae1e4cd3dc223737a61da91306021c767fab93ef7d11a6bd3e5
train_6199.jpg,d9d139812d1fc9860aed98d6674d0cb08eecbe5a0a6bf177aff829925baf4fa1
train_6200.jpg,6d521abed337f4b38ca5434377f0224315f4ce0c2e2f28d7cefb055f9bff40cf
train_6201.jpg,9a45f208eb0adc7c24aaea2114791a9b72cbd86a28ece5df76740b7c688458a0
train_6202.jpg,ab0122496f9382387457dbd1dfec2217248a027f593a4f14c395a8f900923b1f
train_6203.jpg,dec72b37cd78d46e372ea0a0cf170c14a4f5d79cf35d0b9800bc4f85684f7978
train_6204.jpg,33424e6781e531f40bc59ccae03dbb928e811620976da1d0682d3899c827b46a
train_6205.jpg,ab5081fbe4486e62ce1d748858b3737708525f0ea7b34519d1c9337a793f32c9
train_6206.jpg,52b0d19cc7f266542b13353c088275e32f8f8c0f2fbbcbc991c873856b52901e
train_6207.jpg,f9720299f5abbf2043b9c48fcdae09e12d1efaede3f03b65cd204fef07591a27
train_6208.jpg,943efa24bae4e1aaeba8df763687b17c932eb5945b2debd5c62b97b66c89d788
train_6209.jpg,783c621c5ad4ccbac60edc855ac925da62d71e8c261fab591b21eb989455786c
train_6210.jpg,dcf4f693b9e9e46840145115129b81348cb49655b8c923144b1440893f298d3c
train_6211.jpg,2ea4d6c22a4b6f0438c5eddb107742d95d39429e316d49651e2d57bee116631b
train_6212.jpg,ec7f9b7b7f69d8b0377fadf0c3c27baa88c0fc9e8f81aeabd9436bd4453cae99
train_6213.jpg,dfa599739e6b28d0661c40aefa92f1a10805affd9ea1414084d261bee8a28664
train_6214.jpg,aba7a708f0400bfc7691d2fd599920a16a396bf1d9792f0ad7daae14c6dd74d1
train_6215.jpg,30faa3d6f6a21977d648812e1814fa6bd2ae7c9c87379429a970355f1d9ee11d
train_6216.jpg,749cd89dc0d4b83419492bc6e5e978e8f634b5484cf515faed0c3f588030e246
train_6217.jpg,8af902bc8d4873d65a462375f16c42df33c9461ddc548e93bbe1a1662b848f1c
train_6218.jpg,e082bcc95b4b96118941e96ad975546723c1fd021bc79ea273308ec3f724650a
train_6219.jpg,1dc71d14c18dd1f0a374d0c38fef9eae10d84d094d44f995f998b4bb4835d578
train_6220.jpg,442268783b465635410b54d5c93d37555d66502acc647a27ce48b097681edfcb
train_6221.jpg,699b0e668e38fc53e1cc8c5d93ef45b9bace51e1badb28ad7486cf92936b135c
train_6222.jpg,0d98ba91ddc4981b47d6ad65415eb4cbdf49b0dbd10363a37b8bee958ca92148
train_6223.jpg,e99be87d28b0a569e2980979f8b3e91fe50a5238c8c27ed06d4a11692a0cfcba
train_6224.jpg,3ef9a86bf4e4eeee91a9fedba40d59125cf3344e37847f23913a1162c5a8e51c
train_6225.jpg,483ecc7fdd38e8acb660f94919b269edbe871fe84d81d77ad426edc950a7f5be
train_6226.jpg,376acf5d3fd6b4aa46e236cfacbacd7ff3146a744b3002bd65e03bc108821177
train_6227.jpg,40851e44236f71d84d24a9f263722ed29564ebfd47edb5d42046bd58a576cb60
train_6228.jpg,5de7796472b18fa9488252dcc9e554409f189072ebbbe7879e0444ddc9a7a9cf
train_6229.jpg,56c28dec1226cb217b86cdd114716632d9bfe331b6d9fc47ba33cf56f0d75afd
train_6230.jpg,937759d2cb3650bf94fbd5cdfd0d4796b6af4e2c382196c302d6f1c5bc295e4a
train_6231.jpg,03166388b8ba50b5107a5f74aeff996fda160aff6086e9c9dfffdb6c2bd8c35b
train_6232.jpg,4aea4731926426b22ed57de7f2e78c144e20eb21d234645be402b6016c2a76e2
train_6233.jpg,7d559e317b6ea20d22ffb87c4342411af3394ea817759e3ca56c46c2e98f239f
train_6234.jpg,cb7cfb3dbe48b27030a854f14b2f753045b616047d9bd5b933eb34e760020478
train_6235.jpg,cf98961b06e859f6c186cc87d8ae02dc97f7c4571b3e1c820a2cef40e3825832
train_6236.jpg,b0ae340badb7047c5c8a352595fbb57826e85332cd583bd527d7655016c3285d
train_6237.jpg,2a2253966edc8c035be8646617df9963c05f803bd7e38ff7ea63a8eac5104c66
train_6238.jpg,c45a68419197c6eb2364a15aa9d5b5d836214b03eb8802a7797d998b123e4d98
train_6239.jpg,7a918de2dc3ce9a9f2c43ade6d7bc35e273b43096d19da25e318dbf7609e889f
train_6240.jpg,c9e05b42114a8cec49f6d2b139fcbf05858692fb2c16895dbcee9af378d8a305
train_6241.jpg,cf08077eb8f66a0d859b76f2040870faeadcabb666891ae917c062b68947f87c
train_6242.jpg,4e05026da9ce7524307941e51ad4dddafb17388385313deeefc7372d06d02247
train_6243.jpg,acea036bf5613226b33d867d0f33ff3a523a8d90d7c973f0d3bc883be82af44f
train_6244.jpg,8918385c1fbec41b044afb478be47c79df2e8795263b05f5c1e8254205b5d5ab
train_6245.jpg,58a70eca3c98aeee635483ce2b910204538a033d6b1144826415b6e2d74e87ae
train_6246.jpg,d632641518779e3de38f997bfb001389848f92cc3f4b4753254801a3ee419392
train_6247.jpg,2fdeeebdad629c19b26c48abb3c00b494d6086537da6255ebb2c48b75399b1f6
train_6248.jpg,aa4abd0ebbcc6ac79fc0963e25b51326f39133161d86871c65d26e559173e2fc
train_6249.jpg,1117eb414722f12a4cd54cbd4700ccbb143efee73f3eb6054da3206aa6659d1f
train_6250.jpg,05d103d2bd9f1a7997fed824bd06da419120b1e79828cea36a71e14f384e383d
train_6251.jpg,76bc8d3412145805cff860d9efa43a4c446632d82c1ed00bf7bec047757ae9c4
train_6252.jpg,d069f2827da7c22291150991e66ff8ea421a675d21121ce756d17f6e2843b474
train_6253.jpg,42a66a57956ca928941770e8b4847fd57c2e586efe10e7f0ba0713b3e22c8132
train_6254.jpg,017eb99115f13086dc6fe434c1f7ae0b4d5d401a3a6c9b7e71fd24d0a971f239
train_6255.jpg,1e63dcf067f050f5f7a224e46729a49f3df122ccaf738c3a4db9589509389618
train_6256.jpg,5b57e0eab7cde6eaf29b8e9276b0aee75011380bf2717840f53d37d6ff26b7ef
train_6257.jpg,8e83548a415c174dff67f3e065d7bd8bcfccf0d48238f0c178256d2d53f5a8c0
train_6258.jpg,ea6b6ad9dc71a00b6885ab75edc3509cf64e9ac9d21c8ff91d1dcb1b5ff75ca6
train_6259.jpg,1c7c67b514dbb81d0429ccc1ba45f062649272df0e0ec20a2c0e7f424f0c8673
train_6260.jpg,5f30ec558f096767de7ca387284e9d53f0268128f93eed01b9455bd36fb65aad
train_6261.jpg,d626a73ac12fe38577bf4d61af23855ec39af05c3f16c3e1838029f797ee7631
train_6262.jpg,78fd78f7a621876db5b5f6cd11f90abd14d43e94afe956be6be6495861ce12f0
train_6263.jpg,524f46ffedacfca033014630ca85aaaa473984750421ede7265d4b6ed97eb1fc
train_6264.jpg,8b19c824df7c3815d5e00bb5752b7b5cd7f7fa5ddf74567626ef6b593152844f
train_6265.jpg,76c3d38f5dd48aa1aba5dcf4be903cd446930ecec9b0d7007a437cf0188436bf
train_6266.jpg,295f0b4258bb2ed093277e404b8dc48c6cd837f44de25782a058801088dfd5ea
train_6267.jpg,89e0dfdc55768c8f0098daffbbbffe94bccb18cc25cfc7873c4e56bf80f16708
train_6268.jpg,adacc0b2252a081c47a646c83bbec0aeb6d4bf09e18f2d35d5ed7975807d3a65
train_6269.jpg,3cd1829deb246d85affae1ed0108e4939f38cbb45b402028acbb8764450e3052
train_6270.jpg,884487bef84219285e8477e382a2a1355e61651f63c45b718ec37fec19d00052
train_6271.jpg,bc28dd96798452697077ec65536bd9c29775eddf6db29c072e26eb5f3facccff
train_6272.jpg,dd03ce648176e1b78cdcae4adff0483c305cb5a51b508898c72480aa505f6b6b
train_6273.jpg,7a9333c9b2e3bf03a1e9643c8b104ad9da829ee184bc937e2fb9f9f5e984c975
train_6274.jpg,aed7f45d2e3a0b53768a0841a28ce4a103972c0d21572624689cdf6c5ca70e7d
train_6275.jpg,4feb128cf18feb03fee13b94d12bcf058be629d6243b4c294b0dfa466079d705
train_6276.jpg,57e2a5724d4ad81ae4c84b996b4aba7f2455289af9cab94122dc9f9d09b8f870
train_6277.jpg,55360fd4606e7b6343b928f4e995e6aa9ff55c35f1e8491b39ae6c92b7e1983e
train_6278.jpg,772a54378f16e985c771b7f8160fb1a1b65efa39ba06628bbcf7ba69815a2b7f
train_6279.jpg,a5d4181cb7284194cc094d6ce761807207ccd41babfd887db7ff00f6cc0e87b7
train_6280.jpg,40adf38607a7815a91df2962797e806bc8d190f074b9cedf9364d3a12a161772
train_6281.jpg,f8141279efd07476b8b8905d11a47e28791f8698d8039d6fb54166a53f7cc493
train_6282.jpg,ed1674f01e9b86f47c90a0dd1b8412a7a3c2e32befbdf13580b4da6b38e8d2f7
train_6283.jpg,7b1ea805b98109c7362d9379823ebc4a459de44f768d0325df2729c91e06fc2b
train_6284.jpg,c8eb2f8d46fda27b5f78a7c14fad1364257f9bd6a237817103aef9dd7c54666d
train_6285.jpg,61aa977c3913ae9e05acc2b024679321573955ce94a3f6d0789936ab26f7472c
train_6286.jpg,7f0f1e70e0b7e7c29df826526cb7d3d656bf3db179376c7f0343fd24736c8fb1
train_6287.jpg,f1599116222c84787d2e6eadaf72bd7703495720ee4ad9689f969b267cf6ef8c
train_6288.jpg,ffa531e7f2b2c439f525603ef3671c9a1e25f2fb4a4b3909678de90113f59b3f
train_6289.jpg,abbd526c717742a69f5a72b5944b8fb3110305d5d2dca744ff30dae1c4d9a7fb
train_6290.jpg,e3b5afb7602fc60f74bbcb454e392dc4fa8b3ad843a470f2254bc03f90f76a3e
train_6291.jpg,94a6c19540e4259da510c85362d1957af9c555f1f4b9959dd28deac5c2e666ce
train_6292.jpg,1f92a1110caa401d95a12b2147d225799b903de6a985b24fbad8da578f6b6c5c
train_6293.jpg,0712e99f684fca3e5a8c5e632633306ff18e7cf4bf9b09de0e3715fd35b525a5
train_6294.jpg,03ca8f08321e51f834bb172022d2219cfab58e9fd00f0f6c9635982143381dc0
train_6295.jpg,060846215c5ae39604086f4da7bff90fae12b63192584464ea68b5511674e90d
train_6296.jpg,1783514ae475729e72cc717aebcacf06266c23fede9f4db590c4122d070be719
train_6297.jpg,92737431d57fe57b3ff28f0bfa52a40138b18d8277bfea15992280c7fa5dd6f7
train_6298.jpg,f7aefd2fec1684e32b2399909c55f37b5bfe7d9c715045448cb5f4947783444a
train_6299.jpg,b798e0c3a0eb8d7c83632bd70fc5ce48fcc3e352860c558801e654d217bf8a54
train_6300.jpg,e3f3b09bb8b1116451b6871930571f5c322a00c903a5f619c9e7d54c534acb78
train_6301.jpg,1123fdb3e4541fba23894903c853b04f2d4c6204f8f2291809307a415dd78df2
train_6302.jpg,a5b0f62c10f1abef222f2730094d9f6925f91e18f300207a98fc910d7e2fa223
train_6303.jpg,f52398c2baf985fa9a0e7240e40d87bf44867f4b71556bd2bec55cceaa87f1ce
train_6304.jpg,6efc86dcd9c9ca652b84abf54ccc593c6be766fde025bb05f7f04317b3841ea5
train_6305.jpg,b603d5c13b0a47d0ec675c10aa628715e4b85505598f771b06fbd8ff25c59420
train_6306.jpg,6f5d6dcf6378726b376a7b23998aa455880f8eb9d0ea0cebf888bf5fe102b7ad
train_6307.jpg,e41fdd2d6691dcaf240560fa308d55850bea1eeb435462623b1263f07cbef799
train_6308.jpg,5497ec2f22ca9c7c5ed41df00eef15cd3003361b6293c5e90470408ab06cc737
train_6309.jpg,8180643472767fd68f2bab6314017eb2dd45f61a81524d62e8272ccac428c365
train_6310.jpg,1a1082d95024ada576416a1cc15addfb1f1a5f34d5dfec0a867e5416141290e1
train_6311.jpg,019a96324d24885e7d59381f6d833c25a39906b08dbcb84e0c9d83215a632b19
train_6312.jpg,56cb507fe7bd9027bb950dee13da51aadfd831b4bcdf09c2b641161b801d1ea4
train_6313.jpg,2d8621c7ffd8e379d6001389d32c4884bac0988d7979d9090c465bc8112482d1
train_6314.jpg,ebe993098c271ca6a4344ab8ffa4292e254c5385005e80002bd32e1c7c6b071c
train_6315.jpg,15001a19ffb5ecdc9a20169896b1e13626da00d0fe86b0f0581f8a743333a9e9
train_6316.jpg,6aad79be499956a3a6a8d8e16ff170e410e64a2706c11431e9247f4cefc42c05
train_6317.jpg,25f22ec592ce38f137ee1727fa01819345796dc4ba81b3f657a51b015ce22baf
train_6318.jpg,1f2025a9bd2466ff6a397213ec799a3903d75df6d2530d67308a28b1ced31fa3
train_6319.jpg,bdde42510230333f9cb2d44b888d7fed3f309b92e779c2f234f2f85cfbd34ef5
train_6320.jpg,cd1ef46cf73ed610faed758f7faca472fa69ccfbe959c1a6298b30f76ee68363
train_6321.jpg,6ff1a4485e68192e8fa9577d3304e0bf491d6395e1e3fc11c9a0586de898966a
train_6322.jpg,c8b567c1b7f9d8de13942650f8d3abb52040eb8a6e1d8260184a70d6bc6de7b6
train_6323.jpg,5cab981a9d01a7c78c601b765551ade25a115af1ac0b0168b180d52562d5773f
train_6324.jpg,fb2e00dacf52a43b74f13671e81778f16c0bc0d72a8bb30aed3c1299b90abf6f
train_6325.jpg,699cb8f19a296baa34319bd3c555c390a27bd3c2b37bcd5616fdb9536efa6698
train_6326.jpg,5f10284e2da296a7998b5dd160c09ebd760df813d4e2b1c593b3439edbc8aeb1
train_6327.jpg,be74300ed4b396e9cc9244293fe5cdaea760bb567550887d4425833168dd2e4d
train_6328.jpg,21217be60687581a502b7d9b733e7fd9b3cf04f16c1fbd17f2f1c7b26689ddea
train_6329.jpg,0364f8c64f0234284a3c0644826eef229a2ac950508abcc70b3c3c14bce1a645
train_6330.jpg,bb6ad2f9638d30d72959c69c544cf1edeea7c591039175ffb3a1910cce7f133e
train_6331.jpg,c4f83cf45cec21b10b6869e38edb1e07f50a5617f503aadbb8d5b6f5e4f3fe4b
train_6332.jpg,7037b1b2764b426335072073e03878f135ab2d474e7b2778639dcfa41dd8135a
train_6333.jpg,31364dfdb9caa481e0fb20e03dbe46967854813333ed83caecf8bbc1cd405462
train_6334.jpg,6deaff6c2108031460bc15849d2beeb018f891158a72211a47dc8edd570b8417
train_6335.jpg,aa158714d1e9c2f7ed23d63554b36f18a99a7c849f8b0eafab963c21d8acd027
train_6336.jpg,b9861378ddcec5562132be2a6613b45c836b554b595ab936602fd5dde1fd696a
train_6337.jpg,efa242404549f57d67e8f6c1851112eaa25ad0b3337f29549a04032461a00369
train_6338.jpg,0b4170f144564208907254e3de6ab45d62de5594626079019f9c19628bbc9c1a
train_6339.jpg,56b0d0c6f338540dfaa730824683122062c04827df35d78763944623efad75f2
train_6340.jpg,970081ba5210a65df90be4234783fe68820399a30e0aaee56c34c105386681be
train_6341.jpg,5f9ff20a18d17dfac14ef3e1dab2c61b62520f88a70bccb628ead273ce89633c
train_6342.jpg,9b3ccf14423a8369dbf71062869e6fa8a98fa29cafd81f3adeec97bfd6acca60
train_6343.jpg,0ad92fd0f6b0f222c0fd718c759042783c6d49e2f6fed2284432b436d1ac68fb
train_6344.jpg,e011ab35b0ec8b506f68744492490731e2e054a0eabca1dbd48752e52178c974
train_6345.jpg,c5964d44b0e61812e444633c74c0a0b70b6c3d0301b2881ced30401a97fa869d
train_6346.jpg,d87348f850a7feffddae9684c0a7c50de09175d33bc32fbc777e924594041966
train_6347.jpg,896ec8612e7a749d6c9065197f82b8380171cfc31534021de088dd014f3189df
train_6348.jpg,bce9520e5dbf9384663595077acfc29172c15933b90e48f71396eba636a24761
train_6349.jpg,772792a5899cdf39efaa33bfeda3c4dfc1b331ca3aa58e0471ecdab33e94ea61
train_6350.jpg,3000cf45b6f16c4d416217378339e9e59d15a8becfa483d7d9f371c37013acaa
train_6351.jpg,a57e3e1992d8ce30f586acfb9b03f6c10f4ec8e1a83c76d39dbfd70a6c8046ab
train_6352.jpg,f273ab2c076c9211ed83b8c97bd38c51eafd94f54ecd36ef6b0461934e29d4f9
train_6353.jpg,d51b3d03c9265932b1cc773b804cd85f2199ef66261b9e8fc65bf12e90a6aa14
train_6354.jpg,6765ef740f62590cc4067b25d336d308cbd9f1ad23b960f440d8b4e8295b459c
train_6355.jpg,37053a822b10dcd255a3348cd02a5189df9eaf8368172f5ef76622fc6c7b9559
train_6356.jpg,d9edb5539531b637d52f5e1e19748a3038eec90a99bd48d6788462e18904c5cb
train_6357.jpg,81fe4ba7de54c3ed046602b4c3639cdc87f8ac59dcc6b4ab9ae8184ab22bf09a
train_6358.jpg,4c0dab17f3f77436f4fd9937e0a6975ac323319738abb17644cee2a8a35b5f61
train_6359.jpg,0c3d78063fe71baa880d8c787ea99b3fb9bbaea68536bed82b27dd61ff538637
train_6360.jpg,87801eb733ef9187c20129535eb0456c78a67a49c2ac92c6a581c463f4448f42
train_6361.jpg,dd4577f400f85fac6b09494bb1858dd53ba125787a6548575cd408718cb2a843
train_6362.jpg,fdfb0151c275bb437fa80fc64c94fe849ed61dfb17d22176957fffc934b98337
train_6363.jpg,eb127a7120fbc81bc31c44e9dc62e8a2b0c5c8a0f35ec956a8de1c59477037aa
train_6364.jpg,57e7f0c865eb7b5d0774e6a2793ff8eed81bdd13d8ecf4ac25475553f0c8eee4
train_6365.jpg,2dce80b64b61642eb89d1dbdf8d01f4764820a8115336562decddb9c5e945506
train_6366.jpg,bb5323c9aa5f361ba97a675c77aa476abe460cab5239f42d45ac8c13bbfb8b2a
train_6367.jpg,3fcfd65889a4030f79baaf31782df23bda93a547d94c2f7956b62dd5829c2dab
train_6368.jpg,09d6b02e7e9570ee14cf2fd898f27a6c15bec95fe8960178e1357eeb51748306
train_6369.jpg,a0f2e3d9f205d1b03c4b22e03a7c308c79751c4c89ef09417ca92a63aa5ea8ab
train_6370.jpg,3f56e6f796bc822d2a4e6e2cb7eb6f0147ec9e30d1f03dfa5b27817e827779e0
train_6371.jpg,aec0ffb675907ce7505fad731f5581282bbdc68b9c73ca4f303b6369e3af84e2
train_6372.jpg,b1f5d6136fa9f059f0ca3fbfd43572ad3a84f1da4a4468360df0f274fccb1ab2
train_6373.jpg,5e9d5c88cf3fab2363d1b29ffbea1b01b59be3b5a03b281ca6db32029a02120d
train_6374.jpg,e147a59a4ed47e568d00cb523567bacdf55ba6d35714fe3ad55ee7213ba9b2e9
train_6375.jpg,213485777c162686e1e0a2bb2410ce5023397fbf1b1415a7d02846c5aa808077
train_6376.jpg,31df072e4f62f9e998206fc1d47fa08c77724a6243de4bd5c68f55333645710b
train_6377.jpg,535681f145c77dfc57183d630473c73b20489f9964a15058dcd0215e4cc88f05
train_6378.jpg,60b4898b67fcd8473b1f9f9065130508789e7f463f17986b179bef244c0e818b
train_6379.jpg,0bccf3bd7e973f5c1a3b82ed79169d765f459a4e47dfce4ad672ce30548aeb3e
train_6380.jpg,54c755a68c7c035a70662a6c27c9c0afb14f60cdfa3186148158308b8c02c0a6
train_6381.jpg,f2bb16db436de3404318241086b4ed730645264656482f2282145fa6c5d3b3c9
train_6382.jpg,d40e72e38ed0a7dd81677a611a6c49804070818da3ce30dbcaf192a7b5c3e118
train_6383.jpg,436237bf62946c0ef22f7209d8e47aac8a9b94145ea804299e8448c00ca81970
train_6384.jpg,aa3379ee3be31490e0b6b2919d38e395165c1055f8023b5508bb02ee7e7d8f3f
train_6385.jpg,99a18f60ca9277a43240c9f9dae995d4adc9d5b33ddfad30d1a4db01e7ba2cac
train_6386.jpg,309b5c07116634b2b17775537e29b007a41ec8c8d85095398e40497ccb28ef31
train_6387.jpg,cf7736bdb6292d12846f3ea81e692e38c8b63b6cdfab9421ff8641d1f1a79617
train_6388.jpg,c8c32b69631fcd078b450d3715ac469bbd682b2233556331bcc17ef9d803fea6
train_6389.jpg,70e6c8365a245c543a0dc84fe4201da0bb647edc8b193fd1638819160736609a
train_6390.jpg,29a2afdf5359da73e48797140b01de4ca51b00394d59a7a202ba8b9c900fd248
train_6391.jpg,057b1873d526febcbda1cd873daf537d237948ffc348536d5983e8b52b15ae09
train_6392.jpg,54746d5d0745ab94280ed751fde055bd5b05776a713f878f59d8a118c9e1bd81
train_6393.jpg,bf53509f86c20edf9689ea18a45eb33f28e66c3993a764cf9db22f3b80e050a5
train_6394.jpg,57f96b4c48b55e04f6b47537526c4729229ea31d476880b0ca8393d6a2928658
train_6395.jpg,eb52966ddac8fbc4060c4353bfb1ce1d63c9cfdbf7c623ed8f0ed39904147591
train_6396.jpg,fb49f79c7be4f979cfdbdabcb55e475858bc8b0e655dc95165e574abf8068394
train_6397.jpg,80abc62298c224465df1007b9184d40d6bdbaf4086f6935b2af9daf49b61f653
train_6398.jpg,32b3416915f1db77cb094289e7453fdac3a011b4b2ef135f73f3ec1f15b82c15
train_6399.jpg,35185bcc8f93b3d358ce872eb0925e2adc24aed06811e00edace7252feeeb34f
train_6400.jpg,fa4d8f34d3a12f57b550ad35c23eabc65b33d642bb9bfcbfcb615cfbba2ec38d
train_6401.jpg,53e0fb26217190e27235d1a8f0d4d4fb64894b7cbb3aad2a10d6cabd3eb365d2
train_6402.jpg,6d9ae6e41ad346595214dc454b0bc116026db8c9754889d0ecd36f1029d10e90
train_6403.jpg,26b41a0e35a1e32154ebdf3ee61cbb3c1264820175f26d0d030b2d2267bc32e3
train_6404.jpg,7f65dd1c81795bd0be56374a37ddfa5d206ba953c3edbcd5365d67b78047558b
train_6405.jpg,bf88d6270a0e16738684c950e0b485ea2edde643a610496c4e335a928efdc6b8
train_6406.jpg,d199f63b5c28fdff70a2adb806bef22259b29bbd153df76ca992fdd763336047
train_6407.jpg,4edcce6973587dac4554a2932fe90273d4c77c8fb4543f1af20c23ce7bb4e226
train_6408.jpg,da2fb20d2c0c6f23cabb6fc2929aa994cfde2139a4deba1c1e1fc743b09bf58d
train_6409.jpg,0a7bf2e19cfd3cc53555c9309266d0e28cbb3e0dfa60b52f213594494f9cc9c5
train_6410.jpg,c6b97c81d7969bb7bb3dc7e4e8ef937e25e742c25666caf34572f52738dde399
train_6411.jpg,ce3af67f8e09a2e6859a62450a8ab19fffd8b4d27c617a347698fce1da397ed2
train_6412.jpg,847e60680a0cd23b87ca6223d1b2ef27130e46e408547c6ef63b407c74530ad3
train_6413.jpg,2d0c618f20951165e2038a54862bdd0f50c4800bd85cbdde27f19f01d9a64f3f
train_6414.jpg,b8ff0a352f8a3fed33471f9deeb60f2e90bed5740a5677db9675449eca3db038
train_6415.jpg,fb2e33eb440423f4444af73d92879b86cb06744f008f7e9a065922f88b1c4974
train_6416.jpg,e4f14b467dd835527f9d33acbf62615fec2fe56e5d40cd22b989363ccc75f701
train_6417.jpg,57733c35ee2073a4db1e779f591753381474f1d30bcc4448fba8bafc19c28222
train_6418.jpg,89a94e92aef4a75d0e09f3efb4c829b32ec5c308f62e0e88b46b7045111b9fa0
train_6419.jpg,f062a3b4baff540c290069b6eb6535cbe378c1422367c4c1901b28b8ae546354
train_6420.jpg,17bd742ddf317eb6105418759f204774b68283ec60063335889848ab1dd8bdbc
train_6421.jpg,128f8917f47bb14a4ff0352a0e095dfc3ca84b0979f3173225d24c94dbdc94eb
train_6422.jpg,0c8740004255b7e5025b52d621b115aff7d333ff9fd7597c2b49c1c5da163361
train_6423.jpg,928c048e86ed1ee499f9a3cb9d741ebdfc35cff35cc2f4e03c656d95f463798f
train_6424.jpg,4bb0aed945f6f03e87db1b0ccc9f502b85fd3d231e998812768172c7cc9df64d
train_6425.jpg,19d16de329dc7de0899acd457793145187e904a7f4f88289af5971974148969e
train_6426.jpg,7e1dd4598063da9986e7d26e14928f0270b6dfb16d9597e92103cbcbc4287cdb
train_6427.jpg,e92dafb8bfef26ecd7ebcd387851b30e52b1db48cf9d4c96da0fa70a9f93e6a3
train_6428.jpg,f774e46a1400c92b49c7e57f3d53ba29294428441137cddebf484143a6872e51
train_6429.jpg,a9ebcb68b1d8be3b809163473818470c5020b38cc5978c420ceae78e15b238fd
train_6430.jpg,f84f6d6299cd9f6ea8a4c8a109b19677bebcd9395b33f010b08f08f031bf5901
train_6431.jpg,f94b9b8e852af884c4c1a8baf565b949e02f2eb4f42d39a35b87e1c7a2b58636
train_6432.jpg,7c215b661c19414cc283770bba20d9a62302736c62f66f75e41621afb94570af
train_6433.jpg,ae3c5f18ca030d417a7667dac43d190bb8172adb580a60dfda7889a2f680d04c
train_6434.jpg,1e54cbebf3dfb4621e27a7cefcec5767021e3d91f8c09c4f26b1f5a3a52ae173
train_6435.jpg,f0b4150333901be6306ce281eb3c07ffbf5e907e6154ca0bd5375babff322ed6
train_6436.jpg,9696f3b53aca36d763b8518b5fc2e9c1343b3dae32a459a851d81d57ca7906b9
train_6437.jpg,2d2f2ad3647bc4051e790e656d8dc398aaa8ad901244472f55865139f3dab361
train_6438.jpg,8e77642bffbe6fae22d2149d6702f8600150cc764744cffa2d1c942b21ac7abd
train_6439.jpg,8198e0c7ca02d142476fc16f485cbe29d74ad771ef23b1dc4fd1180879e31c60
train_6440.jpg,087d2c08a3ed49890f2db77a7e713db5fb64a61c79fea90aec1a49c0baea4982
train_6441.jpg,d2f20a8bd7270f13550aa6c89b70f225312f0ad5fbb971b7283cc471f5151389
train_6442.jpg,4edf4e2e635bca76e8909462e188375b6862215d21d9293abbb69d02323e5898
train_6443.jpg,f45a14fe8777eb5886b2f02be5eb51725a74c52b5dd89e3b7269d503f1f324a8
train_6444.jpg,597474e5b92c1053edbd37831a7da28b24f19b7c51cbf7a20b3f244bc69ae07c
train_6445.jpg,9bfb079009c2ff8f941faf423564aa3cc309d84f2007fb5913bb80cf3c89f3ca
train_6446.jpg,43d1f3811bea9348e4b1c6e7e531654b801da47072339a74e99e89cd62b7d805
train_6447.jpg,c59ce7a4154cdb569a22efe35a29fe374883368e7fff23e69faeae0865e0c1b9
train_6448.jpg,86f9ae027f925bc2e8b7144129707085d1308ed04630ac6ac23d6056693cad6f
train_6449.jpg,4e8ee2f9accac68355b059e1f3ec07003a820c5d48346863eba76d3c13489bbf
train_6450.jpg,d8f4d37b3a719eb0cbb04c640410667292cf2098d1566c6a6159254daa2b50d6
train_6451.jpg,a29796a8578c24893590b9dde3a31b70892c4cb1474b7454ca006d4d7804c98f
train_6452.jpg,de21152d2b020fa7ca22fe2c9b0bb9a92754dcf37aa305daa3d1f21c5086b8dd
train_6453.jpg,c033ee5d2fe93a5144b305ff7e91d2ee334fabddc3e42e18cba2d61a77968f1b
train_6454.jpg,86fd2b3deec95bc8a037e7c2686939c48c633720fd581c348deb6f296851ed63
train_6455.jpg,b58a923514bf6cc0df96fd3dcf597df4ad78ff140cd7b3d8b3a8b0667b7549d4
train_6456.jpg,4359f3909d0401b6e26f6c30f76d2c422cebb8472516624b180064194522e509
train_6457.jpg,89b20f6f4b0248d28f9d0b7df0b2c4d2cb0a976f244e0ad2788ab577f0352cca
train_6458.jpg,bd2047b9d6c11ab7d694e7742483d06634636c74f963fc020582185c274a57c9
train_6459.jpg,2afd43d751571daecad363021544c3922c9fb45f929db503e0aa0b61394df3d6
train_6460.jpg,9d08ed7c7b5bef22f764ce500ad4e94bfc5072b144135263db50ca9557d60a31
train_6461.jpg,672506a0e1d27e852ca84bbe69c1002f3f0e9f3f382ca1160398d0e984efddb3
train_6462.jpg,96d52822e25d226bf32949ce0a7f8bac8880547aa597001148d5c7aa7bd6ddae
train_6463.jpg,5fefdd2a1c86dcd275171828a3f0d11de4182643ddd11eb323ad0c350b6fac30
train_6464.jpg,83be74dd14989385b6b4634d6992c1c8b057f5d8d12375bda0c04abb9f44e1ba
train_6465.jpg,bdf2a6b8818d3e64c0cf09064eb08f1c1094f2c0d6a37b2901d17b143bf571d2
train_6466.jpg,f93427113859ec335256aedbb1975faacebcbdd7ead875e65287da992a01f9cd
train_6467.jpg,22bd226dc66656908d2724c454854e42f477061b5df884cf66d78addc7909a5b
train_6468.jpg,3d3d4ae0a510b5e259ff7e877cfd3f8aab754e5838d8b22de2e278561b5606cf
train_6469.jpg,a6367e9765b162df1bb55ad48cfc8eef0261f0031c9e33e28ac3ee8416ead07f
train_6470.jpg,25a00cd5494e4c44095515a99bbbef4986bccfc22c22c6168cee5f56a69d32d4
train_6471.jpg,c9b42c799ff6dd2c79b4507b253c8227571b96ceeeed972daf89d8cbc8866812
train_6472.jpg,e33d969c514cc8c1f7476a6c025c5ffec8b6e5b31527240954b234cdd151689a
train_6473.jpg,967261e0f5098e0b7a92ab3b9e9498f6167bfadf0ab71a14026274128573656b
train_6474.jpg,b71edbbae92bacaf6c04545fa0f98ed744c73531202475bfaa8945ebcebabae2
train_6475.jpg,83a6fce70d9925491dce30cb9d3767384efca7e147b8113514e4ac22a05b24a2
train_6476.jpg,8ca2ab583328a7050bdcd0bce45aded1c824f685b97a1499d808f026cdc4150f
train_6477.jpg,4202ba008987a90bd8c6a8d1474575a55d417d858f383416ccb8ae770c4b9bae
train_6478.jpg,3d8fca6cb0ddded5f1a4e1d9649126731f296cadb7543c2e7b0fcb3791b1eec0
train_6479.jpg,65521918045852f80875a838d0aac225144821e6295424c542500fbcccdfabd7
train_6480.jpg,b99c4800de77af62257eb97a6411a3878943d3e1c85920ae074d7adfe9956ea1
train_6481.jpg,4982b9356c64f2faa465019fd5f8f8c77024ad4aacaf10f8b0b57b18a3da04a5
train_6482.jpg,25b08e83f9dd00a082c6446371d7a072c4965b7db1fabd6032ad679cb42290c2
train_6483.jpg,f0d46e996d78522aa7a8d7d6e4123b53354cd892114180746ff7bc5321e4b808
train_6484.jpg,99a884ffb8ffe4fe2b5c85da7275c03e457aa057961ddc1d2df7b882c8d7c3ab
train_6485.jpg,d23e8e55efcfe07ce91166310cec38dd1885503ff370a98e221f0034874ba413
train_6486.jpg,175c60b7871df7a11b374416760b48dd5196a294ead48322490b3904ba034488
train_6487.jpg,c7da4c80d2ed52b8e5fcc34680b5a1f99953c034e1aaad1d62921ba49fd7feca
train_6488.jpg,5b3a6691c7c69100236964df87a7992d8564288227d3feab683e8e692637cf99
train_6489.jpg,c4c70f9ec63462e0bf4b0c59cc4b7726aaf7fb0e84649a3a8ae69fde8a5fdfdb
train_6490.jpg,ba5713a5309099ee1fe8c45c21770399c7cf076ab7b3249fd5fbb7126fae2644
train_6491.jpg,a769f060f83d932d0eb8dd410cbb2a193b83f6773bdc0ebe7415a3b6fa1095d7
train_6492.jpg,2b5607400915df33c62d50df4fe3c78e53e9badb5b51964820c8ed3193f562d3
train_6493.jpg,8f7d9c788fa60499723f1387b2b36178726191c2edbf0d7c3723f1f5dee41d46
train_6494.jpg,b9624db7b09ad4db26ca9ad34208e34df95e47942541a03cce17d9e9eac12329
train_6495.jpg,5ac50497cabeae8382019075ed941b8430b6c197b87508f525d9109197a957cf
train_6496.jpg,f7ca7c7a1fb5237bf5bbadd8f57298c7091ebc8eb308256518aa31f776f95286
train_6497.jpg,34d1207f984e2a63265bf30334d0547416b3d17a394d3275224e5495cd0d0912
train_6498.jpg,b432a4f33e3295a48df64392473f0a5a93dd860347712a18853a39473d0b39a3
train_6499.jpg,7402a911cd724567df7a9dda26d1e782b4cf253287f53add6f6106fac5000ffa
train_6500.jpg,17ea14e3f07de55f694cec7800745716f18311a7a05757281dcf0f3ee1a5bb35
train_6501.jpg,323605f82fc115500a8d8038fcbc194ec7d724c31bccb7dd83d27f8900dc0353
train_6502.jpg,3ac94a11f6b13043863bd14e41c61cef30c83557ad517c82d66fa139ae0e7b53
train_6503.jpg,772d614d3d6678aaef11162523607710f67ed6658677d5bb97f8f7662c589efe
train_6504.jpg,debd2c00e0f85dfb55d6e37a76727da317ab1d72701d1dc1026cab0be1217222
train_6505.jpg,15941c59516f5ff1cd5659377fa438fe7fe3c8df95b6ceb5593e1a47f0ec27e8
train_6506.jpg,7330f90cc2e893d6ae62fc573a30196ebb9ac8c269d75906dd0e8eea2d60bf30
train_6507.jpg,ec7b3024a36c4ad7910510dfe177b0aa39c0a562d684853baa5a19f177352876
train_6508.jpg,494b98ecc9079b63037fc3a7944de9e18b9f264e0504879cc58eee255aa54718
train_6509.jpg,75be0b6effd11bc8f67668ae971360d069110190c15939f7067ad60c6eebfd14
train_6510.jpg,b19ddfb3a90f74d5df260711154bc7671b6e2f96ddb696225f9b4b9cb8be9eb0
train_6511.jpg,7aa8c2a1bd026a65d8c1277ac1e8b0c2ef1bd234951ed00a94119604146cb3fc
train_6512.jpg,d70801354514a3e0b2a5958ff2d2ab8ac6ae454daf0f3ef673a0c66628bad20d
train_6513.jpg,184d978bcea49af52136856548a6d58c6fffa8f10da7ddf24ed43103d4c2c9c7
train_6514.jpg,ebe9f2ab4bee6ef857398d7e5e404059e3f3372b224ec15701dfe7115ca51616
train_6515.jpg,25ecbc4c319499617f34b0f89ef926a1328ab2c2ee50bcf8f505f3e4a9b7c212
train_6516.jpg,4883526d90e4ed571c6362f0ff12895268235797976ce8517ab7b556cb90564c
train_6517.jpg,5c5231d75828eeefd19de89fc4bb69059186eac06957372d719fdef16cf2294e
train_6518.jpg,e92e319ea47cfe1648d9526d379056c98f7c00d4be013b04b539582199c07113
train_6519.jpg,5fb98982ae308b7c16db0e734751ff29ae54df79ac59fd6db09b86b9bfe4ae81
train_6520.jpg,290de60468941ce2ba02e756251f83b757bea25b9343ce0a5b6a28ecf52707eb
train_6521.jpg,9c1f779545ea38bdc08b3454524a75b2e7f5de23a9b75e89678caed52d8bf726
train_6522.jpg,e4afe9c539a3b57f91d8ecad8f30d2221d8b9f9b363aebd5b0c8df978dff6925
train_6523.jpg,79f2e4575b65fa9263d4166a18cea7ebc733bce3dfcbbb862298d41458665fdb
train_6524.jpg,3a147481f7e6dd71722e4847b43a53b487b374f6b78e870604e5843b7d41e580
train_6525.jpg,7eb5a051efd5fd6f0304b673dea5fca9559d40a06d45359b47c644fc073e206f
train_6526.jpg,68c3f43ea39e88105d27fdb18f1e1bcf3e65887a071ae4cfb5bc13866ce0fbe5
train_6527.jpg,35f664cc24f0e4a9d107086ad9a523ca006c588d15fceb95b582ebdc1372bbca
train_6528.jpg,9631c09e884d97d624b62e4b64585f3c91ffcd3bbaba19c600e30bad10ec47db
train_6529.jpg,4a58a59348300e53571a6f843a7d08975514a2cd783b2f37809687186b376d99
train_6530.jpg,29faf26c04c2ca54413458261cea748f489e62b4f1837d4ebe656f2a7ac8a33c
train_6531.jpg,1cada5e7c939d2a7b5b931583e6c15c40d82eb3f86780fb6a733195d9b5fab0c
train_6532.jpg,c5c9d6b4835601d0fdcb70d525f56e0365e7c4f6f6db4e9274f04183aaa9b4f8
train_6533.jpg,18812110687cc24281e072548f257d613d63b4057c6062d9704cd8af1018ca30
train_6534.jpg,3d74ba3e0c2d59c503b170a98235bcc1e383d657aad2126523a3da98fd75efed
train_6535.jpg,4b47c286ab71461dc673ce77fa28e939de0813ea8a7561431850242756a518e2
train_6536.jpg,730b3b61c63b20634b3679942fed1cb95dd96b34a59e92840e343fa7ead564d6
train_6537.jpg,f37b8f972c223a551d6c42c06dccc40cdc3675b01cd7daa232744befbe511173
train_6538.jpg,5dcef5d2a66047c0e58f6b73979dd49e11826bdcaf49ce9185430522ce26c9bb
train_6539.jpg,ff0709aeb7eb967e033df57d8c3f89447af1e62bd80afe0bdde3d0a173737e37
train_6540.jpg,48f605e19b3c820720660737f22bb9f55e759c107e124fb1636882495a0513b6
train_6541.jpg,00c95a7fec30fae55812c30abe081954e9c6225c5dbbf4614c5ededb6ce02b9c
train_6542.jpg,3ac52a493c0d1366d784a4cb7d0bb5d26c80b39a8859552d8de7198b7cfe09b5
train_6543.jpg,b5fcb953e8ab509df482463e745320cca3817aeebc43531e14289afa7144cbe6
train_6544.jpg,d5c101fc52cc029a51212433600c58b9b36a0b668e58ff95968a8c4fc4fd4494
train_6545.jpg,448f3dca66ee7171c8864660820beec0ec94d64a48e402f5e29bedf06aea3f9d
train_6546.jpg,98f0b7e10a42f6e7576c297ebd8820a7582a4bd17908d19a5b9d51fc012fec64
train_6547.jpg,739f405090edb8cbb14a74c02c75e5951379e0858354da2f7e89c93824aaa1c0
train_6548.jpg,2ba238bde252643552634f64c23c1e6abb55692be4757ac78b1b9e76c66a38e9
train_6549.jpg,b5c10fc87749a739233a76d84150095c6a8c1712804ede96410b0847f7d2b6b0
train_6550.jpg,c34a0ac1e399e1f3adfc6509ce4f8168d5dd26094b2a48a0a2ab9d0bc3f3c1a3
train_6551.jpg,d3119a150e7b73d06fec9a542e193443810e48532c084067cb7835049eda17e4
train_6552.jpg,5b8348ea3ee24bcacd5d610609e5759f7db9b5a62ea98b2c51083eae36caf306
train_6553.jpg,9aacae183b898d735c12040e307102ba0c5c862f59328d96ffd9daebaaa624bc
train_6554.jpg,8cb4dd5eaca6af8bc2ba74520a2f2b70b7a44d9346ac4df077627ec4603c5b28
train_6555.jpg,b81ea2308d339a957ab1f024a03e0c86e5d2ba862027dca43c222dded8750896
train_6556.jpg,1ebb572791c2521db2e76fcc1de5d9d422a715b8d0e9399bea1ff1bf16b8be9b
train_6557.jpg,f95142da4870da7dfa95ebfa5412d7b65deb71d4fdda2ebd407ad3eb17befbff
train_6558.jpg,ae26f5b83f5b6ddaa3bed421083f55b7d68141ecf6f09faf222429285852e28f
train_6559.jpg,0366de33a434acaf64aa6811b8921f2266fb10aa5b759b02f5ca6206fb3c5ebd
train_6560.jpg,8103bd1169c9ba8092825299281429de5e5e419ae76a537a7974fca54378be8b
train_6561.jpg,d5ec2e2a108191cd3ee53b375753d2f68e33c8efdfeebb1e10ffbf9566d9a899
train_6562.jpg,13eaa1a155871a42bc89be1e0015c12a8b06e0b0cbe105b4a5ea2db034e48997
train_6563.jpg,3e78de0c1ca839a1ad6816815fbf46681302c15e6ad086443ac50f29194de295
train_6564.jpg,49c62bce3abae60d34a9a44670e87602837bcf9401e26db16a263068640a6845
train_6565.jpg,ad1b0c2a0806a1f087ef5083717bbfcaeab3061ebbc6e3f00ade8d011c312906
train_6566.jpg,255b96079b3151dd26fb54359f9bcf5f3216eac37bd33f3f30f79c5c9d1bd17b
train_6567.jpg,8b840aea38921ab7aeddf893f8c2128140df1fdf9936c97453f16a8538a24212
train_6568.jpg,0ed3ab4a3ca30eca39b54b93b242e881542c9ebfe93e3f83717f854ee8e575ce
train_6569.jpg,388c9913a6de47322d3bbeaa5b009ad48ddfd18a4c1eef2f7049431d700afa34
train_6570.jpg,553a72d7ef700b54bc7b85ab1a8e34fe133c64dae6ba9e8982ea8aed84bbff40
train_6571.jpg,6f4daf66896099247a497deecbfc4cb3bd71c08d404f92b58bca93237f8f49d8
train_6572.jpg,32b02deded641ac00e0c3d62d94e743f5dd97775afa9fa2979e2437c7c3b0458
train_6573.jpg,6ba890d5ab4150836d3ea0d3aaa3aa69ebeb1dcb316871ef73e9af14b7ceea19
train_6574.jpg,f5bac2c3ba22b93f9c6f8d1afc45534853d0110258cad2041f70dcdc0faad069
train_6575.jpg,9d0c94ce8c7291c354ce7538313c6d1b9d16b519ba093c944080525856fe52e8
train_6576.jpg,500dd92474ae46ea9d9ebee98567a6f9ab88ea27caf337dba7a2ab88c13bc4b6
train_6577.jpg,d9f6e0d0ff2bbae95c2a8b8358905c53e63ca6b48b29b8a12b3cdcd2c509d112
train_6578.jpg,dd82977250f19a2a36dd184fa0c3ab4f7425bf9123686892863c59f977af0b98
train_6579.jpg,1dc507d58e1149cabd0f0df61e613c4ebe88c61067ccd84f27eca88252319f59
train_6580.jpg,9c29394bb99fac3b84c6a117007b36feabe6f0028e0dc0dbf5a4358b2c324388
train_6581.jpg,c7ded19cc2b864bfd130c750f1517e63eb7f050b4b4ea2a8cad1416d57d43689
train_6582.jpg,855518d7306866584be6c5217490239fb1711803d4d93e0e54aa0efc8abf7e30
train_6583.jpg,f7d9d6089869bdd9cb60c5a39bce80451daa9f830456abf60a91366030cf3fd8
train_6584.jpg,c5c18d87c33e8249c99f1e0fa64f794d838796b127acf33b9987dd60550d638f
train_6585.jpg,0c8fd4d93d0910fa78137104b1f0a0017eb2f24d539a550c788bf152a3add279
train_6586.jpg,f6160466ae38fa966fe4745d213ca03f8855cd6dae237884ca4ca6b400cb6ac4
train_6587.jpg,fb28526ba366623566c1f10ce045072c48e4859b5047d11d9d872b6f9046edec
train_6588.jpg,ae6dc3aa0f552b849c04eaadfa05ba6f3774002102c32e29eaf7fb1c6582f235
train_6589.jpg,827c2f1ae6124f5411d27d6908b16906a1e1c308afaf3fa1e8295b144b2e2e33
train_6590.jpg,6c7b67f07d48c0e9eb5f6db1089f6106bb6bcdbbd74f95ded5f60105842407b1
train_6591.jpg,45738296d39d345203c117afe275aac3838375efc6c658b08414718e1e00b270
train_6592.jpg,a6f7d5e1d3ecc75fe2a5f00d6707309637a73ec97e39bbb9da07d080c7df8fd1
train_6593.jpg,c724d6b0a372ba922d16effe05650e6001fe44b4d07ecfa53e1fcee8758f87b7
train_6594.jpg,79470bdc7a951cde4b099cecf22892f244c976b41ae79ff8e6676ee858beee97
train_6595.jpg,dc5eeb0569782de6e49a5027b98297b0e00341d3433e91709460ce615b19b27d
train_6596.jpg,3e5037bd9ec5b8d149bdf1a3ae611e95aea0fc0224576d38b355cd9dee0969a3
train_6597.jpg,fe20dbd9d6d469a14439afd894eb7e4fbfeaeba4553d23ae188a339bd69c2312
train_6598.jpg,058673555537b88ce3cad8d8d66ec749580731c8f736001b338a6215987646ae
train_6599.jpg,1f0452a3de59781a6f89ead81086c56a8799bf6aec906a71395d39a8cc38c13f
train_6600.jpg,cf91324f53852ccec040501ee883227ca4bc44ebfefe892ced730ae5ba1a69c9
train_6601.jpg,e3b3141aaf360cad2d011af6a9a40794bf4e325241134c92e3eae3aa57120977
train_6602.jpg,4abc41d665eb06f0950fe7ab0c83e8112517b4644dd6142121aef708c48ed991
train_6603.jpg,5fd0ef74b696b46c24b88d4eb839a2f7cfa58899735ef0ac941d790d334cbdd2
train_6604.jpg,c8b9afedf4b0698504a6e753d711039ec392d439f8d55dfce88a4c7b3aa8ada7
train_6605.jpg,4dc6972e915147afae7a622c5aca086db0ba2dca858c6946530503254dd938b7
train_6606.jpg,38c07f83978c4543ebd8b1fdbd9e41fe06c576707ab4999b1c14c780e60384aa
train_6607.jpg,2fff1e4ce5a02ba06866aa16f40d3fbfa26d0338fbefa530596507d9cdb602c5
train_6608.jpg,f21cf4704838fce1485e3992e53bcffec0e331a81858eca3f8c58c5544913bd8
train_6609.jpg,c6a3d09b24376ebb886ba079c9cc72c64532c9bbeae7c66edd5c0edcbb99b343
train_6610.jpg,f3c1fe5f0aef436acf453b703944667890c20d0616190abe1368f2ccbc8c3f80
train_6611.jpg,8152228f3f050fca7938fb8b51f18b8f5d521d6076314eb6ee2b1d84ae7d7c7f
train_6612.jpg,98f93c8941eebfead975db26aec5092f385f04fb16b1fd9088e2e02ef4b90b21
train_6613.jpg,0b24bdab8155354e98644b6100de9d8ea4a666f3fb4c242f69bec6288f3a1285
train_6614.jpg,9b0456ae282fccd0763c2be03c721d95d923ba231d442cce57dec1dbca61211d
train_6615.jpg,e6f61cc14cd49c51472eaf5beb105935a960c71f9ead0045c8b2ef2f1bdc6478
train_6616.jpg,b715c6f55a16b8ffbe413713da8a106fea9930f44523c288afef64b7ffab5dba
train_6617.jpg,9470b1cb075d028acbd2e8b970da893e21120367c38dbff068dce391d4e6b39d
train_6618.jpg,9068b4495aa01c751638d6dc097cc2aba8c1be57b9d13fc221de5ec965957b9b
train_6619.jpg,1efc6a7116b24e034f39fabcda521ed9e833fb1b756b099f4f6490fc1aac162d
train_6620.jpg,dce4265c7ae9ca049beadd251e8d81f49dd8b084f52138cdeefcb65e6f5217c5
train_6621.jpg,f2583510ec7b7b53a90542c3f230c9a757c670e4f76c982ffd56019175415bd4
train_6622.jpg,a2b6437ef7fc227ddb1f6a349ebe868650361562deef149e537494b0b28a2a8d
train_6623.jpg,818fd4f3cb813f2993a22a5456c21a56950fbfa52d40e6a34bf33392c7a6afae
train_6624.jpg,4e21f12dcea63b070f4db34ef2d93fe408b7ab1479c955698060aee01116cd45
train_6625.jpg,1010339b700e53bb57daa9ee170aea12148857d38adcdabb0e4900667232ff49
train_6626.jpg,3add8ec6e9030496997fbd1e219a5890bbee6e81c06ff3c0aa166ebcf3209b31
train_6627.jpg,e286636dfbeac35bc5b2fa5bd1c648c4b87dd0a1038b5c26e695f0cf0ee1b981
train_6628.jpg,94ff0fb64230eaacbd9f8ef8a3c5910d233f7afc7ddcf3821656dff106638b7a
train_6629.jpg,a2f0961d173482a0c5d9d0cfa433870c460101c6705bb06e692168c55079303b
train_6630.jpg,a8c930d9211b3941aa3a6107bb2598df6cef9673073b556d528803665c68898c
train_6631.jpg,a42ad5e9b4bce2832267cff6338c3a80edd5e7f299d78954fd050b92cecf1297
train_6632.jpg,42adfd4e85cf0075d18dc92f9b83d4f7b47976c79b82d0f08a1de1192e5a1a31
train_6633.jpg,a57389c291e14891ce67ff32268b833639c8a2203b263da14906b39e1d141e25
train_6634.jpg,2c1b9a75de66d35c3b07cf7f48127a9d60593e3198d069b11622ebcb79ff8346
train_6635.jpg,15ca7d02e7c73e8c3594f1cf0ef3e5b98f04dada4b56e650f46f6e6103f0234a
train_6636.jpg,b72fe7d0011e89d0e6ffb1bf6196322d8dce2839acf75dc2ba627afe32e8416d
train_6637.jpg,1cceff41ff43b343c9350df5b0dee5077fe15023f78c22042670c97668f49c15
train_6638.jpg,745ba3c306f7ad49d9dcf0e92b949c2739a5386e8505da900f6741d07ca2be12
train_6639.jpg,ebf77184951dabc52a0198194fa9413e48c2999bf46f0da7d12d54fe83bbd86b
train_6640.jpg,e00dfa3dd8f23a73e48b52452d051d8bbc4f4690b45dd7464a716e9d98dad060
train_6641.jpg,8708b7c7a5d240173f0d24e07b8016eb1977b0b079ac9756559c047bc76d080c
train_6642.jpg,fd83d128b25a9351ac19080d1195a3de5edb8bff2f91465efae24ecc73c78a2f
train_6643.jpg,2d45e6d9c11fc0e2862471a4b2a3177be8f289a36b58f03d8d287f4ab9b3a79b
train_6644.jpg,dff5b9cebc6cdf9b3aca9d2258588c8616bb4bf1b635b0cd167de0a90442134d
train_6645.jpg,ceb9c9fba7d50a37f2468ca4e263c6df83fee6f5bff0509c208429dd2a5c10c2
train_6646.jpg,7944acab726282130d853fc5919872cf837a2818575180c4ba59af7329411d04
train_6647.jpg,49bf282dafec17f97be1212056f0b12305d4e9f9ef6856d633c3e3273eec6fac
train_6648.jpg,12e1160934216bdaae320669d1298febcf9eca1fe5a272c3c6a58be7a31e43f5
train_6649.jpg,4acad91fb621c0171ecc6edde516e81b81c981d11ae8ccd8aefabe7fbebf7183
train_6650.jpg,9799ee2e1bbead913e70498f5a00ab2bf5391945a35ab5851f92734339a1d028
train_6651.jpg,01ea64ae99fa7ef6cba7ebf5fe2d4b2aeb415a5dece5484e833bf8bd86fc2319
train_6652.jpg,620285aeb80c89ba290f3faecd7dd25bd00137f86169ca68fe80665c7f9c0fde
train_6653.jpg,38799a3bae24f842c54904bb401efc53596a0d4d86981d813427800a664cb144
train_6654.jpg,357f4671e53d68e304453a6664bb3ada713ded3ef9b4b76e03cded12a92188ae
train_6655.jpg,41281a4f17074e72d74b10cb65b340e7f860ad6531e02fae58c508eae9368527
train_6656.jpg,b587375c36c607cce6e2da0396ce6d32caf71df14f416576050fd51efb26584b
train_6657.jpg,d6d46703ade34570a906fd9dfd49ddbb017a283230c1f6c7c52080ca705a6abf
train_6658.jpg,644d5e9ac101336e513de82adb8ed134987dd2af378998157de6a62526b001ad
train_6659.jpg,d635779ed273cee640c9e27ce9532e8e2cb6ad5d770336dd3e41acbd0e8ea027
train_6660.jpg,2f7ae895e569666d78e4eb92b3f651194bfee0e21b754e73a40d2f45170a0153
train_6661.jpg,948a930527e3d134691b75e4f77532aaa808773ff71127bdbaf04028633ac8e9
train_6662.jpg,8454cd509439bdc492e9c75f90114fe229365477c50da64893a65b0ea61e794e
train_6663.jpg,777d1001b3133ecd255f75a627de6d106a656e5464812df10b0721c47708bb5a
train_6664.jpg,45c66885c46c6330cf2ca089461271ff0994cb6d56503f46a31dc716502e80e6
train_6665.jpg,6a1fd1fd3b3b15ad550f5b1ccb3363123b6258c5ccb8717b9aa739ed57632ee7
train_6666.jpg,8bd1bbd8775a511b2d5293a0b55a3521da5596f72a1ced81ff927893529952cf
train_6667.jpg,ca17d7ecde0f9f823082300d374469ef01d397d1d7564acd492fddd9c4776217
train_6668.jpg,b10a809831f8f76fb966e5713ef07cf6884ddbfa2c5c562240cfd9930d3c3edf
train_6669.jpg,6fa18409027fc1079e57c17cc6725a92c5a8583b80f906af8682d0413e091196
train_6670.jpg,383aeb128a070124f4c7fda76e561eaabea652b6b93f55034def357b5a3fca06
train_6671.jpg,10a09caa6056c8dc5aa953d8c78ea222b64fa14132a0cffb8fedfee62d9f8877
train_6672.jpg,2ae155d2c85e22f1b43b9371d4934022ddce6d185092a37d3d59434d5fcd3cd7
train_6673.jpg,0d66622e26d44656a881e15a8c8baba635d5dd2a2a154a7b36c883783ea0f1fe
train_6674.jpg,e0d4e367c77d27cf3362f616584813fd8433c9ac7d4ddf28a0ce7f90f2b7db40
train_6675.jpg,d7930cb10514059e23aa96b75ea264fc588ef93992fe68b3a01663c2156b8051
train_6676.jpg,5d191372d6b1d35fe4970a8be538ee62e00095f71f9e19801ad39386010e4529
train_6677.jpg,eadd8bdcca0d6031fb4454a6d1ad88f16eb95e9775e0abb39f0215564be95606
train_6678.jpg,5f898643a5d84b29791b42012c98fb68bb10d82cb514472110922e874dbdbf1b
train_6679.jpg,69e1fa00f54c4ee3db401b03178680ef111e83caaf3cbc794ff701dfbae09f3c
train_6680.jpg,27b7079ea63bb63aedccd09be5981305c2695a026e3500bd2746398d3300fc23
train_6681.jpg,b4d9509ab94811ab019c323963ebc1e93894e09818fc8043e1ca8a2567c1302e
train_6682.jpg,a00c2e1b7305a3503c4f712ec5fd0a2d23307f724142de78b15a7f59da43f862
train_6683.jpg,f6ed60802f5e6e40352728ee592402b15f59debb35a9e8efb44e0eca93ef6c64
train_6684.jpg,8cb78dfb4bbbe2d324f126536a438d2e269a311441a1182df418c8416ed0145b
train_6685.jpg,2f8795358fec3eda68efcdb73fc6618c389734dfef20375c0875a143d5b1366c
train_6686.jpg,1ffea4f633722cba91ce61183c4695b964c0481a0c732ab684c1d817fc661d98
train_6687.jpg,b33ea4576a92ec7214814a8efa9b3be9534be2b1a5c2bf6059355c042e5d4db3
train_6688.jpg,f727b911706fc7d8b7e7e211868a6194b1b43d8723bd3ea2ab1c26e10da6fc66
train_6689.jpg,085663ce307390e3a66b6e7274983ddb750a372c56721f267d0d4730931d255b
train_6690.jpg,9ce2b9bc64af060513e71b84366ff8d4eeb9eaa688cae17090a2a2ca37f082fb
train_6691.jpg,731c4b75db1492e1264606f62bc61e3d70a72311396372ae5ab62902a341663c
train_6692.jpg,a658238492e419dac13869ae73b9328a354cd00c0411073827a28113f3ace52f
train_6693.jpg,1841856803d52dadc5407ce7f2ef7428ae686bc8bbf97b26cbdc25ac6f396599
train_6694.jpg,427ffde4f90353ff9590b07fa610e47dc5ec08637dfdc8c38047ab41eb0610ea
train_6695.jpg,a1120883acc3050699efab6f5dc999027189a81a64fbc1e0913a9f6ef39fcc20
train_6696.jpg,1bfed5dd35c03c64e27c722245c15d6deae597f4261528c4f242a0668c60e2bf
train_6697.jpg,25617ff2d9995ff462220173268171871a4f8c9a7fe0c820dfe5f9f990bfcae7
train_6698.jpg,f22be5132f692ef051a47adc9ec1771c2ff8f4e7f958362fed238bbc303962a5
train_6699.jpg,f814000e417e99f89ad0f6e0da30899ba3cb1d5f72b0028d21022523d354210a
train_6700.jpg,194fbb91edca00913d2e077b6373e50778ed944de3b4a13978a1f44309e4f243
train_6701.jpg,d69648da91606626d13584d53dee0eff685edfa5c2f22b53dbd39c16d79347d6
train_6702.jpg,9c8d10e3e62999b1e27051144faa7ce7e900fde5d616474ae12bcecf0e807855
train_6703.jpg,82979fca865c14c62b10faf3d0f4a763a367e125de855b3aceb0a68e85d7d591
train_6704.jpg,9b9886e070ee43706d369d984f2f195b92e147526696bec82f27724eecfa8ca7
train_6705.jpg,d087849485f34319e88fc3911bcea534ad3662841d5510bb0e53036412711986
train_6706.jpg,af011ef8f678fbd248100460c2ce579a7f8e7347bd58f8676562f97e2b12fcce
train_6707.jpg,600cf3db856ce74bb5e3ec33096e24667ee0efe28ac8457f286ff076f702f47d
train_6708.jpg,0ed1b1c97c321f6e505ee0e9fe77d6a2a3c6a964838a4cab80cbd58aa439a6ed
train_6709.jpg,f42827ea2fdf7396481b86cd18808d42b8707dd13607208beabda6a94f1e615f
train_6710.jpg,8b36fc0bed6bb0fd2aa88a5121382eb4ba9d5516aa9342e23ce3c668dec38216
train_6711.jpg,cb522a95a3b5f6d987253fda2a9aa6f87267dbda91e542ab30c8cbc238dad3de
train_6712.jpg,619a5bf974a0dbc37f769d12c01bb7d18ea3dd30b741e47c1ec682847051f636
train_6713.jpg,74ca7f2312e1dd52fb8186fced79c76f8d2a145240a8515470686de5ec983651
train_6714.jpg,608acc6a559486435f680bb58d60e0defb292481fbe4f8f64b677e374d5a863c
