id,split,group_id,question_type
train_0001.jpg,pool,g_train_0001.jpg,text_other
train_0002.jpg,pool,g_train_0002.jpg,text_other
train_0003.jpg,pool,g_train_0003.jpg,negation
train_0004.jpg,pool,g_train_0004.jpg,text_other
train_0006.jpg,pool,g_train_0006.jpg,position
train_0008.jpg,pool,g_train_0008.jpg,number
train_0009.jpg,pool,g_train_0009.jpg,number
train_0010.jpg,pool,g_train_0010.jpg,price
train_0011.jpg,pool,g_train_0011.jpg,text_other
train_0012.jpg,pool,g_train_0012.jpg,text_other
train_0014.jpg,pool,g_train_0014.jpg,price
train_0015.jpg,pool,g_train_0015.jpg,position
train_0016.jpg,pool,g_train_0016.jpg,text_other
train_0018.jpg,pool,g_train_0018.jpg,text_other
train_0020.jpg,pool,g_train_0020.jpg,price
train_0021.jpg,pool,g_train_0021.jpg,text_other
train_0024.jpg,pool,g_train_0024.jpg,text_other
train_0025.jpg,pool,g_train_0025.jpg,number
train_0026.jpg,pool,g_train_0026.jpg,text_other
train_0028.jpg,pool,g_train_0028.jpg,text_other
train_0029.jpg,pool,g_train_0029.jpg,text_other
train_0030.jpg,pool,g_train_0030.jpg,text_other
train_0031.jpg,pool,g_train_0031.jpg,text_other
train_0032.jpg,pool,g_train_0032.jpg,price
train_0033.jpg,pool,g_train_0033.jpg,text_other
train_0035.jpg,pool,g_train_0035.jpg,text_other
train_0036.jpg,pool,g_train_0036.jpg,position
train_0037.jpg,pool,g_train_0037.jpg,text_other
train_0038.jpg,pool,g_train_0038.jpg,negation
train_0039.jpg,pool,g_train_0039.jpg,price
train_0040.jpg,pool,g_train_0040.jpg,text_other
train_0044.jpg,pool,g_train_0044.jpg,price
train_0045.jpg,pool,g_train_0045.jpg,price
train_0046.jpg,pool,g_train_0046.jpg,text_other
train_0047.jpg,pool,g_train_0047.jpg,text_other
train_0048.jpg,pool,g_train_0048.jpg,position
train_0049.jpg,pool,g_train_0049.jpg,text_other
train_0050.jpg,pool,g_train_0050.jpg,text_other
train_0051.jpg,pool,g_train_0051.jpg,text_other
train_0052.jpg,pool,g_train_0052.jpg,text_other
train_0053.jpg,pool,g_train_0053.jpg,negation
train_0056.jpg,pool,g_train_0056.jpg,text_other
train_0059.jpg,pool,g_train_0059.jpg,text_other
train_0060.jpg,pool,g_train_0060.jpg,text_other
train_0063.jpg,pool,g_train_0063.jpg,text_other
train_0064.jpg,pool,g_train_0064.jpg,number
train_0066.jpg,pool,g_train_0066.jpg,text_other
train_0068.jpg,pool,g_train_0068.jpg,position
train_0069.jpg,pool,g_train_0069.jpg,text_other
train_0070.jpg,pool,g_train_0070.jpg,price
train_0071.jpg,pool,g_train_0071.jpg,text_other
train_0072.jpg,pool,g_train_0072.jpg,price
train_0075.jpg,pool,g_train_0075.jpg,text_other
train_0076.jpg,pool,g_train_0076.jpg,text_other
train_0077.jpg,pool,g_train_0077.jpg,price
train_0079.jpg,pool,g_train_0079.jpg,text_other
train_0080.jpg,pool,g_train_0080.jpg,text_other
train_0081.jpg,pool,g_train_0081.jpg,position
train_0084.jpg,pool,g_train_0084.jpg,text_other
train_0086.jpg,pool,g_train_0086.jpg,text_other
train_0087.jpg,pool,g_train_0087.jpg,price
train_0088.jpg,pool,g_train_0088.jpg,text_other
train_0089.jpg,pool,g_train_0089.jpg,number
train_0090.jpg,pool,g_train_0090.jpg,text_other
train_0091.jpg,pool,g_train_0091.jpg,text_other
train_0092.jpg,pool,g_train_0092.jpg,price
train_0093.jpg,pool,g_train_0093.jpg,text_other
train_0095.jpg,pool,g_train_0095.jpg,price
train_0096.jpg,pool,g_train_0096.jpg,price
train_0097.jpg,pool,g_train_0097.jpg,text_other
train_0098.jpg,pool,g_train_0098.jpg,text_other
train_0100.jpg,pool,g_train_0100.jpg,price
train_0101.jpg,pool,g_train_0101.jpg,text_other
train_0102.jpg,pool,g_train_0102.jpg,text_other
train_0104.jpg,pool,g_train_0104.jpg,price
train_0105.jpg,pool,g_train_0105.jpg,text_other
train_0106.jpg,pool,g_train_0106.jpg,text_other
train_0107.jpg,pool,g_train_0107.jpg,text_other
train_0108.jpg,pool,g_train_0108.jpg,text_other
train_0109.jpg,pool,g_train_0109.jpg,number
train_0112.jpg,pool,g_train_0112.jpg,position
train_0115.jpg,pool,g_train_0115.jpg,position
train_0116.jpg,pool,g_train_0116.jpg,text_other
train_0117.jpg,pool,g_train_0117.jpg,text_other
train_0118.jpg,pool,g_train_0118.jpg,price
train_0119.jpg,pool,g_train_0119.jpg,text_other
train_0120.jpg,pool,g_train_0120.jpg,text_other
train_0122.jpg,pool,g_train_0122.jpg,text_other
train_0124.jpg,pool,g_train_0124.jpg,text_other
train_0125.jpg,pool,g_train_0125.jpg,text_other
train_0127.jpg,pool,g_train_0127.jpg,number
train_0129.jpg,pool,g_train_0129.jpg,number
train_0130.jpg,pool,g_train_0130.jpg,position
train_0132.jpg,pool,g_train_0132.jpg,text_other
train_0133.jpg,pool,g_train_0133.jpg,text_other
train_0134.jpg,pool,g_train_0134.jpg,number
train_0135.jpg,pool,g_train_0135.jpg,text_other
train_0136.jpg,pool,g_train_0136.jpg,text_other
train_0137.jpg,pool,g_train_0137.jpg,number
train_0139.jpg,pool,g_train_0139.jpg,negation
train_0140.jpg,pool,g_train_0140.jpg,text_other
train_0141.jpg,pool,g_train_0141.jpg,text_other
train_0142.jpg,pool,g_train_0142.jpg,number
train_0143.jpg,pool,g_train_0143.jpg,text_other
train_0144.jpg,pool,g_train_0144.jpg,number
train_0147.jpg,pool,g_train_0147.jpg,number
train_0149.jpg,pool,g_train_0149.jpg,price
train_0151.jpg,pool,g_train_0151.jpg,text_other
train_0154.jpg,pool,g_train_0154.jpg,text_other
train_0157.jpg,pool,g_train_0157.jpg,number
train_0159.jpg,pool,g_train_0159.jpg,text_other
train_0160.jpg,pool,g_train_0160.jpg,text_other
train_0161.jpg,pool,g_train_0161.jpg,price
train_0165.jpg,pool,g_train_0165.jpg,text_other
train_0166.jpg,pool,g_train_0166.jpg,position
train_0167.jpg,pool,g_train_0167.jpg,text_other
train_0168.jpg,pool,g_train_0168.jpg,price
train_0169.jpg,pool,g_train_0169.jpg,text_other
train_0171.jpg,pool,g_train_0171.jpg,text_other
train_0172.jpg,pool,g_train_0172.jpg,text_other
train_0173.jpg,pool,g_train_0173.jpg,text_other
train_0174.jpg,pool,g_train_0174.jpg,text_other
train_0175.jpg,pool,g_train_0175.jpg,text_other
train_0176.jpg,pool,g_train_0176.jpg,text_other
train_0178.jpg,pool,g_train_0178.jpg,text_other
train_0180.jpg,pool,g_train_0180.jpg,text_other
train_0184.jpg,pool,g_train_0184.jpg,price
train_0185.jpg,pool,g_train_0185.jpg,number
train_0189.jpg,pool,g_train_0189.jpg,text_other
train_0190.jpg,pool,g_train_0190.jpg,number
train_0191.jpg,pool,g_train_0191.jpg,price
train_0192.jpg,pool,g_train_0192.jpg,price
train_0194.jpg,pool,g_train_0194.jpg,text_other
train_0195.jpg,pool,g_train_0195.jpg,text_other
train_0199.jpg,pool,g_train_0199.jpg,text_other
train_0200.jpg,pool,g_train_0200.jpg,text_other
train_0201.jpg,pool,g_train_0201.jpg,text_other
train_0204.jpg,pool,g_train_0204.jpg,text_other
train_0205.jpg,pool,g_train_0205.jpg,position
train_0206.jpg,pool,g_train_0206.jpg,text_other
train_0210.jpg,pool,g_train_0210.jpg,negation
train_0211.jpg,pool,g_train_0211.jpg,price
train_0212.jpg,pool,g_train_0212.jpg,price
train_0213.jpg,pool,g_train_0213.jpg,price
train_0215.jpg,pool,g_train_0215.jpg,price
train_0219.jpg,pool,g_train_0219.jpg,text_other
train_0222.jpg,pool,g_train_0222.jpg,text_other
train_0224.jpg,pool,g_train_0224.jpg,text_other
train_0227.jpg,pool,g_train_0227.jpg,position
train_0230.jpg,pool,g_train_0230.jpg,text_other
train_0231.jpg,pool,g_train_0231.jpg,text_other
train_0232.jpg,pool,g_train_0232.jpg,text_other
train_0235.jpg,pool,g_train_0235.jpg,price
train_0236.jpg,pool,g_train_0236.jpg,price
train_0238.jpg,pool,g_train_0238.jpg,text_other
train_0239.jpg,pool,g_train_0239.jpg,position
train_0240.jpg,pool,g_train_0240.jpg,text_other
train_0241.jpg,pool,g_train_0241.jpg,number
train_0242.jpg,pool,g_train_0242.jpg,negation
train_0243.jpg,pool,g_train_0243.jpg,number
train_0244.jpg,pool,g_train_0244.jpg,text_other
train_0245.jpg,pool,g_train_0245.jpg,text_other
train_0246.jpg,pool,g_train_0246.jpg,text_other
train_0248.jpg,pool,g_train_0248.jpg,text_other
train_0250.jpg,pool,g_train_0250.jpg,position
train_0251.jpg,pool,g_train_0251.jpg,negation
train_0253.jpg,pool,g_train_0253.jpg,text_other
train_0255.jpg,pool,g_train_0255.jpg,text_other
train_0257.jpg,pool,g_train_0257.jpg,text_other
train_0258.jpg,pool,g_train_0258.jpg,text_other
train_0259.jpg,pool,g_train_0259.jpg,price
train_0260.jpg,pool,g_train_0260.jpg,text_other
train_0261.jpg,pool,g_train_0261.jpg,text_other
train_0262.jpg,pool,g_train_0262.jpg,number
train_0263.jpg,pool,g_train_0263.jpg,price
train_0264.jpg,pool,g_train_0264.jpg,text_other
train_0265.jpg,pool,g_train_0265.jpg,text_other
train_0266.jpg,pool,g_train_0266.jpg,text_other
train_0268.jpg,pool,g_train_0268.jpg,text_other
train_0269.jpg,pool,g_train_0269.jpg,text_other
train_0270.jpg,pool,g_train_0270.jpg,text_other
train_0272.jpg,pool,g_train_0272.jpg,text_other
train_0273.jpg,pool,g_train_0273.jpg,price
train_0274.jpg,pool,g_train_0274.jpg,text_other
train_0277.jpg,pool,g_train_0277.jpg,text_other
train_0278.jpg,pool,g_train_0278.jpg,price
train_0279.jpg,pool,g_train_0279.jpg,text_other
train_0280.jpg,pool,g_train_0280.jpg,price
train_0281.jpg,pool,g_train_0281.jpg,text_other
train_0283.jpg,pool,g_train_0283.jpg,negation
train_0284.jpg,pool,g_train_0284.jpg,number
train_0285.jpg,pool,g_train_0285.jpg,text_other
train_0287.jpg,pool,g_train_0287.jpg,text_other
train_0288.jpg,pool,g_train_0288.jpg,text_other
train_0291.jpg,pool,g_train_0291.jpg,price
train_0293.jpg,pool,g_train_0293.jpg,text_other
train_0294.jpg,pool,g_train_0294.jpg,text_other
train_0296.jpg,pool,g_train_0296.jpg,text_other
train_0297.jpg,pool,g_train_0297.jpg,position
train_0301.jpg,pool,g_train_0301.jpg,price
train_0302.jpg,pool,g_train_0302.jpg,text_other
train_0305.jpg,pool,g_train_0305.jpg,text_other
train_0306.jpg,pool,g_train_0306.jpg,text_other
train_0308.jpg,pool,g_train_0308.jpg,text_other
train_0309.jpg,pool,g_train_0309.jpg,text_other
train_0310.jpg,pool,g_train_0310.jpg,text_other
train_0311.jpg,pool,g_train_0311.jpg,text_other
train_0312.jpg,pool,g_train_0312.jpg,text_other
train_0313.jpg,pool,g_train_0313.jpg,text_other
train_0314.jpg,pool,g_train_0314.jpg,text_other
train_0315.jpg,pool,g_train_0315.jpg,text_other
train_0316.jpg,pool,g_train_0316.jpg,negation
train_0317.jpg,pool,g_train_0317.jpg,text_other
train_0319.jpg,pool,g_train_0319.jpg,text_other
train_0322.jpg,pool,g_train_0322.jpg,position
train_0323.jpg,pool,g_train_0323.jpg,price
train_0324.jpg,pool,g_train_0324.jpg,position
train_0325.jpg,pool,g_train_0325.jpg,text_other
train_0326.jpg,pool,g_train_0326.jpg,text_other
train_0328.jpg,pool,g_train_0328.jpg,text_other
train_0330.jpg,pool,g_train_0330.jpg,text_other
train_0331.jpg,pool,g_train_0331.jpg,text_other
train_0332.jpg,pool,g_train_0332.jpg,text_other
train_0333.jpg,pool,g_train_0333.jpg,text_other
train_0334.jpg,pool,g_train_0334.jpg,text_other
train_0337.jpg,pool,g_train_0337.jpg,text_other
train_0338.jpg,pool,g_train_0338.jpg,text_other
train_0339.jpg,pool,g_train_0339.jpg,text_other
train_0341.jpg,pool,g_train_0341.jpg,text_other
train_0343.jpg,pool,g_train_0343.jpg,text_other
train_0344.jpg,pool,g_train_0344.jpg,text_other
train_0346.jpg,pool,g_train_0346.jpg,text_other
train_0347.jpg,pool,g_train_0347.jpg,position
train_0348.jpg,pool,g_train_0348.jpg,price
train_0349.jpg,pool,g_train_0349.jpg,text_other
train_0351.jpg,pool,g_train_0351.jpg,price
train_0352.jpg,pool,g_train_0352.jpg,text_other
train_0356.jpg,pool,g_train_0356.jpg,text_other
train_0357.jpg,pool,g_train_0357.jpg,text_other
train_0358.jpg,pool,g_train_0358.jpg,text_other
train_0359.jpg,pool,g_train_0359.jpg,text_other
train_0360.jpg,pool,g_train_0360.jpg,text_other
train_0364.jpg,pool,g_train_0364.jpg,price
train_0366.jpg,pool,g_train_0366.jpg,price
train_0368.jpg,pool,g_train_0368.jpg,position
train_0370.jpg,pool,g_train_0370.jpg,text_other
train_0371.jpg,pool,g_train_0371.jpg,text_other
train_0372.jpg,pool,g_train_0372.jpg,position
train_0373.jpg,pool,g_train_0373.jpg,text_other
train_0374.jpg,pool,g_train_0374.jpg,text_other
train_0377.jpg,pool,g_train_0377.jpg,text_other
train_0378.jpg,pool,g_train_0378.jpg,text_other
train_0380.jpg,pool,g_train_0380.jpg,text_other
train_0381.jpg,pool,g_train_0381.jpg,negation
train_0385.jpg,pool,g_train_0385.jpg,text_other
train_0386.jpg,pool,g_train_0386.jpg,text_other
train_0388.jpg,pool,g_train_0388.jpg,text_other
train_0389.jpg,pool,g_train_0389.jpg,text_other
train_0392.jpg,pool,g_train_0392.jpg,number
train_0393.jpg,pool,g_train_0393.jpg,price
train_0394.jpg,pool,g_train_0394.jpg,text_other
train_0395.jpg,pool,g_train_0395.jpg,number
train_0396.jpg,pool,g_train_0396.jpg,text_other
train_0397.jpg,pool,g_train_0397.jpg,text_other
train_0398.jpg,pool,g_train_0398.jpg,negation
train_0399.jpg,pool,g_train_0399.jpg,text_other
train_0401.jpg,pool,g_train_0401.jpg,text_other
train_0402.jpg,pool,g_train_0402.jpg,text_other
train_0404.jpg,pool,g_train_0404.jpg,text_other
train_0406.jpg,pool,g_train_0406.jpg,text_other
train_0409.jpg,pool,g_train_0409.jpg,text_other
train_0410.jpg,pool,g_train_0410.jpg,text_other
train_0412.jpg,pool,g_train_0412.jpg,text_other
train_0414.jpg,pool,g_train_0414.jpg,text_other
train_0416.jpg,pool,g_train_0416.jpg,text_other
train_0417.jpg,pool,g_train_0417.jpg,price
train_0418.jpg,pool,g_train_0418.jpg,text_other
train_0420.jpg,pool,g_train_0420.jpg,text_other
train_0421.jpg,pool,g_train_0421.jpg,text_other
train_0422.jpg,pool,g_train_0422.jpg,text_other
train_0423.jpg,pool,g_train_0423.jpg,number
train_0424.jpg,pool,g_train_0424.jpg,text_other
train_0425.jpg,pool,g_train_0425.jpg,number
train_0426.jpg,pool,g_train_0426.jpg,text_other
train_0427.jpg,pool,g_train_0427.jpg,text_other
train_0428.jpg,pool,g_train_0428.jpg,number
train_0429.jpg,pool,g_train_0429.jpg,text_other
train_0430.jpg,pool,g_train_0430.jpg,negation
train_0431.jpg,pool,g_train_0431.jpg,number
train_0435.jpg,pool,g_train_0435.jpg,number
train_0436.jpg,pool,g_train_0436.jpg,price
train_0438.jpg,pool,g_train_0438.jpg,price
train_0439.jpg,pool,g_train_0439.jpg,price
train_0440.jpg,pool,g_train_0440.jpg,text_other
train_0441.jpg,pool,g_train_0441.jpg,number
train_0443.jpg,pool,g_train_0443.jpg,text_other
train_0444.jpg,pool,g_train_0444.jpg,text_other
train_0445.jpg,pool,g_train_0445.jpg,text_other
train_0446.jpg,pool,g_train_0446.jpg,text_other
train_0448.jpg,pool,g_train_0448.jpg,negation
train_0450.jpg,pool,g_train_0450.jpg,number
train_0452.jpg,pool,g_train_0452.jpg,price
train_0454.jpg,pool,g_train_0454.jpg,price
train_0457.jpg,pool,g_train_0457.jpg,text_other
train_0461.jpg,pool,g_train_0461.jpg,text_other
train_0462.jpg,pool,g_train_0462.jpg,price
train_0465.jpg,pool,g_train_0465.jpg,negation
train_0466.jpg,pool,g_train_0466.jpg,text_other
train_0469.jpg,pool,g_train_0469.jpg,text_other
train_0471.jpg,pool,g_train_0471.jpg,price
train_0472.jpg,pool,g_train_0472.jpg,text_other
train_0473.jpg,pool,g_train_0473.jpg,number
train_0474.jpg,pool,g_train_0474.jpg,text_other
train_0475.jpg,pool,g_train_0475.jpg,price
train_0476.jpg,pool,g_train_0476.jpg,text_other
train_0478.jpg,pool,g_train_0478.jpg,text_other
train_0479.jpg,pool,g_train_0479.jpg,number
train_0481.jpg,pool,g_train_0481.jpg,text_other
train_0482.jpg,pool,g_train_0482.jpg,number
train_0484.jpg,pool,g_train_0484.jpg,number
train_0485.jpg,pool,g_train_0485.jpg,price
train_0486.jpg,pool,g_train_0486.jpg,number
train_0487.jpg,pool,g_train_0487.jpg,number
train_0489.jpg,pool,g_train_0489.jpg,text_other
train_0490.jpg,pool,g_train_0490.jpg,text_other
train_0492.jpg,pool,g_train_0492.jpg,text_other
train_0493.jpg,pool,g_train_0493.jpg,text_other
train_0494.jpg,pool,g_train_0494.jpg,text_other
train_0495.jpg,pool,g_train_0495.jpg,price
train_0496.jpg,pool,g_train_0496.jpg,text_other
train_0498.jpg,pool,g_train_0498.jpg,number
train_0499.jpg,pool,g_train_0499.jpg,text_other
train_0500.jpg,pool,g_train_0500.jpg,text_other
train_0501.jpg,pool,g_train_0501.jpg,text_other
train_0503.jpg,pool,g_train_0503.jpg,text_other
train_0504.jpg,pool,g_train_0504.jpg,text_other
train_0506.jpg,pool,g_train_0506.jpg,text_other
train_0508.jpg,pool,g_train_0508.jpg,text_other
train_0509.jpg,pool,g_train_0509.jpg,price
train_0510.jpg,pool,g_train_0510.jpg,text_other
train_0512.jpg,pool,g_train_0512.jpg,price
train_0513.jpg,pool,g_train_0513.jpg,text_other
train_0516.jpg,pool,g_train_0516.jpg,number
train_0518.jpg,pool,g_train_0518.jpg,text_other
train_0519.jpg,pool,g_train_0519.jpg,text_other
train_0520.jpg,pool,g_train_0520.jpg,number
train_0521.jpg,pool,g_train_0521.jpg,text_other
train_0526.jpg,pool,g_train_0526.jpg,negation
train_0529.jpg,pool,g_train_0529.jpg,text_other
train_0531.jpg,pool,g_train_0531.jpg,text_other
train_0535.jpg,pool,g_train_0535.jpg,price
train_0537.jpg,pool,g_train_0537.jpg,text_other
train_0541.jpg,pool,g_train_0541.jpg,text_other
train_0542.jpg,pool,g_train_0542.jpg,text_other
train_0543.jpg,pool,g_train_0543.jpg,price
train_0544.jpg,pool,g_train_0544.jpg,text_other
train_0546.jpg,pool,g_train_0546.jpg,text_other
train_0547.jpg,pool,g_train_0547.jpg,text_other
train_0548.jpg,pool,g_train_0548.jpg,text_other
train_0550.jpg,pool,g_train_0550.jpg,text_other
train_0552.jpg,pool,g_train_0552.jpg,text_other
train_0553.jpg,pool,g_train_0553.jpg,text_other
train_0554.jpg,pool,g_train_0554.jpg,price
train_0555.jpg,pool,g_train_0555.jpg,number
train_0557.jpg,pool,g_train_0557.jpg,position
train_0558.jpg,pool,g_train_0558.jpg,position
train_0559.jpg,pool,g_train_0559.jpg,negation
train_0561.jpg,pool,g_train_0561.jpg,text_other
train_0562.jpg,pool,g_train_0562.jpg,price
train_0563.jpg,pool,g_train_0563.jpg,text_other
train_0565.jpg,pool,g_train_0565.jpg,text_other
train_0567.jpg,pool,g_train_0567.jpg,text_other
train_0568.jpg,pool,g_train_0568.jpg,text_other
train_0569.jpg,pool,g_train_0569.jpg,text_other
train_0570.jpg,pool,g_train_0570.jpg,text_other
train_0571.jpg,pool,g_train_0571.jpg,text_other
train_0572.jpg,pool,g_train_0572.jpg,text_other
train_0573.jpg,pool,g_train_0573.jpg,text_other
train_0574.jpg,pool,g_train_0574.jpg,number
train_0575.jpg,pool,g_train_0575.jpg,position
train_0577.jpg,pool,g_train_0577.jpg,position
train_0578.jpg,pool,g_train_0578.jpg,text_other
train_0579.jpg,pool,g_train_0579.jpg,number
train_0581.jpg,pool,g_train_0581.jpg,text_other
train_0583.jpg,pool,g_train_0583.jpg,text_other
train_0584.jpg,pool,g_train_0584.jpg,text_other
train_0585.jpg,pool,g_train_0585.jpg,text_other
train_0587.jpg,pool,g_train_0587.jpg,text_other
train_0588.jpg,pool,g_train_0588.jpg,price
train_0589.jpg,pool,g_train_0589.jpg,number
train_0590.jpg,pool,g_train_0590.jpg,text_other
train_0593.jpg,pool,g_train_0593.jpg,number
train_0594.jpg,pool,g_train_0594.jpg,text_other
train_0595.jpg,pool,g_train_0595.jpg,negation
train_0596.jpg,pool,g_train_0596.jpg,number
train_0597.jpg,pool,g_train_0597.jpg,text_other
train_0598.jpg,pool,g_train_0598.jpg,number
train_0602.jpg,pool,g_train_0602.jpg,price
train_0603.jpg,pool,g_train_0603.jpg,text_other
train_0604.jpg,pool,g_train_0604.jpg,text_other
train_0605.jpg,pool,g_train_0605.jpg,text_other
train_0610.jpg,pool,g_train_0610.jpg,text_other
train_0611.jpg,pool,g_train_0611.jpg,text_other
train_0613.jpg,pool,g_train_0613.jpg,text_other
train_0616.jpg,pool,g_train_0616.jpg,text_other
train_0617.jpg,pool,g_train_0617.jpg,position
train_0618.jpg,pool,g_train_0618.jpg,text_other
train_0619.jpg,pool,g_train_0619.jpg,text_other
train_0620.jpg,pool,g_train_0620.jpg,number
train_0621.jpg,pool,g_train_0621.jpg,text_other
train_0622.jpg,pool,g_train_0622.jpg,text_other
train_0624.jpg,pool,g_train_0624.jpg,text_other
train_0625.jpg,pool,g_train_0625.jpg,number
train_0626.jpg,pool,g_train_0626.jpg,price
train_0627.jpg,pool,g_train_0627.jpg,price
train_0628.jpg,pool,g_train_0628.jpg,text_other
train_0629.jpg,pool,g_train_0629.jpg,text_other
train_0635.jpg,pool,g_train_0635.jpg,text_other
train_0636.jpg,pool,g_train_0636.jpg,negation
train_0637.jpg,pool,g_train_0637.jpg,text_other
train_0638.jpg,pool,g_train_0638.jpg,price
train_0639.jpg,pool,g_train_0639.jpg,text_other
train_0641.jpg,pool,g_train_0641.jpg,number
train_0642.jpg,pool,g_train_0642.jpg,text_other
train_0644.jpg,pool,g_train_0644.jpg,text_other
train_0646.jpg,pool,g_train_0646.jpg,text_other
train_0648.jpg,pool,g_train_0648.jpg,text_other
train_0649.jpg,pool,g_train_0649.jpg,price
train_0653.jpg,pool,g_train_0653.jpg,text_other
train_0654.jpg,pool,g_train_0654.jpg,text_other
train_0655.jpg,pool,g_train_0655.jpg,text_other
train_0656.jpg,pool,g_train_0656.jpg,text_other
train_0657.jpg,pool,g_train_0657.jpg,price
train_0658.jpg,pool,g_train_0658.jpg,position
train_0659.jpg,pool,g_train_0659.jpg,text_other
train_0660.jpg,pool,g_train_0660.jpg,text_other
train_0661.jpg,pool,g_train_0661.jpg,text_other
train_0662.jpg,pool,g_train_0662.jpg,text_other
train_0667.jpg,pool,g_train_0667.jpg,text_other
train_0670.jpg,pool,g_train_0670.jpg,number
train_0671.jpg,pool,g_train_0671.jpg,text_other
train_0672.jpg,pool,g_train_0672.jpg,text_other
train_0676.jpg,pool,g_train_0676.jpg,number
train_0677.jpg,pool,g_train_0677.jpg,text_other
train_0679.jpg,pool,g_train_0679.jpg,text_other
train_0683.jpg,pool,g_train_0683.jpg,number
train_0689.jpg,pool,g_train_0689.jpg,text_other
train_0691.jpg,pool,g_train_0691.jpg,text_other
train_0692.jpg,pool,g_train_0692.jpg,text_other
train_0693.jpg,pool,g_train_0693.jpg,text_other
train_0694.jpg,pool,g_train_0694.jpg,price
train_0695.jpg,pool,g_train_0695.jpg,number
train_0696.jpg,pool,g_train_0696.jpg,text_other
train_0699.jpg,pool,g_train_0699.jpg,text_other
train_0700.jpg,pool,g_train_0700.jpg,text_other
train_0701.jpg,pool,g_train_0701.jpg,text_other
train_0702.jpg,pool,g_train_0702.jpg,text_other
train_0703.jpg,pool,g_train_0703.jpg,text_other
train_0704.jpg,pool,g_train_0704.jpg,text_other
train_0705.jpg,pool,g_train_0705.jpg,text_other
train_0706.jpg,pool,g_train_0706.jpg,number
train_0707.jpg,pool,g_train_0707.jpg,text_other
train_0713.jpg,pool,g_train_0713.jpg,text_other
train_0715.jpg,pool,g_train_0715.jpg,position
train_0717.jpg,pool,g_train_0717.jpg,text_other
train_0718.jpg,pool,g_train_0718.jpg,text_other
train_0719.jpg,pool,g_train_0719.jpg,text_other
train_0720.jpg,pool,g_train_0720.jpg,text_other
train_0721.jpg,pool,g_train_0721.jpg,text_other
train_0722.jpg,pool,g_train_0722.jpg,negation
train_0723.jpg,pool,g_train_0723.jpg,text_other
train_0724.jpg,pool,g_train_0724.jpg,text_other
train_0726.jpg,pool,g_train_0726.jpg,text_other
train_0727.jpg,pool,g_train_0727.jpg,number
train_0728.jpg,pool,g_train_0728.jpg,negation
train_0729.jpg,pool,g_train_0729.jpg,text_other
train_0730.jpg,pool,g_train_0730.jpg,text_other
train_0732.jpg,pool,g_train_0732.jpg,negation
train_0733.jpg,pool,g_train_0733.jpg,text_other
train_0735.jpg,pool,g_train_0735.jpg,text_other
train_0739.jpg,pool,g_train_0739.jpg,text_other
train_0741.jpg,pool,g_train_0741.jpg,text_other
train_0743.jpg,pool,g_train_0743.jpg,price
train_0747.jpg,pool,g_train_0747.jpg,position
train_0749.jpg,pool,g_train_0749.jpg,text_other
train_0751.jpg,pool,g_train_0751.jpg,text_other
train_0753.jpg,pool,g_train_0753.jpg,text_other
train_0754.jpg,pool,g_train_0754.jpg,price
train_0755.jpg,pool,g_train_0755.jpg,price
train_0756.jpg,pool,g_train_0756.jpg,text_other
train_0758.jpg,pool,g_train_0758.jpg,negation
train_0759.jpg,pool,g_train_0759.jpg,text_other
train_0763.jpg,pool,g_train_0763.jpg,text_other
train_0766.jpg,pool,g_train_0766.jpg,text_other
train_0767.jpg,pool,g_train_0767.jpg,price
train_0768.jpg,pool,g_train_0768.jpg,text_other
train_0771.jpg,pool,g_train_0771.jpg,position
train_0772.jpg,pool,g_train_0772.jpg,text_other
train_0775.jpg,pool,g_train_0775.jpg,price
train_0777.jpg,pool,g_train_0777.jpg,text_other
train_0778.jpg,pool,g_train_0778.jpg,text_other
train_0780.jpg,pool,g_train_0780.jpg,price
train_0781.jpg,pool,g_train_0781.jpg,text_other
train_0782.jpg,pool,g_train_0782.jpg,number
train_0783.jpg,pool,g_train_0783.jpg,negation
train_0784.jpg,pool,g_train_0784.jpg,text_other
train_0785.jpg,pool,g_train_0785.jpg,number
train_0787.jpg,pool,g_train_0787.jpg,text_other
train_0788.jpg,pool,g_train_0788.jpg,text_other
train_0793.jpg,pool,g_train_0793.jpg,price
train_0794.jpg,pool,g_train_0794.jpg,text_other
train_0795.jpg,pool,g_train_0795.jpg,price
train_0796.jpg,pool,g_train_0796.jpg,text_other
train_0798.jpg,pool,g_train_0798.jpg,text_other
train_0799.jpg,pool,g_train_0799.jpg,text_other
train_0801.jpg,pool,g_train_0801.jpg,price
train_0803.jpg,pool,g_train_0803.jpg,text_other
train_0804.jpg,pool,g_train_0804.jpg,number
train_0805.jpg,pool,g_train_0805.jpg,position
train_0809.jpg,pool,g_train_0809.jpg,text_other
train_0810.jpg,pool,g_train_0810.jpg,text_other
train_0811.jpg,pool,g_train_0811.jpg,text_other
train_0813.jpg,pool,g_train_0813.jpg,number
train_0815.jpg,pool,g_train_0815.jpg,price
train_0816.jpg,pool,g_train_0816.jpg,text_other
train_0817.jpg,pool,g_train_0817.jpg,text_other
train_0818.jpg,pool,g_train_0818.jpg,number
train_0819.jpg,pool,g_train_0819.jpg,text_other
train_0820.jpg,pool,g_train_0820.jpg,number
train_0821.jpg,pool,g_train_0821.jpg,text_other
train_0822.jpg,pool,g_train_0822.jpg,negation
train_0823.jpg,pool,g_train_0823.jpg,text_other
train_0824.jpg,pool,g_train_0824.jpg,text_other
train_0826.jpg,pool,g_train_0826.jpg,text_other
train_0827.jpg,pool,g_train_0827.jpg,price
train_0828.jpg,pool,g_train_0828.jpg,text_other
train_0830.jpg,pool,g_train_0830.jpg,text_other
train_0832.jpg,pool,g_train_0832.jpg,text_other
train_0833.jpg,pool,g_train_0833.jpg,text_other
train_0834.jpg,pool,g_train_0834.jpg,text_other
train_0835.jpg,pool,g_train_0835.jpg,text_other
train_0836.jpg,pool,g_train_0836.jpg,text_other
train_0840.jpg,pool,g_train_0840.jpg,text_other
train_0843.jpg,pool,g_train_0843.jpg,text_other
train_0845.jpg,pool,g_train_0845.jpg,text_other
train_0847.jpg,pool,g_train_0847.jpg,text_other
train_0848.jpg,pool,g_train_0848.jpg,text_other
train_0851.jpg,pool,g_train_0851.jpg,text_other
train_0853.jpg,pool,g_train_0853.jpg,text_other
train_0854.jpg,pool,g_train_0854.jpg,text_other
train_0855.jpg,pool,g_train_0855.jpg,text_other
train_0856.jpg,pool,g_train_0856.jpg,text_other
train_0857.jpg,pool,g_train_0857.jpg,text_other
train_0858.jpg,pool,g_train_0858.jpg,text_other
train_0859.jpg,pool,g_train_0859.jpg,text_other
train_0860.jpg,pool,g_train_0860.jpg,text_other
train_0865.jpg,pool,g_train_0865.jpg,text_other
train_0867.jpg,pool,g_train_0867.jpg,price
train_0868.jpg,pool,g_train_0868.jpg,text_other
train_0869.jpg,pool,g_train_0869.jpg,text_other
train_0871.jpg,pool,g_train_0871.jpg,text_other
train_0873.jpg,pool,g_train_0873.jpg,price
train_0874.jpg,pool,g_train_0874.jpg,text_other
train_0875.jpg,pool,g_train_0875.jpg,number
train_0877.jpg,pool,g_train_0877.jpg,text_other
train_0878.jpg,pool,g_train_0878.jpg,text_other
train_0879.jpg,pool,g_train_0879.jpg,text_other
train_0881.jpg,pool,g_train_0881.jpg,text_other
train_0884.jpg,pool,g_train_0884.jpg,position
train_0885.jpg,pool,g_train_0885.jpg,text_other
train_0887.jpg,pool,g_train_0887.jpg,negation
train_0890.jpg,pool,g_train_0890.jpg,text_other
train_0891.jpg,pool,g_train_0891.jpg,number
train_0892.jpg,pool,g_train_0892.jpg,text_other
train_0895.jpg,pool,g_train_0895.jpg,text_other
train_0896.jpg,pool,g_train_0896.jpg,position
train_0898.jpg,pool,g_train_0898.jpg,price
train_0899.jpg,pool,g_train_0899.jpg,text_other
train_0901.jpg,pool,g_train_0901.jpg,text_other
train_0905.jpg,pool,g_train_0905.jpg,text_other
train_0906.jpg,pool,g_train_0906.jpg,text_other
train_0907.jpg,pool,g_train_0907.jpg,text_other
train_0908.jpg,pool,g_train_0908.jpg,text_other
train_0910.jpg,pool,g_train_0910.jpg,number
train_0911.jpg,pool,g_train_0911.jpg,price
train_0912.jpg,pool,g_train_0912.jpg,text_other
train_0914.jpg,pool,g_train_0914.jpg,price
train_0916.jpg,pool,g_train_0916.jpg,text_other
train_0917.jpg,pool,g_train_0917.jpg,negation
train_0918.jpg,pool,g_train_0918.jpg,text_other
train_0919.jpg,pool,g_train_0919.jpg,text_other
train_0920.jpg,pool,g_train_0920.jpg,price
train_0923.jpg,pool,g_train_0923.jpg,text_other
train_0924.jpg,pool,g_train_0924.jpg,text_other
train_0926.jpg,pool,g_train_0926.jpg,text_other
train_0927.jpg,pool,g_train_0927.jpg,position
train_0929.jpg,pool,g_train_0929.jpg,text_other
train_0930.jpg,pool,g_train_0930.jpg,negation
train_0934.jpg,pool,g_train_0934.jpg,text_other
train_0935.jpg,pool,g_train_0935.jpg,number
train_0936.jpg,pool,g_train_0936.jpg,price
train_0937.jpg,pool,g_train_0937.jpg,text_other
train_0938.jpg,pool,g_train_0938.jpg,text_other
train_0945.jpg,pool,g_train_0945.jpg,number
train_0946.jpg,pool,g_train_0946.jpg,price
train_0948.jpg,pool,g_train_0948.jpg,text_other
train_0950.jpg,pool,g_train_0950.jpg,price
train_0954.jpg,pool,g_train_0954.jpg,text_other
train_0955.jpg,pool,g_train_0955.jpg,text_other
train_0956.jpg,pool,g_train_0956.jpg,text_other
train_0957.jpg,pool,g_train_0957.jpg,text_other
train_0964.jpg,pool,g_train_0964.jpg,position
train_0965.jpg,pool,g_train_0965.jpg,text_other
train_0966.jpg,pool,g_train_0966.jpg,text_other
train_0967.jpg,pool,g_train_0967.jpg,text_other
train_0969.jpg,pool,g_train_0969.jpg,text_other
train_0970.jpg,pool,g_train_0970.jpg,text_other
train_0974.jpg,pool,g_train_0974.jpg,price
train_0977.jpg,pool,g_train_0977.jpg,text_other
train_0980.jpg,pool,g_train_0980.jpg,position
train_0981.jpg,pool,g_train_0981.jpg,text_other
train_0982.jpg,pool,g_train_0982.jpg,text_other
train_0983.jpg,pool,g_train_0983.jpg,number
train_0984.jpg,pool,g_train_0984.jpg,text_other
train_0985.jpg,pool,g_train_0985.jpg,negation
train_0986.jpg,pool,g_train_0986.jpg,text_other
train_0988.jpg,pool,g_train_0988.jpg,text_other
train_0994.jpg,pool,g_train_0994.jpg,text_other
train_0995.jpg,pool,g_train_0995.jpg,text_other
train_0996.jpg,pool,g_train_0996.jpg,price
train_0998.jpg,pool,g_train_0998.jpg,text_other
train_0999.jpg,pool,g_train_0999.jpg,negation
train_1000.jpg,pool,g_train_1000.jpg,text_other
train_1001.jpg,pool,g_train_1001.jpg,text_other
train_1002.jpg,pool,g_train_1002.jpg,text_other
train_1003.jpg,pool,g_train_1003.jpg,text_other
train_1004.jpg,pool,g_train_1004.jpg,text_other
train_1006.jpg,pool,g_train_1006.jpg,text_other
train_1007.jpg,pool,g_train_1007.jpg,text_other
train_1009.jpg,pool,g_train_1009.jpg,negation
train_1010.jpg,pool,g_train_1010.jpg,text_other
train_1011.jpg,pool,g_train_1011.jpg,position
train_1013.jpg,pool,g_train_1013.jpg,text_other
train_1014.jpg,pool,g_train_1014.jpg,text_other
train_1016.jpg,pool,g_train_1016.jpg,position
train_1017.jpg,pool,g_train_1017.jpg,text_other
train_1019.jpg,pool,g_train_1019.jpg,text_other
train_1020.jpg,pool,g_train_1020.jpg,text_other
train_1021.jpg,pool,g_train_1021.jpg,text_other
train_1023.jpg,pool,g_train_1023.jpg,price
train_1025.jpg,pool,g_train_1025.jpg,text_other
train_1026.jpg,pool,g_train_1026.jpg,number
train_1027.jpg,pool,g_train_1027.jpg,text_other
train_1029.jpg,pool,g_train_1029.jpg,text_other
train_1030.jpg,pool,g_train_1030.jpg,text_other
train_1033.jpg,pool,g_train_1033.jpg,negation
train_1037.jpg,pool,g_train_1037.jpg,price
train_1038.jpg,pool,g_train_1038.jpg,text_other
train_1039.jpg,pool,g_train_1039.jpg,position
train_1040.jpg,pool,g_train_1040.jpg,text_other
train_1041.jpg,pool,g_train_1041.jpg,text_other
train_1042.jpg,pool,g_train_1042.jpg,text_other
train_1044.jpg,pool,g_train_1044.jpg,text_other
train_1045.jpg,pool,g_train_1045.jpg,negation
train_1046.jpg,pool,g_train_1046.jpg,price
train_1049.jpg,pool,g_train_1049.jpg,number
train_1050.jpg,pool,g_train_1050.jpg,text_other
train_1051.jpg,pool,g_train_1051.jpg,text_other
train_1052.jpg,pool,g_train_1052.jpg,text_other
train_1055.jpg,pool,g_train_1055.jpg,text_other
train_1056.jpg,pool,g_train_1056.jpg,text_other
train_1058.jpg,pool,g_train_1058.jpg,text_other
train_1059.jpg,pool,g_train_1059.jpg,text_other
train_1060.jpg,pool,g_train_1060.jpg,text_other
train_1061.jpg,pool,g_train_1061.jpg,text_other
train_1062.jpg,pool,g_train_1062.jpg,text_other
train_1063.jpg,pool,g_train_1063.jpg,position
train_1066.jpg,pool,g_train_1066.jpg,text_other
train_1067.jpg,pool,g_train_1067.jpg,text_other
train_1068.jpg,pool,g_train_1068.jpg,number
train_1071.jpg,pool,g_train_1071.jpg,text_other
train_1072.jpg,pool,g_train_1072.jpg,number
train_1074.jpg,pool,g_train_1074.jpg,number
train_1075.jpg,pool,g_train_1075.jpg,text_other
train_1076.jpg,pool,g_train_1076.jpg,text_other
train_1078.jpg,pool,g_train_1078.jpg,position
train_1079.jpg,pool,g_train_1079.jpg,text_other
train_1080.jpg,pool,g_train_1080.jpg,price
train_1081.jpg,pool,g_train_1081.jpg,number
train_1082.jpg,pool,g_train_1082.jpg,text_other
train_1083.jpg,pool,g_train_1083.jpg,text_other
train_1085.jpg,pool,g_train_1085.jpg,price
train_1086.jpg,pool,g_train_1086.jpg,text_other
train_1087.jpg,pool,g_train_1087.jpg,text_other
train_1088.jpg,pool,g_train_1088.jpg,text_other
train_1089.jpg,pool,g_train_1089.jpg,price
train_1090.jpg,pool,g_train_1090.jpg,text_other
train_1091.jpg,pool,g_train_1091.jpg,text_other
train_1092.jpg,pool,g_train_1092.jpg,position
train_1093.jpg,pool,g_train_1093.jpg,text_other
train_1095.jpg,pool,g_train_1095.jpg,text_other
train_1096.jpg,pool,g_train_1096.jpg,negation
train_1097.jpg,pool,g_train_1097.jpg,text_other
train_1099.jpg,pool,g_train_1099.jpg,price
train_1101.jpg,pool,g_train_1101.jpg,text_other
train_1102.jpg,pool,g_train_1102.jpg,text_other
train_1103.jpg,pool,g_train_1103.jpg,text_other
train_1104.jpg,pool,g_train_1104.jpg,text_other
train_1105.jpg,pool,g_train_1105.jpg,text_other
train_1106.jpg,pool,g_train_1106.jpg,text_other
train_1107.jpg,pool,g_train_1107.jpg,price
train_1108.jpg,pool,g_train_1108.jpg,price
train_1109.jpg,pool,g_train_1109.jpg,text_other
train_1110.jpg,pool,g_train_1110.jpg,text_other
train_1114.jpg,pool,g_train_1114.jpg,price
train_1116.jpg,pool,g_train_1116.jpg,text_other
train_1117.jpg,pool,g_train_1117.jpg,text_other
train_1118.jpg,pool,g_train_1118.jpg,number
train_1119.jpg,pool,g_train_1119.jpg,number
train_1123.jpg,pool,g_train_1123.jpg,number
train_1127.jpg,pool,g_train_1127.jpg,text_other
train_1128.jpg,pool,g_train_1128.jpg,text_other
train_1129.jpg,pool,g_train_1129.jpg,text_other
train_1130.jpg,pool,g_train_1130.jpg,price
train_1131.jpg,pool,g_train_1131.jpg,text_other
train_1132.jpg,pool,g_train_1132.jpg,text_other
train_1133.jpg,pool,g_train_1133.jpg,text_other
train_1135.jpg,pool,g_train_1135.jpg,text_other
train_1137.jpg,pool,g_train_1137.jpg,price
train_1138.jpg,pool,g_train_1138.jpg,position
train_1140.jpg,pool,g_train_1140.jpg,text_other
train_1142.jpg,pool,g_train_1142.jpg,text_other
train_1144.jpg,pool,g_train_1144.jpg,position
train_1147.jpg,pool,g_train_1147.jpg,text_other
train_1149.jpg,pool,g_train_1149.jpg,text_other
train_1154.jpg,pool,g_train_1154.jpg,text_other
train_1155.jpg,pool,g_train_1155.jpg,negation
train_1157.jpg,pool,g_train_1157.jpg,text_other
train_1160.jpg,pool,g_train_1160.jpg,text_other
train_1163.jpg,pool,g_train_1163.jpg,text_other
train_1164.jpg,pool,g_train_1164.jpg,number
train_1165.jpg,pool,g_train_1165.jpg,text_other
train_1166.jpg,pool,g_train_1166.jpg,text_other
train_1167.jpg,pool,g_train_1167.jpg,text_other
train_1168.jpg,pool,g_train_1168.jpg,negation
train_1169.jpg,pool,g_train_1169.jpg,text_other
train_1172.jpg,pool,g_train_1172.jpg,text_other
train_1175.jpg,pool,g_train_1175.jpg,text_other
train_1176.jpg,pool,g_train_1176.jpg,number
train_1178.jpg,pool,g_train_1178.jpg,position
train_1179.jpg,pool,g_train_1179.jpg,text_other
train_1181.jpg,pool,g_train_1181.jpg,text_other
train_1182.jpg,pool,g_train_1182.jpg,text_other
train_1183.jpg,pool,g_train_1183.jpg,number
train_1186.jpg,pool,g_train_1186.jpg,price
train_1187.jpg,pool,g_train_1187.jpg,text_other
train_1188.jpg,pool,g_train_1188.jpg,text_other
train_1191.jpg,pool,g_train_1191.jpg,text_other
train_1192.jpg,pool,g_train_1192.jpg,text_other
train_1193.jpg,pool,g_train_1193.jpg,price
train_1196.jpg,pool,g_train_1196.jpg,number
train_1198.jpg,pool,g_train_1198.jpg,text_other
train_1200.jpg,pool,g_train_1200.jpg,price
train_1203.jpg,pool,g_train_1203.jpg,number
train_1204.jpg,pool,g_train_1204.jpg,negation
train_1205.jpg,pool,g_train_1205.jpg,text_other
train_1206.jpg,pool,g_train_1206.jpg,text_other
train_1208.jpg,pool,g_train_1208.jpg,text_other
train_1209.jpg,pool,g_train_1209.jpg,text_other
train_1210.jpg,pool,g_train_1210.jpg,text_other
train_1212.jpg,pool,g_train_1212.jpg,price
train_1213.jpg,pool,g_train_1213.jpg,text_other
train_1214.jpg,pool,g_train_1214.jpg,position
train_1215.jpg,pool,g_train_1215.jpg,price
train_1216.jpg,pool,g_train_1216.jpg,text_other
train_1217.jpg,pool,g_train_1217.jpg,negation
train_1218.jpg,pool,g_train_1218.jpg,number
train_1220.jpg,pool,g_train_1220.jpg,text_other
train_1221.jpg,pool,g_train_1221.jpg,text_other
train_1222.jpg,pool,g_train_1222.jpg,negation
train_1223.jpg,pool,g_train_1223.jpg,text_other
train_1225.jpg,pool,g_train_1225.jpg,price
train_1227.jpg,pool,g_train_1227.jpg,text_other
train_1228.jpg,pool,g_train_1228.jpg,negation
train_1230.jpg,pool,g_train_1230.jpg,text_other
train_1232.jpg,pool,g_train_1232.jpg,negation
train_1234.jpg,pool,g_train_1234.jpg,position
train_1235.jpg,pool,g_train_1235.jpg,negation
train_1236.jpg,pool,g_train_1236.jpg,negation
train_1238.jpg,pool,g_train_1238.jpg,number
train_1239.jpg,pool,g_train_1239.jpg,text_other
train_1240.jpg,pool,g_train_1240.jpg,price
train_1241.jpg,pool,g_train_1241.jpg,text_other
train_1242.jpg,pool,g_train_1242.jpg,text_other
train_1244.jpg,pool,g_train_1244.jpg,price
train_1245.jpg,pool,g_train_1245.jpg,text_other
train_1246.jpg,pool,g_train_1246.jpg,text_other
train_1247.jpg,pool,g_train_1247.jpg,price
train_1248.jpg,pool,g_train_1248.jpg,text_other
train_1249.jpg,pool,g_train_1249.jpg,text_other
train_1250.jpg,pool,g_train_1250.jpg,text_other
train_1252.jpg,pool,g_train_1252.jpg,position
train_1253.jpg,pool,g_train_1253.jpg,position
train_1257.jpg,pool,g_train_1257.jpg,text_other
train_1259.jpg,pool,g_train_1259.jpg,price
train_1260.jpg,pool,g_train_1260.jpg,text_other
train_1262.jpg,pool,g_train_1262.jpg,text_other
train_1264.jpg,pool,g_train_1264.jpg,text_other
train_1267.jpg,pool,g_train_1267.jpg,negation
train_1268.jpg,pool,g_train_1268.jpg,text_other
train_1269.jpg,pool,g_train_1269.jpg,text_other
train_1270.jpg,pool,g_train_1270.jpg,text_other
train_1271.jpg,pool,g_train_1271.jpg,text_other
train_1272.jpg,pool,g_train_1272.jpg,text_other
train_1273.jpg,pool,g_train_1273.jpg,number
train_1274.jpg,pool,g_train_1274.jpg,text_other
train_1275.jpg,pool,g_train_1275.jpg,text_other
train_1276.jpg,pool,g_train_1276.jpg,number
train_1277.jpg,pool,g_train_1277.jpg,position
train_1278.jpg,pool,g_train_1278.jpg,text_other
train_1282.jpg,pool,g_train_1282.jpg,price
train_1283.jpg,pool,g_train_1283.jpg,text_other
train_1284.jpg,pool,g_train_1284.jpg,text_other
train_1286.jpg,pool,g_train_1286.jpg,price
train_1287.jpg,pool,g_train_1287.jpg,text_other
train_1288.jpg,pool,g_train_1288.jpg,negation
train_1289.jpg,pool,g_train_1289.jpg,text_other
train_1290.jpg,pool,g_train_1290.jpg,price
train_1291.jpg,pool,g_train_1291.jpg,number
train_1292.jpg,pool,g_train_1292.jpg,text_other
train_1293.jpg,pool,g_train_1293.jpg,text_other
train_1294.jpg,pool,g_train_1294.jpg,text_other
train_1295.jpg,pool,g_train_1295.jpg,price
train_1296.jpg,pool,g_train_1296.jpg,text_other
train_1300.jpg,pool,g_train_1300.jpg,text_other
train_1303.jpg,pool,g_train_1303.jpg,text_other
train_1305.jpg,pool,g_train_1305.jpg,number
train_1306.jpg,pool,g_train_1306.jpg,text_other
train_1307.jpg,pool,g_train_1307.jpg,price
train_1308.jpg,pool,g_train_1308.jpg,text_other
train_1309.jpg,pool,g_train_1309.jpg,text_other
train_1312.jpg,pool,g_train_1312.jpg,negation
train_1314.jpg,pool,g_train_1314.jpg,price
train_1316.jpg,pool,g_train_1316.jpg,negation
train_1317.jpg,pool,g_train_1317.jpg,negation
train_1318.jpg,pool,g_train_1318.jpg,number
train_1319.jpg,pool,g_train_1319.jpg,text_other
train_1321.jpg,pool,g_train_1321.jpg,text_other
train_1323.jpg,pool,g_train_1323.jpg,text_other
train_1324.jpg,pool,g_train_1324.jpg,text_other
train_1326.jpg,pool,g_train_1326.jpg,price
train_1330.jpg,pool,g_train_1330.jpg,price
train_1331.jpg,pool,g_train_1331.jpg,negation
train_1333.jpg,pool,g_train_1333.jpg,price
train_1335.jpg,pool,g_train_1335.jpg,text_other
train_1336.jpg,pool,g_train_1336.jpg,text_other
train_1338.jpg,pool,g_train_1338.jpg,text_other
train_1341.jpg,pool,g_train_1341.jpg,text_other
train_1342.jpg,pool,g_train_1342.jpg,position
train_1345.jpg,pool,g_train_1345.jpg,text_other
train_1347.jpg,pool,g_train_1347.jpg,text_other
train_1348.jpg,pool,g_train_1348.jpg,text_other
train_1350.jpg,pool,g_train_1350.jpg,text_other
train_1352.jpg,pool,g_train_1352.jpg,text_other
train_1354.jpg,pool,g_train_1354.jpg,number
train_1355.jpg,pool,g_train_1355.jpg,number
train_1356.jpg,pool,g_train_1356.jpg,text_other
train_1361.jpg,pool,g_train_1361.jpg,price
train_1363.jpg,pool,g_train_1363.jpg,number
train_1364.jpg,pool,g_train_1364.jpg,text_other
train_1367.jpg,pool,g_train_1367.jpg,negation
train_1368.jpg,pool,g_train_1368.jpg,text_other
train_1371.jpg,pool,g_train_1371.jpg,price
train_1374.jpg,pool,g_train_1374.jpg,text_other
train_1375.jpg,pool,g_train_1375.jpg,text_other
train_1376.jpg,pool,g_train_1376.jpg,text_other
train_1377.jpg,pool,g_train_1377.jpg,text_other
train_1379.jpg,pool,g_train_1379.jpg,text_other
train_1380.jpg,pool,g_train_1380.jpg,text_other
train_1383.jpg,pool,g_train_1383.jpg,number
train_1387.jpg,pool,g_train_1387.jpg,position
train_1388.jpg,pool,g_train_1388.jpg,text_other
train_1389.jpg,pool,g_train_1389.jpg,price
train_1390.jpg,pool,g_train_1390.jpg,price
train_1391.jpg,pool,g_train_1391.jpg,text_other
train_1395.jpg,pool,g_train_1395.jpg,price
train_1396.jpg,pool,g_train_1396.jpg,position
train_1398.jpg,pool,g_train_1398.jpg,negation
train_1399.jpg,pool,g_train_1399.jpg,negation
train_1400.jpg,pool,g_train_1400.jpg,price
train_1403.jpg,pool,g_train_1403.jpg,text_other
train_1404.jpg,pool,g_train_1404.jpg,text_other
train_1406.jpg,pool,g_train_1406.jpg,text_other
train_1407.jpg,pool,g_train_1407.jpg,text_other
train_1408.jpg,pool,g_train_1408.jpg,text_other
train_1409.jpg,pool,g_train_1409.jpg,text_other
train_1410.jpg,pool,g_train_1410.jpg,text_other
train_1411.jpg,pool,g_train_1411.jpg,number
train_1412.jpg,pool,g_train_1412.jpg,text_other
train_1413.jpg,pool,g_train_1413.jpg,text_other
train_1415.jpg,pool,g_train_1415.jpg,text_other
train_1416.jpg,pool,g_train_1416.jpg,text_other
train_1417.jpg,pool,g_train_1417.jpg,number
train_1418.jpg,pool,g_train_1418.jpg,price
train_1420.jpg,pool,g_train_1420.jpg,text_other
train_1421.jpg,pool,g_train_1421.jpg,price
train_1422.jpg,pool,g_train_1422.jpg,text_other
train_1425.jpg,pool,g_train_1425.jpg,text_other
train_1426.jpg,pool,g_train_1426.jpg,text_other
train_1427.jpg,pool,g_train_1427.jpg,text_other
train_1428.jpg,pool,g_train_1428.jpg,text_other
train_1430.jpg,pool,g_train_1430.jpg,text_other
train_1432.jpg,pool,g_train_1432.jpg,text_other
train_1433.jpg,pool,g_train_1433.jpg,text_other
train_1435.jpg,pool,g_train_1435.jpg,text_other
train_1436.jpg,pool,g_train_1436.jpg,text_other
train_1438.jpg,pool,g_train_1438.jpg,text_other
train_1443.jpg,pool,g_train_1443.jpg,text_other
train_1444.jpg,pool,g_train_1444.jpg,text_other
train_1445.jpg,pool,g_train_1445.jpg,text_other
train_1447.jpg,pool,g_train_1447.jpg,price
train_1450.jpg,pool,g_train_1450.jpg,text_other
train_1451.jpg,pool,g_train_1451.jpg,text_other
train_1457.jpg,pool,g_train_1457.jpg,negation
train_1458.jpg,pool,g_train_1458.jpg,text_other
train_1459.jpg,pool,g_train_1459.jpg,number
train_1461.jpg,pool,g_train_1461.jpg,text_other
train_1462.jpg,pool,g_train_1462.jpg,price
train_1463.jpg,pool,g_train_1463.jpg,negation
train_1466.jpg,pool,g_train_1466.jpg,text_other
train_1467.jpg,pool,g_train_1467.jpg,number
train_1468.jpg,pool,g_train_1468.jpg,price
train_1470.jpg,pool,g_train_1470.jpg,text_other
train_1472.jpg,pool,g_train_1472.jpg,number
train_1475.jpg,pool,g_train_1475.jpg,price
train_1476.jpg,pool,g_train_1476.jpg,text_other
train_1477.jpg,pool,g_train_1477.jpg,negation
train_1478.jpg,pool,g_train_1478.jpg,text_other
train_1479.jpg,pool,g_train_1479.jpg,text_other
train_1480.jpg,pool,g_train_1480.jpg,negation
train_1483.jpg,pool,g_train_1483.jpg,text_other
train_1484.jpg,pool,g_train_1484.jpg,text_other
train_1487.jpg,pool,g_train_1487.jpg,text_other
train_1490.jpg,pool,g_train_1490.jpg,text_other
train_1491.jpg,pool,g_train_1491.jpg,text_other
train_1492.jpg,pool,g_train_1492.jpg,text_other
train_1493.jpg,pool,g_train_1493.jpg,text_other
train_1494.jpg,pool,g_train_1494.jpg,text_other
train_1503.jpg,pool,g_train_1503.jpg,position
train_1505.jpg,pool,g_train_1505.jpg,number
train_1506.jpg,pool,g_train_1506.jpg,text_other
train_1507.jpg,pool,g_train_1507.jpg,text_other
train_1508.jpg,pool,g_train_1508.jpg,text_other
train_1509.jpg,pool,g_train_1509.jpg,text_other
train_1510.jpg,pool,g_train_1510.jpg,text_other
train_1513.jpg,pool,g_train_1513.jpg,price
train_1514.jpg,pool,g_train_1514.jpg,price
train_1516.jpg,pool,g_train_1516.jpg,text_other
train_1517.jpg,pool,g_train_1517.jpg,text_other
train_1519.jpg,pool,g_train_1519.jpg,text_other
train_1520.jpg,pool,g_train_1520.jpg,text_other
train_1521.jpg,pool,g_train_1521.jpg,text_other
train_1523.jpg,pool,g_train_1523.jpg,text_other
train_1524.jpg,pool,g_train_1524.jpg,text_other
train_1527.jpg,pool,g_train_1527.jpg,text_other
train_1528.jpg,pool,g_train_1528.jpg,text_other
train_1529.jpg,pool,g_train_1529.jpg,price
train_1530.jpg,pool,g_train_1530.jpg,text_other
train_1531.jpg,pool,g_train_1531.jpg,text_other
train_1532.jpg,pool,g_train_1532.jpg,text_other
train_1533.jpg,pool,g_train_1533.jpg,text_other
train_1537.jpg,pool,g_train_1537.jpg,text_other
train_1539.jpg,pool,g_train_1539.jpg,text_other
train_1542.jpg,pool,g_train_1542.jpg,price
train_1543.jpg,pool,g_train_1543.jpg,text_other
train_1544.jpg,pool,g_train_1544.jpg,text_other
train_1545.jpg,pool,g_train_1545.jpg,text_other
train_1546.jpg,pool,g_train_1546.jpg,text_other
train_1550.jpg,pool,g_train_1550.jpg,number
train_1552.jpg,pool,g_train_1552.jpg,text_other
train_1554.jpg,pool,g_train_1554.jpg,text_other
train_1556.jpg,pool,g_train_1556.jpg,text_other
train_1557.jpg,pool,g_train_1557.jpg,text_other
train_1558.jpg,pool,g_train_1558.jpg,text_other
train_1559.jpg,pool,g_train_1559.jpg,text_other
train_1560.jpg,pool,g_train_1560.jpg,position
train_1561.jpg,pool,g_train_1561.jpg,number
train_1562.jpg,pool,g_train_1562.jpg,number
train_1563.jpg,pool,g_train_1563.jpg,text_other
train_1564.jpg,pool,g_train_1564.jpg,text_other
train_1566.jpg,pool,g_train_1566.jpg,text_other
train_1567.jpg,pool,g_train_1567.jpg,price
train_1568.jpg,pool,g_train_1568.jpg,negation
train_1569.jpg,pool,g_train_1569.jpg,text_other
train_1570.jpg,pool,g_train_1570.jpg,text_other
train_1571.jpg,pool,g_train_1571.jpg,text_other
train_1574.jpg,pool,g_train_1574.jpg,text_other
train_1577.jpg,pool,g_train_1577.jpg,text_other
train_1578.jpg,pool,g_train_1578.jpg,text_other
train_1579.jpg,pool,g_train_1579.jpg,price
train_1580.jpg,pool,g_train_1580.jpg,text_other
train_1581.jpg,pool,g_train_1581.jpg,text_other
train_1582.jpg,pool,g_train_1582.jpg,text_other
train_1583.jpg,pool,g_train_1583.jpg,text_other
train_1584.jpg,pool,g_train_1584.jpg,negation
train_1587.jpg,pool,g_train_1587.jpg,text_other
train_1588.jpg,pool,g_train_1588.jpg,text_other
train_1589.jpg,pool,g_train_1589.jpg,text_other
train_1592.jpg,pool,g_train_1592.jpg,text_other
train_1594.jpg,pool,g_train_1594.jpg,text_other
train_1595.jpg,pool,g_train_1595.jpg,position
train_1596.jpg,pool,g_train_1596.jpg,text_other
train_1600.jpg,pool,g_train_1600.jpg,price
train_1601.jpg,pool,g_train_1601.jpg,text_other
train_1602.jpg,pool,g_train_1602.jpg,number
train_1603.jpg,pool,g_train_1603.jpg,text_other
train_1604.jpg,pool,g_train_1604.jpg,text_other
train_1607.jpg,pool,g_train_1607.jpg,text_other
train_1608.jpg,pool,g_train_1608.jpg,text_other
train_1609.jpg,pool,g_train_1609.jpg,text_other
train_1611.jpg,pool,g_train_1611.jpg,number
train_1613.jpg,pool,g_train_1613.jpg,text_other
train_1619.jpg,pool,g_train_1619.jpg,price
train_1620.jpg,pool,g_train_1620.jpg,number
train_1621.jpg,pool,g_train_1621.jpg,price
train_1623.jpg,pool,g_train_1623.jpg,position
train_1625.jpg,pool,g_train_1625.jpg,text_other
train_1628.jpg,pool,g_train_1628.jpg,text_other
train_1630.jpg,pool,g_train_1630.jpg,text_other
train_1631.jpg,pool,g_train_1631.jpg,negation
train_1632.jpg,pool,g_train_1632.jpg,text_other
train_1633.jpg,pool,g_train_1633.jpg,text_other
train_1634.jpg,pool,g_train_1634.jpg,number
train_1635.jpg,pool,g_train_1635.jpg,text_other
train_1636.jpg,pool,g_train_1636.jpg,text_other
train_1638.jpg,pool,g_train_1638.jpg,text_other
train_1639.jpg,pool,g_train_1639.jpg,text_other
train_1641.jpg,pool,g_train_1641.jpg,price
train_1642.jpg,pool,g_train_1642.jpg,position
train_1643.jpg,pool,g_train_1643.jpg,text_other
train_1644.jpg,pool,g_train_1644.jpg,text_other
train_1645.jpg,pool,g_train_1645.jpg,text_other
train_1646.jpg,pool,g_train_1646.jpg,text_other
train_1647.jpg,pool,g_train_1647.jpg,price
train_1649.jpg,pool,g_train_1649.jpg,text_other
train_1650.jpg,pool,g_train_1650.jpg,text_other
train_1651.jpg,pool,g_train_1651.jpg,negation
train_1655.jpg,pool,g_train_1655.jpg,number
train_1658.jpg,pool,g_train_1658.jpg,text_other
train_1659.jpg,pool,g_train_1659.jpg,text_other
train_1660.jpg,pool,g_train_1660.jpg,number
train_1662.jpg,pool,g_train_1662.jpg,text_other
train_1663.jpg,pool,g_train_1663.jpg,price
train_1665.jpg,pool,g_train_1665.jpg,text_other
train_1666.jpg,pool,g_train_1666.jpg,text_other
train_1669.jpg,pool,g_train_1669.jpg,text_other
train_1671.jpg,pool,g_train_1671.jpg,text_other
train_1672.jpg,pool,g_train_1672.jpg,text_other
train_1675.jpg,pool,g_train_1675.jpg,number
train_1676.jpg,pool,g_train_1676.jpg,position
train_1677.jpg,pool,g_train_1677.jpg,text_other
train_1678.jpg,pool,g_train_1678.jpg,price
train_1679.jpg,pool,g_train_1679.jpg,text_other
train_1680.jpg,pool,g_train_1680.jpg,negation
train_1681.jpg,pool,g_train_1681.jpg,text_other
train_1683.jpg,pool,g_train_1683.jpg,text_other
train_1685.jpg,pool,g_train_1685.jpg,position
train_1687.jpg,pool,g_train_1687.jpg,text_other
train_1688.jpg,pool,g_train_1688.jpg,text_other
train_1689.jpg,pool,g_train_1689.jpg,text_other
train_1691.jpg,pool,g_train_1691.jpg,text_other
train_1692.jpg,pool,g_train_1692.jpg,negation
train_1693.jpg,pool,g_train_1693.jpg,text_other
train_1694.jpg,pool,g_train_1694.jpg,price
train_1697.jpg,pool,g_train_1697.jpg,text_other
train_1698.jpg,pool,g_train_1698.jpg,price
train_1699.jpg,pool,g_train_1699.jpg,text_other
train_1702.jpg,pool,g_train_1702.jpg,text_other
train_1703.jpg,pool,g_train_1703.jpg,text_other
train_1704.jpg,pool,g_train_1704.jpg,text_other
train_1705.jpg,pool,g_train_1705.jpg,text_other
train_1706.jpg,pool,g_train_1706.jpg,position
train_1708.jpg,pool,g_train_1708.jpg,text_other
train_1709.jpg,pool,g_train_1709.jpg,text_other
train_1710.jpg,pool,g_train_1710.jpg,text_other
train_1711.jpg,pool,g_train_1711.jpg,negation
train_1712.jpg,pool,g_train_1712.jpg,text_other
train_1713.jpg,pool,g_train_1713.jpg,negation
train_1715.jpg,pool,g_train_1715.jpg,text_other
train_1719.jpg,pool,g_train_1719.jpg,text_other
train_1721.jpg,pool,g_train_1721.jpg,number
train_1723.jpg,pool,g_train_1723.jpg,position
train_1725.jpg,pool,g_train_1725.jpg,number
train_1728.jpg,pool,g_train_1728.jpg,text_other
train_1730.jpg,pool,g_train_1730.jpg,number
train_1732.jpg,pool,g_train_1732.jpg,price
train_1734.jpg,pool,g_train_1734.jpg,text_other
train_1736.jpg,pool,g_train_1736.jpg,number
train_1738.jpg,pool,g_train_1738.jpg,text_other
train_1739.jpg,pool,g_train_1739.jpg,text_other
train_1740.jpg,pool,g_train_1740.jpg,text_other
train_1741.jpg,pool,g_train_1741.jpg,text_other
train_1743.jpg,pool,g_train_1743.jpg,position
train_1745.jpg,pool,g_train_1745.jpg,price
train_1747.jpg,pool,g_train_1747.jpg,text_other
train_1749.jpg,pool,g_train_1749.jpg,price
train_1752.jpg,pool,g_train_1752.jpg,text_other
train_1753.jpg,pool,g_train_1753.jpg,text_other
train_1755.jpg,pool,g_train_1755.jpg,text_other
train_1756.jpg,pool,g_train_1756.jpg,price
train_1757.jpg,pool,g_train_1757.jpg,price
train_1759.jpg,pool,g_train_1759.jpg,text_other
train_1764.jpg,pool,g_train_1764.jpg,text_other
train_1765.jpg,pool,g_train_1765.jpg,text_other
train_1766.jpg,pool,g_train_1766.jpg,price
train_1767.jpg,pool,g_train_1767.jpg,price
train_1768.jpg,pool,g_train_1768.jpg,text_other
train_1769.jpg,pool,g_train_1769.jpg,text_other
train_1770.jpg,pool,g_train_1770.jpg,position
train_1771.jpg,pool,g_train_1771.jpg,text_other
train_1773.jpg,pool,g_train_1773.jpg,text_other
train_1774.jpg,pool,g_train_1774.jpg,position
train_1776.jpg,pool,g_train_1776.jpg,text_other
train_1777.jpg,pool,g_train_1777.jpg,text_other
train_1779.jpg,pool,g_train_1779.jpg,text_other
train_1784.jpg,pool,g_train_1784.jpg,text_other
train_1787.jpg,pool,g_train_1787.jpg,negation
train_1789.jpg,pool,g_train_1789.jpg,text_other
train_1791.jpg,pool,g_train_1791.jpg,negation
train_1792.jpg,pool,g_train_1792.jpg,text_other
train_1796.jpg,pool,g_train_1796.jpg,text_other
train_1797.jpg,pool,g_train_1797.jpg,text_other
train_1798.jpg,pool,g_train_1798.jpg,text_other
train_1800.jpg,pool,g_train_1800.jpg,text_other
train_1803.jpg,pool,g_train_1803.jpg,price
train_1804.jpg,pool,g_train_1804.jpg,number
train_1805.jpg,pool,g_train_1805.jpg,negation
train_1806.jpg,pool,g_train_1806.jpg,text_other
train_1808.jpg,pool,g_train_1808.jpg,price
train_1809.jpg,pool,g_train_1809.jpg,price
train_1810.jpg,pool,g_train_1810.jpg,price
train_1811.jpg,pool,g_train_1811.jpg,text_other
train_1814.jpg,pool,g_train_1814.jpg,text_other
train_1815.jpg,pool,g_train_1815.jpg,text_other
train_1816.jpg,pool,g_train_1816.jpg,text_other
train_1818.jpg,pool,g_train_1818.jpg,text_other
train_1819.jpg,pool,g_train_1819.jpg,price
train_1820.jpg,pool,g_train_1820.jpg,text_other
train_1821.jpg,pool,g_train_1821.jpg,text_other
train_1822.jpg,pool,g_train_1822.jpg,number
train_1823.jpg,pool,g_train_1823.jpg,text_other
train_1824.jpg,pool,g_train_1824.jpg,price
train_1826.jpg,pool,g_train_1826.jpg,text_other
train_1828.jpg,pool,g_train_1828.jpg,number
train_1829.jpg,pool,g_train_1829.jpg,text_other
train_1831.jpg,pool,g_train_1831.jpg,number
train_1833.jpg,pool,g_train_1833.jpg,text_other
train_1834.jpg,pool,g_train_1834.jpg,number
train_1837.jpg,pool,g_train_1837.jpg,text_other
train_1840.jpg,pool,g_train_1840.jpg,text_other
train_1841.jpg,pool,g_train_1841.jpg,negation
train_1842.jpg,pool,g_train_1842.jpg,text_other
train_1843.jpg,pool,g_train_1843.jpg,text_other
train_1844.jpg,pool,g_train_1844.jpg,position
train_1845.jpg,pool,g_train_1845.jpg,text_other
train_1848.jpg,pool,g_train_1848.jpg,number
train_1851.jpg,pool,g_train_1851.jpg,text_other
train_1852.jpg,pool,g_train_1852.jpg,text_other
train_1854.jpg,pool,g_train_1854.jpg,text_other
train_1855.jpg,pool,g_train_1855.jpg,position
train_1856.jpg,pool,g_train_1856.jpg,text_other
train_1857.jpg,pool,g_train_1857.jpg,text_other
train_1858.jpg,pool,g_train_1858.jpg,number
train_1859.jpg,pool,g_train_1859.jpg,number
train_1860.jpg,pool,g_train_1860.jpg,text_other
train_1862.jpg,pool,g_train_1862.jpg,text_other
train_1863.jpg,pool,g_train_1863.jpg,text_other
train_1867.jpg,pool,g_train_1867.jpg,text_other
train_1871.jpg,pool,g_train_1871.jpg,text_other
train_1872.jpg,pool,g_train_1872.jpg,number
train_1873.jpg,pool,g_train_1873.jpg,position
train_1875.jpg,pool,g_train_1875.jpg,position
train_1876.jpg,pool,g_train_1876.jpg,number
train_1877.jpg,pool,g_train_1877.jpg,text_other
train_1880.jpg,pool,g_train_1880.jpg,text_other
train_1881.jpg,pool,g_train_1881.jpg,price
train_1884.jpg,pool,g_train_1884.jpg,negation
train_1886.jpg,pool,g_train_1886.jpg,text_other
train_1887.jpg,pool,g_train_1887.jpg,text_other
train_1888.jpg,pool,g_train_1888.jpg,text_other
train_1889.jpg,pool,g_train_1889.jpg,number
train_1892.jpg,pool,g_train_1892.jpg,text_other
train_1895.jpg,pool,g_train_1895.jpg,text_other
train_1899.jpg,pool,g_train_1899.jpg,text_other
train_1901.jpg,pool,g_train_1901.jpg,text_other
train_1905.jpg,pool,g_train_1905.jpg,number
train_1906.jpg,pool,g_train_1906.jpg,text_other
train_1907.jpg,pool,g_train_1907.jpg,text_other
train_1909.jpg,pool,g_train_1909.jpg,number
train_1910.jpg,pool,g_train_1910.jpg,position
train_1912.jpg,pool,g_train_1912.jpg,text_other
train_1914.jpg,pool,g_train_1914.jpg,text_other
train_1915.jpg,pool,g_train_1915.jpg,text_other
train_1917.jpg,pool,g_train_1917.jpg,price
train_1920.jpg,pool,g_train_1920.jpg,position
train_1922.jpg,pool,g_train_1922.jpg,price
train_1923.jpg,pool,g_train_1923.jpg,number
train_1925.jpg,pool,g_train_1925.jpg,position
train_1926.jpg,pool,g_train_1926.jpg,text_other
train_1928.jpg,pool,g_train_1928.jpg,text_other
train_1929.jpg,pool,g_train_1929.jpg,number
train_1930.jpg,pool,g_train_1930.jpg,price
train_1933.jpg,pool,g_train_1933.jpg,text_other
train_1934.jpg,pool,g_train_1934.jpg,text_other
train_1935.jpg,pool,g_train_1935.jpg,price
train_1936.jpg,pool,g_train_1936.jpg,text_other
train_1937.jpg,pool,g_train_1937.jpg,text_other
train_1938.jpg,pool,g_train_1938.jpg,text_other
train_1940.jpg,pool,g_train_1940.jpg,text_other
train_1941.jpg,pool,g_train_1941.jpg,price
train_1942.jpg,pool,g_train_1942.jpg,text_other
train_1943.jpg,pool,g_train_1943.jpg,text_other
train_1944.jpg,pool,g_train_1944.jpg,text_other
train_1945.jpg,pool,g_train_1945.jpg,text_other
train_1947.jpg,pool,g_train_1947.jpg,text_other
train_1949.jpg,pool,g_train_1949.jpg,text_other
train_1950.jpg,pool,g_train_1950.jpg,price
train_1951.jpg,pool,g_train_1951.jpg,price
train_1952.jpg,pool,g_train_1952.jpg,text_other
train_1953.jpg,pool,g_train_1953.jpg,text_other
train_1954.jpg,pool,g_train_1954.jpg,text_other
train_1957.jpg,pool,g_train_1957.jpg,price
train_1958.jpg,pool,g_train_1958.jpg,text_other
train_1959.jpg,pool,g_train_1959.jpg,text_other
train_1960.jpg,pool,g_train_1960.jpg,text_other
train_1961.jpg,pool,g_train_1961.jpg,position
train_1964.jpg,pool,g_train_1964.jpg,text_other
train_1965.jpg,pool,g_train_1965.jpg,text_other
train_1966.jpg,pool,g_train_1966.jpg,text_other
train_1969.jpg,pool,g_train_1969.jpg,text_other
train_1972.jpg,pool,g_train_1972.jpg,text_other
train_1973.jpg,pool,g_train_1973.jpg,position
train_1974.jpg,pool,g_train_1974.jpg,text_other
train_1975.jpg,pool,g_train_1975.jpg,text_other
train_1976.jpg,pool,g_train_1976.jpg,price
train_1977.jpg,pool,g_train_1977.jpg,number
train_1979.jpg,pool,g_train_1979.jpg,text_other
train_1980.jpg,pool,g_train_1980.jpg,text_other
train_1981.jpg,pool,g_train_1981.jpg,text_other
train_1982.jpg,pool,g_train_1982.jpg,position
train_1988.jpg,pool,g_train_1988.jpg,text_other
train_1989.jpg,pool,g_train_1989.jpg,text_other
train_1990.jpg,pool,g_train_1990.jpg,text_other
train_1992.jpg,pool,g_train_1992.jpg,text_other
train_1993.jpg,pool,g_train_1993.jpg,position
train_1995.jpg,pool,g_train_1995.jpg,price
train_1996.jpg,pool,g_train_1996.jpg,negation
train_1997.jpg,pool,g_train_1997.jpg,text_other
train_1999.jpg,pool,g_train_1999.jpg,number
train_2000.jpg,pool,g_train_2000.jpg,text_other
train_2003.jpg,pool,g_train_2003.jpg,text_other
train_2004.jpg,pool,g_train_2004.jpg,text_other
train_2005.jpg,pool,g_train_2005.jpg,text_other
train_2006.jpg,pool,g_train_2006.jpg,text_other
train_2008.jpg,pool,g_train_2008.jpg,number
train_2009.jpg,pool,g_train_2009.jpg,text_other
train_2010.jpg,pool,g_train_2010.jpg,text_other
train_2011.jpg,pool,g_train_2011.jpg,price
train_2014.jpg,pool,g_train_2014.jpg,text_other
train_2015.jpg,pool,g_train_2015.jpg,text_other
train_2016.jpg,pool,g_train_2016.jpg,text_other
train_2017.jpg,pool,g_train_2017.jpg,text_other
train_2018.jpg,pool,g_train_2018.jpg,negation
train_2019.jpg,pool,g_train_2019.jpg,price
train_2020.jpg,pool,g_train_2020.jpg,text_other
train_2022.jpg,pool,g_train_2022.jpg,text_other
train_2023.jpg,pool,g_train_2023.jpg,price
train_2024.jpg,pool,g_train_2024.jpg,number
train_2026.jpg,pool,g_train_2026.jpg,text_other
train_2029.jpg,pool,g_train_2029.jpg,text_other
train_2030.jpg,pool,g_train_2030.jpg,text_other
train_2031.jpg,pool,g_train_2031.jpg,price
train_2032.jpg,pool,g_train_2032.jpg,text_other
train_2033.jpg,pool,g_train_2033.jpg,position
train_2034.jpg,pool,g_train_2034.jpg,text_other
train_2035.jpg,pool,g_train_2035.jpg,text_other
train_2036.jpg,pool,g_train_2036.jpg,text_other
train_2037.jpg,pool,g_train_2037.jpg,price
train_2038.jpg,pool,g_train_2038.jpg,number
train_2039.jpg,pool,g_train_2039.jpg,text_other
train_2040.jpg,pool,g_train_2040.jpg,price
train_2041.jpg,pool,g_train_2041.jpg,text_other
train_2042.jpg,pool,g_train_2042.jpg,text_other
train_2043.jpg,pool,g_train_2043.jpg,position
train_2044.jpg,pool,g_train_2044.jpg,position
train_2046.jpg,pool,g_train_2046.jpg,text_other
train_2047.jpg,pool,g_train_2047.jpg,number
train_2049.jpg,pool,g_train_2049.jpg,text_other
train_2050.jpg,pool,g_train_2050.jpg,text_other
train_2051.jpg,pool,g_train_2051.jpg,text_other
train_2052.jpg,pool,g_train_2052.jpg,text_other
train_2054.jpg,pool,g_train_2054.jpg,text_other
train_2056.jpg,pool,g_train_2056.jpg,text_other
train_2059.jpg,pool,g_train_2059.jpg,text_other
train_2060.jpg,pool,g_train_2060.jpg,number
train_2061.jpg,pool,g_train_2061.jpg,text_other
train_2063.jpg,pool,g_train_2063.jpg,number
train_2064.jpg,pool,g_train_2064.jpg,price
train_2065.jpg,pool,g_train_2065.jpg,number
train_2066.jpg,pool,g_train_2066.jpg,position
train_2068.jpg,pool,g_train_2068.jpg,text_other
train_2072.jpg,pool,g_train_2072.jpg,price
train_2073.jpg,pool,g_train_2073.jpg,text_other
train_2074.jpg,pool,g_train_2074.jpg,number
train_2075.jpg,pool,g_train_2075.jpg,text_other
train_2076.jpg,pool,g_train_2076.jpg,text_other
train_2077.jpg,pool,g_train_2077.jpg,text_other
train_2079.jpg,pool,g_train_2079.jpg,price
train_2081.jpg,pool,g_train_2081.jpg,number
train_2083.jpg,pool,g_train_2083.jpg,text_other
train_2086.jpg,pool,g_train_2086.jpg,text_other
train_2087.jpg,pool,g_train_2087.jpg,number
train_2089.jpg,pool,g_train_2089.jpg,price
train_2090.jpg,pool,g_train_2090.jpg,text_other
train_2091.jpg,pool,g_train_2091.jpg,text_other
train_2092.jpg,pool,g_train_2092.jpg,text_other
train_2093.jpg,pool,g_train_2093.jpg,text_other
train_2094.jpg,pool,g_train_2094.jpg,text_other
train_2095.jpg,pool,g_train_2095.jpg,text_other
train_2096.jpg,pool,g_train_2096.jpg,position
train_2098.jpg,pool,g_train_2098.jpg,text_other
train_2099.jpg,pool,g_train_2099.jpg,text_other
train_2100.jpg,pool,g_train_2100.jpg,price
train_2101.jpg,pool,g_train_2101.jpg,number
train_2103.jpg,pool,g_train_2103.jpg,text_other
train_2104.jpg,pool,g_train_2104.jpg,text_other
train_2107.jpg,pool,g_train_2107.jpg,price
train_2108.jpg,pool,g_train_2108.jpg,text_other
train_2109.jpg,pool,g_train_2109.jpg,text_other
train_2113.jpg,pool,g_train_2113.jpg,text_other
train_2114.jpg,pool,g_train_2114.jpg,negation
train_2115.jpg,pool,g_train_2115.jpg,text_other
train_2116.jpg,pool,g_train_2116.jpg,text_other
train_2119.jpg,pool,g_train_2119.jpg,price
train_2120.jpg,pool,g_train_2120.jpg,number
train_2121.jpg,pool,g_train_2121.jpg,position
train_2123.jpg,pool,g_train_2123.jpg,price
train_2124.jpg,pool,g_train_2124.jpg,text_other
train_2125.jpg,pool,g_train_2125.jpg,number
train_2126.jpg,pool,g_train_2126.jpg,text_other
train_2127.jpg,pool,g_train_2127.jpg,text_other
train_2128.jpg,pool,g_train_2128.jpg,price
train_2129.jpg,pool,g_train_2129.jpg,text_other
train_2131.jpg,pool,g_train_2131.jpg,text_other
train_2134.jpg,pool,g_train_2134.jpg,text_other
train_2136.jpg,pool,g_train_2136.jpg,negation
train_2137.jpg,pool,g_train_2137.jpg,text_other
train_2138.jpg,pool,g_train_2138.jpg,price
train_2139.jpg,pool,g_train_2139.jpg,price
train_2140.jpg,pool,g_train_2140.jpg,text_other
train_2142.jpg,pool,g_train_2142.jpg,text_other
train_2145.jpg,pool,g_train_2145.jpg,text_other
train_2146.jpg,pool,g_train_2146.jpg,text_other
train_2147.jpg,pool,g_train_2147.jpg,text_other
train_2150.jpg,pool,g_train_2150.jpg,text_other
train_2151.jpg,pool,g_train_2151.jpg,text_other
train_2153.jpg,pool,g_train_2153.jpg,text_other
train_2154.jpg,pool,g_train_2154.jpg,text_other
train_2161.jpg,pool,g_train_2161.jpg,text_other
train_2163.jpg,pool,g_train_2163.jpg,text_other
train_2164.jpg,pool,g_train_2164.jpg,price
train_2165.jpg,pool,g_train_2165.jpg,price
train_2166.jpg,pool,g_train_2166.jpg,text_other
train_2169.jpg,pool,g_train_2169.jpg,text_other
train_2171.jpg,pool,g_train_2171.jpg,text_other
train_2173.jpg,pool,g_train_2173.jpg,text_other
train_2174.jpg,pool,g_train_2174.jpg,price
train_2175.jpg,pool,g_train_2175.jpg,text_other
train_2178.jpg,pool,g_train_2178.jpg,text_other
train_2179.jpg,pool,g_train_2179.jpg,text_other
train_2181.jpg,pool,g_train_2181.jpg,text_other
train_2182.jpg,pool,g_train_2182.jpg,text_other
train_2184.jpg,pool,g_train_2184.jpg,text_other
train_2187.jpg,pool,g_train_2187.jpg,text_other
train_2188.jpg,pool,g_train_2188.jpg,text_other
train_2189.jpg,pool,g_train_2189.jpg,price
train_2190.jpg,pool,g_train_2190.jpg,text_other
train_2194.jpg,pool,g_train_2194.jpg,text_other
train_2196.jpg,pool,g_train_2196.jpg,text_other
train_2197.jpg,pool,g_train_2197.jpg,price
train_2198.jpg,pool,g_train_2198.jpg,text_other
train_2199.jpg,pool,g_train_2199.jpg,text_other
train_2201.jpg,pool,g_train_2201.jpg,text_other
train_2202.jpg,pool,g_train_2202.jpg,number
train_2205.jpg,pool,g_train_2205.jpg,text_other
train_2206.jpg,pool,g_train_2206.jpg,price
train_2209.jpg,pool,g_train_2209.jpg,text_other
train_2211.jpg,pool,g_train_2211.jpg,price
train_2212.jpg,pool,g_train_2212.jpg,text_other
train_2213.jpg,pool,g_train_2213.jpg,text_other
train_2215.jpg,pool,g_train_2215.jpg,number
train_2218.jpg,pool,g_train_2218.jpg,text_other
train_2221.jpg,pool,g_train_2221.jpg,text_other
train_2222.jpg,pool,g_train_2222.jpg,number
train_2224.jpg,pool,g_train_2224.jpg,negation
train_2225.jpg,pool,g_train_2225.jpg,text_other
train_2227.jpg,pool,g_train_2227.jpg,text_other
train_2228.jpg,pool,g_train_2228.jpg,text_other
train_2229.jpg,pool,g_train_2229.jpg,text_other
train_2230.jpg,pool,g_train_2230.jpg,price
train_2233.jpg,pool,g_train_2233.jpg,text_other
train_2235.jpg,pool,g_train_2235.jpg,text_other
train_2236.jpg,pool,g_train_2236.jpg,text_other
train_2238.jpg,pool,g_train_2238.jpg,text_other
train_2239.jpg,pool,g_train_2239.jpg,price
train_2240.jpg,pool,g_train_2240.jpg,price
train_2243.jpg,pool,g_train_2243.jpg,text_other
train_2245.jpg,pool,g_train_2245.jpg,text_other
train_2246.jpg,pool,g_train_2246.jpg,price
train_2247.jpg,pool,g_train_2247.jpg,number
train_2248.jpg,pool,g_train_2248.jpg,text_other
train_2249.jpg,pool,g_train_2249.jpg,text_other
train_2250.jpg,pool,g_train_2250.jpg,position
train_2251.jpg,pool,g_train_2251.jpg,text_other
train_2252.jpg,pool,g_train_2252.jpg,number
train_2253.jpg,pool,g_train_2253.jpg,price
train_2257.jpg,pool,g_train_2257.jpg,text_other
train_2258.jpg,pool,g_train_2258.jpg,text_other
train_2262.jpg,pool,g_train_2262.jpg,text_other
train_2263.jpg,pool,g_train_2263.jpg,text_other
train_2265.jpg,pool,g_train_2265.jpg,text_other
train_2267.jpg,pool,g_train_2267.jpg,price
train_2268.jpg,pool,g_train_2268.jpg,number
train_2269.jpg,pool,g_train_2269.jpg,text_other
train_2270.jpg,pool,g_train_2270.jpg,text_other
train_2272.jpg,pool,g_train_2272.jpg,text_other
train_2274.jpg,pool,g_train_2274.jpg,text_other
train_2275.jpg,pool,g_train_2275.jpg,text_other
train_2276.jpg,pool,g_train_2276.jpg,text_other
train_2277.jpg,pool,g_train_2277.jpg,text_other
train_2278.jpg,pool,g_train_2278.jpg,price
train_2279.jpg,pool,g_train_2279.jpg,text_other
train_2282.jpg,pool,g_train_2282.jpg,text_other
train_2283.jpg,pool,g_train_2283.jpg,text_other
train_2284.jpg,pool,g_train_2284.jpg,price
train_2286.jpg,pool,g_train_2286.jpg,text_other
train_2287.jpg,pool,g_train_2287.jpg,price
train_2291.jpg,pool,g_train_2291.jpg,text_other
train_2292.jpg,pool,g_train_2292.jpg,number
train_2293.jpg,pool,g_train_2293.jpg,negation
train_2294.jpg,pool,g_train_2294.jpg,price
train_2295.jpg,pool,g_train_2295.jpg,negation
train_2296.jpg,pool,g_train_2296.jpg,price
train_2298.jpg,pool,g_train_2298.jpg,text_other
train_2299.jpg,pool,g_train_2299.jpg,number
train_2300.jpg,pool,g_train_2300.jpg,price
train_2301.jpg,pool,g_train_2301.jpg,text_other
train_2302.jpg,pool,g_train_2302.jpg,text_other
train_2303.jpg,pool,g_train_2303.jpg,text_other
train_2304.jpg,pool,g_train_2304.jpg,text_other
train_2306.jpg,pool,g_train_2306.jpg,price
train_2307.jpg,pool,g_train_2307.jpg,position
train_2308.jpg,pool,g_train_2308.jpg,text_other
train_2309.jpg,pool,g_train_2309.jpg,text_other
train_2311.jpg,pool,g_train_2311.jpg,text_other
train_2312.jpg,pool,g_train_2312.jpg,text_other
train_2313.jpg,pool,g_train_2313.jpg,text_other
train_2314.jpg,pool,g_train_2314.jpg,price
train_2315.jpg,pool,g_train_2315.jpg,text_other
train_2316.jpg,pool,g_train_2316.jpg,number
train_2317.jpg,pool,g_train_2317.jpg,text_other
train_2318.jpg,pool,g_train_2318.jpg,text_other
train_2319.jpg,pool,g_train_2319.jpg,text_other
train_2322.jpg,pool,g_train_2322.jpg,text_other
train_2324.jpg,pool,g_train_2324.jpg,text_other
train_2326.jpg,pool,g_train_2326.jpg,text_other
train_2329.jpg,pool,g_train_2329.jpg,price
train_2330.jpg,pool,g_train_2330.jpg,price
train_2332.jpg,pool,g_train_2332.jpg,text_other
train_2335.jpg,pool,g_train_2335.jpg,number
train_2337.jpg,pool,g_train_2337.jpg,text_other
train_2338.jpg,pool,g_train_2338.jpg,price
train_2341.jpg,pool,g_train_2341.jpg,text_other
train_2342.jpg,pool,g_train_2342.jpg,price
train_2343.jpg,pool,g_train_2343.jpg,text_other
train_2348.jpg,pool,g_train_2348.jpg,number
train_2350.jpg,pool,g_train_2350.jpg,text_other
train_2353.jpg,pool,g_train_2353.jpg,number
train_2355.jpg,pool,g_train_2355.jpg,text_other
train_2356.jpg,pool,g_train_2356.jpg,text_other
train_2357.jpg,pool,g_train_2357.jpg,negation
train_2358.jpg,pool,g_train_2358.jpg,text_other
train_2362.jpg,pool,g_train_2362.jpg,negation
train_2367.jpg,pool,g_train_2367.jpg,text_other
train_2369.jpg,pool,g_train_2369.jpg,number
train_2370.jpg,pool,g_train_2370.jpg,text_other
train_2372.jpg,pool,g_train_2372.jpg,text_other
train_2373.jpg,pool,g_train_2373.jpg,text_other
train_2374.jpg,pool,g_train_2374.jpg,number
train_2377.jpg,pool,g_train_2377.jpg,text_other
train_2378.jpg,pool,g_train_2378.jpg,text_other
train_2380.jpg,pool,g_train_2380.jpg,text_other
train_2382.jpg,pool,g_train_2382.jpg,negation
train_2383.jpg,pool,g_train_2383.jpg,text_other
train_2384.jpg,pool,g_train_2384.jpg,text_other
train_2385.jpg,pool,g_train_2385.jpg,text_other
train_2386.jpg,pool,g_train_2386.jpg,text_other
train_2389.jpg,pool,g_train_2389.jpg,text_other
train_2390.jpg,pool,g_train_2390.jpg,text_other
train_2394.jpg,pool,g_train_2394.jpg,price
train_2397.jpg,pool,g_train_2397.jpg,price
train_2398.jpg,pool,g_train_2398.jpg,number
train_2399.jpg,pool,g_train_2399.jpg,text_other
train_2401.jpg,pool,g_train_2401.jpg,text_other
train_2403.jpg,pool,g_train_2403.jpg,text_other
train_2404.jpg,pool,g_train_2404.jpg,price
train_2405.jpg,pool,g_train_2405.jpg,text_other
train_2408.jpg,pool,g_train_2408.jpg,number
train_2410.jpg,pool,g_train_2410.jpg,text_other
train_2414.jpg,pool,g_train_2414.jpg,price
train_2416.jpg,pool,g_train_2416.jpg,text_other
train_2418.jpg,pool,g_train_2418.jpg,number
train_2419.jpg,pool,g_train_2419.jpg,text_other
train_2420.jpg,pool,g_train_2420.jpg,text_other
train_2422.jpg,pool,g_train_2422.jpg,price
train_2423.jpg,pool,g_train_2423.jpg,text_other
train_2424.jpg,pool,g_train_2424.jpg,text_other
train_2425.jpg,pool,g_train_2425.jpg,position
train_2426.jpg,pool,g_train_2426.jpg,number
train_2429.jpg,pool,g_train_2429.jpg,position
train_2430.jpg,pool,g_train_2430.jpg,text_other
train_2431.jpg,pool,g_train_2431.jpg,position
train_2432.jpg,pool,g_train_2432.jpg,negation
train_2433.jpg,pool,g_train_2433.jpg,text_other
train_2434.jpg,pool,g_train_2434.jpg,text_other
train_2437.jpg,pool,g_train_2437.jpg,text_other
train_2438.jpg,pool,g_train_2438.jpg,text_other
train_2439.jpg,pool,g_train_2439.jpg,text_other
train_2442.jpg,pool,g_train_2442.jpg,price
train_2443.jpg,pool,g_train_2443.jpg,negation
train_2444.jpg,pool,g_train_2444.jpg,text_other
train_2447.jpg,pool,g_train_2447.jpg,negation
train_2450.jpg,pool,g_train_2450.jpg,number
train_2452.jpg,pool,g_train_2452.jpg,position
train_2453.jpg,pool,g_train_2453.jpg,text_other
train_2454.jpg,pool,g_train_2454.jpg,number
train_2456.jpg,pool,g_train_2456.jpg,text_other
train_2458.jpg,pool,g_train_2458.jpg,position
train_2459.jpg,pool,g_train_2459.jpg,text_other
train_2460.jpg,pool,g_train_2460.jpg,text_other
train_2461.jpg,pool,g_train_2461.jpg,text_other
train_2462.jpg,pool,g_train_2462.jpg,text_other
train_2463.jpg,pool,g_train_2463.jpg,price
train_2466.jpg,pool,g_train_2466.jpg,text_other
train_2467.jpg,pool,g_train_2467.jpg,number
train_2469.jpg,pool,g_train_2469.jpg,text_other
train_2470.jpg,pool,g_train_2470.jpg,text_other
train_2472.jpg,pool,g_train_2472.jpg,price
train_2474.jpg,pool,g_train_2474.jpg,price
train_2475.jpg,pool,g_train_2475.jpg,text_other
train_2476.jpg,pool,g_train_2476.jpg,negation
train_2477.jpg,pool,g_train_2477.jpg,text_other
train_2478.jpg,pool,g_train_2478.jpg,price
train_2480.jpg,pool,g_train_2480.jpg,text_other
train_2482.jpg,pool,g_train_2482.jpg,text_other
train_2483.jpg,pool,g_train_2483.jpg,text_other
train_2484.jpg,pool,g_train_2484.jpg,position
train_2486.jpg,pool,g_train_2486.jpg,text_other
train_2487.jpg,pool,g_train_2487.jpg,price
train_2489.jpg,pool,g_train_2489.jpg,text_other
train_2490.jpg,pool,g_train_2490.jpg,number
train_2493.jpg,pool,g_train_2493.jpg,text_other
train_2496.jpg,pool,g_train_2496.jpg,text_other
train_2497.jpg,pool,g_train_2497.jpg,price
train_2501.jpg,pool,g_train_2501.jpg,text_other
train_2502.jpg,pool,g_train_2502.jpg,text_other
train_2504.jpg,pool,g_train_2504.jpg,position
train_2505.jpg,pool,g_train_2505.jpg,text_other
train_2507.jpg,pool,g_train_2507.jpg,text_other
train_2508.jpg,pool,g_train_2508.jpg,price
train_2509.jpg,pool,g_train_2509.jpg,number
train_2512.jpg,pool,g_train_2512.jpg,text_other
train_2513.jpg,pool,g_train_2513.jpg,number
train_2514.jpg,pool,g_train_2514.jpg,text_other
train_2517.jpg,pool,g_train_2517.jpg,text_other
train_2522.jpg,pool,g_train_2522.jpg,position
train_2525.jpg,pool,g_train_2525.jpg,price
train_2527.jpg,pool,g_train_2527.jpg,text_other
train_2528.jpg,pool,g_train_2528.jpg,negation
train_2529.jpg,pool,g_train_2529.jpg,price
train_2531.jpg,pool,g_train_2531.jpg,text_other
train_2532.jpg,pool,g_train_2532.jpg,text_other
train_2534.jpg,pool,g_train_2534.jpg,text_other
train_2535.jpg,pool,g_train_2535.jpg,text_other
train_2536.jpg,pool,g_train_2536.jpg,position
train_2540.jpg,pool,g_train_2540.jpg,text_other
train_2541.jpg,pool,g_train_2541.jpg,text_other
train_2542.jpg,pool,g_train_2542.jpg,position
train_2543.jpg,pool,g_train_2543.jpg,position
train_2545.jpg,pool,g_train_2545.jpg,text_other
train_2546.jpg,pool,g_train_2546.jpg,number
train_2547.jpg,pool,g_train_2547.jpg,number
train_2551.jpg,pool,g_train_2551.jpg,text_other
train_2552.jpg,pool,g_train_2552.jpg,text_other
train_2553.jpg,pool,g_train_2553.jpg,text_other
train_2554.jpg,pool,g_train_2554.jpg,text_other
train_2555.jpg,pool,g_train_2555.jpg,number
train_2556.jpg,pool,g_train_2556.jpg,price
train_2557.jpg,pool,g_train_2557.jpg,text_other
train_2558.jpg,pool,g_train_2558.jpg,text_other
train_2559.jpg,pool,g_train_2559.jpg,price
train_2560.jpg,pool,g_train_2560.jpg,price
train_2561.jpg,pool,g_train_2561.jpg,text_other
train_2562.jpg,pool,g_train_2562.jpg,number
train_2563.jpg,pool,g_train_2563.jpg,price
train_2564.jpg,pool,g_train_2564.jpg,text_other
train_2565.jpg,pool,g_train_2565.jpg,number
train_2568.jpg,pool,g_train_2568.jpg,text_other
train_2571.jpg,pool,g_train_2571.jpg,text_other
train_2572.jpg,pool,g_train_2572.jpg,text_other
train_2573.jpg,pool,g_train_2573.jpg,text_other
train_2574.jpg,pool,g_train_2574.jpg,text_other
train_2575.jpg,pool,g_train_2575.jpg,text_other
train_2581.jpg,pool,g_train_2581.jpg,text_other
train_2582.jpg,pool,g_train_2582.jpg,text_other
train_2584.jpg,pool,g_train_2584.jpg,number
train_2585.jpg,pool,g_train_2585.jpg,text_other
train_2586.jpg,pool,g_train_2586.jpg,text_other
train_2587.jpg,pool,g_train_2587.jpg,text_other
train_2589.jpg,pool,g_train_2589.jpg,price
train_2591.jpg,pool,g_train_2591.jpg,text_other
train_2592.jpg,pool,g_train_2592.jpg,text_other
train_2593.jpg,pool,g_train_2593.jpg,text_other
train_2595.jpg,pool,g_train_2595.jpg,text_other
train_2596.jpg,pool,g_train_2596.jpg,text_other
train_2597.jpg,pool,g_train_2597.jpg,text_other
train_2600.jpg,pool,g_train_2600.jpg,text_other
train_2601.jpg,pool,g_train_2601.jpg,text_other
train_2602.jpg,pool,g_train_2602.jpg,text_other
train_2603.jpg,pool,g_train_2603.jpg,price
train_2605.jpg,pool,g_train_2605.jpg,text_other
train_2609.jpg,pool,g_train_2609.jpg,price
train_2610.jpg,pool,g_train_2610.jpg,text_other
train_2611.jpg,pool,g_train_2611.jpg,text_other
train_2612.jpg,pool,g_train_2612.jpg,position
train_2614.jpg,pool,g_train_2614.jpg,negation
train_2616.jpg,pool,g_train_2616.jpg,text_other
train_2618.jpg,pool,g_train_2618.jpg,text_other
train_2620.jpg,pool,g_train_2620.jpg,text_other
train_2621.jpg,pool,g_train_2621.jpg,text_other
train_2623.jpg,pool,g_train_2623.jpg,text_other
train_2624.jpg,pool,g_train_2624.jpg,price
train_2625.jpg,pool,g_train_2625.jpg,text_other
train_2628.jpg,pool,g_train_2628.jpg,text_other
train_2631.jpg,pool,g_train_2631.jpg,text_other
train_2633.jpg,pool,g_train_2633.jpg,text_other
train_2634.jpg,pool,g_train_2634.jpg,number
train_2635.jpg,pool,g_train_2635.jpg,text_other
train_2637.jpg,pool,g_train_2637.jpg,text_other
train_2639.jpg,pool,g_train_2639.jpg,text_other
train_2640.jpg,pool,g_train_2640.jpg,text_other
train_2641.jpg,pool,g_train_2641.jpg,number
train_2642.jpg,pool,g_train_2642.jpg,text_other
train_2643.jpg,pool,g_train_2643.jpg,price
train_2644.jpg,pool,g_train_2644.jpg,text_other
train_2645.jpg,pool,g_train_2645.jpg,text_other
train_2646.jpg,pool,g_train_2646.jpg,text_other
train_2647.jpg,pool,g_train_2647.jpg,text_other
train_2648.jpg,pool,g_train_2648.jpg,text_other
train_2650.jpg,pool,g_train_2650.jpg,price
train_2651.jpg,pool,g_train_2651.jpg,text_other
train_2653.jpg,pool,g_train_2653.jpg,text_other
train_2654.jpg,pool,g_train_2654.jpg,text_other
train_2657.jpg,pool,g_train_2657.jpg,number
train_2659.jpg,pool,g_train_2659.jpg,text_other
train_2660.jpg,pool,g_train_2660.jpg,text_other
train_2663.jpg,pool,g_train_2663.jpg,number
train_2664.jpg,pool,g_train_2664.jpg,text_other
train_2665.jpg,pool,g_train_2665.jpg,text_other
train_2666.jpg,pool,g_train_2666.jpg,text_other
train_2670.jpg,pool,g_train_2670.jpg,negation
train_2671.jpg,pool,g_train_2671.jpg,text_other
train_2673.jpg,pool,g_train_2673.jpg,text_other
train_2677.jpg,pool,g_train_2677.jpg,text_other
train_2678.jpg,pool,g_train_2678.jpg,text_other
train_2679.jpg,pool,g_train_2679.jpg,text_other
train_2680.jpg,pool,g_train_2680.jpg,text_other
train_2681.jpg,pool,g_train_2681.jpg,number
train_2682.jpg,pool,g_train_2682.jpg,text_other
train_2683.jpg,pool,g_train_2683.jpg,text_other
train_2685.jpg,pool,g_train_2685.jpg,text_other
train_2686.jpg,pool,g_train_2686.jpg,text_other
train_2687.jpg,pool,g_train_2687.jpg,text_other
train_2688.jpg,pool,g_train_2688.jpg,text_other
train_2689.jpg,pool,g_train_2689.jpg,negation
train_2690.jpg,pool,g_train_2690.jpg,price
train_2692.jpg,pool,g_train_2692.jpg,position
train_2694.jpg,pool,g_train_2694.jpg,text_other
train_2698.jpg,pool,g_train_2698.jpg,price
train_2699.jpg,pool,g_train_2699.jpg,text_other
train_2700.jpg,pool,g_train_2700.jpg,text_other
train_2702.jpg,pool,g_train_2702.jpg,text_other
train_2707.jpg,pool,g_train_2707.jpg,number
train_2708.jpg,pool,g_train_2708.jpg,text_other
train_2709.jpg,pool,g_train_2709.jpg,text_other
train_2711.jpg,pool,g_train_2711.jpg,number
train_2712.jpg,pool,g_train_2712.jpg,text_other
train_2716.jpg,pool,g_train_2716.jpg,negation
train_2718.jpg,pool,g_train_2718.jpg,text_other
train_2719.jpg,pool,g_train_2719.jpg,negation
train_2720.jpg,pool,g_train_2720.jpg,price
train_2721.jpg,pool,g_train_2721.jpg,price
train_2724.jpg,pool,g_train_2724.jpg,text_other
train_2725.jpg,pool,g_train_2725.jpg,price
train_2726.jpg,pool,g_train_2726.jpg,text_other
train_2728.jpg,pool,g_train_2728.jpg,text_other
train_2729.jpg,pool,g_train_2729.jpg,text_other
train_2730.jpg,pool,g_train_2730.jpg,text_other
train_2733.jpg,pool,g_train_2733.jpg,text_other
train_2734.jpg,pool,g_train_2734.jpg,text_other
train_2735.jpg,pool,g_train_2735.jpg,text_other
train_2741.jpg,pool,g_train_2741.jpg,text_other
train_2743.jpg,pool,g_train_2743.jpg,price
train_2744.jpg,pool,g_train_2744.jpg,price
train_2746.jpg,pool,g_train_2746.jpg,text_other
train_2749.jpg,pool,g_train_2749.jpg,position
train_2750.jpg,pool,g_train_2750.jpg,text_other
train_2751.jpg,pool,g_train_2751.jpg,text_other
train_2752.jpg,pool,g_train_2752.jpg,text_other
train_2755.jpg,pool,g_train_2755.jpg,number
train_2756.jpg,pool,g_train_2756.jpg,number
train_2759.jpg,pool,g_train_2759.jpg,text_other
train_2761.jpg,pool,g_train_2761.jpg,text_other
train_2762.jpg,pool,g_train_2762.jpg,text_other
train_2764.jpg,pool,g_train_2764.jpg,text_other
train_2766.jpg,pool,g_train_2766.jpg,number
train_2767.jpg,pool,g_train_2767.jpg,negation
train_2769.jpg,pool,g_train_2769.jpg,position
train_2770.jpg,pool,g_train_2770.jpg,text_other
train_2771.jpg,pool,g_train_2771.jpg,text_other
train_2774.jpg,pool,g_train_2774.jpg,position
train_2775.jpg,pool,g_train_2775.jpg,text_other
train_2777.jpg,pool,g_train_2777.jpg,text_other
train_2778.jpg,pool,g_train_2778.jpg,price
train_2780.jpg,pool,g_train_2780.jpg,text_other
train_2781.jpg,pool,g_train_2781.jpg,position
train_2783.jpg,pool,g_train_2783.jpg,text_other
train_2787.jpg,pool,g_train_2787.jpg,text_other
train_2788.jpg,pool,g_train_2788.jpg,text_other
train_2789.jpg,pool,g_train_2789.jpg,position
train_2791.jpg,pool,g_train_2791.jpg,price
train_2793.jpg,pool,g_train_2793.jpg,negation
train_2794.jpg,pool,g_train_2794.jpg,negation
train_2795.jpg,pool,g_train_2795.jpg,text_other
train_2797.jpg,pool,g_train_2797.jpg,text_other
train_2798.jpg,pool,g_train_2798.jpg,text_other
train_2799.jpg,pool,g_train_2799.jpg,text_other
train_2801.jpg,pool,g_train_2801.jpg,negation
train_2803.jpg,pool,g_train_2803.jpg,text_other
train_2804.jpg,pool,g_train_2804.jpg,text_other
train_2805.jpg,pool,g_train_2805.jpg,text_other
train_2806.jpg,pool,g_train_2806.jpg,text_other
train_2807.jpg,pool,g_train_2807.jpg,text_other
train_2808.jpg,pool,g_train_2808.jpg,text_other
train_2810.jpg,pool,g_train_2810.jpg,price
train_2812.jpg,pool,g_train_2812.jpg,text_other
train_2814.jpg,pool,g_train_2814.jpg,text_other
train_2815.jpg,pool,g_train_2815.jpg,text_other
train_2816.jpg,pool,g_train_2816.jpg,number
train_2818.jpg,pool,g_train_2818.jpg,text_other
train_2819.jpg,pool,g_train_2819.jpg,text_other
train_2821.jpg,pool,g_train_2821.jpg,text_other
train_2822.jpg,pool,g_train_2822.jpg,position
train_2825.jpg,pool,g_train_2825.jpg,text_other
train_2828.jpg,pool,g_train_2828.jpg,text_other
train_2830.jpg,pool,g_train_2830.jpg,price
train_2831.jpg,pool,g_train_2831.jpg,text_other
train_2832.jpg,pool,g_train_2832.jpg,price
train_2833.jpg,pool,g_train_2833.jpg,position
train_2834.jpg,pool,g_train_2834.jpg,position
train_2836.jpg,pool,g_train_2836.jpg,text_other
train_2837.jpg,pool,g_train_2837.jpg,text_other
train_2840.jpg,pool,g_train_2840.jpg,number
train_2841.jpg,pool,g_train_2841.jpg,text_other
train_2842.jpg,pool,g_train_2842.jpg,text_other
train_2843.jpg,pool,g_train_2843.jpg,text_other
train_2844.jpg,pool,g_train_2844.jpg,text_other
train_2845.jpg,pool,g_train_2845.jpg,text_other
train_2847.jpg,pool,g_train_2847.jpg,text_other
train_2848.jpg,pool,g_train_2848.jpg,text_other
train_2849.jpg,pool,g_train_2849.jpg,price
train_2850.jpg,pool,g_train_2850.jpg,negation
train_2851.jpg,pool,g_train_2851.jpg,text_other
train_2852.jpg,pool,g_train_2852.jpg,price
train_2854.jpg,pool,g_train_2854.jpg,text_other
train_2856.jpg,pool,g_train_2856.jpg,text_other
train_2860.jpg,pool,g_train_2860.jpg,text_other
train_2863.jpg,pool,g_train_2863.jpg,position
train_2865.jpg,pool,g_train_2865.jpg,text_other
train_2866.jpg,pool,g_train_2866.jpg,price
train_2868.jpg,pool,g_train_2868.jpg,text_other
train_2869.jpg,pool,g_train_2869.jpg,number
train_2871.jpg,pool,g_train_2871.jpg,price
train_2872.jpg,pool,g_train_2872.jpg,text_other
train_2874.jpg,pool,g_train_2874.jpg,price
train_2875.jpg,pool,g_train_2875.jpg,text_other
train_2877.jpg,pool,g_train_2877.jpg,text_other
train_2878.jpg,pool,g_train_2878.jpg,text_other
train_2880.jpg,pool,g_train_2880.jpg,price
train_2882.jpg,pool,g_train_2882.jpg,text_other
train_2884.jpg,pool,g_train_2884.jpg,text_other
train_2885.jpg,pool,g_train_2885.jpg,text_other
train_2886.jpg,pool,g_train_2886.jpg,text_other
train_2887.jpg,pool,g_train_2887.jpg,text_other
train_2891.jpg,pool,g_train_2891.jpg,text_other
train_2892.jpg,pool,g_train_2892.jpg,price
train_2893.jpg,pool,g_train_2893.jpg,position
train_2894.jpg,pool,g_train_2894.jpg,price
train_2896.jpg,pool,g_train_2896.jpg,text_other
train_2905.jpg,pool,g_train_2905.jpg,price
train_2906.jpg,pool,g_train_2906.jpg,price
train_2908.jpg,pool,g_train_2908.jpg,position
train_2909.jpg,pool,g_train_2909.jpg,text_other
train_2910.jpg,pool,g_train_2910.jpg,text_other
train_2911.jpg,pool,g_train_2911.jpg,price
train_2914.jpg,pool,g_train_2914.jpg,text_other
train_2919.jpg,pool,g_train_2919.jpg,text_other
train_2921.jpg,pool,g_train_2921.jpg,text_other
train_2922.jpg,pool,g_train_2922.jpg,price
train_2923.jpg,pool,g_train_2923.jpg,text_other
train_2924.jpg,pool,g_train_2924.jpg,text_other
train_2925.jpg,pool,g_train_2925.jpg,text_other
train_2929.jpg,pool,g_train_2929.jpg,text_other
train_2931.jpg,pool,g_train_2931.jpg,text_other
train_2932.jpg,pool,g_train_2932.jpg,text_other
train_2934.jpg,pool,g_train_2934.jpg,price
train_2935.jpg,pool,g_train_2935.jpg,price
train_2936.jpg,pool,g_train_2936.jpg,text_other
train_2937.jpg,pool,g_train_2937.jpg,text_other
train_2938.jpg,pool,g_train_2938.jpg,price
train_2939.jpg,pool,g_train_2939.jpg,text_other
train_2940.jpg,pool,g_train_2940.jpg,text_other
train_2946.jpg,pool,g_train_2946.jpg,text_other
train_2948.jpg,pool,g_train_2948.jpg,text_other
train_2952.jpg,pool,g_train_2952.jpg,price
train_2956.jpg,pool,g_train_2956.jpg,text_other
train_2958.jpg,pool,g_train_2958.jpg,text_other
train_2959.jpg,pool,g_train_2959.jpg,text_other
train_2961.jpg,pool,g_train_2961.jpg,text_other
train_2962.jpg,pool,g_train_2962.jpg,price
train_2963.jpg,pool,g_train_2963.jpg,text_other
train_2964.jpg,pool,g_train_2964.jpg,text_other
train_2966.jpg,pool,g_train_2966.jpg,price
train_2967.jpg,pool,g_train_2967.jpg,number
train_2969.jpg,pool,g_train_2969.jpg,text_other
train_2970.jpg,pool,g_train_2970.jpg,text_other
train_2971.jpg,pool,g_train_2971.jpg,text_other
train_2972.jpg,pool,g_train_2972.jpg,position
train_2973.jpg,pool,g_train_2973.jpg,text_other
train_2974.jpg,pool,g_train_2974.jpg,number
train_2976.jpg,pool,g_train_2976.jpg,negation
train_2977.jpg,pool,g_train_2977.jpg,text_other
train_2978.jpg,pool,g_train_2978.jpg,text_other
train_2979.jpg,pool,g_train_2979.jpg,text_other
train_2980.jpg,pool,g_train_2980.jpg,text_other
train_2982.jpg,pool,g_train_2982.jpg,text_other
train_2983.jpg,pool,g_train_2983.jpg,text_other
train_2984.jpg,pool,g_train_2984.jpg,position
train_2985.jpg,pool,g_train_2985.jpg,text_other
train_2986.jpg,pool,g_train_2986.jpg,text_other
train_2989.jpg,pool,g_train_2989.jpg,text_other
train_2990.jpg,pool,g_train_2990.jpg,text_other
train_2991.jpg,pool,g_train_2991.jpg,price
train_2993.jpg,pool,g_train_2993.jpg,text_other
train_2994.jpg,pool,g_train_2994.jpg,text_other
train_2997.jpg,pool,g_train_2997.jpg,text_other
train_2998.jpg,pool,g_train_2998.jpg,text_other
train_3000.jpg,pool,g_train_3000.jpg,text_other
train_3001.jpg,pool,g_train_3001.jpg,text_other
train_3007.jpg,pool,g_train_3007.jpg,text_other
train_3008.jpg,pool,g_train_3008.jpg,price
train_3009.jpg,pool,g_train_3009.jpg,text_other
train_3010.jpg,pool,g_train_3010.jpg,text_other
train_3011.jpg,pool,g_train_3011.jpg,text_other
train_3012.jpg,pool,g_train_3012.jpg,text_other
train_3013.jpg,pool,g_train_3013.jpg,position
train_3014.jpg,pool,g_train_3014.jpg,price
train_3016.jpg,pool,g_train_3016.jpg,text_other
train_3018.jpg,pool,g_train_3018.jpg,text_other
train_3019.jpg,pool,g_train_3019.jpg,text_other
train_3022.jpg,pool,g_train_3022.jpg,price
train_3023.jpg,pool,g_train_3023.jpg,text_other
train_3026.jpg,pool,g_train_3026.jpg,number
train_3028.jpg,pool,g_train_3028.jpg,text_other
train_3029.jpg,pool,g_train_3029.jpg,text_other
train_3031.jpg,pool,g_train_3031.jpg,text_other
train_3035.jpg,pool,g_train_3035.jpg,text_other
train_3036.jpg,pool,g_train_3036.jpg,price
train_3039.jpg,pool,g_train_3039.jpg,text_other
train_3040.jpg,pool,g_train_3040.jpg,text_other
train_3041.jpg,pool,g_train_3041.jpg,text_other
train_3043.jpg,pool,g_train_3043.jpg,text_other
train_3044.jpg,pool,g_train_3044.jpg,position
train_3045.jpg,pool,g_train_3045.jpg,text_other
train_3046.jpg,pool,g_train_3046.jpg,text_other
train_3048.jpg,pool,g_train_3048.jpg,number
train_3049.jpg,pool,g_train_3049.jpg,text_other
train_3050.jpg,pool,g_train_3050.jpg,text_other
train_3051.jpg,pool,g_train_3051.jpg,negation
train_3052.jpg,pool,g_train_3052.jpg,text_other
train_3053.jpg,pool,g_train_3053.jpg,text_other
train_3056.jpg,pool,g_train_3056.jpg,text_other
train_3057.jpg,pool,g_train_3057.jpg,position
train_3058.jpg,pool,g_train_3058.jpg,text_other
train_3059.jpg,pool,g_train_3059.jpg,text_other
train_3060.jpg,pool,g_train_3060.jpg,text_other
train_3061.jpg,pool,g_train_3061.jpg,text_other
train_3062.jpg,pool,g_train_3062.jpg,text_other
train_3063.jpg,pool,g_train_3063.jpg,text_other
train_3068.jpg,pool,g_train_3068.jpg,text_other
train_3069.jpg,pool,g_train_3069.jpg,text_other
train_3070.jpg,pool,g_train_3070.jpg,text_other
train_3071.jpg,pool,g_train_3071.jpg,text_other
train_3076.jpg,pool,g_train_3076.jpg,text_other
train_3077.jpg,pool,g_train_3077.jpg,price
train_3078.jpg,pool,g_train_3078.jpg,text_other
train_3079.jpg,pool,g_train_3079.jpg,text_other
train_3080.jpg,pool,g_train_3080.jpg,text_other
train_3082.jpg,pool,g_train_3082.jpg,position
train_3083.jpg,pool,g_train_3083.jpg,number
train_3084.jpg,pool,g_train_3084.jpg,price
train_3085.jpg,pool,g_train_3085.jpg,text_other
train_3087.jpg,pool,g_train_3087.jpg,text_other
train_3090.jpg,pool,g_train_3090.jpg,text_other
train_3091.jpg,pool,g_train_3091.jpg,text_other
train_3092.jpg,pool,g_train_3092.jpg,text_other
train_3093.jpg,pool,g_train_3093.jpg,text_other
train_3095.jpg,pool,g_train_3095.jpg,text_other
train_3098.jpg,pool,g_train_3098.jpg,text_other
train_3100.jpg,pool,g_train_3100.jpg,number
train_3101.jpg,pool,g_train_3101.jpg,negation
train_3102.jpg,pool,g_train_3102.jpg,text_other
train_3103.jpg,pool,g_train_3103.jpg,text_other
train_3104.jpg,pool,g_train_3104.jpg,text_other
train_3107.jpg,pool,g_train_3107.jpg,text_other
train_3108.jpg,pool,g_train_3108.jpg,text_other
train_3110.jpg,pool,g_train_3110.jpg,text_other
train_3111.jpg,pool,g_train_3111.jpg,text_other
train_3112.jpg,pool,g_train_3112.jpg,text_other
train_3115.jpg,pool,g_train_3115.jpg,position
train_3116.jpg,pool,g_train_3116.jpg,text_other
train_3117.jpg,pool,g_train_3117.jpg,text_other
train_3118.jpg,pool,g_train_3118.jpg,text_other
train_3119.jpg,pool,g_train_3119.jpg,text_other
train_3120.jpg,pool,g_train_3120.jpg,negation
train_3121.jpg,pool,g_train_3121.jpg,text_other
train_3123.jpg,pool,g_train_3123.jpg,position
train_3124.jpg,pool,g_train_3124.jpg,negation
train_3126.jpg,pool,g_train_3126.jpg,text_other
train_3127.jpg,pool,g_train_3127.jpg,negation
train_3128.jpg,pool,g_train_3128.jpg,text_other
train_3129.jpg,pool,g_train_3129.jpg,text_other
train_3130.jpg,pool,g_train_3130.jpg,text_other
train_3135.jpg,pool,g_train_3135.jpg,text_other
train_3137.jpg,pool,g_train_3137.jpg,text_other
train_3138.jpg,pool,g_train_3138.jpg,number
train_3139.jpg,pool,g_train_3139.jpg,text_other
train_3143.jpg,pool,g_train_3143.jpg,text_other
train_3145.jpg,pool,g_train_3145.jpg,price
train_3147.jpg,pool,g_train_3147.jpg,text_other
train_3149.jpg,pool,g_train_3149.jpg,negation
train_3150.jpg,pool,g_train_3150.jpg,text_other
train_3151.jpg,pool,g_train_3151.jpg,number
train_3152.jpg,pool,g_train_3152.jpg,text_other
train_3153.jpg,pool,g_train_3153.jpg,text_other
train_3155.jpg,pool,g_train_3155.jpg,price
train_3157.jpg,pool,g_train_3157.jpg,negation
train_3160.jpg,pool,g_train_3160.jpg,text_other
train_3161.jpg,pool,g_train_3161.jpg,position
train_3162.jpg,pool,g_train_3162.jpg,text_other
train_3163.jpg,pool,g_train_3163.jpg,text_other
train_3165.jpg,pool,g_train_3165.jpg,text_other
train_3167.jpg,pool,g_train_3167.jpg,text_other
train_3168.jpg,pool,g_train_0604.jpg,text_other
train_3169.jpg,pool,g_train_3169.jpg,price
train_3170.jpg,pool,g_train_3170.jpg,text_other
train_3171.jpg,pool,g_train_3171.jpg,price
train_3172.jpg,pool,g_train_3172.jpg,text_other
train_3173.jpg,pool,g_train_3173.jpg,text_other
train_3174.jpg,pool,g_train_3174.jpg,number
train_3176.jpg,pool,g_train_3176.jpg,text_other
train_3177.jpg,pool,g_train_3177.jpg,text_other
train_3182.jpg,pool,g_train_3182.jpg,text_other
train_3183.jpg,pool,g_train_3183.jpg,number
train_3184.jpg,pool,g_train_3184.jpg,price
train_3185.jpg,pool,g_train_3185.jpg,price
train_3189.jpg,pool,g_train_3189.jpg,price
train_3190.jpg,pool,g_train_3190.jpg,negation
train_3191.jpg,pool,g_train_3191.jpg,negation
train_3192.jpg,pool,g_train_3192.jpg,position
train_3193.jpg,pool,g_train_3193.jpg,text_other
train_3194.jpg,pool,g_train_3194.jpg,price
train_3195.jpg,pool,g_train_3195.jpg,text_other
train_3196.jpg,pool,g_train_3196.jpg,text_other
train_3197.jpg,pool,g_train_3197.jpg,text_other
train_3198.jpg,pool,g_train_3198.jpg,text_other
train_3199.jpg,pool,g_train_3199.jpg,text_other
train_3201.jpg,pool,g_train_3201.jpg,text_other
train_3203.jpg,pool,g_train_3203.jpg,number
train_3204.jpg,pool,g_train_3204.jpg,text_other
train_3205.jpg,pool,g_train_3205.jpg,text_other
train_3206.jpg,pool,g_train_3206.jpg,text_other
train_3207.jpg,pool,g_train_3207.jpg,position
train_3209.jpg,pool,g_train_3209.jpg,text_other
train_3210.jpg,pool,g_train_3210.jpg,text_other
train_3211.jpg,pool,g_train_3211.jpg,position
train_3212.jpg,pool,g_train_3212.jpg,text_other
train_3214.jpg,pool,g_train_3214.jpg,number
train_3215.jpg,pool,g_train_3215.jpg,text_other
train_3216.jpg,pool,g_train_3216.jpg,text_other
train_3217.jpg,pool,g_train_3217.jpg,position
train_3218.jpg,pool,g_train_3218.jpg,text_other
train_3219.jpg,pool,g_train_3219.jpg,text_other
train_3221.jpg,pool,g_train_3221.jpg,negation
train_3222.jpg,pool,g_train_3222.jpg,price
train_3225.jpg,pool,g_train_3225.jpg,price
train_3227.jpg,pool,g_train_3227.jpg,price
train_3228.jpg,pool,g_train_3228.jpg,price
train_3229.jpg,pool,g_train_3229.jpg,text_other
train_3230.jpg,pool,g_train_3230.jpg,text_other
train_3231.jpg,pool,g_train_3231.jpg,text_other
train_3233.jpg,pool,g_train_3233.jpg,negation
train_3239.jpg,pool,g_train_3239.jpg,text_other
train_3240.jpg,pool,g_train_3240.jpg,text_other
train_3243.jpg,pool,g_train_3243.jpg,text_other
train_3245.jpg,pool,g_train_3245.jpg,price
train_3246.jpg,pool,g_train_3246.jpg,text_other
train_3247.jpg,pool,g_train_3247.jpg,text_other
train_3248.jpg,pool,g_train_3248.jpg,negation
train_3249.jpg,pool,g_train_3249.jpg,number
train_3255.jpg,pool,g_train_3255.jpg,text_other
train_3256.jpg,pool,g_train_3256.jpg,number
train_3257.jpg,pool,g_train_3257.jpg,price
train_3258.jpg,pool,g_train_3258.jpg,text_other
train_3260.jpg,pool,g_train_3260.jpg,text_other
train_3261.jpg,pool,g_train_3261.jpg,text_other
train_3263.jpg,pool,g_train_3263.jpg,text_other
train_3264.jpg,pool,g_train_3264.jpg,text_other
train_3265.jpg,pool,g_train_3265.jpg,text_other
train_3266.jpg,pool,g_train_3266.jpg,text_other
train_3267.jpg,pool,g_train_3267.jpg,price
train_3269.jpg,pool,g_train_3269.jpg,position
train_3270.jpg,pool,g_train_3270.jpg,text_other
train_3272.jpg,pool,g_train_3272.jpg,number
train_3273.jpg,pool,g_train_3273.jpg,text_other
train_3274.jpg,pool,g_train_3274.jpg,text_other
train_3275.jpg,pool,g_train_3275.jpg,text_other
train_3276.jpg,pool,g_train_3276.jpg,price
train_3277.jpg,pool,g_train_3277.jpg,number
train_3278.jpg,pool,g_train_3278.jpg,text_other
train_3279.jpg,pool,g_train_3279.jpg,text_other
train_3280.jpg,pool,g_train_3280.jpg,text_other
train_3282.jpg,pool,g_train_3282.jpg,position
train_3283.jpg,pool,g_train_3283.jpg,text_other
train_3284.jpg,pool,g_train_3284.jpg,text_other
train_3285.jpg,pool,g_train_3285.jpg,text_other
train_3287.jpg,pool,g_train_3287.jpg,price
train_3288.jpg,pool,g_train_3288.jpg,text_other
train_3289.jpg,pool,g_train_3289.jpg,text_other
train_3290.jpg,pool,g_train_3290.jpg,text_other
train_3292.jpg,pool,g_train_3292.jpg,number
train_3294.jpg,pool,g_train_3294.jpg,text_other
train_3295.jpg,pool,g_train_3295.jpg,number
train_3298.jpg,pool,g_train_3298.jpg,number
train_3301.jpg,pool,g_train_3301.jpg,text_other
train_3303.jpg,pool,g_train_3303.jpg,text_other
train_3304.jpg,pool,g_train_3304.jpg,text_other
train_3305.jpg,pool,g_train_3305.jpg,text_other
train_3306.jpg,pool,g_train_3306.jpg,text_other
train_3309.jpg,pool,g_train_3309.jpg,text_other
train_3310.jpg,pool,g_train_3310.jpg,text_other
train_3311.jpg,pool,g_train_3311.jpg,position
train_3312.jpg,pool,g_train_3312.jpg,number
train_3314.jpg,pool,g_train_3314.jpg,price
train_3315.jpg,pool,g_train_3315.jpg,text_other
train_3316.jpg,pool,g_train_3316.jpg,number
train_3318.jpg,pool,g_train_3318.jpg,text_other
train_3319.jpg,pool,g_train_3319.jpg,text_other
train_3320.jpg,pool,g_train_3320.jpg,text_other
train_3323.jpg,pool,g_train_3323.jpg,text_other
train_3325.jpg,pool,g_train_3325.jpg,text_other
train_3326.jpg,pool,g_train_3326.jpg,text_other
train_3327.jpg,pool,g_train_3327.jpg,text_other
train_3328.jpg,pool,g_train_3328.jpg,number
train_3329.jpg,pool,g_train_3329.jpg,number
train_3330.jpg,pool,g_train_3330.jpg,number
train_3333.jpg,pool,g_train_3333.jpg,text_other
train_3334.jpg,pool,g_train_3334.jpg,negation
train_3335.jpg,pool,g_train_3335.jpg,price
train_3336.jpg,pool,g_train_3336.jpg,price
train_3337.jpg,pool,g_train_3337.jpg,text_other
train_3338.jpg,pool,g_train_3338.jpg,text_other
train_3340.jpg,pool,g_train_3340.jpg,negation
train_3341.jpg,pool,g_train_3341.jpg,text_other
train_3342.jpg,pool,g_train_3342.jpg,price
train_3343.jpg,pool,g_train_3343.jpg,text_other
train_3344.jpg,pool,g_train_3344.jpg,negation
train_3345.jpg,pool,g_train_3345.jpg,price
train_3347.jpg,pool,g_train_3347.jpg,text_other
train_3349.jpg,pool,g_train_3349.jpg,price
train_3350.jpg,pool,g_train_3350.jpg,negation
train_3352.jpg,pool,g_train_3352.jpg,text_other
train_3353.jpg,pool,g_train_3353.jpg,text_other
train_3354.jpg,pool,g_train_3354.jpg,position
train_3355.jpg,pool,g_train_3355.jpg,number
train_3358.jpg,pool,g_train_3358.jpg,text_other
train_3362.jpg,pool,g_train_3362.jpg,price
train_3363.jpg,pool,g_train_3363.jpg,number
train_3364.jpg,pool,g_train_3364.jpg,text_other
train_3368.jpg,pool,g_train_3368.jpg,negation
train_3370.jpg,pool,g_train_3370.jpg,text_other
train_3371.jpg,pool,g_train_3371.jpg,position
train_3372.jpg,pool,g_train_3372.jpg,price
train_3373.jpg,pool,g_train_3373.jpg,text_other
train_3374.jpg,pool,g_train_3374.jpg,number
train_3376.jpg,pool,g_train_3376.jpg,text_other
train_3379.jpg,pool,g_train_3379.jpg,price
train_3382.jpg,pool,g_train_3382.jpg,text_other
train_3384.jpg,pool,g_train_3384.jpg,text_other
train_3387.jpg,pool,g_train_3387.jpg,text_other
train_3388.jpg,pool,g_train_3388.jpg,text_other
train_3390.jpg,pool,g_train_3390.jpg,text_other
train_3391.jpg,pool,g_train_3391.jpg,text_other
train_3392.jpg,pool,g_train_3392.jpg,text_other
train_3393.jpg,pool,g_train_3393.jpg,text_other
train_3395.jpg,pool,g_train_3395.jpg,text_other
train_3396.jpg,pool,g_train_3396.jpg,price
train_3399.jpg,pool,g_train_3399.jpg,negation
train_3400.jpg,pool,g_train_3400.jpg,text_other
train_3401.jpg,pool,g_train_3401.jpg,text_other
train_3402.jpg,pool,g_train_3402.jpg,text_other
train_3403.jpg,pool,g_train_3403.jpg,text_other
train_3404.jpg,pool,g_train_3404.jpg,text_other
train_3406.jpg,pool,g_train_3406.jpg,text_other
train_3409.jpg,pool,g_train_3409.jpg,text_other
train_3410.jpg,pool,g_train_3410.jpg,text_other
train_3411.jpg,pool,g_train_3411.jpg,price
train_3412.jpg,pool,g_train_3412.jpg,number
train_3415.jpg,pool,g_train_3415.jpg,text_other
train_3417.jpg,pool,g_train_3417.jpg,text_other
train_3418.jpg,pool,g_train_3418.jpg,text_other
train_3420.jpg,pool,g_train_3420.jpg,text_other
train_3421.jpg,pool,g_train_3421.jpg,text_other
train_3423.jpg,pool,g_train_3423.jpg,text_other
train_3424.jpg,pool,g_train_3424.jpg,text_other
train_3425.jpg,pool,g_train_3425.jpg,text_other
train_3427.jpg,pool,g_train_3427.jpg,text_other
train_3428.jpg,pool,g_train_3428.jpg,text_other
train_3429.jpg,pool,g_train_3429.jpg,text_other
train_3430.jpg,pool,g_train_3430.jpg,position
train_3432.jpg,pool,g_train_3432.jpg,text_other
train_3433.jpg,pool,g_train_3433.jpg,text_other
train_3434.jpg,pool,g_train_3434.jpg,text_other
train_3436.jpg,pool,g_train_3436.jpg,number
train_3438.jpg,pool,g_train_3438.jpg,text_other
train_3439.jpg,pool,g_train_3439.jpg,text_other
train_3440.jpg,pool,g_train_3440.jpg,text_other
train_3441.jpg,pool,g_train_3441.jpg,text_other
train_3442.jpg,pool,g_train_3442.jpg,text_other
train_3444.jpg,pool,g_train_3444.jpg,text_other
train_3448.jpg,pool,g_train_3448.jpg,text_other
train_3449.jpg,pool,g_train_3449.jpg,number
train_3453.jpg,pool,g_train_3453.jpg,price
train_3454.jpg,pool,g_train_3454.jpg,position
train_3455.jpg,pool,g_train_3455.jpg,text_other
train_3459.jpg,pool,g_train_3459.jpg,text_other
train_3462.jpg,pool,g_train_3462.jpg,position
train_3465.jpg,pool,g_train_3465.jpg,text_other
train_3466.jpg,pool,g_train_3466.jpg,text_other
train_3467.jpg,pool,g_train_3467.jpg,text_other
train_3468.jpg,pool,g_train_3468.jpg,number
train_3469.jpg,pool,g_train_3469.jpg,price
train_3471.jpg,pool,g_train_3471.jpg,negation
train_3472.jpg,pool,g_train_3472.jpg,text_other
train_3473.jpg,pool,g_train_3473.jpg,text_other
train_3474.jpg,pool,g_train_3474.jpg,price
train_3475.jpg,pool,g_train_3475.jpg,text_other
train_3476.jpg,pool,g_train_3476.jpg,text_other
train_3477.jpg,pool,g_train_3477.jpg,number
train_3478.jpg,pool,g_train_3478.jpg,text_other
train_3479.jpg,pool,g_train_3479.jpg,text_other
train_3480.jpg,pool,g_train_3480.jpg,text_other
train_3483.jpg,pool,g_train_3483.jpg,text_other
train_3486.jpg,pool,g_train_3486.jpg,text_other
train_3487.jpg,pool,g_train_3487.jpg,text_other
train_3488.jpg,pool,g_train_3488.jpg,text_other
train_3489.jpg,pool,g_train_3489.jpg,text_other
train_3492.jpg,pool,g_train_3492.jpg,price
train_3493.jpg,pool,g_train_3493.jpg,text_other
train_3494.jpg,pool,g_train_3494.jpg,text_other
train_3502.jpg,pool,g_train_3502.jpg,text_other
train_3503.jpg,pool,g_train_3503.jpg,text_other
train_3505.jpg,pool,g_train_3505.jpg,text_other
train_3507.jpg,pool,g_train_3507.jpg,number
train_3508.jpg,pool,g_train_3508.jpg,text_other
train_3510.jpg,pool,g_train_3510.jpg,text_other
train_3513.jpg,pool,g_train_3513.jpg,text_other
train_3514.jpg,pool,g_train_3514.jpg,text_other
train_3515.jpg,pool,g_train_3515.jpg,text_other
train_3516.jpg,pool,g_train_3516.jpg,number
train_3517.jpg,pool,g_train_3517.jpg,negation
train_3518.jpg,pool,g_train_3518.jpg,text_other
train_3519.jpg,pool,g_train_3519.jpg,negation
train_3522.jpg,pool,g_train_3522.jpg,text_other
train_3523.jpg,pool,g_train_3523.jpg,number
train_3525.jpg,pool,g_train_3525.jpg,text_other
train_3527.jpg,pool,g_train_3527.jpg,text_other
train_3529.jpg,pool,g_train_3529.jpg,text_other
train_3531.jpg,pool,g_train_3531.jpg,text_other
train_3533.jpg,pool,g_train_3533.jpg,text_other
train_3534.jpg,pool,g_train_3534.jpg,number
train_3535.jpg,pool,g_train_3535.jpg,negation
train_3536.jpg,pool,g_train_3536.jpg,number
train_3537.jpg,pool,g_train_3537.jpg,number
train_3538.jpg,pool,g_train_3538.jpg,text_other
train_3540.jpg,pool,g_train_3540.jpg,number
train_3541.jpg,pool,g_train_3541.jpg,text_other
train_3542.jpg,pool,g_train_3542.jpg,text_other
train_3546.jpg,pool,g_train_3546.jpg,text_other
train_3547.jpg,pool,g_train_3547.jpg,text_other
train_3551.jpg,pool,g_train_3551.jpg,position
train_3552.jpg,pool,g_train_3552.jpg,text_other
train_3555.jpg,pool,g_train_3555.jpg,text_other
train_3557.jpg,pool,g_train_3557.jpg,text_other
train_3558.jpg,pool,g_train_3558.jpg,text_other
train_3560.jpg,pool,g_train_3560.jpg,text_other
train_3561.jpg,pool,g_train_3561.jpg,text_other
train_3562.jpg,pool,g_train_3562.jpg,text_other
train_3563.jpg,pool,g_train_3563.jpg,number
train_3564.jpg,pool,g_train_3564.jpg,text_other
train_3565.jpg,pool,g_train_3565.jpg,position
train_3566.jpg,pool,g_train_3566.jpg,text_other
train_3567.jpg,pool,g_train_3567.jpg,text_other
train_3568.jpg,pool,g_train_3568.jpg,text_other
train_3569.jpg,pool,g_train_3569.jpg,negation
train_3571.jpg,pool,g_train_3571.jpg,text_other
train_3572.jpg,pool,g_train_3572.jpg,text_other
train_3573.jpg,pool,g_train_3573.jpg,text_other
train_3574.jpg,pool,g_train_3574.jpg,text_other
train_3575.jpg,pool,g_train_3575.jpg,text_other
train_3576.jpg,pool,g_train_3576.jpg,price
train_3577.jpg,pool,g_train_3577.jpg,price
train_3578.jpg,pool,g_train_3578.jpg,text_other
train_3579.jpg,pool,g_train_3579.jpg,price
train_3580.jpg,pool,g_train_3580.jpg,text_other
train_3581.jpg,pool,g_train_3581.jpg,text_other
train_3582.jpg,pool,g_train_3582.jpg,text_other
train_3584.jpg,pool,g_train_3584.jpg,price
train_3585.jpg,pool,g_train_3585.jpg,text_other
train_3586.jpg,pool,g_train_3586.jpg,negation
train_3587.jpg,pool,g_train_3587.jpg,text_other
train_3591.jpg,pool,g_train_3591.jpg,text_other
train_3592.jpg,pool,g_train_3592.jpg,text_other
train_3593.jpg,pool,g_train_3593.jpg,number
train_3594.jpg,pool,g_train_3594.jpg,text_other
train_3595.jpg,pool,g_train_3595.jpg,price
train_3596.jpg,pool,g_train_3596.jpg,text_other
train_3597.jpg,pool,g_train_3597.jpg,price
train_3598.jpg,pool,g_train_3598.jpg,text_other
train_3599.jpg,pool,g_train_3599.jpg,text_other
train_3600.jpg,pool,g_train_3600.jpg,number
train_3603.jpg,pool,g_train_3603.jpg,price
train_3604.jpg,pool,g_train_3604.jpg,text_other
train_3605.jpg,pool,g_train_3605.jpg,text_other
train_3608.jpg,pool,g_train_3608.jpg,text_other
train_3609.jpg,pool,g_train_3609.jpg,text_other
train_3611.jpg,pool,g_train_3611.jpg,number
train_3612.jpg,pool,g_train_3612.jpg,text_other
train_3613.jpg,pool,g_train_3613.jpg,text_other
train_3614.jpg,pool,g_train_3614.jpg,price
train_3616.jpg,pool,g_train_3616.jpg,text_other
train_3617.jpg,pool,g_train_3617.jpg,position
train_3619.jpg,pool,g_train_3619.jpg,text_other
train_3622.jpg,pool,g_train_3622.jpg,number
train_3623.jpg,pool,g_train_3623.jpg,text_other
train_3624.jpg,pool,g_train_3624.jpg,position
train_3625.jpg,pool,g_train_3625.jpg,text_other
train_3629.jpg,pool,g_train_3629.jpg,position
train_3630.jpg,pool,g_train_3630.jpg,text_other
train_3631.jpg,pool,g_train_3631.jpg,text_other
train_3632.jpg,pool,g_train_3632.jpg,text_other
train_3633.jpg,pool,g_train_3633.jpg,position
train_3635.jpg,pool,g_train_3635.jpg,price
train_3636.jpg,pool,g_train_3636.jpg,position
train_3637.jpg,pool,g_train_3637.jpg,text_other
train_3638.jpg,pool,g_train_3638.jpg,price
train_3640.jpg,pool,g_train_3640.jpg,text_other
train_3641.jpg,pool,g_train_3641.jpg,text_other
train_3642.jpg,pool,g_train_3642.jpg,position
train_3644.jpg,pool,g_train_3644.jpg,text_other
train_3645.jpg,pool,g_train_3645.jpg,text_other
train_3646.jpg,pool,g_train_3646.jpg,position
train_3647.jpg,pool,g_train_3647.jpg,price
train_3648.jpg,pool,g_train_3648.jpg,text_other
train_3651.jpg,pool,g_train_3651.jpg,text_other
train_3653.jpg,pool,g_train_3653.jpg,text_other
train_3654.jpg,pool,g_train_3654.jpg,text_other
train_3655.jpg,pool,g_train_3655.jpg,text_other
train_3656.jpg,pool,g_train_3656.jpg,text_other
train_3658.jpg,pool,g_train_3658.jpg,text_other
train_3660.jpg,pool,g_train_3660.jpg,price
train_3661.jpg,pool,g_train_3661.jpg,text_other
train_3665.jpg,pool,g_train_3665.jpg,price
train_3666.jpg,pool,g_train_3666.jpg,position
train_3668.jpg,pool,g_train_3668.jpg,price
train_3671.jpg,pool,g_train_3671.jpg,number
train_3672.jpg,pool,g_train_3672.jpg,text_other
train_3675.jpg,pool,g_train_3675.jpg,price
train_3676.jpg,pool,g_train_3676.jpg,price
train_3677.jpg,pool,g_train_3677.jpg,text_other
train_3678.jpg,pool,g_train_3678.jpg,text_other
train_3679.jpg,pool,g_train_3679.jpg,text_other
train_3680.jpg,pool,g_train_3680.jpg,text_other
train_3681.jpg,pool,g_train_3681.jpg,text_other
train_3682.jpg,pool,g_train_3682.jpg,text_other
train_3684.jpg,pool,g_train_3684.jpg,number
train_3685.jpg,pool,g_train_3685.jpg,text_other
train_3686.jpg,pool,g_train_3686.jpg,text_other
train_3687.jpg,pool,g_train_3687.jpg,text_other
train_3689.jpg,pool,g_train_3689.jpg,text_other
train_3690.jpg,pool,g_train_3690.jpg,text_other
train_3691.jpg,pool,g_train_3691.jpg,text_other
train_3692.jpg,pool,g_train_3692.jpg,position
train_3693.jpg,pool,g_train_3693.jpg,text_other
train_3697.jpg,pool,g_train_3697.jpg,text_other
train_3698.jpg,pool,g_train_3698.jpg,text_other
train_3699.jpg,pool,g_train_3699.jpg,text_other
train_3700.jpg,pool,g_train_3700.jpg,price
train_3703.jpg,pool,g_train_3703.jpg,text_other
train_3705.jpg,pool,g_train_3705.jpg,price
train_3706.jpg,pool,g_train_3706.jpg,text_other
train_3708.jpg,pool,g_train_3708.jpg,text_other
train_3709.jpg,pool,g_train_3709.jpg,negation
train_3712.jpg,pool,g_train_3712.jpg,number
train_3714.jpg,pool,g_train_3714.jpg,text_other
train_3715.jpg,pool,g_train_3715.jpg,text_other
train_3716.jpg,pool,g_train_3716.jpg,text_other
train_3718.jpg,pool,g_train_3718.jpg,position
train_3719.jpg,pool,g_train_3719.jpg,text_other
train_3720.jpg,pool,g_train_3720.jpg,text_other
train_3721.jpg,pool,g_train_3721.jpg,price
train_3722.jpg,pool,g_train_3722.jpg,number
train_3726.jpg,pool,g_train_3726.jpg,text_other
train_3727.jpg,pool,g_train_3727.jpg,text_other
train_3728.jpg,pool,g_train_3728.jpg,price
train_3729.jpg,pool,g_train_3729.jpg,text_other
train_3730.jpg,pool,g_train_3730.jpg,text_other
train_3731.jpg,pool,g_train_3731.jpg,text_other
train_3732.jpg,pool,g_train_3732.jpg,text_other
train_3736.jpg,pool,g_train_3736.jpg,text_other
train_3737.jpg,pool,g_train_3737.jpg,price
train_3739.jpg,pool,g_train_3739.jpg,number
train_3740.jpg,pool,g_train_3740.jpg,text_other
train_3741.jpg,pool,g_train_3741.jpg,number
train_3743.jpg,pool,g_train_3743.jpg,price
train_3744.jpg,pool,g_train_3744.jpg,text_other
train_3746.jpg,pool,g_train_3746.jpg,text_other
train_3749.jpg,pool,g_train_3749.jpg,price
train_3750.jpg,pool,g_train_3750.jpg,text_other
train_3754.jpg,pool,g_train_3754.jpg,price
train_3755.jpg,pool,g_train_3755.jpg,text_other
train_3756.jpg,pool,g_train_3756.jpg,text_other
train_3758.jpg,pool,g_train_3758.jpg,text_other
train_3759.jpg,pool,g_train_3759.jpg,text_other
train_3761.jpg,pool,g_train_3761.jpg,text_other
train_3762.jpg,pool,g_train_3762.jpg,text_other
train_3763.jpg,pool,g_train_3763.jpg,number
train_3764.jpg,pool,g_train_3764.jpg,text_other
train_3765.jpg,pool,g_train_3765.jpg,text_other
train_3766.jpg,pool,g_train_3766.jpg,text_other
train_3769.jpg,pool,g_train_3769.jpg,text_other
train_3772.jpg,pool,g_train_3772.jpg,text_other
train_3773.jpg,pool,g_train_3773.jpg,price
train_3775.jpg,pool,g_train_3775.jpg,price
train_3776.jpg,pool,g_train_3776.jpg,text_other
train_3777.jpg,pool,g_train_3777.jpg,text_other
train_3778.jpg,pool,g_train_3778.jpg,text_other
train_3780.jpg,pool,g_train_3780.jpg,text_other
train_3781.jpg,pool,g_train_3781.jpg,text_other
train_3782.jpg,pool,g_train_3782.jpg,text_other
train_3785.jpg,pool,g_train_3785.jpg,text_other
train_3786.jpg,pool,g_train_3786.jpg,text_other
train_3787.jpg,pool,g_train_3787.jpg,text_other
train_3788.jpg,pool,g_train_3788.jpg,price
train_3789.jpg,pool,g_train_3789.jpg,text_other
train_3791.jpg,pool,g_train_3791.jpg,text_other
train_3792.jpg,pool,g_train_3792.jpg,price
train_3793.jpg,pool,g_train_3793.jpg,position
train_3794.jpg,pool,g_train_3794.jpg,negation
train_3795.jpg,pool,g_train_3795.jpg,text_other
train_3796.jpg,pool,g_train_3796.jpg,text_other
train_3797.jpg,pool,g_train_3797.jpg,price
train_3798.jpg,pool,g_train_3798.jpg,text_other
train_3799.jpg,pool,g_train_3799.jpg,text_other
train_3801.jpg,pool,g_train_3801.jpg,text_other
train_3808.jpg,pool,g_train_3808.jpg,text_other
train_3809.jpg,pool,g_train_3809.jpg,negation
train_3810.jpg,pool,g_train_3810.jpg,text_other
train_3811.jpg,pool,g_train_3811.jpg,text_other
train_3813.jpg,pool,g_train_3813.jpg,position
train_3815.jpg,pool,g_train_3815.jpg,negation
train_3817.jpg,pool,g_train_3817.jpg,text_other
train_3818.jpg,pool,g_train_3818.jpg,text_other
train_3819.jpg,pool,g_train_3819.jpg,position
train_3821.jpg,pool,g_train_3821.jpg,text_other
train_3822.jpg,pool,g_train_3822.jpg,text_other
train_3823.jpg,pool,g_train_3823.jpg,text_other
train_3824.jpg,pool,g_train_3824.jpg,text_other
train_3826.jpg,pool,g_train_3826.jpg,negation
train_3827.jpg,pool,g_train_3827.jpg,text_other
train_3829.jpg,pool,g_train_3829.jpg,position
train_3834.jpg,pool,g_train_3834.jpg,position
train_3836.jpg,pool,g_train_3836.jpg,text_other
train_3837.jpg,pool,g_train_3837.jpg,price
train_3838.jpg,pool,g_train_3838.jpg,text_other
train_3839.jpg,pool,g_train_3839.jpg,text_other
train_3843.jpg,pool,g_train_3843.jpg,number
train_3845.jpg,pool,g_train_3845.jpg,negation
train_3847.jpg,pool,g_train_3847.jpg,price
train_3848.jpg,pool,g_train_3848.jpg,price
train_3849.jpg,pool,g_train_3849.jpg,number
train_3850.jpg,pool,g_train_3850.jpg,text_other
train_3852.jpg,pool,g_train_3852.jpg,text_other
train_3857.jpg,pool,g_train_3857.jpg,price
train_3858.jpg,pool,g_train_3858.jpg,text_other
train_3861.jpg,pool,g_train_3861.jpg,negation
train_3862.jpg,pool,g_train_3862.jpg,text_other
train_3865.jpg,pool,g_train_3865.jpg,text_other
train_3869.jpg,pool,g_train_3869.jpg,text_other
train_3870.jpg,pool,g_train_3870.jpg,text_other
train_3871.jpg,pool,g_train_3871.jpg,negation
train_3872.jpg,pool,g_train_3872.jpg,text_other
train_3873.jpg,pool,g_train_3873.jpg,price
train_3874.jpg,pool,g_train_3874.jpg,number
train_3876.jpg,pool,g_train_3876.jpg,text_other
train_3877.jpg,pool,g_train_3877.jpg,text_other
train_3878.jpg,pool,g_train_3878.jpg,text_other
train_3879.jpg,pool,g_train_3879.jpg,text_other
train_3881.jpg,pool,g_train_3881.jpg,text_other
train_3882.jpg,pool,g_train_3882.jpg,text_other
train_3884.jpg,pool,g_train_3884.jpg,text_other
train_3885.jpg,pool,g_train_3885.jpg,text_other
train_3886.jpg,pool,g_train_3886.jpg,text_other
train_3889.jpg,pool,g_train_3889.jpg,text_other
train_3891.jpg,pool,g_train_3891.jpg,text_other
train_3893.jpg,pool,g_train_3893.jpg,negation
train_3894.jpg,pool,g_train_3894.jpg,number
train_3895.jpg,pool,g_train_3895.jpg,price
train_3896.jpg,pool,g_train_3896.jpg,text_other
train_3900.jpg,pool,g_train_3900.jpg,text_other
train_3901.jpg,pool,g_train_3901.jpg,text_other
train_3906.jpg,pool,g_train_3906.jpg,text_other
train_3907.jpg,pool,g_train_3907.jpg,text_other
train_3908.jpg,pool,g_train_3908.jpg,text_other
train_3909.jpg,pool,g_train_3909.jpg,negation
train_3911.jpg,pool,g_train_3911.jpg,position
train_3915.jpg,pool,g_train_3915.jpg,text_other
train_3917.jpg,pool,g_train_3917.jpg,text_other
train_3918.jpg,pool,g_train_3918.jpg,price
train_3919.jpg,pool,g_train_3919.jpg,text_other
train_3921.jpg,pool,g_train_3921.jpg,text_other
train_3922.jpg,pool,g_train_3922.jpg,price
train_3928.jpg,pool,g_train_3928.jpg,text_other
train_3929.jpg,pool,g_train_3929.jpg,text_other
train_3931.jpg,pool,g_train_3931.jpg,number
train_3932.jpg,pool,g_train_3932.jpg,text_other
train_3933.jpg,pool,g_train_3933.jpg,text_other
train_3935.jpg,pool,g_train_3935.jpg,text_other
train_3936.jpg,pool,g_train_3936.jpg,number
train_3938.jpg,pool,g_train_3938.jpg,text_other
train_3939.jpg,pool,g_train_3939.jpg,text_other
train_3940.jpg,pool,g_train_3940.jpg,text_other
train_3941.jpg,pool,g_train_3941.jpg,text_other
train_3942.jpg,pool,g_train_3942.jpg,text_other
train_3945.jpg,pool,g_train_3945.jpg,position
train_3947.jpg,pool,g_train_3947.jpg,text_other
train_3949.jpg,pool,g_train_3949.jpg,text_other
train_3950.jpg,pool,g_train_3950.jpg,text_other
train_3952.jpg,pool,g_train_3952.jpg,text_other
train_3954.jpg,pool,g_train_3954.jpg,text_other
train_3955.jpg,pool,g_train_3955.jpg,text_other
train_3956.jpg,pool,g_train_3956.jpg,text_other
train_3957.jpg,pool,g_train_3957.jpg,text_other
train_3958.jpg,pool,g_train_3958.jpg,text_other
train_3959.jpg,pool,g_train_3103.jpg,text_other
train_3960.jpg,pool,g_train_3960.jpg,price
train_3961.jpg,pool,g_train_3961.jpg,text_other
train_3963.jpg,pool,g_train_3963.jpg,text_other
train_3964.jpg,pool,g_train_3964.jpg,price
train_3965.jpg,pool,g_train_3965.jpg,position
train_3966.jpg,pool,g_train_3966.jpg,text_other
train_3968.jpg,pool,g_train_3968.jpg,text_other
train_3969.jpg,pool,g_train_3969.jpg,text_other
train_3970.jpg,pool,g_train_3970.jpg,text_other
train_3974.jpg,pool,g_train_3974.jpg,number
train_3975.jpg,pool,g_train_3975.jpg,text_other
train_3977.jpg,pool,g_train_3977.jpg,text_other
train_3979.jpg,pool,g_train_3979.jpg,text_other
train_3980.jpg,pool,g_train_3980.jpg,text_other
train_3981.jpg,pool,g_train_3981.jpg,text_other
train_3982.jpg,pool,g_train_3982.jpg,text_other
train_3983.jpg,pool,g_train_3983.jpg,text_other
train_3984.jpg,pool,g_train_3984.jpg,text_other
train_3985.jpg,pool,g_train_3985.jpg,price
train_3986.jpg,pool,g_train_3986.jpg,price
train_3990.jpg,pool,g_train_3990.jpg,number
train_3991.jpg,pool,g_train_3991.jpg,text_other
train_3993.jpg,pool,g_train_3993.jpg,text_other
train_3995.jpg,pool,g_train_3995.jpg,text_other
train_3997.jpg,pool,g_train_3997.jpg,text_other
train_3998.jpg,pool,g_train_3998.jpg,text_other
train_4001.jpg,pool,g_train_4001.jpg,text_other
train_4003.jpg,pool,g_train_4003.jpg,negation
train_4004.jpg,pool,g_train_4004.jpg,text_other
train_4006.jpg,pool,g_train_4006.jpg,text_other
train_4009.jpg,pool,g_train_4009.jpg,negation
train_4010.jpg,pool,g_train_4010.jpg,text_other
train_4012.jpg,pool,g_train_4012.jpg,position
train_4013.jpg,pool,g_train_4013.jpg,text_other
train_4017.jpg,pool,g_train_4017.jpg,number
train_4018.jpg,pool,g_train_4018.jpg,text_other
train_4019.jpg,pool,g_train_4019.jpg,text_other
train_4020.jpg,pool,g_train_4020.jpg,text_other
train_4022.jpg,pool,g_train_4022.jpg,text_other
train_4023.jpg,pool,g_train_4023.jpg,price
train_4025.jpg,pool,g_train_4025.jpg,text_other
train_4028.jpg,pool,g_train_4028.jpg,text_other
train_4029.jpg,pool,g_train_4029.jpg,text_other
train_4030.jpg,pool,g_train_4030.jpg,position
train_4033.jpg,pool,g_train_4033.jpg,position
train_4036.jpg,pool,g_train_4036.jpg,negation
train_4037.jpg,pool,g_train_4037.jpg,negation
train_4038.jpg,pool,g_train_4038.jpg,text_other
train_4039.jpg,pool,g_train_4039.jpg,text_other
train_4041.jpg,pool,g_train_4041.jpg,text_other
train_4042.jpg,pool,g_train_4042.jpg,text_other
train_4044.jpg,pool,g_train_4044.jpg,text_other
train_4046.jpg,pool,g_train_4046.jpg,text_other
train_4047.jpg,pool,g_train_4047.jpg,text_other
train_4048.jpg,pool,g_train_4048.jpg,text_other
train_4051.jpg,pool,g_train_4051.jpg,text_other
train_4053.jpg,pool,g_train_4053.jpg,text_other
train_4055.jpg,pool,g_train_4055.jpg,text_other
train_4056.jpg,pool,g_train_4056.jpg,text_other
train_4057.jpg,pool,g_train_4057.jpg,text_other
train_4059.jpg,pool,g_train_4059.jpg,text_other
train_4060.jpg,pool,g_train_4060.jpg,text_other
train_4061.jpg,pool,g_train_4061.jpg,text_other
train_4062.jpg,pool,g_train_4062.jpg,text_other
train_4063.jpg,pool,g_train_4063.jpg,negation
train_4065.jpg,pool,g_train_4065.jpg,price
train_4066.jpg,pool,g_train_4066.jpg,position
train_4067.jpg,pool,g_train_4067.jpg,text_other
train_4068.jpg,pool,g_train_4068.jpg,text_other
train_4074.jpg,pool,g_train_4074.jpg,text_other
train_4076.jpg,pool,g_train_4076.jpg,text_other
train_4077.jpg,pool,g_train_4077.jpg,text_other
train_4080.jpg,pool,g_train_4080.jpg,number
train_4081.jpg,pool,g_train_4081.jpg,number
train_4082.jpg,pool,g_train_4082.jpg,price
train_4084.jpg,pool,g_train_4084.jpg,number
train_4085.jpg,pool,g_train_4085.jpg,text_other
train_4086.jpg,pool,g_train_4086.jpg,text_other
train_4088.jpg,pool,g_train_4088.jpg,text_other
train_4089.jpg,pool,g_train_4089.jpg,text_other
train_4091.jpg,pool,g_train_4091.jpg,text_other
train_4092.jpg,pool,g_train_4092.jpg,position
train_4093.jpg,pool,g_train_4093.jpg,position
train_4094.jpg,pool,g_train_4094.jpg,number
train_4096.jpg,pool,g_train_4096.jpg,negation
train_4097.jpg,pool,g_train_4097.jpg,text_other
train_4100.jpg,pool,g_train_4100.jpg,text_other
train_4101.jpg,pool,g_train_4101.jpg,text_other
train_4103.jpg,pool,g_train_4103.jpg,text_other
train_4104.jpg,pool,g_train_4104.jpg,text_other
train_4105.jpg,pool,g_train_4105.jpg,text_other
train_4106.jpg,pool,g_train_4106.jpg,text_other
train_4107.jpg,pool,g_train_4107.jpg,text_other
train_4108.jpg,pool,g_train_4108.jpg,text_other
train_4110.jpg,pool,g_train_4110.jpg,text_other
train_4111.jpg,pool,g_train_4111.jpg,price
train_4112.jpg,pool,g_train_4112.jpg,text_other
train_4114.jpg,pool,g_train_4114.jpg,number
train_4115.jpg,pool,g_train_4115.jpg,text_other
train_4120.jpg,pool,g_train_4120.jpg,negation
train_4122.jpg,pool,g_train_4122.jpg,text_other
train_4124.jpg,pool,g_train_4124.jpg,text_other
train_4125.jpg,pool,g_train_4125.jpg,text_other
train_4127.jpg,pool,g_train_4127.jpg,text_other
train_4128.jpg,pool,g_train_4128.jpg,price
train_4129.jpg,pool,g_train_4129.jpg,price
train_4130.jpg,pool,g_train_4130.jpg,text_other
train_4132.jpg,pool,g_train_4132.jpg,text_other
train_4134.jpg,pool,g_train_4134.jpg,text_other
train_4135.jpg,pool,g_train_4135.jpg,text_other
train_4137.jpg,pool,g_train_4137.jpg,text_other
train_4138.jpg,pool,g_train_4138.jpg,text_other
train_4139.jpg,pool,g_train_4139.jpg,negation
train_4140.jpg,pool,g_train_4140.jpg,text_other
train_4141.jpg,pool,g_train_4141.jpg,number
train_4143.jpg,pool,g_train_4143.jpg,text_other
train_4144.jpg,pool,g_train_4144.jpg,text_other
train_4145.jpg,pool,g_train_4145.jpg,text_other
train_4147.jpg,pool,g_train_4147.jpg,number
train_4148.jpg,pool,g_train_4148.jpg,number
train_4149.jpg,pool,g_train_4149.jpg,number
train_4150.jpg,pool,g_train_4150.jpg,price
train_4151.jpg,pool,g_train_4151.jpg,text_other
train_4153.jpg,pool,g_train_4153.jpg,number
train_4154.jpg,pool,g_train_4154.jpg,price
train_4156.jpg,pool,g_train_4156.jpg,number
train_4157.jpg,pool,g_train_4157.jpg,text_other
train_4158.jpg,pool,g_train_4158.jpg,text_other
train_4160.jpg,pool,g_train_4160.jpg,text_other
train_4161.jpg,pool,g_train_4161.jpg,number
train_4164.jpg,pool,g_train_4164.jpg,text_other
train_4167.jpg,pool,g_train_4167.jpg,price
train_4169.jpg,pool,g_train_4169.jpg,text_other
train_4173.jpg,pool,g_train_4173.jpg,text_other
train_4174.jpg,pool,g_train_4174.jpg,text_other
train_4178.jpg,pool,g_train_4178.jpg,text_other
train_4180.jpg,pool,g_train_4180.jpg,text_other
train_4181.jpg,pool,g_train_4181.jpg,number
train_4183.jpg,pool,g_train_4183.jpg,text_other
train_4184.jpg,pool,g_train_4184.jpg,price
train_4186.jpg,pool,g_train_4186.jpg,text_other
train_4187.jpg,pool,g_train_4187.jpg,text_other
train_4189.jpg,pool,g_train_4189.jpg,text_other
train_4190.jpg,pool,g_train_4190.jpg,text_other
train_4192.jpg,pool,g_train_4192.jpg,text_other
train_4194.jpg,pool,g_train_4194.jpg,text_other
train_4196.jpg,pool,g_train_4196.jpg,text_other
train_4198.jpg,pool,g_train_4198.jpg,text_other
train_4199.jpg,pool,g_train_4199.jpg,number
train_4201.jpg,pool,g_train_4201.jpg,text_other
train_4202.jpg,pool,g_train_4202.jpg,text_other
train_4204.jpg,pool,g_train_4204.jpg,position
train_4207.jpg,pool,g_train_4207.jpg,text_other
train_4208.jpg,pool,g_train_4208.jpg,price
train_4209.jpg,pool,g_train_4209.jpg,text_other
train_4210.jpg,pool,g_train_4210.jpg,text_other
train_4211.jpg,pool,g_train_4211.jpg,number
train_4212.jpg,pool,g_train_4212.jpg,text_other
train_4213.jpg,pool,g_train_4213.jpg,negation
train_4215.jpg,pool,g_train_4215.jpg,text_other
train_4217.jpg,pool,g_train_4217.jpg,text_other
train_4218.jpg,pool,g_train_4218.jpg,number
train_4219.jpg,pool,g_train_4219.jpg,negation
train_4220.jpg,pool,g_train_4220.jpg,text_other
train_4225.jpg,pool,g_train_4225.jpg,text_other
train_4226.jpg,pool,g_train_4226.jpg,negation
train_4227.jpg,pool,g_train_4227.jpg,text_other
train_4228.jpg,pool,g_train_4228.jpg,text_other
train_4229.jpg,pool,g_train_4229.jpg,text_other
train_4232.jpg,pool,g_train_4232.jpg,price
train_4233.jpg,pool,g_train_4233.jpg,text_other
train_4234.jpg,pool,g_train_4234.jpg,text_other
train_4236.jpg,pool,g_train_4236.jpg,text_other
train_4237.jpg,pool,g_train_4237.jpg,text_other
train_4238.jpg,pool,g_train_4238.jpg,text_other
train_4239.jpg,pool,g_train_4239.jpg,negation
train_4241.jpg,pool,g_train_4241.jpg,text_other
train_4243.jpg,pool,g_train_4243.jpg,text_other
train_4244.jpg,pool,g_train_4244.jpg,number
train_4245.jpg,pool,g_train_4245.jpg,price
train_4247.jpg,pool,g_train_4247.jpg,text_other
train_4251.jpg,pool,g_train_4251.jpg,text_other
train_4252.jpg,pool,g_train_4252.jpg,text_other
train_4253.jpg,pool,g_train_4253.jpg,price
train_4256.jpg,pool,g_train_4256.jpg,number
train_4257.jpg,pool,g_train_4257.jpg,number
train_4261.jpg,pool,g_train_4261.jpg,text_other
train_4262.jpg,pool,g_train_4262.jpg,text_other
train_4263.jpg,pool,g_train_4263.jpg,text_other
train_4264.jpg,pool,g_train_4264.jpg,text_other
train_4266.jpg,pool,g_train_4266.jpg,text_other
train_4268.jpg,pool,g_train_4268.jpg,price
train_4271.jpg,pool,g_train_4271.jpg,text_other
train_4272.jpg,pool,g_train_4272.jpg,text_other
train_4273.jpg,pool,g_train_4273.jpg,text_other
train_4274.jpg,pool,g_train_4274.jpg,text_other
train_4275.jpg,pool,g_train_4275.jpg,text_other
train_4277.jpg,pool,g_train_4277.jpg,text_other
train_4278.jpg,pool,g_train_4278.jpg,text_other
train_4279.jpg,pool,g_train_4279.jpg,text_other
train_4281.jpg,pool,g_train_4281.jpg,price
train_4282.jpg,pool,g_train_4282.jpg,text_other
train_4283.jpg,pool,g_train_4283.jpg,text_other
train_4285.jpg,pool,g_train_4285.jpg,text_other
train_4286.jpg,pool,g_train_4286.jpg,negation
train_4287.jpg,pool,g_train_4287.jpg,text_other
train_4288.jpg,pool,g_train_4288.jpg,text_other
train_4289.jpg,pool,g_train_4289.jpg,text_other
train_4290.jpg,pool,g_train_4290.jpg,text_other
train_4292.jpg,pool,g_train_4292.jpg,text_other
train_4293.jpg,pool,g_train_4293.jpg,price
train_4295.jpg,pool,g_train_4295.jpg,price
train_4297.jpg,pool,g_train_4297.jpg,text_other
train_4298.jpg,pool,g_train_4298.jpg,text_other
train_4300.jpg,pool,g_train_4300.jpg,price
train_4301.jpg,pool,g_train_4301.jpg,price
train_4303.jpg,pool,g_train_4303.jpg,text_other
train_4305.jpg,pool,g_train_4305.jpg,text_other
train_4308.jpg,pool,g_train_4308.jpg,text_other
train_4311.jpg,pool,g_train_4311.jpg,negation
train_4313.jpg,pool,g_train_4313.jpg,text_other
train_4314.jpg,pool,g_train_4314.jpg,text_other
train_4318.jpg,pool,g_train_4318.jpg,text_other
train_4319.jpg,pool,g_train_4319.jpg,text_other
train_4320.jpg,pool,g_train_4320.jpg,price
train_4323.jpg,pool,g_train_4323.jpg,text_other
train_4324.jpg,pool,g_train_4324.jpg,text_other
train_4325.jpg,pool,g_train_4325.jpg,text_other
train_4330.jpg,pool,g_train_4330.jpg,text_other
train_4332.jpg,pool,g_train_4332.jpg,number
train_4336.jpg,pool,g_train_4336.jpg,text_other
train_4337.jpg,pool,g_train_4337.jpg,text_other
train_4339.jpg,pool,g_train_4339.jpg,text_other
train_4340.jpg,pool,g_train_4340.jpg,number
train_4341.jpg,pool,g_train_4341.jpg,text_other
train_4342.jpg,pool,g_train_4342.jpg,text_other
train_4344.jpg,pool,g_train_4344.jpg,text_other
train_4345.jpg,pool,g_train_4345.jpg,position
train_4346.jpg,pool,g_train_4346.jpg,number
train_4347.jpg,pool,g_train_4347.jpg,number
train_4350.jpg,pool,g_train_4350.jpg,text_other
train_4351.jpg,pool,g_train_4351.jpg,text_other
train_4352.jpg,pool,g_train_4352.jpg,negation
train_4354.jpg,pool,g_train_4354.jpg,number
train_4355.jpg,pool,g_train_4355.jpg,negation
train_4356.jpg,pool,g_train_4356.jpg,text_other
train_4357.jpg,pool,g_train_4357.jpg,text_other
train_4358.jpg,pool,g_train_4358.jpg,price
train_4360.jpg,pool,g_train_4360.jpg,price
train_4361.jpg,pool,g_train_4361.jpg,price
train_4362.jpg,pool,g_train_4362.jpg,text_other
train_4363.jpg,pool,g_train_4363.jpg,text_other
train_4364.jpg,pool,g_train_4364.jpg,text_other
train_4365.jpg,pool,g_train_4365.jpg,negation
train_4367.jpg,pool,g_train_4367.jpg,text_other
train_4370.jpg,pool,g_train_4370.jpg,text_other
train_4371.jpg,pool,g_train_4371.jpg,text_other
train_4372.jpg,pool,g_train_4372.jpg,text_other
train_4373.jpg,pool,g_train_4373.jpg,price
train_4374.jpg,pool,g_train_4374.jpg,text_other
train_4375.jpg,pool,g_train_4375.jpg,price
train_4376.jpg,pool,g_train_4376.jpg,text_other
train_4378.jpg,pool,g_train_4378.jpg,number
train_4379.jpg,pool,g_train_4379.jpg,text_other
train_4380.jpg,pool,g_train_4380.jpg,text_other
train_4382.jpg,pool,g_train_4382.jpg,position
train_4384.jpg,pool,g_train_4384.jpg,text_other
train_4385.jpg,pool,g_train_4385.jpg,position
train_4386.jpg,pool,g_train_4386.jpg,text_other
train_4387.jpg,pool,g_train_4387.jpg,text_other
train_4389.jpg,pool,g_train_4389.jpg,text_other
train_4390.jpg,pool,g_train_4390.jpg,text_other
train_4391.jpg,pool,g_train_4391.jpg,negation
train_4394.jpg,pool,g_train_4394.jpg,text_other
train_4395.jpg,pool,g_train_4395.jpg,text_other
train_4396.jpg,pool,g_train_4396.jpg,text_other
train_4397.jpg,pool,g_train_4397.jpg,position
train_4399.jpg,pool,g_train_4399.jpg,text_other
train_4400.jpg,pool,g_train_4400.jpg,text_other
train_4401.jpg,pool,g_train_4401.jpg,position
train_4402.jpg,pool,g_train_4402.jpg,text_other
train_4403.jpg,pool,g_train_4403.jpg,number
train_4406.jpg,pool,g_train_4406.jpg,text_other
train_4408.jpg,pool,g_train_4408.jpg,text_other
train_4411.jpg,pool,g_train_4411.jpg,text_other
train_4412.jpg,pool,g_train_4412.jpg,number
train_4413.jpg,pool,g_train_4413.jpg,text_other
train_4414.jpg,pool,g_train_4414.jpg,number
train_4415.jpg,pool,g_train_4415.jpg,position
train_4417.jpg,pool,g_train_4417.jpg,text_other
train_4418.jpg,pool,g_train_4418.jpg,text_other
train_4419.jpg,pool,g_train_4419.jpg,text_other
train_4421.jpg,pool,g_train_4421.jpg,position
train_4422.jpg,pool,g_train_4422.jpg,negation
train_4423.jpg,pool,g_train_4423.jpg,position
train_4424.jpg,pool,g_train_4424.jpg,position
train_4426.jpg,pool,g_train_4426.jpg,negation
train_4427.jpg,pool,g_train_4427.jpg,price
train_4430.jpg,pool,g_train_4430.jpg,text_other
train_4431.jpg,pool,g_train_4431.jpg,text_other
train_4432.jpg,pool,g_train_4432.jpg,negation
train_4433.jpg,pool,g_train_4433.jpg,position
train_4434.jpg,pool,g_train_4434.jpg,number
train_4435.jpg,pool,g_train_4435.jpg,text_other
train_4438.jpg,pool,g_train_4438.jpg,text_other
train_4439.jpg,pool,g_train_4439.jpg,text_other
train_4440.jpg,pool,g_train_4440.jpg,text_other
train_4441.jpg,pool,g_train_4441.jpg,text_other
train_4442.jpg,pool,g_train_4442.jpg,number
train_4443.jpg,pool,g_train_4443.jpg,price
train_4444.jpg,pool,g_train_4444.jpg,number
train_4445.jpg,pool,g_train_4445.jpg,price
train_4447.jpg,pool,g_train_4447.jpg,text_other
train_4449.jpg,pool,g_train_4449.jpg,price
train_4450.jpg,pool,g_train_4450.jpg,number
train_4452.jpg,pool,g_train_4452.jpg,price
train_4453.jpg,pool,g_train_4453.jpg,position
train_4454.jpg,pool,g_train_4454.jpg,position
train_4455.jpg,pool,g_train_4455.jpg,text_other
train_4456.jpg,pool,g_train_4456.jpg,text_other
train_4457.jpg,pool,g_train_4457.jpg,text_other
train_4458.jpg,pool,g_train_4458.jpg,price
train_4461.jpg,pool,g_train_4461.jpg,text_other
train_4462.jpg,pool,g_train_4462.jpg,text_other
train_4463.jpg,pool,g_train_4463.jpg,text_other
train_4466.jpg,pool,g_train_4466.jpg,text_other
train_4469.jpg,pool,g_train_4469.jpg,position
train_4470.jpg,pool,g_train_4470.jpg,text_other
train_4471.jpg,pool,g_train_4471.jpg,text_other
train_4472.jpg,pool,g_train_4472.jpg,text_other
train_4473.jpg,pool,g_train_4473.jpg,text_other
train_4474.jpg,pool,g_train_4474.jpg,text_other
train_4475.jpg,pool,g_train_4475.jpg,text_other
train_4476.jpg,pool,g_train_4476.jpg,number
train_4477.jpg,pool,g_train_4477.jpg,text_other
train_4478.jpg,pool,g_train_4478.jpg,negation
train_4482.jpg,pool,g_train_4482.jpg,negation
train_4483.jpg,pool,g_train_4483.jpg,text_other
train_4484.jpg,pool,g_train_4484.jpg,number
train_4485.jpg,pool,g_train_4485.jpg,text_other
train_4486.jpg,pool,g_train_4486.jpg,negation
train_4488.jpg,pool,g_train_4488.jpg,text_other
train_4489.jpg,pool,g_train_4489.jpg,text_other
train_4490.jpg,pool,g_train_4490.jpg,price
train_4491.jpg,pool,g_train_4491.jpg,negation
train_4493.jpg,pool,g_train_4493.jpg,negation
train_4495.jpg,pool,g_train_4495.jpg,text_other
train_4496.jpg,pool,g_train_4496.jpg,text_other
train_4501.jpg,pool,g_train_4501.jpg,number
train_4507.jpg,pool,g_train_4507.jpg,price
train_4508.jpg,pool,g_train_4508.jpg,number
train_4509.jpg,pool,g_train_4509.jpg,text_other
train_4510.jpg,pool,g_train_4510.jpg,text_other
train_4512.jpg,pool,g_train_4512.jpg,number
train_4513.jpg,pool,g_train_4513.jpg,negation
train_4514.jpg,pool,g_train_4514.jpg,position
train_4518.jpg,pool,g_train_4518.jpg,price
train_4520.jpg,pool,g_train_4520.jpg,text_other
train_4521.jpg,pool,g_train_4521.jpg,text_other
train_4522.jpg,pool,g_train_4522.jpg,text_other
train_4523.jpg,pool,g_train_4523.jpg,text_other
train_4524.jpg,pool,g_train_4524.jpg,text_other
train_4525.jpg,pool,g_train_4525.jpg,text_other
train_4526.jpg,pool,g_train_4526.jpg,price
train_4527.jpg,pool,g_train_4527.jpg,number
train_4529.jpg,pool,g_train_4529.jpg,text_other
train_4530.jpg,pool,g_train_4530.jpg,price
train_4531.jpg,pool,g_train_4531.jpg,negation
train_4535.jpg,pool,g_train_4535.jpg,text_other
train_4538.jpg,pool,g_train_4538.jpg,number
train_4539.jpg,pool,g_train_4539.jpg,text_other
train_4540.jpg,pool,g_train_4540.jpg,price
train_4541.jpg,pool,g_train_4541.jpg,text_other
train_4542.jpg,pool,g_train_4542.jpg,text_other
train_4543.jpg,pool,g_train_4543.jpg,text_other
train_4544.jpg,pool,g_train_4544.jpg,number
train_4546.jpg,pool,g_train_4546.jpg,negation
train_4548.jpg,pool,g_train_4548.jpg,text_other
train_4550.jpg,pool,g_train_4550.jpg,number
train_4552.jpg,pool,g_train_4552.jpg,text_other
train_4554.jpg,pool,g_train_4554.jpg,text_other
train_4555.jpg,pool,g_train_4555.jpg,text_other
train_4557.jpg,pool,g_train_4557.jpg,text_other
train_4558.jpg,pool,g_train_4558.jpg,text_other
train_4561.jpg,pool,g_train_4561.jpg,text_other
train_4562.jpg,pool,g_train_4562.jpg,text_other
train_4564.jpg,pool,g_train_4564.jpg,text_other
train_4566.jpg,pool,g_train_4566.jpg,text_other
train_4568.jpg,pool,g_train_4568.jpg,position
train_4569.jpg,pool,g_train_4569.jpg,negation
train_4575.jpg,pool,g_train_4575.jpg,negation
train_4576.jpg,pool,g_train_4576.jpg,text_other
train_4577.jpg,pool,g_train_4577.jpg,text_other
train_4580.jpg,pool,g_train_4580.jpg,text_other
train_4581.jpg,pool,g_train_4581.jpg,number
train_4583.jpg,pool,g_train_4583.jpg,text_other
train_4584.jpg,pool,g_train_4584.jpg,number
train_4585.jpg,pool,g_train_4585.jpg,text_other
train_4586.jpg,pool,g_train_4586.jpg,text_other
train_4587.jpg,pool,g_train_4587.jpg,number
train_4588.jpg,pool,g_train_4588.jpg,text_other
train_4589.jpg,pool,g_train_4589.jpg,number
train_4590.jpg,pool,g_train_4590.jpg,text_other
train_4591.jpg,pool,g_train_4591.jpg,text_other
train_4592.jpg,pool,g_train_4592.jpg,text_other
train_4593.jpg,pool,g_train_4593.jpg,position
train_4595.jpg,pool,g_train_4595.jpg,text_other
train_4596.jpg,pool,g_train_4596.jpg,negation
train_4599.jpg,pool,g_train_4599.jpg,text_other
train_4601.jpg,pool,g_train_4601.jpg,text_other
train_4602.jpg,pool,g_train_4602.jpg,text_other
train_4603.jpg,pool,g_train_4603.jpg,text_other
train_4606.jpg,pool,g_train_4606.jpg,text_other
train_4609.jpg,pool,g_train_4609.jpg,position
train_4611.jpg,pool,g_train_4611.jpg,number
train_4612.jpg,pool,g_train_4612.jpg,text_other
train_4613.jpg,pool,g_train_4613.jpg,text_other
train_4614.jpg,pool,g_train_4614.jpg,text_other
train_4615.jpg,pool,g_train_4615.jpg,price
train_4616.jpg,pool,g_train_4616.jpg,text_other
train_4618.jpg,pool,g_train_4618.jpg,text_other
train_4621.jpg,pool,g_train_4621.jpg,text_other
train_4622.jpg,pool,g_train_4622.jpg,position
train_4625.jpg,pool,g_train_4625.jpg,text_other
train_4627.jpg,pool,g_train_4627.jpg,price
train_4629.jpg,pool,g_train_4629.jpg,text_other
train_4631.jpg,pool,g_train_4631.jpg,text_other
train_4633.jpg,pool,g_train_4633.jpg,number
train_4636.jpg,pool,g_train_4636.jpg,text_other
train_4637.jpg,pool,g_train_4637.jpg,number
train_4638.jpg,pool,g_train_4638.jpg,text_other
train_4639.jpg,pool,g_train_4639.jpg,position
train_4640.jpg,pool,g_train_4640.jpg,text_other
train_4642.jpg,pool,g_train_4642.jpg,price
train_4643.jpg,pool,g_train_4643.jpg,price
train_4644.jpg,pool,g_train_4644.jpg,number
train_4645.jpg,pool,g_train_4645.jpg,position
train_4646.jpg,pool,g_train_4646.jpg,text_other
train_4648.jpg,pool,g_train_4648.jpg,text_other
train_4649.jpg,pool,g_train_4649.jpg,text_other
train_4650.jpg,pool,g_train_4650.jpg,text_other
train_4655.jpg,pool,g_train_4655.jpg,text_other
train_4656.jpg,pool,g_train_4656.jpg,text_other
train_4657.jpg,pool,g_train_4657.jpg,position
train_4658.jpg,pool,g_train_4658.jpg,text_other
train_4660.jpg,pool,g_train_4660.jpg,text_other
train_4661.jpg,pool,g_train_4661.jpg,negation
train_4662.jpg,pool,g_train_4662.jpg,text_other
train_4663.jpg,pool,g_train_4663.jpg,number
train_4664.jpg,pool,g_train_4664.jpg,price
train_4665.jpg,pool,g_train_4665.jpg,text_other
train_4667.jpg,pool,g_train_4667.jpg,text_other
train_4670.jpg,pool,g_train_4670.jpg,text_other
train_4671.jpg,pool,g_train_4671.jpg,text_other
train_4672.jpg,pool,g_train_4672.jpg,text_other
train_4674.jpg,pool,g_train_4674.jpg,position
train_4675.jpg,pool,g_train_4675.jpg,text_other
train_4676.jpg,pool,g_train_4676.jpg,text_other
train_4677.jpg,pool,g_train_4677.jpg,text_other
train_4683.jpg,pool,g_train_4683.jpg,number
train_4684.jpg,pool,g_train_4684.jpg,text_other
train_4687.jpg,pool,g_train_4687.jpg,text_other
train_4688.jpg,pool,g_train_4688.jpg,position
train_4689.jpg,pool,g_train_4689.jpg,number
train_4691.jpg,pool,g_train_4691.jpg,price
train_4694.jpg,pool,g_train_4694.jpg,text_other
train_4696.jpg,pool,g_train_4696.jpg,price
train_4698.jpg,pool,g_train_4698.jpg,text_other
train_4699.jpg,pool,g_train_4699.jpg,text_other
train_4701.jpg,pool,g_train_4701.jpg,text_other
train_4702.jpg,pool,g_train_4702.jpg,text_other
train_4703.jpg,pool,g_train_4703.jpg,text_other
train_4705.jpg,pool,g_train_4705.jpg,text_other
train_4707.jpg,pool,g_train_4707.jpg,text_other
train_4711.jpg,pool,g_train_4711.jpg,number
train_4712.jpg,pool,g_train_4712.jpg,text_other
train_4713.jpg,pool,g_train_4713.jpg,text_other
train_4714.jpg,pool,g_train_4714.jpg,negation
train_4716.jpg,pool,g_train_4716.jpg,price
train_4717.jpg,pool,g_train_4717.jpg,text_other
train_4718.jpg,pool,g_train_4718.jpg,text_other
train_4719.jpg,pool,g_train_4719.jpg,text_other
train_4720.jpg,pool,g_train_4720.jpg,text_other
train_4721.jpg,pool,g_train_4721.jpg,text_other
train_4723.jpg,pool,g_train_4723.jpg,price
train_4724.jpg,pool,g_train_4724.jpg,text_other
train_4728.jpg,pool,g_train_4728.jpg,text_other
train_4730.jpg,pool,g_train_4730.jpg,text_other
train_4731.jpg,pool,g_train_4731.jpg,position
train_4732.jpg,pool,g_train_4732.jpg,text_other
train_4733.jpg,pool,g_train_4733.jpg,text_other
train_4735.jpg,pool,g_train_4735.jpg,position
train_4736.jpg,pool,g_train_4736.jpg,text_other
train_4737.jpg,pool,g_train_4737.jpg,number
train_4740.jpg,pool,g_train_4740.jpg,price
train_4741.jpg,pool,g_train_4741.jpg,price
train_4742.jpg,pool,g_train_4742.jpg,text_other
train_4744.jpg,pool,g_train_4744.jpg,text_other
train_4745.jpg,pool,g_train_4745.jpg,number
train_4747.jpg,pool,g_train_4747.jpg,text_other
train_4748.jpg,pool,g_train_4748.jpg,text_other
train_4749.jpg,pool,g_train_4749.jpg,number
train_4750.jpg,pool,g_train_4750.jpg,price
train_4751.jpg,pool,g_train_4751.jpg,text_other
train_4752.jpg,pool,g_train_4752.jpg,number
train_4754.jpg,pool,g_train_4754.jpg,text_other
train_4757.jpg,pool,g_train_4757.jpg,text_other
train_4758.jpg,pool,g_train_4758.jpg,text_other
train_4759.jpg,pool,g_train_4759.jpg,text_other
train_4760.jpg,pool,g_train_4760.jpg,number
train_4762.jpg,pool,g_train_4762.jpg,price
train_4763.jpg,pool,g_train_4763.jpg,text_other
train_4766.jpg,pool,g_train_4766.jpg,price
train_4769.jpg,pool,g_train_4769.jpg,price
train_4770.jpg,pool,g_train_4770.jpg,text_other
train_4771.jpg,pool,g_train_4771.jpg,text_other
train_4772.jpg,pool,g_train_4772.jpg,negation
train_4773.jpg,pool,g_train_4773.jpg,text_other
train_4774.jpg,pool,g_train_4774.jpg,text_other
train_4777.jpg,pool,g_train_4777.jpg,text_other
train_4778.jpg,pool,g_train_4778.jpg,text_other
train_4779.jpg,pool,g_train_4779.jpg,text_other
train_4780.jpg,pool,g_train_4780.jpg,price
train_4782.jpg,pool,g_train_4782.jpg,text_other
train_4783.jpg,pool,g_train_4783.jpg,number
train_4784.jpg,pool,g_train_4784.jpg,text_other
train_4785.jpg,pool,g_train_4785.jpg,negation
train_4786.jpg,pool,g_train_4786.jpg,negation
train_4788.jpg,pool,g_train_4788.jpg,text_other
train_4789.jpg,pool,g_train_4789.jpg,text_other
train_4790.jpg,pool,g_train_4790.jpg,number
train_4792.jpg,pool,g_train_4792.jpg,text_other
train_4794.jpg,pool,g_train_4794.jpg,text_other
train_4796.jpg,pool,g_train_4796.jpg,text_other
train_4798.jpg,pool,g_train_4798.jpg,text_other
train_4799.jpg,pool,g_train_4799.jpg,text_other
train_4801.jpg,pool,g_train_4801.jpg,text_other
train_4802.jpg,pool,g_train_4802.jpg,position
train_4805.jpg,pool,g_train_4805.jpg,number
train_4807.jpg,pool,g_train_4807.jpg,negation
train_4809.jpg,pool,g_train_4809.jpg,text_other
train_4810.jpg,pool,g_train_4810.jpg,price
train_4813.jpg,pool,g_train_4813.jpg,position
train_4814.jpg,pool,g_train_4814.jpg,text_other
train_4815.jpg,pool,g_train_4815.jpg,text_other
train_4816.jpg,pool,g_train_4816.jpg,price
train_4819.jpg,pool,g_train_4819.jpg,number
train_4820.jpg,pool,g_train_4820.jpg,text_other
train_4822.jpg,pool,g_train_4822.jpg,text_other
train_4827.jpg,pool,g_train_4827.jpg,text_other
train_4828.jpg,pool,g_train_4828.jpg,text_other
train_4832.jpg,pool,g_train_4832.jpg,price
train_4833.jpg,pool,g_train_4833.jpg,text_other
train_4834.jpg,pool,g_train_4834.jpg,number
train_4837.jpg,pool,g_train_4837.jpg,text_other
train_4839.jpg,pool,g_train_4839.jpg,text_other
train_4841.jpg,pool,g_train_4841.jpg,text_other
train_4842.jpg,pool,g_train_4842.jpg,text_other
train_4843.jpg,pool,g_train_4843.jpg,price
train_4844.jpg,pool,g_train_4844.jpg,text_other
train_4845.jpg,pool,g_train_4845.jpg,text_other
train_4846.jpg,pool,g_train_4846.jpg,text_other
train_4847.jpg,pool,g_train_4847.jpg,position
train_4848.jpg,pool,g_train_4848.jpg,text_other
train_4849.jpg,pool,g_train_4849.jpg,text_other
train_4850.jpg,pool,g_train_4850.jpg,number
train_4851.jpg,pool,g_train_4851.jpg,negation
train_4852.jpg,pool,g_train_4852.jpg,text_other
train_4853.jpg,pool,g_train_4853.jpg,text_other
train_4854.jpg,pool,g_train_4854.jpg,text_other
train_4856.jpg,pool,g_train_4856.jpg,number
train_4857.jpg,pool,g_train_4857.jpg,position
train_4858.jpg,pool,g_train_4858.jpg,price
train_4859.jpg,pool,g_train_4859.jpg,price
train_4861.jpg,pool,g_train_4861.jpg,text_other
train_4865.jpg,pool,g_train_4865.jpg,text_other
train_4866.jpg,pool,g_train_4866.jpg,negation
train_4867.jpg,pool,g_train_4867.jpg,price
train_4868.jpg,pool,g_train_4868.jpg,text_other
train_4876.jpg,pool,g_train_4876.jpg,number
train_4877.jpg,pool,g_train_4877.jpg,price
train_4878.jpg,pool,g_train_4878.jpg,text_other
train_4879.jpg,pool,g_train_4879.jpg,text_other
train_4880.jpg,pool,g_train_4880.jpg,text_other
train_4881.jpg,pool,g_train_4881.jpg,text_other
train_4885.jpg,pool,g_train_4885.jpg,text_other
train_4886.jpg,pool,g_train_4886.jpg,negation
train_4889.jpg,pool,g_train_4889.jpg,text_other
train_4890.jpg,pool,g_train_4890.jpg,price
train_4892.jpg,pool,g_train_4892.jpg,number
train_4893.jpg,pool,g_train_4893.jpg,text_other
train_4894.jpg,pool,g_train_4894.jpg,price
train_4895.jpg,pool,g_train_4895.jpg,text_other
train_4896.jpg,pool,g_train_4896.jpg,position
train_4898.jpg,pool,g_train_4898.jpg,text_other
train_4900.jpg,pool,g_train_4900.jpg,text_other
train_4901.jpg,pool,g_train_4901.jpg,text_other
train_4903.jpg,pool,g_train_4903.jpg,text_other
train_4907.jpg,pool,g_train_4907.jpg,price
train_4908.jpg,pool,g_train_4908.jpg,text_other
train_4912.jpg,pool,g_train_4912.jpg,text_other
train_4913.jpg,pool,g_train_4913.jpg,text_other
train_4914.jpg,pool,g_train_4914.jpg,price
train_4915.jpg,pool,g_train_4915.jpg,text_other
train_4917.jpg,pool,g_train_4917.jpg,text_other
train_4919.jpg,pool,g_train_4919.jpg,text_other
train_4920.jpg,pool,g_train_4920.jpg,text_other
train_4921.jpg,pool,g_train_4921.jpg,text_other
train_4923.jpg,pool,g_train_4923.jpg,price
train_4924.jpg,pool,g_train_4924.jpg,negation
train_4925.jpg,pool,g_train_4925.jpg,text_other
train_4929.jpg,pool,g_train_4929.jpg,text_other
train_4930.jpg,pool,g_train_4930.jpg,price
train_4932.jpg,pool,g_train_4932.jpg,text_other
train_4933.jpg,pool,g_train_4933.jpg,position
train_4934.jpg,pool,g_train_4934.jpg,text_other
train_4935.jpg,pool,g_train_4935.jpg,text_other
train_4936.jpg,pool,g_train_4936.jpg,price
train_4937.jpg,pool,g_train_4937.jpg,text_other
train_4939.jpg,pool,g_train_4939.jpg,position
train_4942.jpg,pool,g_train_4942.jpg,text_other
train_4943.jpg,pool,g_train_4943.jpg,price
train_4946.jpg,pool,g_train_4946.jpg,text_other
train_4947.jpg,pool,g_train_4947.jpg,text_other
train_4949.jpg,pool,g_train_4949.jpg,text_other
train_4950.jpg,pool,g_train_4950.jpg,text_other
train_4951.jpg,pool,g_train_4951.jpg,text_other
train_4953.jpg,pool,g_train_4953.jpg,text_other
train_4954.jpg,pool,g_train_4954.jpg,text_other
train_4956.jpg,pool,g_train_4956.jpg,negation
train_4958.jpg,pool,g_train_4958.jpg,price
train_4959.jpg,pool,g_train_4959.jpg,text_other
train_4960.jpg,pool,g_train_4960.jpg,text_other
train_4961.jpg,pool,g_train_4961.jpg,price
train_4962.jpg,pool,g_train_4962.jpg,price
train_4963.jpg,pool,g_train_4963.jpg,text_other
train_4964.jpg,pool,g_train_4964.jpg,text_other
train_4965.jpg,pool,g_train_4965.jpg,position
train_4967.jpg,pool,g_train_4967.jpg,text_other
train_4969.jpg,pool,g_train_4969.jpg,text_other
train_4970.jpg,pool,g_train_4970.jpg,text_other
train_4972.jpg,pool,g_train_4972.jpg,text_other
train_4973.jpg,pool,g_train_4973.jpg,text_other
train_4975.jpg,pool,g_train_4975.jpg,text_other
train_4977.jpg,pool,g_train_4977.jpg,text_other
train_4978.jpg,pool,g_train_4978.jpg,number
train_4979.jpg,pool,g_train_4979.jpg,position
train_4980.jpg,pool,g_train_4980.jpg,text_other
train_4981.jpg,pool,g_train_4981.jpg,price
train_4982.jpg,pool,g_train_4982.jpg,text_other
train_4983.jpg,pool,g_train_4983.jpg,price
train_4984.jpg,pool,g_train_4984.jpg,number
train_4985.jpg,pool,g_train_4985.jpg,price
train_4986.jpg,pool,g_train_4986.jpg,text_other
train_4987.jpg,pool,g_train_4987.jpg,text_other
train_4988.jpg,pool,g_train_4988.jpg,text_other
train_4991.jpg,pool,g_train_4991.jpg,number
train_4992.jpg,pool,g_train_4992.jpg,text_other
train_4995.jpg,pool,g_train_4995.jpg,text_other
train_4997.jpg,pool,g_train_4997.jpg,text_other
train_4999.jpg,pool,g_train_4999.jpg,position
train_5000.jpg,pool,g_train_5000.jpg,text_other
train_5001.jpg,pool,g_train_5001.jpg,text_other
train_5003.jpg,pool,g_train_5003.jpg,price
train_5006.jpg,pool,g_train_5006.jpg,text_other
train_5008.jpg,pool,g_train_5008.jpg,price
train_5011.jpg,pool,g_train_5011.jpg,text_other
train_5013.jpg,pool,g_train_5013.jpg,number
train_5017.jpg,pool,g_train_5017.jpg,negation
train_5021.jpg,pool,g_train_5021.jpg,number
train_5022.jpg,pool,g_train_5022.jpg,text_other
train_5029.jpg,pool,g_train_5029.jpg,text_other
train_5030.jpg,pool,g_train_5030.jpg,text_other
train_5031.jpg,pool,g_train_5031.jpg,price
train_5032.jpg,pool,g_train_5032.jpg,text_other
train_5034.jpg,pool,g_train_5034.jpg,text_other
train_5035.jpg,pool,g_train_5035.jpg,text_other
train_5036.jpg,pool,g_train_5036.jpg,text_other
train_5037.jpg,pool,g_train_5037.jpg,text_other
train_5039.jpg,pool,g_train_5039.jpg,number
train_5041.jpg,pool,g_train_5041.jpg,text_other
train_5043.jpg,pool,g_train_5043.jpg,number
train_5044.jpg,pool,g_train_5044.jpg,text_other
train_5045.jpg,pool,g_train_5045.jpg,text_other
train_5046.jpg,pool,g_train_5046.jpg,text_other
train_5048.jpg,pool,g_train_5048.jpg,position
train_5050.jpg,pool,g_train_5050.jpg,price
train_5051.jpg,pool,g_train_5051.jpg,text_other
train_5052.jpg,pool,g_train_5052.jpg,text_other
train_5053.jpg,pool,g_train_5053.jpg,text_other
train_5054.jpg,pool,g_train_5054.jpg,number
train_5055.jpg,pool,g_train_5055.jpg,text_other
train_5056.jpg,pool,g_train_5056.jpg,text_other
train_5057.jpg,pool,g_train_5057.jpg,text_other
train_5059.jpg,pool,g_train_5059.jpg,text_other
train_5063.jpg,pool,g_train_5063.jpg,number
train_5065.jpg,pool,g_train_5065.jpg,text_other
train_5067.jpg,pool,g_train_5067.jpg,text_other
train_5069.jpg,pool,g_train_5069.jpg,text_other
train_5071.jpg,pool,g_train_5071.jpg,text_other
train_5072.jpg,pool,g_train_5072.jpg,text_other
train_5074.jpg,pool,g_train_5074.jpg,price
train_5075.jpg,pool,g_train_5075.jpg,negation
train_5077.jpg,pool,g_train_5077.jpg,text_other
train_5078.jpg,pool,g_train_5078.jpg,position
train_5079.jpg,pool,g_train_5079.jpg,price
train_5081.jpg,pool,g_train_5081.jpg,text_other
train_5083.jpg,pool,g_train_5083.jpg,text_other
train_5085.jpg,pool,g_train_5085.jpg,text_other
train_5086.jpg,pool,g_train_5086.jpg,text_other
train_5088.jpg,pool,g_train_5088.jpg,text_other
train_5092.jpg,pool,g_train_5092.jpg,price
train_5094.jpg,pool,g_train_5094.jpg,number
train_5095.jpg,pool,g_train_5095.jpg,text_other
train_5097.jpg,pool,g_train_5097.jpg,text_other
train_5099.jpg,pool,g_train_5099.jpg,text_other
train_5100.jpg,pool,g_train_5100.jpg,text_other
train_5101.jpg,pool,g_train_5101.jpg,text_other
train_5102.jpg,pool,g_train_5102.jpg,text_other
train_5103.jpg,pool,g_train_5103.jpg,text_other
train_5104.jpg,pool,g_train_5104.jpg,text_other
train_5108.jpg,pool,g_train_5108.jpg,text_other
train_5110.jpg,pool,g_train_5110.jpg,text_other
train_5113.jpg,pool,g_train_5113.jpg,text_other
train_5114.jpg,pool,g_train_5114.jpg,text_other
train_5116.jpg,pool,g_train_5116.jpg,text_other
train_5117.jpg,pool,g_train_5117.jpg,position
train_5122.jpg,pool,g_train_5122.jpg,text_other
train_5124.jpg,pool,g_train_5124.jpg,price
train_5125.jpg,pool,g_train_5125.jpg,number
train_5128.jpg,pool,g_train_5128.jpg,text_other
train_5129.jpg,pool,g_train_5129.jpg,text_other
train_5130.jpg,pool,g_train_5130.jpg,text_other
train_5131.jpg,pool,g_train_5131.jpg,text_other
train_5132.jpg,pool,g_train_5132.jpg,text_other
train_5133.jpg,pool,g_train_5133.jpg,price
train_5134.jpg,pool,g_train_5134.jpg,price
train_5136.jpg,pool,g_train_5136.jpg,text_other
train_5139.jpg,pool,g_train_5139.jpg,text_other
train_5141.jpg,pool,g_train_5141.jpg,number
train_5144.jpg,pool,g_train_5144.jpg,text_other
train_5148.jpg,pool,g_train_5148.jpg,number
train_5149.jpg,pool,g_train_5149.jpg,text_other
train_5150.jpg,pool,g_train_5150.jpg,text_other
train_5151.jpg,pool,g_train_5151.jpg,text_other
train_5152.jpg,pool,g_train_5152.jpg,negation
train_5154.jpg,pool,g_train_5154.jpg,text_other
train_5157.jpg,pool,g_train_5157.jpg,text_other
train_5158.jpg,pool,g_train_5158.jpg,text_other
train_5159.jpg,pool,g_train_5159.jpg,text_other
train_5160.jpg,pool,g_train_5160.jpg,text_other
train_5161.jpg,pool,g_train_5161.jpg,text_other
train_5164.jpg,pool,g_train_5164.jpg,price
train_5166.jpg,pool,g_train_5166.jpg,negation
train_5167.jpg,pool,g_train_5167.jpg,text_other
train_5168.jpg,pool,g_train_5168.jpg,position
train_5169.jpg,pool,g_train_5169.jpg,text_other
train_5170.jpg,pool,g_train_5170.jpg,number
train_5171.jpg,pool,g_train_5171.jpg,text_other
train_5172.jpg,pool,g_train_5172.jpg,number
train_5175.jpg,pool,g_train_5175.jpg,number
train_5177.jpg,pool,g_train_5177.jpg,text_other
train_5178.jpg,pool,g_train_5178.jpg,text_other
train_5179.jpg,pool,g_train_5179.jpg,text_other
train_5181.jpg,pool,g_train_5181.jpg,text_other
train_5183.jpg,pool,g_train_5183.jpg,text_other
train_5185.jpg,pool,g_train_5185.jpg,text_other
train_5187.jpg,pool,g_train_5187.jpg,position
train_5190.jpg,pool,g_train_5190.jpg,text_other
train_5191.jpg,pool,g_train_5191.jpg,text_other
train_5192.jpg,pool,g_train_5192.jpg,text_other
train_5193.jpg,pool,g_train_5193.jpg,text_other
train_5195.jpg,pool,g_train_5195.jpg,text_other
train_5196.jpg,pool,g_train_5196.jpg,number
train_5199.jpg,pool,g_train_5199.jpg,text_other
train_5200.jpg,pool,g_train_5200.jpg,text_other
train_5203.jpg,pool,g_train_5203.jpg,negation
train_5204.jpg,pool,g_train_5204.jpg,text_other
train_5206.jpg,pool,g_train_5206.jpg,price
train_5209.jpg,pool,g_train_5209.jpg,price
train_5211.jpg,pool,g_train_5211.jpg,text_other
train_5212.jpg,pool,g_train_5212.jpg,text_other
train_5213.jpg,pool,g_train_5213.jpg,text_other
train_5214.jpg,pool,g_train_5214.jpg,text_other
train_5215.jpg,pool,g_train_5215.jpg,text_other
train_5217.jpg,pool,g_train_5217.jpg,text_other
train_5219.jpg,pool,g_train_5219.jpg,price
train_5220.jpg,pool,g_train_5220.jpg,text_other
train_5221.jpg,pool,g_train_5221.jpg,text_other
train_5223.jpg,pool,g_train_5223.jpg,price
train_5224.jpg,pool,g_train_5224.jpg,text_other
train_5226.jpg,pool,g_train_5226.jpg,price
train_5227.jpg,pool,g_train_5227.jpg,text_other
train_5228.jpg,pool,g_train_5228.jpg,text_other
train_5229.jpg,pool,g_train_5229.jpg,price
train_5231.jpg,pool,g_train_5231.jpg,text_other
train_5232.jpg,pool,g_train_5232.jpg,text_other
train_5233.jpg,pool,g_train_5233.jpg,negation
train_5234.jpg,pool,g_train_5234.jpg,text_other
train_5235.jpg,pool,g_train_5235.jpg,text_other
train_5236.jpg,pool,g_train_5236.jpg,text_other
train_5238.jpg,pool,g_train_5238.jpg,number
train_5239.jpg,pool,g_train_5239.jpg,number
train_5240.jpg,pool,g_train_5240.jpg,price
train_5241.jpg,pool,g_train_5241.jpg,text_other
train_5243.jpg,pool,g_train_5243.jpg,text_other
train_5244.jpg,pool,g_train_5244.jpg,text_other
train_5245.jpg,pool,g_train_5245.jpg,text_other
train_5246.jpg,pool,g_train_5246.jpg,text_other
train_5248.jpg,pool,g_train_5248.jpg,text_other
train_5252.jpg,pool,g_train_5252.jpg,text_other
train_5253.jpg,pool,g_train_5253.jpg,text_other
train_5254.jpg,pool,g_train_1223.jpg,text_other
train_5255.jpg,pool,g_train_5255.jpg,negation
train_5256.jpg,pool,g_train_5256.jpg,text_other
train_5257.jpg,pool,g_train_5257.jpg,text_other
train_5258.jpg,pool,g_train_5258.jpg,text_other
train_5259.jpg,pool,g_train_5259.jpg,text_other
train_5260.jpg,pool,g_train_5260.jpg,text_other
train_5261.jpg,pool,g_train_5261.jpg,price
train_5262.jpg,pool,g_train_5262.jpg,number
train_5263.jpg,pool,g_train_5263.jpg,text_other
train_5265.jpg,pool,g_train_5265.jpg,price
train_5267.jpg,pool,g_train_5267.jpg,text_other
train_5269.jpg,pool,g_train_5269.jpg,text_other
train_5270.jpg,pool,g_train_5270.jpg,text_other
train_5271.jpg,pool,g_train_5271.jpg,text_other
train_5272.jpg,pool,g_train_5272.jpg,text_other
train_5273.jpg,pool,g_train_5273.jpg,text_other
train_5275.jpg,pool,g_train_5275.jpg,negation
train_5276.jpg,pool,g_train_5276.jpg,text_other
train_5277.jpg,pool,g_train_5277.jpg,text_other
train_5278.jpg,pool,g_train_5278.jpg,text_other
train_5279.jpg,pool,g_train_5279.jpg,negation
train_5280.jpg,pool,g_train_5280.jpg,text_other
train_5281.jpg,pool,g_train_5281.jpg,text_other
train_5285.jpg,pool,g_train_5285.jpg,text_other
train_5286.jpg,pool,g_train_5286.jpg,number
train_5288.jpg,pool,g_train_5288.jpg,position
train_5290.jpg,pool,g_train_5290.jpg,price
train_5291.jpg,pool,g_train_5291.jpg,price
train_5294.jpg,pool,g_train_5294.jpg,text_other
train_5295.jpg,pool,g_train_5295.jpg,number
train_5296.jpg,pool,g_train_5296.jpg,price
train_5297.jpg,pool,g_train_5297.jpg,negation
train_5298.jpg,pool,g_train_5298.jpg,price
train_5301.jpg,pool,g_train_5301.jpg,text_other
train_5305.jpg,pool,g_train_5305.jpg,text_other
train_5306.jpg,pool,g_train_5306.jpg,text_other
train_5310.jpg,pool,g_train_5310.jpg,price
train_5312.jpg,pool,g_train_5312.jpg,text_other
train_5313.jpg,pool,g_train_5313.jpg,number
train_5316.jpg,pool,g_train_5316.jpg,text_other
train_5317.jpg,pool,g_train_5317.jpg,position
train_5318.jpg,pool,g_train_5318.jpg,text_other
train_5319.jpg,pool,g_train_5319.jpg,text_other
train_5321.jpg,pool,g_train_5321.jpg,text_other
train_5322.jpg,pool,g_train_5322.jpg,text_other
train_5323.jpg,pool,g_train_5323.jpg,text_other
train_5327.jpg,pool,g_train_5327.jpg,text_other
train_5328.jpg,pool,g_train_5328.jpg,text_other
train_5329.jpg,pool,g_train_5329.jpg,text_other
train_5331.jpg,pool,g_train_5331.jpg,text_other
train_5332.jpg,pool,g_train_5332.jpg,text_other
train_5333.jpg,pool,g_train_5333.jpg,number
train_5335.jpg,pool,g_train_5335.jpg,text_other
train_5336.jpg,pool,g_train_5336.jpg,text_other
train_5337.jpg,pool,g_train_5337.jpg,text_other
train_5338.jpg,pool,g_train_5338.jpg,text_other
train_5339.jpg,pool,g_train_5339.jpg,price
train_5340.jpg,pool,g_train_5340.jpg,text_other
train_5341.jpg,pool,g_train_5341.jpg,position
train_5343.jpg,pool,g_train_5343.jpg,position
train_5345.jpg,pool,g_train_5345.jpg,text_other
train_5346.jpg,pool,g_train_5346.jpg,position
train_5348.jpg,pool,g_train_5348.jpg,text_other
train_5349.jpg,pool,g_train_5349.jpg,position
train_5351.jpg,pool,g_train_5351.jpg,text_other
train_5353.jpg,pool,g_train_5353.jpg,price
train_5355.jpg,pool,g_train_5355.jpg,text_other
train_5357.jpg,pool,g_train_5357.jpg,price
train_5359.jpg,pool,g_train_5359.jpg,text_other
train_5360.jpg,pool,g_train_5360.jpg,text_other
train_5361.jpg,pool,g_train_5361.jpg,text_other
train_5363.jpg,pool,g_train_5363.jpg,negation
train_5364.jpg,pool,g_train_5364.jpg,text_other
train_5365.jpg,pool,g_train_5365.jpg,text_other
train_5366.jpg,pool,g_train_5366.jpg,text_other
train_5368.jpg,pool,g_train_5368.jpg,number
train_5369.jpg,pool,g_train_5369.jpg,text_other
train_5370.jpg,pool,g_train_5370.jpg,text_other
train_5372.jpg,pool,g_train_5372.jpg,negation
train_5375.jpg,pool,g_train_5375.jpg,text_other
train_5376.jpg,pool,g_train_5376.jpg,text_other
train_5377.jpg,pool,g_train_5377.jpg,number
train_5379.jpg,pool,g_train_5379.jpg,text_other
train_5382.jpg,pool,g_train_5382.jpg,text_other
train_5385.jpg,pool,g_train_5385.jpg,text_other
train_5387.jpg,pool,g_train_5387.jpg,position
train_5389.jpg,pool,g_train_5389.jpg,text_other
train_5391.jpg,pool,g_train_5391.jpg,text_other
train_5392.jpg,pool,g_train_5392.jpg,negation
train_5394.jpg,pool,g_train_5394.jpg,price
train_5395.jpg,pool,g_train_5395.jpg,text_other
train_5396.jpg,pool,g_train_5396.jpg,text_other
train_5397.jpg,pool,g_train_5397.jpg,text_other
train_5398.jpg,pool,g_train_5398.jpg,text_other
train_5399.jpg,pool,g_train_5399.jpg,text_other
train_5400.jpg,pool,g_train_5400.jpg,negation
train_5401.jpg,pool,g_train_5401.jpg,number
train_5402.jpg,pool,g_train_5402.jpg,text_other
train_5404.jpg,pool,g_train_5404.jpg,text_other
train_5406.jpg,pool,g_train_5406.jpg,position
train_5407.jpg,pool,g_train_5407.jpg,text_other
train_5409.jpg,pool,g_train_5409.jpg,text_other
train_5410.jpg,pool,g_train_5410.jpg,price
train_5411.jpg,pool,g_train_5411.jpg,text_other
train_5413.jpg,pool,g_train_5413.jpg,text_other
train_5414.jpg,pool,g_train_5414.jpg,text_other
train_5415.jpg,pool,g_train_5415.jpg,text_other
train_5416.jpg,pool,g_train_5416.jpg,number
train_5417.jpg,pool,g_train_5417.jpg,text_other
train_5418.jpg,pool,g_train_5418.jpg,text_other
train_5421.jpg,pool,g_train_5421.jpg,price
train_5422.jpg,pool,g_train_5422.jpg,position
train_5423.jpg,pool,g_train_5423.jpg,text_other
train_5426.jpg,pool,g_train_5426.jpg,number
train_5427.jpg,pool,g_train_5427.jpg,position
train_5428.jpg,pool,g_train_5428.jpg,text_other
train_5432.jpg,pool,g_train_5432.jpg,number
train_5433.jpg,pool,g_train_5433.jpg,text_other
train_5434.jpg,pool,g_train_5434.jpg,text_other
train_5436.jpg,pool,g_train_5436.jpg,text_other
train_5438.jpg,pool,g_train_5438.jpg,text_other
train_5440.jpg,pool,g_train_5440.jpg,text_other
train_5441.jpg,pool,g_train_5441.jpg,number
train_5442.jpg,pool,g_train_5442.jpg,position
train_5443.jpg,pool,g_train_5443.jpg,text_other
train_5444.jpg,pool,g_train_5444.jpg,text_other
train_5445.jpg,pool,g_train_5445.jpg,text_other
train_5446.jpg,pool,g_train_5446.jpg,text_other
train_5449.jpg,pool,g_train_5449.jpg,number
train_5450.jpg,pool,g_train_5450.jpg,text_other
train_5451.jpg,pool,g_train_5451.jpg,text_other
train_5452.jpg,pool,g_train_5452.jpg,price
train_5453.jpg,pool,g_train_5453.jpg,text_other
train_5456.jpg,pool,g_train_5456.jpg,text_other
train_5457.jpg,pool,g_train_5457.jpg,text_other
train_5459.jpg,pool,g_train_5459.jpg,text_other
train_5460.jpg,pool,g_train_5460.jpg,position
train_5462.jpg,pool,g_train_5462.jpg,text_other
train_5463.jpg,pool,g_train_5463.jpg,text_other
train_5464.jpg,pool,g_train_5464.jpg,number
train_5465.jpg,pool,g_train_5465.jpg,text_other
train_5466.jpg,pool,g_train_5466.jpg,negation
train_5467.jpg,pool,g_train_5467.jpg,text_other
train_5471.jpg,pool,g_train_5471.jpg,number
train_5473.jpg,pool,g_train_5473.jpg,text_other
train_5474.jpg,pool,g_train_5474.jpg,position
train_5476.jpg,pool,g_train_5476.jpg,text_other
train_5477.jpg,pool,g_train_5477.jpg,text_other
train_5478.jpg,pool,g_train_5478.jpg,text_other
train_5479.jpg,pool,g_train_5479.jpg,text_other
train_5480.jpg,pool,g_train_5480.jpg,text_other
train_5481.jpg,pool,g_train_5481.jpg,position
train_5482.jpg,pool,g_train_5482.jpg,text_other
train_5483.jpg,pool,g_train_5483.jpg,text_other
train_5484.jpg,pool,g_train_5484.jpg,text_other
train_5486.jpg,pool,g_train_5486.jpg,price
train_5487.jpg,pool,g_train_5487.jpg,price
train_5491.jpg,pool,g_train_5491.jpg,text_other
train_5492.jpg,pool,g_train_5492.jpg,text_other
train_5493.jpg,pool,g_train_5493.jpg,price
train_5494.jpg,pool,g_train_5494.jpg,text_other
train_5495.jpg,pool,g_train_5495.jpg,position
train_5502.jpg,pool,g_train_5502.jpg,text_other
train_5504.jpg,pool,g_train_5504.jpg,text_other
train_5507.jpg,pool,g_train_5507.jpg,text_other
train_5508.jpg,pool,g_train_5508.jpg,text_other
train_5509.jpg,pool,g_train_5509.jpg,text_other
train_5510.jpg,pool,g_train_5510.jpg,text_other
train_5512.jpg,pool,g_train_5512.jpg,text_other
train_5513.jpg,pool,g_train_5513.jpg,text_other
train_5515.jpg,pool,g_train_5515.jpg,text_other
train_5518.jpg,pool,g_train_5518.jpg,price
train_5520.jpg,pool,g_train_5520.jpg,text_other
train_5521.jpg,pool,g_train_5521.jpg,text_other
train_5522.jpg,pool,g_train_5522.jpg,text_other
train_5523.jpg,pool,g_train_5523.jpg,price
train_5525.jpg,pool,g_train_5525.jpg,price
train_5526.jpg,pool,g_train_5526.jpg,text_other
train_5528.jpg,pool,g_train_5528.jpg,number
train_5532.jpg,pool,g_train_5532.jpg,text_other
train_5533.jpg,pool,g_train_5533.jpg,text_other
train_5534.jpg,pool,g_train_5534.jpg,text_other
train_5537.jpg,pool,g_train_5537.jpg,price
train_5538.jpg,pool,g_train_5538.jpg,text_other
train_5539.jpg,pool,g_train_5539.jpg,text_other
train_5540.jpg,pool,g_train_5540.jpg,text_other
train_5541.jpg,pool,g_train_5541.jpg,text_other
train_5545.jpg,pool,g_train_5545.jpg,price
train_5546.jpg,pool,g_train_5546.jpg,text_other
train_5547.jpg,pool,g_train_5547.jpg,text_other
train_5548.jpg,pool,g_train_5548.jpg,text_other
train_5549.jpg,pool,g_train_5549.jpg,text_other
train_5550.jpg,pool,g_train_5550.jpg,text_other
train_5553.jpg,pool,g_train_5553.jpg,text_other
train_5557.jpg,pool,g_train_5557.jpg,text_other
train_5558.jpg,pool,g_train_5558.jpg,position
train_5560.jpg,pool,g_train_5560.jpg,price
train_5562.jpg,pool,g_train_5562.jpg,text_other
train_5564.jpg,pool,g_train_5564.jpg,text_other
train_5565.jpg,pool,g_train_5565.jpg,text_other
train_5568.jpg,pool,g_train_5568.jpg,negation
train_5572.jpg,pool,g_train_5572.jpg,text_other
train_5576.jpg,pool,g_train_5576.jpg,number
train_5578.jpg,pool,g_train_5578.jpg,text_other
train_5579.jpg,pool,g_train_5579.jpg,negation
train_5581.jpg,pool,g_train_5581.jpg,text_other
train_5582.jpg,pool,g_train_5582.jpg,position
train_5583.jpg,pool,g_train_5583.jpg,price
train_5584.jpg,pool,g_train_5584.jpg,text_other
train_5587.jpg,pool,g_train_5587.jpg,negation
train_5589.jpg,pool,g_train_5589.jpg,text_other
train_5590.jpg,pool,g_train_5590.jpg,price
train_5592.jpg,pool,g_train_5592.jpg,number
train_5593.jpg,pool,g_train_5593.jpg,position
train_5594.jpg,pool,g_train_5594.jpg,position
train_5595.jpg,pool,g_train_5595.jpg,text_other
train_5596.jpg,pool,g_train_5596.jpg,text_other
train_5598.jpg,pool,g_train_5598.jpg,text_other
train_5599.jpg,pool,g_train_5599.jpg,number
train_5600.jpg,pool,g_train_5600.jpg,text_other
train_5601.jpg,pool,g_train_5601.jpg,text_other
train_5602.jpg,pool,g_train_5602.jpg,position
train_5603.jpg,pool,g_train_5603.jpg,price
train_5605.jpg,pool,g_train_5605.jpg,price
train_5606.jpg,pool,g_train_5606.jpg,text_other
train_5608.jpg,pool,g_train_5608.jpg,text_other
train_5614.jpg,pool,g_train_5614.jpg,price
train_5615.jpg,pool,g_train_5615.jpg,text_other
train_5618.jpg,pool,g_train_5618.jpg,position
train_5619.jpg,pool,g_train_5619.jpg,text_other
train_5622.jpg,pool,g_train_5622.jpg,text_other
train_5624.jpg,pool,g_train_5624.jpg,text_other
train_5625.jpg,pool,g_train_5625.jpg,text_other
train_5626.jpg,pool,g_train_5626.jpg,text_other
train_5628.jpg,pool,g_train_5628.jpg,position
train_5630.jpg,pool,g_train_5630.jpg,text_other
train_5631.jpg,pool,g_train_5631.jpg,price
train_5634.jpg,pool,g_train_5634.jpg,text_other
train_5635.jpg,pool,g_train_5635.jpg,text_other
train_5636.jpg,pool,g_train_5636.jpg,text_other
train_5639.jpg,pool,g_train_5639.jpg,price
train_5640.jpg,pool,g_train_5640.jpg,text_other
train_5641.jpg,pool,g_train_5641.jpg,text_other
train_5642.jpg,pool,g_train_5642.jpg,position
train_5643.jpg,pool,g_train_5643.jpg,text_other
train_5645.jpg,pool,g_train_5645.jpg,text_other
train_5646.jpg,pool,g_train_5646.jpg,text_other
train_5650.jpg,pool,g_train_5650.jpg,text_other
train_5651.jpg,pool,g_train_5651.jpg,text_other
train_5652.jpg,pool,g_train_5652.jpg,price
train_5654.jpg,pool,g_train_5654.jpg,text_other
train_5655.jpg,pool,g_train_5655.jpg,text_other
train_5656.jpg,pool,g_train_5656.jpg,number
train_5658.jpg,pool,g_train_5658.jpg,text_other
train_5661.jpg,pool,g_train_5661.jpg,text_other
train_5662.jpg,pool,g_train_5662.jpg,number
train_5663.jpg,pool,g_train_5663.jpg,text_other
train_5664.jpg,pool,g_train_5664.jpg,number
train_5665.jpg,pool,g_train_5665.jpg,price
train_5666.jpg,pool,g_train_5666.jpg,position
train_5667.jpg,pool,g_train_5667.jpg,negation
train_5668.jpg,pool,g_train_5668.jpg,number
train_5669.jpg,pool,g_train_5669.jpg,text_other
train_5670.jpg,pool,g_train_5670.jpg,price
train_5671.jpg,pool,g_train_5671.jpg,text_other
train_5672.jpg,pool,g_train_5672.jpg,text_other
train_5673.jpg,pool,g_train_5673.jpg,text_other
train_5674.jpg,pool,g_train_5674.jpg,text_other
train_5675.jpg,pool,g_train_5675.jpg,text_other
train_5679.jpg,pool,g_train_5679.jpg,text_other
train_5680.jpg,pool,g_train_5680.jpg,position
train_5681.jpg,pool,g_train_5681.jpg,negation
train_5682.jpg,pool,g_train_5682.jpg,price
train_5683.jpg,pool,g_train_5683.jpg,text_other
train_5686.jpg,pool,g_train_5686.jpg,text_other
train_5688.jpg,pool,g_train_5688.jpg,text_other
train_5689.jpg,pool,g_train_5689.jpg,text_other
train_5691.jpg,pool,g_train_5691.jpg,price
train_5694.jpg,pool,g_train_5694.jpg,text_other
train_5695.jpg,pool,g_train_5695.jpg,text_other
train_5696.jpg,pool,g_train_5696.jpg,text_other
train_5697.jpg,pool,g_train_5697.jpg,price
train_5701.jpg,pool,g_train_5701.jpg,negation
train_5702.jpg,pool,g_train_5702.jpg,text_other
train_5703.jpg,pool,g_train_5703.jpg,text_other
train_5704.jpg,pool,g_train_5704.jpg,text_other
train_5705.jpg,pool,g_train_5705.jpg,text_other
train_5707.jpg,pool,g_train_5707.jpg,text_other
train_5711.jpg,pool,g_train_5711.jpg,text_other
train_5712.jpg,pool,g_train_5712.jpg,text_other
train_5713.jpg,pool,g_train_5713.jpg,position
train_5714.jpg,pool,g_train_5714.jpg,text_other
train_5715.jpg,pool,g_train_5715.jpg,text_other
train_5717.jpg,pool,g_train_5717.jpg,position
train_5719.jpg,pool,g_train_5719.jpg,price
train_5721.jpg,pool,g_train_5721.jpg,text_other
train_5723.jpg,pool,g_train_5723.jpg,price
train_5725.jpg,pool,g_train_5725.jpg,text_other
train_5727.jpg,pool,g_train_5727.jpg,text_other
train_5729.jpg,pool,g_train_5729.jpg,number
train_5730.jpg,pool,g_train_5730.jpg,position
train_5731.jpg,pool,g_train_5731.jpg,position
train_5732.jpg,pool,g_train_5732.jpg,text_other
train_5733.jpg,pool,g_train_5733.jpg,number
train_5734.jpg,pool,g_train_5734.jpg,text_other
train_5735.jpg,pool,g_train_5735.jpg,price
train_5738.jpg,pool,g_train_5738.jpg,text_other
train_5739.jpg,pool,g_train_5739.jpg,text_other
train_5741.jpg,pool,g_train_5741.jpg,text_other
train_5744.jpg,pool,g_train_5744.jpg,position
train_5746.jpg,pool,g_train_5746.jpg,text_other
train_5747.jpg,pool,g_train_5747.jpg,price
train_5748.jpg,pool,g_train_5748.jpg,text_other
train_5749.jpg,pool,g_train_5749.jpg,text_other
train_5752.jpg,pool,g_train_5752.jpg,text_other
train_5753.jpg,pool,g_train_5753.jpg,number
train_5757.jpg,pool,g_train_5757.jpg,text_other
train_5762.jpg,pool,g_train_5762.jpg,negation
train_5763.jpg,pool,g_train_5763.jpg,text_other
train_5764.jpg,pool,g_train_5764.jpg,text_other
train_5765.jpg,pool,g_train_5765.jpg,text_other
train_5766.jpg,pool,g_train_5766.jpg,text_other
train_5769.jpg,pool,g_train_5769.jpg,text_other
train_5770.jpg,pool,g_train_5770.jpg,text_other
train_5771.jpg,pool,g_train_5771.jpg,position
train_5776.jpg,pool,g_train_5776.jpg,position
train_5777.jpg,pool,g_train_5777.jpg,position
train_5779.jpg,pool,g_train_5779.jpg,text_other
train_5781.jpg,pool,g_train_5781.jpg,text_other
train_5782.jpg,pool,g_train_5782.jpg,text_other
train_5785.jpg,pool,g_train_5785.jpg,text_other
train_5786.jpg,pool,g_train_5786.jpg,price
train_5787.jpg,pool,g_train_5787.jpg,text_other
train_5788.jpg,pool,g_train_5788.jpg,text_other
train_5790.jpg,pool,g_train_5790.jpg,text_other
train_5791.jpg,pool,g_train_5791.jpg,text_other
train_5792.jpg,pool,g_train_5792.jpg,text_other
train_5793.jpg,pool,g_train_5793.jpg,text_other
train_5794.jpg,pool,g_train_5794.jpg,negation
train_5795.jpg,pool,g_train_5795.jpg,text_other
train_5797.jpg,pool,g_train_5797.jpg,text_other
train_5798.jpg,pool,g_train_5798.jpg,text_other
train_5801.jpg,pool,g_train_5801.jpg,number
train_5805.jpg,pool,g_train_5805.jpg,number
train_5806.jpg,pool,g_train_5806.jpg,text_other
train_5808.jpg,pool,g_train_5808.jpg,text_other
train_5810.jpg,pool,g_train_5810.jpg,text_other
train_5811.jpg,pool,g_train_5811.jpg,text_other
train_5812.jpg,pool,g_train_5812.jpg,text_other
train_5814.jpg,pool,g_train_5814.jpg,price
train_5815.jpg,pool,g_train_5815.jpg,text_other
train_5816.jpg,pool,g_train_5816.jpg,text_other
train_5818.jpg,pool,g_train_5818.jpg,position
train_5819.jpg,pool,g_train_5819.jpg,text_other
train_5821.jpg,pool,g_train_5821.jpg,text_other
train_5822.jpg,pool,g_train_5822.jpg,negation
train_5825.jpg,pool,g_train_5825.jpg,text_other
train_5826.jpg,pool,g_train_5826.jpg,text_other
train_5827.jpg,pool,g_train_5827.jpg,number
train_5828.jpg,pool,g_train_5828.jpg,text_other
train_5829.jpg,pool,g_train_5829.jpg,price
train_5830.jpg,pool,g_train_5830.jpg,price
train_5831.jpg,pool,g_train_5831.jpg,text_other
train_5832.jpg,pool,g_train_5832.jpg,text_other
train_5833.jpg,pool,g_train_5833.jpg,number
train_5835.jpg,pool,g_train_5835.jpg,text_other
train_5836.jpg,pool,g_train_5836.jpg,text_other
train_5838.jpg,pool,g_train_5838.jpg,text_other
train_5842.jpg,pool,g_train_5842.jpg,position
train_5843.jpg,pool,g_train_5843.jpg,negation
train_5848.jpg,pool,g_train_5848.jpg,text_other
train_5849.jpg,pool,g_train_5849.jpg,text_other
train_5852.jpg,pool,g_train_5852.jpg,text_other
train_5853.jpg,pool,g_train_5853.jpg,text_other
train_5855.jpg,pool,g_train_5855.jpg,text_other
train_5858.jpg,pool,g_train_5858.jpg,text_other
train_5860.jpg,pool,g_train_5860.jpg,text_other
train_5861.jpg,pool,g_train_5861.jpg,text_other
train_5863.jpg,pool,g_train_5863.jpg,text_other
train_5864.jpg,pool,g_train_5864.jpg,text_other
train_5865.jpg,pool,g_train_5865.jpg,negation
train_5867.jpg,pool,g_train_5867.jpg,text_other
train_5869.jpg,pool,g_train_5869.jpg,text_other
train_5870.jpg,pool,g_train_5870.jpg,price
train_5871.jpg,pool,g_train_5871.jpg,text_other
train_5872.jpg,pool,g_train_5872.jpg,position
train_5874.jpg,pool,g_train_5874.jpg,text_other
train_5877.jpg,pool,g_train_5877.jpg,number
train_5878.jpg,pool,g_train_5878.jpg,text_other
train_5879.jpg,pool,g_train_5879.jpg,text_other
train_5880.jpg,pool,g_train_5880.jpg,text_other
train_5882.jpg,pool,g_train_5882.jpg,text_other
train_5884.jpg,pool,g_train_5884.jpg,number
train_5885.jpg,pool,g_train_5885.jpg,text_other
train_5886.jpg,pool,g_train_5886.jpg,price
train_5888.jpg,pool,g_train_5888.jpg,negation
train_5891.jpg,pool,g_train_5891.jpg,text_other
train_5893.jpg,pool,g_train_5893.jpg,position
train_5896.jpg,pool,g_train_5896.jpg,price
train_5897.jpg,pool,g_train_5897.jpg,text_other
train_5898.jpg,pool,g_train_5898.jpg,text_other
train_5899.jpg,pool,g_train_5899.jpg,position
train_5901.jpg,pool,g_train_5901.jpg,number
train_5902.jpg,pool,g_train_5902.jpg,text_other
train_5903.jpg,pool,g_train_5903.jpg,price
train_5904.jpg,pool,g_train_5904.jpg,text_other
train_5911.jpg,pool,g_train_5911.jpg,text_other
train_5912.jpg,pool,g_train_5912.jpg,text_other
train_5913.jpg,pool,g_train_5913.jpg,text_other
train_5915.jpg,pool,g_train_5915.jpg,text_other
train_5916.jpg,pool,g_train_5916.jpg,text_other
train_5918.jpg,pool,g_train_5918.jpg,text_other
train_5919.jpg,pool,g_train_5919.jpg,number
train_5920.jpg,pool,g_train_5920.jpg,number
train_5922.jpg,pool,g_train_5922.jpg,price
train_5923.jpg,pool,g_train_5923.jpg,text_other
train_5926.jpg,pool,g_train_5926.jpg,text_other
train_5927.jpg,pool,g_train_5927.jpg,price
train_5928.jpg,pool,g_train_5928.jpg,number
train_5929.jpg,pool,g_train_5929.jpg,price
train_5930.jpg,pool,g_train_5930.jpg,text_other
train_5936.jpg,pool,g_train_5936.jpg,text_other
train_5939.jpg,pool,g_train_5939.jpg,text_other
train_5940.jpg,pool,g_train_5940.jpg,text_other
train_5941.jpg,pool,g_train_5941.jpg,price
train_5942.jpg,pool,g_train_5942.jpg,text_other
train_5943.jpg,pool,g_train_5943.jpg,text_other
train_5945.jpg,pool,g_train_5945.jpg,text_other
train_5947.jpg,pool,g_train_5947.jpg,text_other
train_5948.jpg,pool,g_train_5948.jpg,text_other
train_5949.jpg,pool,g_train_5949.jpg,price
train_5950.jpg,pool,g_train_5950.jpg,text_other
train_5952.jpg,pool,g_train_5952.jpg,text_other
train_5953.jpg,pool,g_train_5953.jpg,number
train_5955.jpg,pool,g_train_5955.jpg,price
train_5957.jpg,pool,g_train_5957.jpg,price
train_5963.jpg,pool,g_train_5963.jpg,text_other
train_5964.jpg,pool,g_train_5964.jpg,text_other
train_5965.jpg,pool,g_train_5965.jpg,negation
train_5967.jpg,pool,g_train_5967.jpg,text_other
train_5968.jpg,pool,g_train_5968.jpg,text_other
train_5969.jpg,pool,g_train_5969.jpg,number
train_5970.jpg,pool,g_train_5970.jpg,text_other
train_5971.jpg,pool,g_train_5971.jpg,text_other
train_5972.jpg,pool,g_train_5972.jpg,text_other
train_5973.jpg,pool,g_train_5973.jpg,text_other
train_5974.jpg,pool,g_train_5974.jpg,text_other
train_5975.jpg,pool,g_train_5975.jpg,text_other
train_5977.jpg,pool,g_train_5977.jpg,text_other
train_5980.jpg,pool,g_train_5980.jpg,number
train_5982.jpg,pool,g_train_5982.jpg,text_other
train_5983.jpg,pool,g_train_5983.jpg,text_other
train_5984.jpg,pool,g_train_5984.jpg,negation
train_5985.jpg,pool,g_train_5985.jpg,price
train_5986.jpg,pool,g_train_5986.jpg,text_other
train_5989.jpg,pool,g_train_5989.jpg,text_other
train_5991.jpg,pool,g_train_5991.jpg,price
train_5992.jpg,pool,g_train_5992.jpg,text_other
train_5993.jpg,pool,g_train_5993.jpg,number
train_5994.jpg,pool,g_train_5994.jpg,price
train_5995.jpg,pool,g_train_5995.jpg,negation
train_5996.jpg,pool,g_train_5996.jpg,text_other
train_5997.jpg,pool,g_train_5997.jpg,position
train_5998.jpg,pool,g_train_5998.jpg,text_other
train_6000.jpg,pool,g_train_6000.jpg,text_other
train_6001.jpg,pool,g_train_6001.jpg,text_other
train_6003.jpg,pool,g_train_6003.jpg,position
train_6004.jpg,pool,g_train_6004.jpg,price
train_6006.jpg,pool,g_train_6006.jpg,price
train_6007.jpg,pool,g_train_6007.jpg,position
train_6008.jpg,pool,g_train_6008.jpg,text_other
train_6010.jpg,pool,g_train_6010.jpg,text_other
train_6011.jpg,pool,g_train_6011.jpg,text_other
train_6013.jpg,pool,g_train_6013.jpg,position
train_6016.jpg,pool,g_train_6016.jpg,text_other
train_6017.jpg,pool,g_train_6017.jpg,text_other
train_6019.jpg,pool,g_train_6019.jpg,text_other
train_6021.jpg,pool,g_train_6021.jpg,text_other
train_6022.jpg,pool,g_train_6022.jpg,price
train_6023.jpg,pool,g_train_6023.jpg,text_other
train_6024.jpg,pool,g_train_6024.jpg,text_other
train_6025.jpg,pool,g_train_6025.jpg,text_other
train_6026.jpg,pool,g_train_6026.jpg,text_other
train_6027.jpg,pool,g_train_6027.jpg,number
train_6028.jpg,pool,g_train_6028.jpg,text_other
train_6030.jpg,pool,g_train_6030.jpg,text_other
train_6031.jpg,pool,g_train_6031.jpg,text_other
train_6036.jpg,pool,g_train_6036.jpg,text_other
train_6037.jpg,pool,g_train_6037.jpg,text_other
train_6039.jpg,pool,g_train_6039.jpg,number
train_6040.jpg,pool,g_train_6040.jpg,text_other
train_6041.jpg,pool,g_train_6041.jpg,text_other
train_6042.jpg,pool,g_train_6042.jpg,number
train_6043.jpg,pool,g_train_6043.jpg,text_other
train_6045.jpg,pool,g_train_6045.jpg,number
train_6047.jpg,pool,g_train_6047.jpg,price
train_6048.jpg,pool,g_train_6048.jpg,text_other
train_6050.jpg,pool,g_train_6050.jpg,text_other
train_6052.jpg,pool,g_train_6052.jpg,text_other
train_6053.jpg,pool,g_train_6053.jpg,position
train_6054.jpg,pool,g_train_6054.jpg,price
train_6055.jpg,pool,g_train_6055.jpg,text_other
train_6056.jpg,pool,g_train_6056.jpg,number
train_6057.jpg,pool,g_train_6057.jpg,price
train_6059.jpg,pool,g_train_6059.jpg,text_other
train_6060.jpg,pool,g_train_6060.jpg,text_other
train_6062.jpg,pool,g_train_6062.jpg,text_other
train_6063.jpg,pool,g_train_6063.jpg,negation
train_6064.jpg,pool,g_train_6064.jpg,text_other
train_6065.jpg,pool,g_train_6065.jpg,price
train_6066.jpg,pool,g_train_6066.jpg,price
train_6067.jpg,pool,g_train_6067.jpg,text_other
train_6070.jpg,pool,g_train_6070.jpg,text_other
train_6071.jpg,pool,g_train_6071.jpg,position
train_6072.jpg,pool,g_train_6072.jpg,text_other
train_6074.jpg,pool,g_train_6074.jpg,price
train_6076.jpg,pool,g_train_6076.jpg,position
train_6079.jpg,pool,g_train_6079.jpg,position
train_6080.jpg,pool,g_train_6080.jpg,text_other
train_6082.jpg,pool,g_train_6082.jpg,price
train_6086.jpg,pool,g_train_6086.jpg,text_other
train_6088.jpg,pool,g_train_6088.jpg,text_other
train_6089.jpg,pool,g_train_6089.jpg,price
train_6090.jpg,pool,g_train_6090.jpg,text_other
train_6091.jpg,pool,g_train_6091.jpg,number
train_6092.jpg,pool,g_train_6092.jpg,text_other
train_6093.jpg,pool,g_train_6093.jpg,text_other
train_6095.jpg,pool,g_train_6095.jpg,text_other
train_6096.jpg,pool,g_train_6096.jpg,text_other
train_6098.jpg,pool,g_train_6098.jpg,text_other
train_6100.jpg,pool,g_train_6100.jpg,position
train_6101.jpg,pool,g_train_6101.jpg,position
train_6103.jpg,pool,g_train_6103.jpg,text_other
train_6104.jpg,pool,g_train_6104.jpg,number
train_6105.jpg,pool,g_train_6105.jpg,text_other
train_6106.jpg,pool,g_train_6106.jpg,text_other
train_6109.jpg,pool,g_train_6109.jpg,text_other
train_6114.jpg,pool,g_train_6114.jpg,text_other
train_6116.jpg,pool,g_train_6116.jpg,text_other
train_6118.jpg,pool,g_train_6118.jpg,text_other
train_6120.jpg,pool,g_train_6120.jpg,text_other
train_6123.jpg,pool,g_train_6123.jpg,text_other
train_6124.jpg,pool,g_train_6124.jpg,text_other
train_6125.jpg,pool,g_train_6125.jpg,text_other
train_6127.jpg,pool,g_train_6127.jpg,text_other
train_6128.jpg,pool,g_train_6128.jpg,negation
train_6133.jpg,pool,g_train_6133.jpg,text_other
train_6134.jpg,pool,g_train_6134.jpg,text_other
train_6135.jpg,pool,g_train_6135.jpg,text_other
train_6136.jpg,pool,g_train_6136.jpg,text_other
train_6139.jpg,pool,g_train_6139.jpg,price
train_6141.jpg,pool,g_train_6141.jpg,text_other
train_6142.jpg,pool,g_train_6142.jpg,price
train_6144.jpg,pool,g_train_6144.jpg,text_other
train_6148.jpg,pool,g_train_6148.jpg,text_other
train_6149.jpg,pool,g_train_6149.jpg,number
train_6152.jpg,pool,g_train_6152.jpg,text_other
train_6153.jpg,pool,g_train_6153.jpg,text_other
train_6155.jpg,pool,g_train_6155.jpg,text_other
train_6156.jpg,pool,g_train_6156.jpg,text_other
train_6157.jpg,pool,g_train_6157.jpg,text_other
train_6158.jpg,pool,g_train_6158.jpg,text_other
train_6159.jpg,pool,g_train_6159.jpg,text_other
train_6160.jpg,pool,g_train_6160.jpg,negation
train_6161.jpg,pool,g_train_6161.jpg,price
train_6162.jpg,pool,g_train_6162.jpg,text_other
train_6165.jpg,pool,g_train_6165.jpg,text_other
train_6167.jpg,pool,g_train_6167.jpg,text_other
train_6168.jpg,pool,g_train_6168.jpg,price
train_6170.jpg,pool,g_train_6170.jpg,number
train_6172.jpg,pool,g_train_6172.jpg,text_other
train_6173.jpg,pool,g_train_6173.jpg,text_other
train_6174.jpg,pool,g_train_6174.jpg,text_other
train_6175.jpg,pool,g_train_6175.jpg,text_other
train_6177.jpg,pool,g_train_6177.jpg,text_other
train_6179.jpg,pool,g_train_6179.jpg,text_other
train_6180.jpg,pool,g_train_6180.jpg,price
train_6181.jpg,pool,g_train_6181.jpg,text_other
train_6184.jpg,pool,g_train_6184.jpg,text_other
train_6187.jpg,pool,g_train_6187.jpg,text_other
train_6188.jpg,pool,g_train_6188.jpg,text_other
train_6189.jpg,pool,g_train_6189.jpg,text_other
train_6190.jpg,pool,g_train_6190.jpg,position
train_6192.jpg,pool,g_train_6192.jpg,position
train_6198.jpg,pool,g_train_6198.jpg,negation
train_6199.jpg,pool,g_train_6199.jpg,text_other
train_6201.jpg,pool,g_train_6201.jpg,price
train_6202.jpg,pool,g_train_6202.jpg,text_other
train_6203.jpg,pool,g_train_6203.jpg,text_other
train_6204.jpg,pool,g_train_6204.jpg,text_other
train_6208.jpg,pool,g_train_6208.jpg,negation
train_6209.jpg,pool,g_train_6209.jpg,text_other
train_6210.jpg,pool,g_train_6210.jpg,position
train_6212.jpg,pool,g_train_6212.jpg,price
train_6213.jpg,pool,g_train_6213.jpg,text_other
train_6214.jpg,pool,g_train_6214.jpg,text_other
train_6217.jpg,pool,g_train_6217.jpg,text_other
train_6218.jpg,pool,g_train_6218.jpg,text_other
train_6220.jpg,pool,g_train_6220.jpg,text_other
train_6221.jpg,pool,g_train_6221.jpg,text_other
train_6223.jpg,pool,g_train_6223.jpg,number
train_6224.jpg,pool,g_train_6224.jpg,text_other
train_6226.jpg,pool,g_train_6226.jpg,text_other
train_6227.jpg,pool,g_train_6227.jpg,text_other
train_6229.jpg,pool,g_train_6229.jpg,text_other
train_6230.jpg,pool,g_train_6230.jpg,position
train_6231.jpg,pool,g_train_6231.jpg,text_other
train_6232.jpg,pool,g_train_6232.jpg,text_other
train_6238.jpg,pool,g_train_6238.jpg,text_other
train_6242.jpg,pool,g_train_6242.jpg,negation
train_6243.jpg,pool,g_train_6243.jpg,position
train_6244.jpg,pool,g_train_6244.jpg,negation
train_6245.jpg,pool,g_train_6245.jpg,price
train_6247.jpg,pool,g_train_6247.jpg,text_other
train_6250.jpg,pool,g_train_6250.jpg,text_other
train_6253.jpg,pool,g_train_6253.jpg,price
train_6255.jpg,pool,g_train_6255.jpg,text_other
train_6258.jpg,pool,g_train_6258.jpg,text_other
train_6259.jpg,pool,g_train_6259.jpg,text_other
train_6260.jpg,pool,g_train_6260.jpg,text_other
train_6263.jpg,pool,g_train_6263.jpg,text_other
train_6264.jpg,pool,g_train_6264.jpg,text_other
train_6266.jpg,pool,g_train_6266.jpg,text_other
train_6268.jpg,pool,g_train_6268.jpg,text_other
train_6269.jpg,pool,g_train_6269.jpg,text_other
train_6270.jpg,pool,g_train_6270.jpg,text_other
train_6275.jpg,pool,g_train_6275.jpg,text_other
train_6276.jpg,pool,g_train_6276.jpg,text_other
train_6280.jpg,pool,g_train_6280.jpg,text_other
train_6283.jpg,pool,g_train_6283.jpg,text_other
train_6284.jpg,pool,g_train_6284.jpg,price
train_6286.jpg,pool,g_train_6286.jpg,position
train_6287.jpg,pool,g_train_6287.jpg,text_other
train_6288.jpg,pool,g_train_6288.jpg,price
train_6289.jpg,pool,g_train_6289.jpg,price
train_6290.jpg,pool,g_train_6290.jpg,text_other
train_6291.jpg,pool,g_train_6291.jpg,text_other
train_6292.jpg,pool,g_train_6292.jpg,text_other
train_6293.jpg,pool,g_train_6293.jpg,text_other
train_6295.jpg,pool,g_train_6295.jpg,text_other
train_6296.jpg,pool,g_train_6296.jpg,text_other
train_6297.jpg,pool,g_train_6297.jpg,text_other
train_6298.jpg,pool,g_train_6298.jpg,text_other
train_6299.jpg,pool,g_train_6299.jpg,number
train_6300.jpg,pool,g_train_6300.jpg,text_other
train_6301.jpg,pool,g_train_6301.jpg,price
train_6302.jpg,pool,g_train_6302.jpg,text_other
train_6303.jpg,pool,g_train_6303.jpg,text_other
train_6307.jpg,pool,g_train_6307.jpg,text_other
train_6310.jpg,pool,g_train_6310.jpg,text_other
train_6314.jpg,pool,g_train_6314.jpg,text_other
train_6315.jpg,pool,g_train_6315.jpg,text_other
train_6319.jpg,pool,g_train_6319.jpg,text_other
train_6320.jpg,pool,g_train_6320.jpg,text_other
train_6322.jpg,pool,g_train_6322.jpg,price
train_6324.jpg,pool,g_train_6324.jpg,text_other
train_6325.jpg,pool,g_train_6325.jpg,text_other
train_6326.jpg,pool,g_train_6326.jpg,text_other
train_6327.jpg,pool,g_train_6327.jpg,negation
train_6329.jpg,pool,g_train_6329.jpg,number
train_6331.jpg,pool,g_train_6331.jpg,text_other
train_6334.jpg,pool,g_train_6334.jpg,text_other
train_6335.jpg,pool,g_train_6335.jpg,text_other
train_6337.jpg,pool,g_train_6337.jpg,text_other
train_6338.jpg,pool,g_train_6338.jpg,text_other
train_6340.jpg,pool,g_train_6340.jpg,text_other
train_6341.jpg,pool,g_train_6341.jpg,text_other
train_6342.jpg,pool,g_train_6342.jpg,text_other
train_6344.jpg,pool,g_train_6344.jpg,text_other
train_6345.jpg,pool,g_train_6345.jpg,text_other
train_6347.jpg,pool,g_train_6347.jpg,text_other
train_6348.jpg,pool,g_train_6348.jpg,text_other
train_6349.jpg,pool,g_train_6349.jpg,number
train_6350.jpg,pool,g_train_6350.jpg,text_other
train_6352.jpg,pool,g_train_6352.jpg,text_other
train_6353.jpg,pool,g_train_6353.jpg,text_other
train_6354.jpg,pool,g_train_6354.jpg,text_other
train_6355.jpg,pool,g_train_6355.jpg,price
train_6357.jpg,pool,g_train_6357.jpg,number
train_6358.jpg,pool,g_train_6358.jpg,text_other
train_6360.jpg,pool,g_train_6360.jpg,number
train_6361.jpg,pool,g_train_6361.jpg,price
train_6362.jpg,pool,g_train_6362.jpg,price
train_6363.jpg,pool,g_train_6363.jpg,text_other
train_6364.jpg,pool,g_train_6364.jpg,price
train_6365.jpg,pool,g_train_6365.jpg,text_other
train_6366.jpg,pool,g_train_6366.jpg,text_other
train_6367.jpg,pool,g_train_6367.jpg,price
train_6368.jpg,pool,g_train_6368.jpg,number
train_6369.jpg,pool,g_train_6369.jpg,text_other
train_6370.jpg,pool,g_train_6370.jpg,position
train_6372.jpg,pool,g_train_6372.jpg,text_other
train_6376.jpg,pool,g_train_6376.jpg,text_other
train_6379.jpg,pool,g_train_6379.jpg,text_other
train_6380.jpg,pool,g_train_6380.jpg,text_other
train_6381.jpg,pool,g_train_6381.jpg,text_other
train_6382.jpg,pool,g_train_6382.jpg,text_other
train_6383.jpg,pool,g_train_6383.jpg,text_other
train_6385.jpg,pool,g_train_6385.jpg,number
train_6387.jpg,pool,g_train_6387.jpg,text_other
train_6389.jpg,pool,g_train_6389.jpg,price
train_6394.jpg,pool,g_train_6394.jpg,text_other
train_6396.jpg,pool,g_train_6396.jpg,number
train_6398.jpg,pool,g_train_6398.jpg,price
train_6399.jpg,pool,g_train_6399.jpg,text_other
train_6400.jpg,pool,g_train_6400.jpg,text_other
train_6401.jpg,pool,g_train_6401.jpg,negation
train_6403.jpg,pool,g_train_6403.jpg,text_other
train_6404.jpg,pool,g_train_6404.jpg,text_other
train_6405.jpg,pool,g_train_6405.jpg,text_other
train_6406.jpg,pool,g_train_6406.jpg,text_other
train_6407.jpg,pool,g_train_6407.jpg,number
train_6408.jpg,pool,g_train_6408.jpg,text_other
train_6409.jpg,pool,g_train_6409.jpg,text_other
train_6410.jpg,pool,g_train_6410.jpg,text_other
train_6411.jpg,pool,g_train_6411.jpg,text_other
train_6412.jpg,pool,g_train_6412.jpg,price
train_6413.jpg,pool,g_train_6413.jpg,number
train_6416.jpg,pool,g_train_6416.jpg,position
train_6417.jpg,pool,g_train_6417.jpg,text_other
train_6418.jpg,pool,g_train_6418.jpg,text_other
train_6419.jpg,pool,g_train_6419.jpg,text_other
train_6420.jpg,pool,g_train_6420.jpg,number
train_6422.jpg,pool,g_train_6422.jpg,price
train_6424.jpg,pool,g_train_6424.jpg,text_other
train_6426.jpg,pool,g_train_6426.jpg,text_other
train_6427.jpg,pool,g_train_6427.jpg,text_other
train_6432.jpg,pool,g_train_6432.jpg,text_other
train_6433.jpg,pool,g_train_6433.jpg,text_other
train_6434.jpg,pool,g_train_6434.jpg,text_other
train_6435.jpg,pool,g_train_6435.jpg,price
train_6437.jpg,pool,g_train_6437.jpg,number
train_6438.jpg,pool,g_train_6438.jpg,price
train_6439.jpg,pool,g_train_6439.jpg,text_other
train_6440.jpg,pool,g_train_6440.jpg,negation
train_6441.jpg,pool,g_train_6441.jpg,text_other
train_6442.jpg,pool,g_train_6442.jpg,text_other
train_6443.jpg,pool,g_train_6443.jpg,price
train_6444.jpg,pool,g_train_6444.jpg,text_other
train_6446.jpg,pool,g_train_6446.jpg,text_other
train_6447.jpg,pool,g_train_6447.jpg,text_other
train_6449.jpg,pool,g_train_6449.jpg,price
train_6450.jpg,pool,g_train_6450.jpg,text_other
train_6452.jpg,pool,g_train_6452.jpg,text_other
train_6453.jpg,pool,g_train_6453.jpg,text_other
train_6456.jpg,pool,g_train_6456.jpg,text_other
train_6457.jpg,pool,g_train_6457.jpg,price
train_6458.jpg,pool,g_train_6458.jpg,text_other
train_6459.jpg,pool,g_train_6459.jpg,text_other
train_6461.jpg,pool,g_train_6461.jpg,text_other
train_6463.jpg,pool,g_train_6463.jpg,text_other
train_6464.jpg,pool,g_train_6464.jpg,text_other
train_6465.jpg,pool,g_train_6465.jpg,position
train_6466.jpg,pool,g_train_6466.jpg,text_other
train_6467.jpg,pool,g_train_6467.jpg,price
train_6471.jpg,pool,g_train_6471.jpg,text_other
train_6475.jpg,pool,g_train_6475.jpg,text_other
train_6476.jpg,pool,g_train_6476.jpg,text_other
train_6478.jpg,pool,g_train_6478.jpg,text_other
train_6479.jpg,pool,g_train_6479.jpg,text_other
train_6481.jpg,pool,g_train_6481.jpg,number
train_6485.jpg,pool,g_train_6485.jpg,price
train_6486.jpg,pool,g_train_6486.jpg,number
train_6488.jpg,pool,g_train_6488.jpg,position
train_6489.jpg,pool,g_train_6489.jpg,text_other
train_6490.jpg,pool,g_train_6490.jpg,text_other
train_6491.jpg,pool,g_train_6491.jpg,text_other
train_6492.jpg,pool,g_train_6492.jpg,negation
train_6495.jpg,pool,g_train_6495.jpg,price
train_6497.jpg,pool,g_train_6497.jpg,price
train_6498.jpg,pool,g_train_6498.jpg,text_other
train_6499.jpg,pool,g_train_6499.jpg,text_other
train_6500.jpg,pool,g_train_6500.jpg,text_other
train_6501.jpg,pool,g_train_6501.jpg,number
train_6503.jpg,pool,g_train_6503.jpg,text_other
train_6504.jpg,pool,g_train_6504.jpg,text_other
train_6507.jpg,pool,g_train_6507.jpg,position
train_6508.jpg,pool,g_train_6508.jpg,text_other
train_6510.jpg,pool,g_train_6510.jpg,number
train_6517.jpg,pool,g_train_6517.jpg,text_other
train_6522.jpg,pool,g_train_6522.jpg,price
train_6525.jpg,pool,g_train_6525.jpg,number
train_6526.jpg,pool,g_train_6526.jpg,price
train_6531.jpg,pool,g_train_6531.jpg,text_other
train_6532.jpg,pool,g_train_6532.jpg,price
train_6534.jpg,pool,g_train_6534.jpg,text_other
train_6535.jpg,pool,g_train_6535.jpg,negation
train_6537.jpg,pool,g_train_6537.jpg,text_other
train_6538.jpg,pool,g_train_6538.jpg,text_other
train_6539.jpg,pool,g_train_6539.jpg,price
train_6540.jpg,pool,g_train_6540.jpg,price
train_6544.jpg,pool,g_train_6544.jpg,number
train_6545.jpg,pool,g_train_6545.jpg,text_other
train_6548.jpg,pool,g_train_6548.jpg,text_other
train_6549.jpg,pool,g_train_6549.jpg,text_other
train_6551.jpg,pool,g_train_6551.jpg,text_other
train_6554.jpg,pool,g_train_6554.jpg,text_other
train_6556.jpg,pool,g_train_6556.jpg,text_other
train_6557.jpg,pool,g_train_6557.jpg,price
train_6558.jpg,pool,g_train_6558.jpg,number
train_6560.jpg,pool,g_train_6560.jpg,text_other
train_6561.jpg,pool,g_train_6561.jpg,price
train_6562.jpg,pool,g_train_6562.jpg,text_other
train_6564.jpg,pool,g_train_6564.jpg,text_other
train_6565.jpg,pool,g_train_6565.jpg,text_other
train_6567.jpg,pool,g_train_6567.jpg,number
train_6571.jpg,pool,g_train_6571.jpg,price
train_6573.jpg,pool,g_train_6573.jpg,text_other
train_6574.jpg,pool,g_train_6574.jpg,price
train_6575.jpg,pool,g_train_6575.jpg,price
train_6576.jpg,pool,g_train_6576.jpg,text_other
train_6577.jpg,pool,g_train_6577.jpg,text_other
train_6578.jpg,pool,g_train_6578.jpg,number
train_6580.jpg,pool,g_train_6580.jpg,text_other
train_6581.jpg,pool,g_train_6581.jpg,text_other
train_6582.jpg,pool,g_train_6582.jpg,position
train_6583.jpg,pool,g_train_6583.jpg,text_other
train_6584.jpg,pool,g_train_6584.jpg,text_other
train_6586.jpg,pool,g_train_6586.jpg,number
train_6587.jpg,pool,g_train_6587.jpg,text_other
train_6589.jpg,pool,g_train_6589.jpg,text_other
train_6590.jpg,pool,g_train_6590.jpg,text_other
train_6591.jpg,pool,g_train_6591.jpg,price
train_6592.jpg,pool,g_train_6592.jpg,text_other
train_6593.jpg,pool,g_train_6593.jpg,number
train_6594.jpg,pool,g_train_6594.jpg,text_other
train_6595.jpg,pool,g_train_6595.jpg,text_other
train_6597.jpg,pool,g_train_6597.jpg,text_other
train_6598.jpg,pool,g_train_6598.jpg,text_other
train_6601.jpg,pool,g_train_6601.jpg,text_other
train_6602.jpg,pool,g_train_6602.jpg,position
train_6603.jpg,pool,g_train_6603.jpg,position
train_6605.jpg,pool,g_train_6605.jpg,text_other
train_6606.jpg,pool,g_train_6606.jpg,negation
train_6607.jpg,pool,g_train_6607.jpg,price
train_6610.jpg,pool,g_train_6610.jpg,price
train_6612.jpg,pool,g_train_6612.jpg,number
train_6615.jpg,pool,g_train_6615.jpg,number
train_6616.jpg,pool,g_train_6616.jpg,text_other
train_6617.jpg,pool,g_train_6617.jpg,negation
train_6618.jpg,pool,g_train_6618.jpg,position
train_6619.jpg,pool,g_train_6619.jpg,price
train_6621.jpg,pool,g_train_6621.jpg,price
train_6622.jpg,pool,g_train_6622.jpg,position
train_6623.jpg,pool,g_train_6623.jpg,text_other
train_6625.jpg,pool,g_train_6625.jpg,price
train_6626.jpg,pool,g_train_6626.jpg,text_other
train_6627.jpg,pool,g_train_6627.jpg,position
train_6629.jpg,pool,g_train_6629.jpg,text_other
train_6630.jpg,pool,g_train_6630.jpg,number
train_6632.jpg,pool,g_train_6632.jpg,price
train_6633.jpg,pool,g_train_6633.jpg,text_other
train_6634.jpg,pool,g_train_6634.jpg,text_other
train_6635.jpg,pool,g_train_6635.jpg,text_other
train_6636.jpg,pool,g_train_6636.jpg,text_other
train_6640.jpg,pool,g_train_6640.jpg,price
train_6642.jpg,pool,g_train_6642.jpg,text_other
train_6645.jpg,pool,g_train_6645.jpg,number
train_6646.jpg,pool,g_train_6646.jpg,text_other
train_6648.jpg,pool,g_train_6648.jpg,number
train_6649.jpg,pool,g_train_6649.jpg,text_other
train_6650.jpg,pool,g_train_6650.jpg,text_other
train_6651.jpg,pool,g_train_6651.jpg,text_other
train_6652.jpg,pool,g_train_6652.jpg,text_other
train_6654.jpg,pool,g_train_6654.jpg,price
train_6655.jpg,pool,g_train_6655.jpg,text_other
train_6656.jpg,pool,g_train_6656.jpg,text_other
train_6657.jpg,pool,g_train_6657.jpg,number
train_6658.jpg,pool,g_train_6658.jpg,text_other
train_6659.jpg,pool,g_train_6659.jpg,text_other
train_6660.jpg,pool,g_train_6660.jpg,text_other
train_6663.jpg,pool,g_train_6663.jpg,text_other
train_6665.jpg,pool,g_train_6665.jpg,text_other
train_6667.jpg,pool,g_train_6667.jpg,price
train_6668.jpg,pool,g_train_6668.jpg,text_other
train_6669.jpg,pool,g_train_6669.jpg,price
train_6670.jpg,pool,g_train_6670.jpg,text_other
train_6671.jpg,pool,g_train_6671.jpg,number
train_6672.jpg,pool,g_train_6672.jpg,text_other
train_6673.jpg,pool,g_train_6673.jpg,price
train_6674.jpg,pool,g_train_6674.jpg,text_other
train_6675.jpg,pool,g_train_6675.jpg,text_other
train_6676.jpg,pool,g_train_6676.jpg,position
train_6678.jpg,pool,g_train_1842.jpg,text_other
train_6679.jpg,pool,g_train_6679.jpg,text_other
train_6680.jpg,pool,g_train_6680.jpg,text_other
train_6681.jpg,pool,g_train_6681.jpg,text_other
train_6682.jpg,pool,g_train_6682.jpg,number
train_6685.jpg,pool,g_train_6685.jpg,text_other
train_6687.jpg,pool,g_train_6687.jpg,text_other
train_6688.jpg,pool,g_train_6688.jpg,text_other
train_6691.jpg,pool,g_train_6691.jpg,text_other
train_6692.jpg,pool,g_train_6692.jpg,text_other
train_6694.jpg,pool,g_train_6694.jpg,text_other
train_6695.jpg,pool,g_train_6695.jpg,text_other
train_6696.jpg,pool,g_train_6696.jpg,number
train_6698.jpg,pool,g_train_6698.jpg,text_other
train_6699.jpg,pool,g_train_6699.jpg,text_other
train_6700.jpg,pool,g_train_6700.jpg,number
train_6703.jpg,pool,g_train_6703.jpg,text_other
train_6704.jpg,pool,g_train_6704.jpg,text_other
train_6706.jpg,pool,g_train_6706.jpg,text_other
train_6708.jpg,pool,g_train_6708.jpg,text_other
train_6709.jpg,pool,g_train_6709.jpg,text_other
train_6710.jpg,pool,g_train_6710.jpg,text_other
train_6713.jpg,pool,g_train_6713.jpg,price
