id,answer_reference,raw_output_reference,parse_failed_reference,fallback_used_reference,gold_reference,correct_reference,strict_correct_reference,group_id_reference,question_type_reference,image_meta_reference,answer_new,raw_output_new,parse_failed_new,fallback_used_new,gold_new,correct_new,strict_correct_new,group_id_new,question_type_new,image_meta_new,transition
train_0017.jpg,a,a,False,False,d,False,False,g_train_0017.jpg,text_other,"{""original_size"": [1280, 720], ""grid_thw"": [[1, 30, 56]], ""processed_hw"": [[480, 896]], ""visual_tokens"": 420}",a,a,False,False,d,False,False,g_train_0017.jpg,text_other,"{""original_size"": [1280, 720], ""grid_thw"": [[1, 30, 56]], ""processed_hw"": [[480, 896]], ""visual_tokens"": 420}",same_wrong
train_0034.jpg,a,a,False,False,a,True,True,g_train_0034.jpg,text_other,"{""original_size"": [960, 720], ""grid_thw"": [[1, 36, 48]], ""processed_hw"": [[576, 768]], ""visual_tokens"": 432}",a,a,False,False,a,True,True,g_train_0034.jpg,text_other,"{""original_size"": [960, 720], ""grid_thw"": [[1, 36, 48]], ""processed_hw"": [[576, 768]], ""visual_tokens"": 432}",same_correct
train_0041.jpg,c,c,False,False,c,True,True,g_train_0041.jpg,position,"{""original_size"": [720, 960], ""grid_thw"": [[1, 48, 36]], ""processed_hw"": [[768, 576]], ""visual_tokens"": 432}",c,c,False,False,c,True,True,g_train_0041.jpg,position,"{""original_size"": [720, 960], ""grid_thw"": [[1, 48, 36]], ""processed_hw"": [[768, 576]], ""visual_tokens"": 432}",same_correct
train_0065.jpg,b,b,False,False,b,True,True,g_train_0065.jpg,text_other,"{""original_size"": [720, 887], ""grid_thw"": [[1, 46, 36]], ""processed_hw"": [[736, 576]], ""visual_tokens"": 414}",b,b,False,False,b,True,True,g_train_0065.jpg,text_other,"{""original_size"": [720, 887], ""grid_thw"": [[1, 46, 36]], ""processed_hw"": [[736, 576]], ""visual_tokens"": 414}",same_correct
train_0067.jpg,a,a,False,False,a,True,True,g_train_0067.jpg,text_other,"{""original_size"": [720, 960], ""grid_thw"": [[1, 48, 36]], ""processed_hw"": [[768, 576]], ""visual_tokens"": 432}",a,a,False,False,a,True,True,g_train_0067.jpg,text_other,"{""original_size"": [720, 960], ""grid_thw"": [[1, 48, 36]], ""processed_hw"": [[768, 576]], ""visual_tokens"": 432}",same_correct
train_0074.jpg,b,b,False,False,b,True,True,g_train_0074.jpg,text_other,"{""original_size"": [720, 960], ""grid_thw"": [[1, 48, 36]], ""processed_hw"": [[768, 576]], ""visual_tokens"": 432}",b,b,False,False,b,True,True,g_train_0074.jpg,text_other,"{""original_size"": [720, 960], ""grid_thw"": [[1, 48, 36]], ""processed_hw"": [[768, 576]], ""visual_tokens"": 432}",same_correct
train_0082.jpg,b,b,False,False,b,True,True,g_train_0082.jpg,price,"{""original_size"": [720, 960], ""grid_thw"": [[1, 48, 36]], ""processed_hw"": [[768, 576]], ""visual_tokens"": 432}",b,b,False,False,b,True,True,g_train_0082.jpg,price,"{""original_size"": [720, 960], ""grid_thw"": [[1, 48, 36]], ""processed_hw"": [[768, 576]], ""visual_tokens"": 432}",same_correct
train_0083.jpg,b,b,False,False,b,True,True,g_train_0083.jpg,text_other,"{""original_size"": [960, 720], ""grid_thw"": [[1, 36, 48]], ""processed_hw"": [[576, 768]], ""visual_tokens"": 432}",b,b,False,False,b,True,True,g_train_0083.jpg,text_other,"{""original_size"": [960, 720], ""grid_thw"": [[1, 36, 48]], ""processed_hw"": [[576, 768]], ""visual_tokens"": 432}",same_correct
train_0103.jpg,c,c,False,False,c,True,True,g_train_0103.jpg,negation,"{""original_size"": [720, 960], ""grid_thw"": [[1, 48, 36]], ""processed_hw"": [[768, 576]], ""visual_tokens"": 432}",c,c,False,False,c,True,True,g_train_0103.jpg,negation,"{""original_size"": [720, 960], ""grid_thw"": [[1, 48, 36]], ""processed_hw"": [[768, 576]], ""visual_tokens"": 432}",same_correct
train_0113.jpg,b,b,False,False,b,True,True,g_train_0113.jpg,number,"{""original_size"": [720, 960], ""grid_thw"": [[1, 48, 36]], ""processed_hw"": [[768, 576]], ""visual_tokens"": 432}",b,b,False,False,b,True,True,g_train_0113.jpg,number,"{""original_size"": [720, 960], ""grid_thw"": [[1, 48, 36]], ""processed_hw"": [[768, 576]], ""visual_tokens"": 432}",same_correct
train_0163.jpg,a,a,False,False,a,True,True,g_train_0163.jpg,number,"{""original_size"": [720, 960], ""grid_thw"": [[1, 48, 36]], ""processed_hw"": [[768, 576]], ""visual_tokens"": 432}",a,a,False,False,a,True,True,g_train_0163.jpg,number,"{""original_size"": [720, 960], ""grid_thw"": [[1, 48, 36]], ""processed_hw"": [[768, 576]], ""visual_tokens"": 432}",same_correct
train_0164.jpg,d,d,False,False,d,True,True,g_train_0164.jpg,position,"{""original_size"": [1279, 720], ""grid_thw"": [[1, 30, 54]], ""processed_hw"": [[480, 864]], ""visual_tokens"": 405}",d,d,False,False,d,True,True,g_train_0164.jpg,position,"{""original_size"": [1279, 720], ""grid_thw"": [[1, 30, 54]], ""processed_hw"": [[480, 864]], ""visual_tokens"": 405}",same_correct
train_0170.jpg,c,c,False,False,c,True,True,g_train_0170.jpg,text_other,"{""original_size"": [960, 720], ""grid_thw"": [[1, 36, 48]], ""processed_hw"": [[576, 768]], ""visual_tokens"": 432}",c,c,False,False,c,True,True,g_train_0170.jpg,text_other,"{""original_size"": [960, 720], ""grid_thw"": [[1, 36, 48]], ""processed_hw"": [[576, 768]], ""visual_tokens"": 432}",same_correct
train_0187.jpg,d,d,False,False,d,True,True,g_train_0187.jpg,text_other,"{""original_size"": [720, 960], ""grid_thw"": [[1, 48, 36]], ""processed_hw"": [[768, 576]], ""visual_tokens"": 432}",d,d,False,False,d,True,True,g_train_0187.jpg,text_other,"{""original_size"": [720, 960], ""grid_thw"": [[1, 48, 36]], ""processed_hw"": [[768, 576]], ""visual_tokens"": 432}",same_correct
train_0193.jpg,d,d,False,False,d,True,True,g_train_0193.jpg,text_other,"{""original_size"": [960, 720], ""grid_thw"": [[1, 36, 48]], ""processed_hw"": [[576, 768]], ""visual_tokens"": 432}",d,d,False,False,d,True,True,g_train_0193.jpg,text_other,"{""original_size"": [960, 720], ""grid_thw"": [[1, 36, 48]], ""processed_hw"": [[576, 768]], ""visual_tokens"": 432}",same_correct
train_0203.jpg,c,c,False,False,c,True,True,g_train_0203.jpg,price,"{""original_size"": [720, 960], ""grid_thw"": [[1, 48, 36]], ""processed_hw"": [[768, 576]], ""visual_tokens"": 432}",c,c,False,False,c,True,True,g_train_0203.jpg,price,"{""original_size"": [720, 960], ""grid_thw"": [[1, 48, 36]], ""processed_hw"": [[768, 576]], ""visual_tokens"": 432}",same_correct
train_0207.jpg,a,a,False,False,a,True,True,g_train_0207.jpg,price,"{""original_size"": [720, 720], ""grid_thw"": [[1, 42, 42]], ""processed_hw"": [[672, 672]], ""visual_tokens"": 441}",a,a,False,False,a,True,True,g_train_0207.jpg,price,"{""original_size"": [720, 720], ""grid_thw"": [[1, 42, 42]], ""processed_hw"": [[672, 672]], ""visual_tokens"": 441}",same_correct
train_0209.jpg,c,c,False,False,b,False,False,g_train_0209.jpg,text_other,"{""original_size"": [720, 960], ""grid_thw"": [[1, 48, 36]], ""processed_hw"": [[768, 576]], ""visual_tokens"": 432}",c,c,False,False,b,False,False,g_train_0209.jpg,text_other,"{""original_size"": [720, 960], ""grid_thw"": [[1, 48, 36]], ""processed_hw"": [[768, 576]], ""visual_tokens"": 432}",same_wrong
train_0214.jpg,a,a,False,False,a,True,True,g_train_0214.jpg,position,"{""original_size"": [720, 960], ""grid_thw"": [[1, 48, 36]], ""processed_hw"": [[768, 576]], ""visual_tokens"": 432}",a,a,False,False,a,True,True,g_train_0214.jpg,position,"{""original_size"": [720, 960], ""grid_thw"": [[1, 48, 36]], ""processed_hw"": [[768, 576]], ""visual_tokens"": 432}",same_correct
train_0218.jpg,a,a,False,False,a,True,True,g_train_0218.jpg,number,"{""original_size"": [720, 960], ""grid_thw"": [[1, 48, 36]], ""processed_hw"": [[768, 576]], ""visual_tokens"": 432}",a,a,False,False,a,True,True,g_train_0218.jpg,number,"{""original_size"": [720, 960], ""grid_thw"": [[1, 48, 36]], ""processed_hw"": [[768, 576]], ""visual_tokens"": 432}",same_correct
train_0221.jpg,a,a,False,False,a,True,True,g_train_0221.jpg,text_other,"{""original_size"": [720, 960], ""grid_thw"": [[1, 48, 36]], ""processed_hw"": [[768, 576]], ""visual_tokens"": 432}",a,a,False,False,a,True,True,g_train_0221.jpg,text_other,"{""original_size"": [720, 960], ""grid_thw"": [[1, 48, 36]], ""processed_hw"": [[768, 576]], ""visual_tokens"": 432}",same_correct
train_0226.jpg,b,b,False,False,b,True,True,g_train_0226.jpg,text_other,"{""original_size"": [720, 2054], ""grid_thw"": [[1, 70, 24]], ""processed_hw"": [[1120, 384]], ""visual_tokens"": 420}",b,b,False,False,b,True,True,g_train_0226.jpg,text_other,"{""original_size"": [720, 2054], ""grid_thw"": [[1, 70, 24]], ""processed_hw"": [[1120, 384]], ""visual_tokens"": 420}",same_correct
train_0229.jpg,d,d,False,False,d,True,True,g_train_0229.jpg,text_other,"{""original_size"": [720, 960], ""grid_thw"": [[1, 48, 36]], ""processed_hw"": [[768, 576]], ""visual_tokens"": 432}",d,d,False,False,d,True,True,g_train_0229.jpg,text_other,"{""original_size"": [720, 960], ""grid_thw"": [[1, 48, 36]], ""processed_hw"": [[768, 576]], ""visual_tokens"": 432}",same_correct
train_0237.jpg,b,b,False,False,d,False,False,g_train_0237.jpg,text_other,"{""original_size"": [720, 960], ""grid_thw"": [[1, 48, 36]], ""processed_hw"": [[768, 576]], ""visual_tokens"": 432}",d,d,False,False,d,True,True,g_train_0237.jpg,text_other,"{""original_size"": [720, 960], ""grid_thw"": [[1, 48, 36]], ""processed_hw"": [[768, 576]], ""visual_tokens"": 432}",gain
train_0254.jpg,d,d,False,False,d,True,True,g_train_0254.jpg,text_other,"{""original_size"": [1280, 720], ""grid_thw"": [[1, 30, 56]], ""processed_hw"": [[480, 896]], ""visual_tokens"": 420}",d,d,False,False,d,True,True,g_train_0254.jpg,text_other,"{""original_size"": [1280, 720], ""grid_thw"": [[1, 30, 56]], ""processed_hw"": [[480, 896]], ""visual_tokens"": 420}",same_correct
train_0276.jpg,b,b,False,False,b,True,True,g_train_0276.jpg,text_other,"{""original_size"": [720, 960], ""grid_thw"": [[1, 48, 36]], ""processed_hw"": [[768, 576]], ""visual_tokens"": 432}",b,b,False,False,b,True,True,g_train_0276.jpg,text_other,"{""original_size"": [720, 960], ""grid_thw"": [[1, 48, 36]], ""processed_hw"": [[768, 576]], ""visual_tokens"": 432}",same_correct
train_0292.jpg,c,c,False,False,c,True,True,g_train_0292.jpg,position,"{""original_size"": [960, 720], ""grid_thw"": [[1, 36, 48]], ""processed_hw"": [[576, 768]], ""visual_tokens"": 432}",c,c,False,False,c,True,True,g_train_0292.jpg,position,"{""original_size"": [960, 720], ""grid_thw"": [[1, 36, 48]], ""processed_hw"": [[576, 768]], ""visual_tokens"": 432}",same_correct
train_0299.jpg,b,b,False,False,b,True,True,g_train_0299.jpg,text_other,"{""original_size"": [720, 960], ""grid_thw"": [[1, 48, 36]], ""processed_hw"": [[768, 576]], ""visual_tokens"": 432}",b,b,False,False,b,True,True,g_train_0299.jpg,text_other,"{""original_size"": [720, 960], ""grid_thw"": [[1, 48, 36]], ""processed_hw"": [[768, 576]], ""visual_tokens"": 432}",same_correct
train_0318.jpg,d,d,False,False,b,False,False,g_train_0318.jpg,text_other,"{""original_size"": [720, 943], ""grid_thw"": [[1, 48, 36]], ""processed_hw"": [[768, 576]], ""visual_tokens"": 432}",d,d,False,False,b,False,False,g_train_0318.jpg,text_other,"{""original_size"": [720, 943], ""grid_thw"": [[1, 48, 36]], ""processed_hw"": [[768, 576]], ""visual_tokens"": 432}",same_wrong
train_0369.jpg,b,b,False,False,b,True,True,g_train_0369.jpg,price,"{""original_size"": [960, 720], ""grid_thw"": [[1, 36, 48]], ""processed_hw"": [[576, 768]], ""visual_tokens"": 432}",b,b,False,False,b,True,True,g_train_0369.jpg,price,"{""original_size"": [960, 720], ""grid_thw"": [[1, 36, 48]], ""processed_hw"": [[576, 768]], ""visual_tokens"": 432}",same_correct
train_0383.jpg,d,d,False,False,d,True,True,g_train_0383.jpg,negation,"{""original_size"": [746, 720], ""grid_thw"": [[1, 40, 42]], ""processed_hw"": [[640, 672]], ""visual_tokens"": 420}",d,d,False,False,d,True,True,g_train_0383.jpg,negation,"{""original_size"": [746, 720], ""grid_thw"": [[1, 40, 42]], ""processed_hw"": [[640, 672]], ""visual_tokens"": 420}",same_correct
train_0408.jpg,d,d,False,False,b,False,False,g_train_0408.jpg,text_other,"{""original_size"": [720, 960], ""grid_thw"": [[1, 48, 36]], ""processed_hw"": [[768, 576]], ""visual_tokens"": 432}",d,d,False,False,b,False,False,g_train_0408.jpg,text_other,"{""original_size"": [720, 960], ""grid_thw"": [[1, 48, 36]], ""processed_hw"": [[768, 576]], ""visual_tokens"": 432}",same_wrong
train_0455.jpg,b,b,False,False,b,True,True,g_train_0455.jpg,text_other,"{""original_size"": [720, 960], ""grid_thw"": [[1, 48, 36]], ""processed_hw"": [[768, 576]], ""visual_tokens"": 432}",b,b,False,False,b,True,True,g_train_0455.jpg,text_other,"{""original_size"": [720, 960], ""grid_thw"": [[1, 48, 36]], ""processed_hw"": [[768, 576]], ""visual_tokens"": 432}",same_correct
train_0502.jpg,a,a,False,False,a,True,True,g_train_0502.jpg,text_other,"{""original_size"": [720, 960], ""grid_thw"": [[1, 48, 36]], ""processed_hw"": [[768, 576]], ""visual_tokens"": 432}",a,a,False,False,a,True,True,g_train_0502.jpg,text_other,"{""original_size"": [720, 960], ""grid_thw"": [[1, 48, 36]], ""processed_hw"": [[768, 576]], ""visual_tokens"": 432}",same_correct
train_0505.jpg,b,b,False,False,b,True,True,g_train_0505.jpg,text_other,"{""original_size"": [720, 960], ""grid_thw"": [[1, 48, 36]], ""processed_hw"": [[768, 576]], ""visual_tokens"": 432}",b,b,False,False,b,True,True,g_train_0505.jpg,text_other,"{""original_size"": [720, 960], ""grid_thw"": [[1, 48, 36]], ""processed_hw"": [[768, 576]], ""visual_tokens"": 432}",same_correct
train_0515.jpg,d,d,False,False,d,True,True,g_train_0515.jpg,text_other,"{""original_size"": [720, 960], ""grid_thw"": [[1, 48, 36]], ""processed_hw"": [[768, 576]], ""visual_tokens"": 432}",d,d,False,False,d,True,True,g_train_0515.jpg,text_other,"{""original_size"": [720, 960], ""grid_thw"": [[1, 48, 36]], ""processed_hw"": [[768, 576]], ""visual_tokens"": 432}",same_correct
train_0522.jpg,d,d,False,False,d,True,True,g_train_0522.jpg,text_other,"{""original_size"": [1049, 720], ""grid_thw"": [[1, 34, 50]], ""processed_hw"": [[544, 800]], ""visual_tokens"": 425}",d,d,False,False,d,True,True,g_train_0522.jpg,text_other,"{""original_size"": [1049, 720], ""grid_thw"": [[1, 34, 50]], ""processed_hw"": [[544, 800]], ""visual_tokens"": 425}",same_correct
train_0527.jpg,d,d,False,False,d,True,True,g_train_0527.jpg,text_other,"{""original_size"": [720, 944], ""grid_thw"": [[1, 48, 36]], ""processed_hw"": [[768, 576]], ""visual_tokens"": 432}",d,d,False,False,d,True,True,g_train_0527.jpg,text_other,"{""original_size"": [720, 944], ""grid_thw"": [[1, 48, 36]], ""processed_hw"": [[768, 576]], ""visual_tokens"": 432}",same_correct
train_0539.jpg,b,b,False,False,b,True,True,g_train_0539.jpg,text_other,"{""original_size"": [720, 960], ""grid_thw"": [[1, 48, 36]], ""processed_hw"": [[768, 576]], ""visual_tokens"": 432}",b,b,False,False,b,True,True,g_train_0539.jpg,text_other,"{""original_size"": [720, 960], ""grid_thw"": [[1, 48, 36]], ""processed_hw"": [[768, 576]], ""visual_tokens"": 432}",same_correct
train_0551.jpg,d,d,False,False,d,True,True,g_train_0551.jpg,text_other,"{""original_size"": [960, 720], ""grid_thw"": [[1, 36, 48]], ""processed_hw"": [[576, 768]], ""visual_tokens"": 432}",d,d,False,False,d,True,True,g_train_0551.jpg,text_other,"{""original_size"": [960, 720], ""grid_thw"": [[1, 36, 48]], ""processed_hw"": [[576, 768]], ""visual_tokens"": 432}",same_correct
train_0601.jpg,d,d,False,False,d,True,True,g_train_0601.jpg,number,"{""original_size"": [720, 960], ""grid_thw"": [[1, 48, 36]], ""processed_hw"": [[768, 576]], ""visual_tokens"": 432}",d,d,False,False,d,True,True,g_train_0601.jpg,number,"{""original_size"": [720, 960], ""grid_thw"": [[1, 48, 36]], ""processed_hw"": [[768, 576]], ""visual_tokens"": 432}",same_correct
train_0609.jpg,c,c,False,False,c,True,True,g_train_0609.jpg,number,"{""original_size"": [720, 960], ""grid_thw"": [[1, 48, 36]], ""processed_hw"": [[768, 576]], ""visual_tokens"": 432}",c,c,False,False,c,True,True,g_train_0609.jpg,number,"{""original_size"": [720, 960], ""grid_thw"": [[1, 48, 36]], ""processed_hw"": [[768, 576]], ""visual_tokens"": 432}",same_correct
train_0650.jpg,b,b,False,False,b,True,True,g_train_0650.jpg,price,"{""original_size"": [720, 960], ""grid_thw"": [[1, 48, 36]], ""processed_hw"": [[768, 576]], ""visual_tokens"": 432}",b,b,False,False,b,True,True,g_train_0650.jpg,price,"{""original_size"": [720, 960], ""grid_thw"": [[1, 48, 36]], ""processed_hw"": [[768, 576]], ""visual_tokens"": 432}",same_correct
train_0664.jpg,c,c,False,False,c,True,True,g_train_0664.jpg,text_other,"{""original_size"": [720, 960], ""grid_thw"": [[1, 48, 36]], ""processed_hw"": [[768, 576]], ""visual_tokens"": 432}",c,c,False,False,c,True,True,g_train_0664.jpg,text_other,"{""original_size"": [720, 960], ""grid_thw"": [[1, 48, 36]], ""processed_hw"": [[768, 576]], ""visual_tokens"": 432}",same_correct
train_0665.jpg,b,b,False,False,b,True,True,g_train_0665.jpg,text_other,"{""original_size"": [720, 960], ""grid_thw"": [[1, 48, 36]], ""processed_hw"": [[768, 576]], ""visual_tokens"": 432}",b,b,False,False,b,True,True,g_train_0665.jpg,text_other,"{""original_size"": [720, 960], ""grid_thw"": [[1, 48, 36]], ""processed_hw"": [[768, 576]], ""visual_tokens"": 432}",same_correct
train_0666.jpg,a,a,False,False,a,True,True,g_train_0666.jpg,text_other,"{""original_size"": [720, 960], ""grid_thw"": [[1, 48, 36]], ""processed_hw"": [[768, 576]], ""visual_tokens"": 432}",a,a,False,False,a,True,True,g_train_0666.jpg,text_other,"{""original_size"": [720, 960], ""grid_thw"": [[1, 48, 36]], ""processed_hw"": [[768, 576]], ""visual_tokens"": 432}",same_correct
train_0669.jpg,c,c,False,False,c,True,True,g_train_0669.jpg,text_other,"{""original_size"": [720, 960], ""grid_thw"": [[1, 48, 36]], ""processed_hw"": [[768, 576]], ""visual_tokens"": 432}",c,c,False,False,c,True,True,g_train_0669.jpg,text_other,"{""original_size"": [720, 960], ""grid_thw"": [[1, 48, 36]], ""processed_hw"": [[768, 576]], ""visual_tokens"": 432}",same_correct
train_0681.jpg,a,a,False,False,a,True,True,g_train_0681.jpg,text_other,"{""original_size"": [960, 720], ""grid_thw"": [[1, 36, 48]], ""processed_hw"": [[576, 768]], ""visual_tokens"": 432}",a,a,False,False,a,True,True,g_train_0681.jpg,text_other,"{""original_size"": [960, 720], ""grid_thw"": [[1, 36, 48]], ""processed_hw"": [[576, 768]], ""visual_tokens"": 432}",same_correct
train_0698.jpg,a,a,False,False,a,True,True,g_train_0698.jpg,position,"{""original_size"": [960, 720], ""grid_thw"": [[1, 36, 48]], ""processed_hw"": [[576, 768]], ""visual_tokens"": 432}",a,a,False,False,a,True,True,g_train_0698.jpg,position,"{""original_size"": [960, 720], ""grid_thw"": [[1, 36, 48]], ""processed_hw"": [[576, 768]], ""visual_tokens"": 432}",same_correct
train_0714.jpg,d,d,False,False,d,True,True,g_train_0714.jpg,number,"{""original_size"": [720, 960], ""grid_thw"": [[1, 48, 36]], ""processed_hw"": [[768, 576]], ""visual_tokens"": 432}",d,d,False,False,d,True,True,g_train_0714.jpg,number,"{""original_size"": [720, 960], ""grid_thw"": [[1, 48, 36]], ""processed_hw"": [[768, 576]], ""visual_tokens"": 432}",same_correct
train_0725.jpg,c,c,False,False,c,True,True,g_train_0725.jpg,negation,"{""original_size"": [720, 960], ""grid_thw"": [[1, 48, 36]], ""processed_hw"": [[768, 576]], ""visual_tokens"": 432}",c,c,False,False,c,True,True,g_train_0725.jpg,negation,"{""original_size"": [720, 960], ""grid_thw"": [[1, 48, 36]], ""processed_hw"": [[768, 576]], ""visual_tokens"": 432}",same_correct
train_0731.jpg,c,c,False,False,c,True,True,g_train_0731.jpg,text_other,"{""original_size"": [720, 960], ""grid_thw"": [[1, 48, 36]], ""processed_hw"": [[768, 576]], ""visual_tokens"": 432}",c,c,False,False,c,True,True,g_train_0731.jpg,text_other,"{""original_size"": [720, 960], ""grid_thw"": [[1, 48, 36]], ""processed_hw"": [[768, 576]], ""visual_tokens"": 432}",same_correct
train_0737.jpg,b,b,False,False,b,True,True,g_train_0737.jpg,number,"{""original_size"": [720, 960], ""grid_thw"": [[1, 48, 36]], ""processed_hw"": [[768, 576]], ""visual_tokens"": 432}",b,b,False,False,b,True,True,g_train_0737.jpg,number,"{""original_size"": [720, 960], ""grid_thw"": [[1, 48, 36]], ""processed_hw"": [[768, 576]], ""visual_tokens"": 432}",same_correct
train_0745.jpg,a,a,False,False,a,True,True,g_train_0745.jpg,text_other,"{""original_size"": [720, 960], ""grid_thw"": [[1, 48, 36]], ""processed_hw"": [[768, 576]], ""visual_tokens"": 432}",a,a,False,False,a,True,True,g_train_0745.jpg,text_other,"{""original_size"": [720, 960], ""grid_thw"": [[1, 48, 36]], ""processed_hw"": [[768, 576]], ""visual_tokens"": 432}",same_correct
train_0757.jpg,b,b,False,False,b,True,True,g_train_0757.jpg,text_other,"{""original_size"": [960, 720], ""grid_thw"": [[1, 36, 48]], ""processed_hw"": [[576, 768]], ""visual_tokens"": 432}",b,b,False,False,b,True,True,g_train_0757.jpg,text_other,"{""original_size"": [960, 720], ""grid_thw"": [[1, 36, 48]], ""processed_hw"": [[576, 768]], ""visual_tokens"": 432}",same_correct
train_0800.jpg,c,c,False,False,c,True,True,g_train_0800.jpg,text_other,"{""original_size"": [720, 960], ""grid_thw"": [[1, 48, 36]], ""processed_hw"": [[768, 576]], ""visual_tokens"": 432}",c,c,False,False,c,True,True,g_train_0800.jpg,text_other,"{""original_size"": [720, 960], ""grid_thw"": [[1, 48, 36]], ""processed_hw"": [[768, 576]], ""visual_tokens"": 432}",same_correct
train_0812.jpg,d,d,False,False,d,True,True,g_train_0812.jpg,position,"{""original_size"": [960, 720], ""grid_thw"": [[1, 36, 48]], ""processed_hw"": [[576, 768]], ""visual_tokens"": 432}",d,d,False,False,d,True,True,g_train_0812.jpg,position,"{""original_size"": [960, 720], ""grid_thw"": [[1, 36, 48]], ""processed_hw"": [[576, 768]], ""visual_tokens"": 432}",same_correct
train_0837.jpg,a,a,False,False,a,True,True,g_train_0837.jpg,text_other,"{""original_size"": [720, 960], ""grid_thw"": [[1, 48, 36]], ""processed_hw"": [[768, 576]], ""visual_tokens"": 432}",a,a,False,False,a,True,True,g_train_0837.jpg,text_other,"{""original_size"": [720, 960], ""grid_thw"": [[1, 48, 36]], ""processed_hw"": [[768, 576]], ""visual_tokens"": 432}",same_correct
train_0838.jpg,d,d,False,False,d,True,True,g_train_0838.jpg,text_other,"{""original_size"": [720, 1542], ""grid_thw"": [[1, 60, 28]], ""processed_hw"": [[960, 448]], ""visual_tokens"": 420}",d,d,False,False,d,True,True,g_train_0838.jpg,text_other,"{""original_size"": [720, 1542], ""grid_thw"": [[1, 60, 28]], ""processed_hw"": [[960, 448]], ""visual_tokens"": 420}",same_correct
train_0842.jpg,b,b,False,False,b,True,True,g_train_0842.jpg,text_other,"{""original_size"": [720, 960], ""grid_thw"": [[1, 48, 36]], ""processed_hw"": [[768, 576]], ""visual_tokens"": 432}",b,b,False,False,b,True,True,g_train_0842.jpg,text_other,"{""original_size"": [720, 960], ""grid_thw"": [[1, 48, 36]], ""processed_hw"": [[768, 576]], ""visual_tokens"": 432}",same_correct
train_0850.jpg,b,b,False,False,b,True,True,g_train_0850.jpg,text_other,"{""original_size"": [720, 960], ""grid_thw"": [[1, 48, 36]], ""processed_hw"": [[768, 576]], ""visual_tokens"": 432}",b,b,False,False,b,True,True,g_train_0850.jpg,text_other,"{""original_size"": [720, 960], ""grid_thw"": [[1, 48, 36]], ""processed_hw"": [[768, 576]], ""visual_tokens"": 432}",same_correct
train_0862.jpg,c,c,False,False,c,True,True,g_train_0862.jpg,text_other,"{""original_size"": [720, 960], ""grid_thw"": [[1, 48, 36]], ""processed_hw"": [[768, 576]], ""visual_tokens"": 432}",c,c,False,False,c,True,True,g_train_0862.jpg,text_other,"{""original_size"": [720, 960], ""grid_thw"": [[1, 48, 36]], ""processed_hw"": [[768, 576]], ""visual_tokens"": 432}",same_correct
train_0864.jpg,d,d,False,False,d,True,True,g_train_0864.jpg,text_other,"{""original_size"": [960, 720], ""grid_thw"": [[1, 36, 48]], ""processed_hw"": [[576, 768]], ""visual_tokens"": 432}",d,d,False,False,d,True,True,g_train_0864.jpg,text_other,"{""original_size"": [960, 720], ""grid_thw"": [[1, 36, 48]], ""processed_hw"": [[576, 768]], ""visual_tokens"": 432}",same_correct
train_0872.jpg,b,b,False,False,b,True,True,g_train_0872.jpg,price,"{""original_size"": [720, 960], ""grid_thw"": [[1, 48, 36]], ""processed_hw"": [[768, 576]], ""visual_tokens"": 432}",b,b,False,False,b,True,True,g_train_0872.jpg,price,"{""original_size"": [720, 960], ""grid_thw"": [[1, 48, 36]], ""processed_hw"": [[768, 576]], ""visual_tokens"": 432}",same_correct
train_0883.jpg,b,b,False,False,b,True,True,g_train_0883.jpg,text_other,"{""original_size"": [720, 960], ""grid_thw"": [[1, 48, 36]], ""processed_hw"": [[768, 576]], ""visual_tokens"": 432}",b,b,False,False,b,True,True,g_train_0883.jpg,text_other,"{""original_size"": [720, 960], ""grid_thw"": [[1, 48, 36]], ""processed_hw"": [[768, 576]], ""visual_tokens"": 432}",same_correct
train_0893.jpg,b,b,False,False,b,True,True,g_train_0893.jpg,position,"{""original_size"": [1279, 720], ""grid_thw"": [[1, 30, 54]], ""processed_hw"": [[480, 864]], ""visual_tokens"": 405}",b,b,False,False,b,True,True,g_train_0893.jpg,position,"{""original_size"": [1279, 720], ""grid_thw"": [[1, 30, 54]], ""processed_hw"": [[480, 864]], ""visual_tokens"": 405}",same_correct
train_0894.jpg,a,a,False,False,a,True,True,g_train_0894.jpg,text_other,"{""original_size"": [1128, 720], ""grid_thw"": [[1, 32, 52]], ""processed_hw"": [[512, 832]], ""visual_tokens"": 416}",a,a,False,False,a,True,True,g_train_0894.jpg,text_other,"{""original_size"": [1128, 720], ""grid_thw"": [[1, 32, 52]], ""processed_hw"": [[512, 832]], ""visual_tokens"": 416}",same_correct
train_0897.jpg,d,d,False,False,d,True,True,g_train_0897.jpg,negation,"{""original_size"": [720, 960], ""grid_thw"": [[1, 48, 36]], ""processed_hw"": [[768, 576]], ""visual_tokens"": 432}",d,d,False,False,d,True,True,g_train_0897.jpg,negation,"{""original_size"": [720, 960], ""grid_thw"": [[1, 48, 36]], ""processed_hw"": [[768, 576]], ""visual_tokens"": 432}",same_correct
train_0903.jpg,c,c,False,False,c,True,True,g_train_0903.jpg,text_other,"{""original_size"": [720, 960], ""grid_thw"": [[1, 48, 36]], ""processed_hw"": [[768, 576]], ""visual_tokens"": 432}",c,c,False,False,c,True,True,g_train_0903.jpg,text_other,"{""original_size"": [720, 960], ""grid_thw"": [[1, 48, 36]], ""processed_hw"": [[768, 576]], ""visual_tokens"": 432}",same_correct
train_0931.jpg,b,b,False,False,b,True,True,g_train_0931.jpg,position,"{""original_size"": [932, 720], ""grid_thw"": [[1, 36, 46]], ""processed_hw"": [[576, 736]], ""visual_tokens"": 414}",b,b,False,False,b,True,True,g_train_0931.jpg,position,"{""original_size"": [932, 720], ""grid_thw"": [[1, 36, 46]], ""processed_hw"": [[576, 736]], ""visual_tokens"": 414}",same_correct
train_0933.jpg,d,d,False,False,d,True,True,g_train_0933.jpg,number,"{""original_size"": [960, 720], ""grid_thw"": [[1, 36, 48]], ""processed_hw"": [[576, 768]], ""visual_tokens"": 432}",d,d,False,False,d,True,True,g_train_0933.jpg,number,"{""original_size"": [960, 720], ""grid_thw"": [[1, 36, 48]], ""processed_hw"": [[576, 768]], ""visual_tokens"": 432}",same_correct
train_0939.jpg,b,b,False,False,b,True,True,g_train_0939.jpg,position,"{""original_size"": [720, 1279], ""grid_thw"": [[1, 54, 30]], ""processed_hw"": [[864, 480]], ""visual_tokens"": 405}",b,b,False,False,b,True,True,g_train_0939.jpg,position,"{""original_size"": [720, 1279], ""grid_thw"": [[1, 54, 30]], ""processed_hw"": [[864, 480]], ""visual_tokens"": 405}",same_correct
train_0989.jpg,d,d,False,False,d,True,True,g_train_0989.jpg,text_other,"{""original_size"": [720, 960], ""grid_thw"": [[1, 48, 36]], ""processed_hw"": [[768, 576]], ""visual_tokens"": 432}",d,d,False,False,d,True,True,g_train_0989.jpg,text_other,"{""original_size"": [720, 960], ""grid_thw"": [[1, 48, 36]], ""processed_hw"": [[768, 576]], ""visual_tokens"": 432}",same_correct
train_0991.jpg,d,d,False,False,d,True,True,g_train_0991.jpg,text_other,"{""original_size"": [720, 960], ""grid_thw"": [[1, 48, 36]], ""processed_hw"": [[768, 576]], ""visual_tokens"": 432}",d,d,False,False,d,True,True,g_train_0991.jpg,text_other,"{""original_size"": [720, 960], ""grid_thw"": [[1, 48, 36]], ""processed_hw"": [[768, 576]], ""visual_tokens"": 432}",same_correct
train_1035.jpg,b,b,False,False,b,True,True,g_train_1035.jpg,text_other,"{""original_size"": [720, 1280], ""grid_thw"": [[1, 56, 30]], ""processed_hw"": [[896, 480]], ""visual_tokens"": 420}",b,b,False,False,b,True,True,g_train_1035.jpg,text_other,"{""original_size"": [720, 1280], ""grid_thw"": [[1, 56, 30]], ""processed_hw"": [[896, 480]], ""visual_tokens"": 420}",same_correct
train_1036.jpg,b,b,False,False,c,False,False,g_train_1036.jpg,text_other,"{""original_size"": [720, 1279], ""grid_thw"": [[1, 54, 30]], ""processed_hw"": [[864, 480]], ""visual_tokens"": 405}",b,b,False,False,c,False,False,g_train_1036.jpg,text_other,"{""original_size"": [720, 1279], ""grid_thw"": [[1, 54, 30]], ""processed_hw"": [[864, 480]], ""visual_tokens"": 405}",same_wrong
train_1057.jpg,c,c,False,False,c,True,True,g_train_1057.jpg,negation,"{""original_size"": [960, 720], ""grid_thw"": [[1, 36, 48]], ""processed_hw"": [[576, 768]], ""visual_tokens"": 432}",c,c,False,False,c,True,True,g_train_1057.jpg,negation,"{""original_size"": [960, 720], ""grid_thw"": [[1, 36, 48]], ""processed_hw"": [[576, 768]], ""visual_tokens"": 432}",same_correct
train_1077.jpg,c,c,False,False,c,True,True,g_train_1077.jpg,price,"{""original_size"": [1320, 720], ""grid_thw"": [[1, 30, 56]], ""processed_hw"": [[480, 896]], ""visual_tokens"": 420}",a,a,False,False,c,False,False,g_train_1077.jpg,price,"{""original_size"": [1320, 720], ""grid_thw"": [[1, 30, 56]], ""processed_hw"": [[480, 896]], ""visual_tokens"": 420}",loss
train_1084.jpg,c,c,False,False,c,True,True,g_train_1084.jpg,number,"{""original_size"": [960, 720], ""grid_thw"": [[1, 36, 48]], ""processed_hw"": [[576, 768]], ""visual_tokens"": 432}",c,c,False,False,c,True,True,g_train_1084.jpg,number,"{""original_size"": [960, 720], ""grid_thw"": [[1, 36, 48]], ""processed_hw"": [[576, 768]], ""visual_tokens"": 432}",same_correct
train_1094.jpg,c,c,False,False,c,True,True,g_train_1094.jpg,number,"{""original_size"": [720, 960], ""grid_thw"": [[1, 48, 36]], ""processed_hw"": [[768, 576]], ""visual_tokens"": 432}",c,c,False,False,c,True,True,g_train_1094.jpg,number,"{""original_size"": [720, 960], ""grid_thw"": [[1, 48, 36]], ""processed_hw"": [[768, 576]], ""visual_tokens"": 432}",same_correct
train_1112.jpg,c,c,False,False,c,True,True,g_train_1112.jpg,text_other,"{""original_size"": [720, 960], ""grid_thw"": [[1, 48, 36]], ""processed_hw"": [[768, 576]], ""visual_tokens"": 432}",c,c,False,False,c,True,True,g_train_1112.jpg,text_other,"{""original_size"": [720, 960], ""grid_thw"": [[1, 48, 36]], ""processed_hw"": [[768, 576]], ""visual_tokens"": 432}",same_correct
train_1143.jpg,c,c,False,False,c,True,True,g_train_1143.jpg,text_other,"{""original_size"": [720, 960], ""grid_thw"": [[1, 48, 36]], ""processed_hw"": [[768, 576]], ""visual_tokens"": 432}",c,c,False,False,c,True,True,g_train_1143.jpg,text_other,"{""original_size"": [720, 960], ""grid_thw"": [[1, 48, 36]], ""processed_hw"": [[768, 576]], ""visual_tokens"": 432}",same_correct
train_1145.jpg,d,d,False,False,d,True,True,g_train_1145.jpg,price,"{""original_size"": [720, 960], ""grid_thw"": [[1, 48, 36]], ""processed_hw"": [[768, 576]], ""visual_tokens"": 432}",d,d,False,False,d,True,True,g_train_1145.jpg,price,"{""original_size"": [720, 960], ""grid_thw"": [[1, 48, 36]], ""processed_hw"": [[768, 576]], ""visual_tokens"": 432}",same_correct
train_1150.jpg,c,c,False,False,c,True,True,g_train_1150.jpg,price,"{""original_size"": [720, 960], ""grid_thw"": [[1, 48, 36]], ""processed_hw"": [[768, 576]], ""visual_tokens"": 432}",c,c,False,False,c,True,True,g_train_1150.jpg,price,"{""original_size"": [720, 960], ""grid_thw"": [[1, 48, 36]], ""processed_hw"": [[768, 576]], ""visual_tokens"": 432}",same_correct
train_1153.jpg,d,d,False,False,d,True,True,g_train_1153.jpg,text_other,"{""original_size"": [960, 720], ""grid_thw"": [[1, 36, 48]], ""processed_hw"": [[576, 768]], ""visual_tokens"": 432}",d,d,False,False,d,True,True,g_train_1153.jpg,text_other,"{""original_size"": [960, 720], ""grid_thw"": [[1, 36, 48]], ""processed_hw"": [[576, 768]], ""visual_tokens"": 432}",same_correct
train_1171.jpg,c,c,False,False,c,True,True,g_train_1171.jpg,text_other,"{""original_size"": [960, 720], ""grid_thw"": [[1, 36, 48]], ""processed_hw"": [[576, 768]], ""visual_tokens"": 432}",c,c,False,False,c,True,True,g_train_1171.jpg,text_other,"{""original_size"": [960, 720], ""grid_thw"": [[1, 36, 48]], ""processed_hw"": [[576, 768]], ""visual_tokens"": 432}",same_correct
train_1180.jpg,c,c,False,False,c,True,True,g_train_1180.jpg,text_other,"{""original_size"": [720, 960], ""grid_thw"": [[1, 48, 36]], ""processed_hw"": [[768, 576]], ""visual_tokens"": 432}",c,c,False,False,c,True,True,g_train_1180.jpg,text_other,"{""original_size"": [720, 960], ""grid_thw"": [[1, 48, 36]], ""processed_hw"": [[768, 576]], ""visual_tokens"": 432}",same_correct
train_1197.jpg,d,d,False,False,d,True,True,g_train_1197.jpg,text_other,"{""original_size"": [720, 1039], ""grid_thw"": [[1, 50, 34]], ""processed_hw"": [[800, 544]], ""visual_tokens"": 425}",d,d,False,False,d,True,True,g_train_1197.jpg,text_other,"{""original_size"": [720, 1039], ""grid_thw"": [[1, 50, 34]], ""processed_hw"": [[800, 544]], ""visual_tokens"": 425}",same_correct
train_1199.jpg,b,b,False,False,b,True,True,g_train_1199.jpg,text_other,"{""original_size"": [720, 960], ""grid_thw"": [[1, 48, 36]], ""processed_hw"": [[768, 576]], ""visual_tokens"": 432}",b,b,False,False,b,True,True,g_train_1199.jpg,text_other,"{""original_size"": [720, 960], ""grid_thw"": [[1, 48, 36]], ""processed_hw"": [[768, 576]], ""visual_tokens"": 432}",same_correct
train_1299.jpg,a,a,False,False,a,True,True,g_train_1299.jpg,text_other,"{""original_size"": [720, 960], ""grid_thw"": [[1, 48, 36]], ""processed_hw"": [[768, 576]], ""visual_tokens"": 432}",a,a,False,False,a,True,True,g_train_1299.jpg,text_other,"{""original_size"": [720, 960], ""grid_thw"": [[1, 48, 36]], ""processed_hw"": [[768, 576]], ""visual_tokens"": 432}",same_correct
train_1302.jpg,d,d,False,False,d,True,True,g_train_1302.jpg,text_other,"{""original_size"": [720, 960], ""grid_thw"": [[1, 48, 36]], ""processed_hw"": [[768, 576]], ""visual_tokens"": 432}",d,d,False,False,d,True,True,g_train_1302.jpg,text_other,"{""original_size"": [720, 960], ""grid_thw"": [[1, 48, 36]], ""processed_hw"": [[768, 576]], ""visual_tokens"": 432}",same_correct
train_1311.jpg,b,b,False,False,b,True,True,g_train_1311.jpg,text_other,"{""original_size"": [960, 720], ""grid_thw"": [[1, 36, 48]], ""processed_hw"": [[576, 768]], ""visual_tokens"": 432}",b,b,False,False,b,True,True,g_train_1311.jpg,text_other,"{""original_size"": [960, 720], ""grid_thw"": [[1, 36, 48]], ""processed_hw"": [[576, 768]], ""visual_tokens"": 432}",same_correct
train_1325.jpg,c,c,False,False,c,True,True,g_train_1325.jpg,price,"{""original_size"": [720, 960], ""grid_thw"": [[1, 48, 36]], ""processed_hw"": [[768, 576]], ""visual_tokens"": 432}",c,c,False,False,c,True,True,g_train_1325.jpg,price,"{""original_size"": [720, 960], ""grid_thw"": [[1, 48, 36]], ""processed_hw"": [[768, 576]], ""visual_tokens"": 432}",same_correct
train_1332.jpg,b,b,False,False,b,True,True,g_train_1332.jpg,text_other,"{""original_size"": [960, 720], ""grid_thw"": [[1, 36, 48]], ""processed_hw"": [[576, 768]], ""visual_tokens"": 432}",b,b,False,False,b,True,True,g_train_1332.jpg,text_other,"{""original_size"": [960, 720], ""grid_thw"": [[1, 36, 48]], ""processed_hw"": [[576, 768]], ""visual_tokens"": 432}",same_correct
train_1337.jpg,a,a,False,False,a,True,True,g_train_1337.jpg,text_other,"{""original_size"": [720, 960], ""grid_thw"": [[1, 48, 36]], ""processed_hw"": [[768, 576]], ""visual_tokens"": 432}",a,a,False,False,a,True,True,g_train_1337.jpg,text_other,"{""original_size"": [720, 960], ""grid_thw"": [[1, 48, 36]], ""processed_hw"": [[768, 576]], ""visual_tokens"": 432}",same_correct
train_1344.jpg,d,d,False,False,d,True,True,g_train_1344.jpg,price,"{""original_size"": [720, 960], ""grid_thw"": [[1, 48, 36]], ""processed_hw"": [[768, 576]], ""visual_tokens"": 432}",d,d,False,False,d,True,True,g_train_1344.jpg,price,"{""original_size"": [720, 960], ""grid_thw"": [[1, 48, 36]], ""processed_hw"": [[768, 576]], ""visual_tokens"": 432}",same_correct
train_1357.jpg,b,b,False,False,b,True,True,g_train_1357.jpg,text_other,"{""original_size"": [720, 720], ""grid_thw"": [[1, 42, 42]], ""processed_hw"": [[672, 672]], ""visual_tokens"": 441}",b,b,False,False,b,True,True,g_train_1357.jpg,text_other,"{""original_size"": [720, 720], ""grid_thw"": [[1, 42, 42]], ""processed_hw"": [[672, 672]], ""visual_tokens"": 441}",same_correct
train_1370.jpg,b,b,False,False,b,True,True,g_train_1370.jpg,text_other,"{""original_size"": [720, 960], ""grid_thw"": [[1, 48, 36]], ""processed_hw"": [[768, 576]], ""visual_tokens"": 432}",b,b,False,False,b,True,True,g_train_1370.jpg,text_other,"{""original_size"": [720, 960], ""grid_thw"": [[1, 48, 36]], ""processed_hw"": [[768, 576]], ""visual_tokens"": 432}",same_correct
train_1401.jpg,b,b,False,False,b,True,True,g_train_1401.jpg,text_other,"{""original_size"": [720, 960], ""grid_thw"": [[1, 48, 36]], ""processed_hw"": [[768, 576]], ""visual_tokens"": 432}",b,b,False,False,b,True,True,g_train_1401.jpg,text_other,"{""original_size"": [720, 960], ""grid_thw"": [[1, 48, 36]], ""processed_hw"": [[768, 576]], ""visual_tokens"": 432}",same_correct
train_1424.jpg,a,a,False,False,a,True,True,g_train_1424.jpg,text_other,"{""original_size"": [960, 720], ""grid_thw"": [[1, 36, 48]], ""processed_hw"": [[576, 768]], ""visual_tokens"": 432}",a,a,False,False,a,True,True,g_train_1424.jpg,text_other,"{""original_size"": [960, 720], ""grid_thw"": [[1, 36, 48]], ""processed_hw"": [[576, 768]], ""visual_tokens"": 432}",same_correct
train_1442.jpg,c,c,False,False,c,True,True,g_train_1442.jpg,text_other,"{""original_size"": [1279, 720], ""grid_thw"": [[1, 30, 54]], ""processed_hw"": [[480, 864]], ""visual_tokens"": 405}",c,c,False,False,c,True,True,g_train_1442.jpg,text_other,"{""original_size"": [1279, 720], ""grid_thw"": [[1, 30, 54]], ""processed_hw"": [[480, 864]], ""visual_tokens"": 405}",same_correct
train_1449.jpg,d,d,False,False,d,True,True,g_train_1449.jpg,text_other,"{""original_size"": [1558, 720], ""grid_thw"": [[1, 28, 60]], ""processed_hw"": [[448, 960]], ""visual_tokens"": 420}",d,d,False,False,d,True,True,g_train_1449.jpg,text_other,"{""original_size"": [1558, 720], ""grid_thw"": [[1, 28, 60]], ""processed_hw"": [[448, 960]], ""visual_tokens"": 420}",same_correct
train_1453.jpg,b,b,False,False,a,False,False,g_train_1453.jpg,position,"{""original_size"": [720, 960], ""grid_thw"": [[1, 48, 36]], ""processed_hw"": [[768, 576]], ""visual_tokens"": 432}",a,a,False,False,a,True,True,g_train_1453.jpg,position,"{""original_size"": [720, 960], ""grid_thw"": [[1, 48, 36]], ""processed_hw"": [[768, 576]], ""visual_tokens"": 432}",gain
train_1455.jpg,a,a,False,False,d,False,False,g_train_1455.jpg,price,"{""original_size"": [720, 960], ""grid_thw"": [[1, 48, 36]], ""processed_hw"": [[768, 576]], ""visual_tokens"": 432}",a,a,False,False,d,False,False,g_train_1455.jpg,price,"{""original_size"": [720, 960], ""grid_thw"": [[1, 48, 36]], ""processed_hw"": [[768, 576]], ""visual_tokens"": 432}",same_wrong
train_1465.jpg,a,a,False,False,a,True,True,g_train_1465.jpg,negation,"{""original_size"": [960, 720], ""grid_thw"": [[1, 36, 48]], ""processed_hw"": [[576, 768]], ""visual_tokens"": 432}",a,a,False,False,a,True,True,g_train_1465.jpg,negation,"{""original_size"": [960, 720], ""grid_thw"": [[1, 36, 48]], ""processed_hw"": [[576, 768]], ""visual_tokens"": 432}",same_correct
train_1488.jpg,d,d,False,False,d,True,True,g_train_1488.jpg,text_other,"{""original_size"": [720, 960], ""grid_thw"": [[1, 48, 36]], ""processed_hw"": [[768, 576]], ""visual_tokens"": 432}",d,d,False,False,d,True,True,g_train_1488.jpg,text_other,"{""original_size"": [720, 960], ""grid_thw"": [[1, 48, 36]], ""processed_hw"": [[768, 576]], ""visual_tokens"": 432}",same_correct
train_1495.jpg,b,b,False,False,b,True,True,g_train_1495.jpg,text_other,"{""original_size"": [720, 1280], ""grid_thw"": [[1, 56, 30]], ""processed_hw"": [[896, 480]], ""visual_tokens"": 420}",b,b,False,False,b,True,True,g_train_1495.jpg,text_other,"{""original_size"": [720, 1280], ""grid_thw"": [[1, 56, 30]], ""processed_hw"": [[896, 480]], ""visual_tokens"": 420}",same_correct
train_1497.jpg,d,d,False,False,d,True,True,g_train_1497.jpg,text_other,"{""original_size"": [720, 960], ""grid_thw"": [[1, 48, 36]], ""processed_hw"": [[768, 576]], ""visual_tokens"": 432}",d,d,False,False,d,True,True,g_train_1497.jpg,text_other,"{""original_size"": [720, 960], ""grid_thw"": [[1, 48, 36]], ""processed_hw"": [[768, 576]], ""visual_tokens"": 432}",same_correct
train_1499.jpg,d,d,False,False,d,True,True,g_train_1499.jpg,text_other,"{""original_size"": [720, 960], ""grid_thw"": [[1, 48, 36]], ""processed_hw"": [[768, 576]], ""visual_tokens"": 432}",d,d,False,False,d,True,True,g_train_1499.jpg,text_other,"{""original_size"": [720, 960], ""grid_thw"": [[1, 48, 36]], ""processed_hw"": [[768, 576]], ""visual_tokens"": 432}",same_correct
train_1515.jpg,d,d,False,False,d,True,True,g_train_1515.jpg,text_other,"{""original_size"": [838, 720], ""grid_thw"": [[1, 38, 44]], ""processed_hw"": [[608, 704]], ""visual_tokens"": 418}",d,d,False,False,d,True,True,g_train_1515.jpg,text_other,"{""original_size"": [838, 720], ""grid_thw"": [[1, 38, 44]], ""processed_hw"": [[608, 704]], ""visual_tokens"": 418}",same_correct
train_1518.jpg,c,c,False,False,c,True,True,g_train_1518.jpg,text_other,"{""original_size"": [739, 720], ""grid_thw"": [[1, 40, 42]], ""processed_hw"": [[640, 672]], ""visual_tokens"": 420}",c,c,False,False,c,True,True,g_train_1518.jpg,text_other,"{""original_size"": [739, 720], ""grid_thw"": [[1, 40, 42]], ""processed_hw"": [[640, 672]], ""visual_tokens"": 420}",same_correct
train_1526.jpg,d,d,False,False,d,True,True,g_train_1526.jpg,negation,"{""original_size"": [960, 720], ""grid_thw"": [[1, 36, 48]], ""processed_hw"": [[576, 768]], ""visual_tokens"": 432}",d,d,False,False,d,True,True,g_train_1526.jpg,negation,"{""original_size"": [960, 720], ""grid_thw"": [[1, 36, 48]], ""processed_hw"": [[576, 768]], ""visual_tokens"": 432}",same_correct
train_1536.jpg,a,a,False,False,a,True,True,g_train_1536.jpg,number,"{""original_size"": [720, 960], ""grid_thw"": [[1, 48, 36]], ""processed_hw"": [[768, 576]], ""visual_tokens"": 432}",a,a,False,False,a,True,True,g_train_1536.jpg,number,"{""original_size"": [720, 960], ""grid_thw"": [[1, 48, 36]], ""processed_hw"": [[768, 576]], ""visual_tokens"": 432}",same_correct
train_1553.jpg,c,c,False,False,c,True,True,g_train_1553.jpg,text_other,"{""original_size"": [720, 960], ""grid_thw"": [[1, 48, 36]], ""processed_hw"": [[768, 576]], ""visual_tokens"": 432}",c,c,False,False,c,True,True,g_train_1553.jpg,text_other,"{""original_size"": [720, 960], ""grid_thw"": [[1, 48, 36]], ""processed_hw"": [[768, 576]], ""visual_tokens"": 432}",same_correct
train_1573.jpg,b,b,False,False,b,True,True,g_train_1573.jpg,text_other,"{""original_size"": [720, 960], ""grid_thw"": [[1, 48, 36]], ""processed_hw"": [[768, 576]], ""visual_tokens"": 432}",b,b,False,False,b,True,True,g_train_1573.jpg,text_other,"{""original_size"": [720, 960], ""grid_thw"": [[1, 48, 36]], ""processed_hw"": [[768, 576]], ""visual_tokens"": 432}",same_correct
train_1590.jpg,d,d,False,False,d,True,True,g_train_1590.jpg,price,"{""original_size"": [960, 720], ""grid_thw"": [[1, 36, 48]], ""processed_hw"": [[576, 768]], ""visual_tokens"": 432}",d,d,False,False,d,True,True,g_train_1590.jpg,price,"{""original_size"": [960, 720], ""grid_thw"": [[1, 36, 48]], ""processed_hw"": [[576, 768]], ""visual_tokens"": 432}",same_correct
train_1593.jpg,b,b,False,False,c,False,False,g_train_1593.jpg,text_other,"{""original_size"": [960, 720], ""grid_thw"": [[1, 36, 48]], ""processed_hw"": [[576, 768]], ""visual_tokens"": 432}",b,b,False,False,c,False,False,g_train_1593.jpg,text_other,"{""original_size"": [960, 720], ""grid_thw"": [[1, 36, 48]], ""processed_hw"": [[576, 768]], ""visual_tokens"": 432}",same_wrong
train_1605.jpg,c,c,False,False,c,True,True,g_train_1605.jpg,text_other,"{""original_size"": [720, 960], ""grid_thw"": [[1, 48, 36]], ""processed_hw"": [[768, 576]], ""visual_tokens"": 432}",c,c,False,False,c,True,True,g_train_1605.jpg,text_other,"{""original_size"": [720, 960], ""grid_thw"": [[1, 48, 36]], ""processed_hw"": [[768, 576]], ""visual_tokens"": 432}",same_correct
train_1612.jpg,b,b,False,False,b,True,True,g_train_1612.jpg,text_other,"{""original_size"": [720, 960], ""grid_thw"": [[1, 48, 36]], ""processed_hw"": [[768, 576]], ""visual_tokens"": 432}",b,b,False,False,b,True,True,g_train_1612.jpg,text_other,"{""original_size"": [720, 960], ""grid_thw"": [[1, 48, 36]], ""processed_hw"": [[768, 576]], ""visual_tokens"": 432}",same_correct
train_1615.jpg,d,d,False,False,d,True,True,g_train_1615.jpg,text_other,"{""original_size"": [720, 960], ""grid_thw"": [[1, 48, 36]], ""processed_hw"": [[768, 576]], ""visual_tokens"": 432}",d,d,False,False,d,True,True,g_train_1615.jpg,text_other,"{""original_size"": [720, 960], ""grid_thw"": [[1, 48, 36]], ""processed_hw"": [[768, 576]], ""visual_tokens"": 432}",same_correct
train_1617.jpg,c,c,False,False,c,True,True,g_train_1617.jpg,text_other,"{""original_size"": [960, 720], ""grid_thw"": [[1, 36, 48]], ""processed_hw"": [[576, 768]], ""visual_tokens"": 432}",c,c,False,False,c,True,True,g_train_1617.jpg,text_other,"{""original_size"": [960, 720], ""grid_thw"": [[1, 36, 48]], ""processed_hw"": [[576, 768]], ""visual_tokens"": 432}",same_correct
train_1629.jpg,a,a,False,False,a,True,True,g_train_1629.jpg,price,"{""original_size"": [720, 960], ""grid_thw"": [[1, 48, 36]], ""processed_hw"": [[768, 576]], ""visual_tokens"": 432}",a,a,False,False,a,True,True,g_train_1629.jpg,price,"{""original_size"": [720, 960], ""grid_thw"": [[1, 48, 36]], ""processed_hw"": [[768, 576]], ""visual_tokens"": 432}",same_correct
train_1661.jpg,d,d,False,False,d,True,True,g_train_1661.jpg,price,"{""original_size"": [720, 960], ""grid_thw"": [[1, 48, 36]], ""processed_hw"": [[768, 576]], ""visual_tokens"": 432}",d,d,False,False,d,True,True,g_train_1661.jpg,price,"{""original_size"": [720, 960], ""grid_thw"": [[1, 48, 36]], ""processed_hw"": [[768, 576]], ""visual_tokens"": 432}",same_correct
train_1668.jpg,a,a,False,False,a,True,True,g_train_1668.jpg,negation,"{""original_size"": [720, 960], ""grid_thw"": [[1, 48, 36]], ""processed_hw"": [[768, 576]], ""visual_tokens"": 432}",a,a,False,False,a,True,True,g_train_1668.jpg,negation,"{""original_size"": [720, 960], ""grid_thw"": [[1, 48, 36]], ""processed_hw"": [[768, 576]], ""visual_tokens"": 432}",same_correct
train_1674.jpg,a,a,False,False,a,True,True,g_train_1674.jpg,text_other,"{""original_size"": [720, 960], ""grid_thw"": [[1, 48, 36]], ""processed_hw"": [[768, 576]], ""visual_tokens"": 432}",a,a,False,False,a,True,True,g_train_1674.jpg,text_other,"{""original_size"": [720, 960], ""grid_thw"": [[1, 48, 36]], ""processed_hw"": [[768, 576]], ""visual_tokens"": 432}",same_correct
train_1682.jpg,b,b,False,False,b,True,True,g_train_1682.jpg,text_other,"{""original_size"": [720, 960], ""grid_thw"": [[1, 48, 36]], ""processed_hw"": [[768, 576]], ""visual_tokens"": 432}",b,b,False,False,b,True,True,g_train_1682.jpg,text_other,"{""original_size"": [720, 960], ""grid_thw"": [[1, 48, 36]], ""processed_hw"": [[768, 576]], ""visual_tokens"": 432}",same_correct
train_1684.jpg,c,c,False,False,c,True,True,g_train_1684.jpg,price,"{""original_size"": [720, 864], ""grid_thw"": [[1, 46, 38]], ""processed_hw"": [[736, 608]], ""visual_tokens"": 437}",c,c,False,False,c,True,True,g_train_1684.jpg,price,"{""original_size"": [720, 864], ""grid_thw"": [[1, 46, 38]], ""processed_hw"": [[736, 608]], ""visual_tokens"": 437}",same_correct
train_1686.jpg,a,a,False,False,a,True,True,g_train_1686.jpg,text_other,"{""original_size"": [720, 960], ""grid_thw"": [[1, 48, 36]], ""processed_hw"": [[768, 576]], ""visual_tokens"": 432}",a,a,False,False,a,True,True,g_train_1686.jpg,text_other,"{""original_size"": [720, 960], ""grid_thw"": [[1, 48, 36]], ""processed_hw"": [[768, 576]], ""visual_tokens"": 432}",same_correct
train_1716.jpg,b,b,False,False,b,True,True,g_train_1716.jpg,text_other,"{""original_size"": [720, 1279], ""grid_thw"": [[1, 54, 30]], ""processed_hw"": [[864, 480]], ""visual_tokens"": 405}",b,b,False,False,b,True,True,g_train_1716.jpg,text_other,"{""original_size"": [720, 1279], ""grid_thw"": [[1, 54, 30]], ""processed_hw"": [[864, 480]], ""visual_tokens"": 405}",same_correct
train_1742.jpg,a,a,False,False,a,True,True,g_train_1742.jpg,text_other,"{""original_size"": [960, 720], ""grid_thw"": [[1, 36, 48]], ""processed_hw"": [[576, 768]], ""visual_tokens"": 432}",a,a,False,False,a,True,True,g_train_1742.jpg,text_other,"{""original_size"": [960, 720], ""grid_thw"": [[1, 36, 48]], ""processed_hw"": [[576, 768]], ""visual_tokens"": 432}",same_correct
train_1746.jpg,b,b,False,False,b,True,True,g_train_1746.jpg,text_other,"{""original_size"": [720, 960], ""grid_thw"": [[1, 48, 36]], ""processed_hw"": [[768, 576]], ""visual_tokens"": 432}",b,b,False,False,b,True,True,g_train_1746.jpg,text_other,"{""original_size"": [720, 960], ""grid_thw"": [[1, 48, 36]], ""processed_hw"": [[768, 576]], ""visual_tokens"": 432}",same_correct
train_1750.jpg,a,a,False,False,a,True,True,g_train_1750.jpg,price,"{""original_size"": [720, 1279], ""grid_thw"": [[1, 54, 30]], ""processed_hw"": [[864, 480]], ""visual_tokens"": 405}",a,a,False,False,a,True,True,g_train_1750.jpg,price,"{""original_size"": [720, 1279], ""grid_thw"": [[1, 54, 30]], ""processed_hw"": [[864, 480]], ""visual_tokens"": 405}",same_correct
train_1751.jpg,c,c,False,False,c,True,True,g_train_1751.jpg,text_other,"{""original_size"": [960, 720], ""grid_thw"": [[1, 36, 48]], ""processed_hw"": [[576, 768]], ""visual_tokens"": 432}",c,c,False,False,c,True,True,g_train_1751.jpg,text_other,"{""original_size"": [960, 720], ""grid_thw"": [[1, 36, 48]], ""processed_hw"": [[576, 768]], ""visual_tokens"": 432}",same_correct
train_1754.jpg,c,c,False,False,c,True,True,g_train_1754.jpg,text_other,"{""original_size"": [960, 720], ""grid_thw"": [[1, 36, 48]], ""processed_hw"": [[576, 768]], ""visual_tokens"": 432}",c,c,False,False,c,True,True,g_train_1754.jpg,text_other,"{""original_size"": [960, 720], ""grid_thw"": [[1, 36, 48]], ""processed_hw"": [[576, 768]], ""visual_tokens"": 432}",same_correct
train_1778.jpg,c,c,False,False,c,True,True,g_train_1778.jpg,text_other,"{""original_size"": [720, 1280], ""grid_thw"": [[1, 56, 30]], ""processed_hw"": [[896, 480]], ""visual_tokens"": 420}",c,c,False,False,c,True,True,g_train_1778.jpg,text_other,"{""original_size"": [720, 1280], ""grid_thw"": [[1, 56, 30]], ""processed_hw"": [[896, 480]], ""visual_tokens"": 420}",same_correct
train_1785.jpg,b,b,False,False,b,True,True,g_train_1785.jpg,text_other,"{""original_size"": [720, 1138], ""grid_thw"": [[1, 52, 32]], ""processed_hw"": [[832, 512]], ""visual_tokens"": 416}",b,b,False,False,b,True,True,g_train_1785.jpg,text_other,"{""original_size"": [720, 1138], ""grid_thw"": [[1, 52, 32]], ""processed_hw"": [[832, 512]], ""visual_tokens"": 416}",same_correct
train_1795.jpg,b,b,False,False,b,True,True,g_train_1795.jpg,text_other,"{""original_size"": [720, 960], ""grid_thw"": [[1, 48, 36]], ""processed_hw"": [[768, 576]], ""visual_tokens"": 432}",b,b,False,False,b,True,True,g_train_1795.jpg,text_other,"{""original_size"": [720, 960], ""grid_thw"": [[1, 48, 36]], ""processed_hw"": [[768, 576]], ""visual_tokens"": 432}",same_correct
train_1813.jpg,c,c,False,False,c,True,True,g_train_1813.jpg,price,"{""original_size"": [720, 960], ""grid_thw"": [[1, 48, 36]], ""processed_hw"": [[768, 576]], ""visual_tokens"": 432}",c,c,False,False,c,True,True,g_train_1813.jpg,price,"{""original_size"": [720, 960], ""grid_thw"": [[1, 48, 36]], ""processed_hw"": [[768, 576]], ""visual_tokens"": 432}",same_correct
train_1817.jpg,c,c,False,False,c,True,True,g_train_1817.jpg,text_other,"{""original_size"": [720, 960], ""grid_thw"": [[1, 48, 36]], ""processed_hw"": [[768, 576]], ""visual_tokens"": 432}",c,c,False,False,c,True,True,g_train_1817.jpg,text_other,"{""original_size"": [720, 960], ""grid_thw"": [[1, 48, 36]], ""processed_hw"": [[768, 576]], ""visual_tokens"": 432}",same_correct
train_1825.jpg,b,b,False,False,b,True,True,g_train_1825.jpg,negation,"{""original_size"": [960, 720], ""grid_thw"": [[1, 36, 48]], ""processed_hw"": [[576, 768]], ""visual_tokens"": 432}",b,b,False,False,b,True,True,g_train_1825.jpg,negation,"{""original_size"": [960, 720], ""grid_thw"": [[1, 36, 48]], ""processed_hw"": [[576, 768]], ""visual_tokens"": 432}",same_correct
train_1835.jpg,a,a,False,False,a,True,True,g_train_1835.jpg,price,"{""original_size"": [720, 960], ""grid_thw"": [[1, 48, 36]], ""processed_hw"": [[768, 576]], ""visual_tokens"": 432}",a,a,False,False,a,True,True,g_train_1835.jpg,price,"{""original_size"": [720, 960], ""grid_thw"": [[1, 48, 36]], ""processed_hw"": [[768, 576]], ""visual_tokens"": 432}",same_correct
train_1839.jpg,b,b,False,False,b,True,True,g_train_1839.jpg,text_other,"{""original_size"": [720, 960], ""grid_thw"": [[1, 48, 36]], ""processed_hw"": [[768, 576]], ""visual_tokens"": 432}",b,b,False,False,b,True,True,g_train_1839.jpg,text_other,"{""original_size"": [720, 960], ""grid_thw"": [[1, 48, 36]], ""processed_hw"": [[768, 576]], ""visual_tokens"": 432}",same_correct
train_1853.jpg,c,c,False,False,c,True,True,g_train_1853.jpg,text_other,"{""original_size"": [720, 960], ""grid_thw"": [[1, 48, 36]], ""processed_hw"": [[768, 576]], ""visual_tokens"": 432}",c,c,False,False,c,True,True,g_train_1853.jpg,text_other,"{""original_size"": [720, 960], ""grid_thw"": [[1, 48, 36]], ""processed_hw"": [[768, 576]], ""visual_tokens"": 432}",same_correct
train_1865.jpg,a,a,False,False,a,True,True,g_train_1865.jpg,price,"{""original_size"": [720, 960], ""grid_thw"": [[1, 48, 36]], ""processed_hw"": [[768, 576]], ""visual_tokens"": 432}",a,a,False,False,a,True,True,g_train_1865.jpg,price,"{""original_size"": [720, 960], ""grid_thw"": [[1, 48, 36]], ""processed_hw"": [[768, 576]], ""visual_tokens"": 432}",same_correct
train_1869.jpg,c,c,False,False,c,True,True,g_train_1869.jpg,text_other,"{""original_size"": [720, 960], ""grid_thw"": [[1, 48, 36]], ""processed_hw"": [[768, 576]], ""visual_tokens"": 432}",c,c,False,False,c,True,True,g_train_1869.jpg,text_other,"{""original_size"": [720, 960], ""grid_thw"": [[1, 48, 36]], ""processed_hw"": [[768, 576]], ""visual_tokens"": 432}",same_correct
train_1879.jpg,a,a,False,False,a,True,True,g_train_1879.jpg,number,"{""original_size"": [720, 960], ""grid_thw"": [[1, 48, 36]], ""processed_hw"": [[768, 576]], ""visual_tokens"": 432}",a,a,False,False,a,True,True,g_train_1879.jpg,number,"{""original_size"": [720, 960], ""grid_thw"": [[1, 48, 36]], ""processed_hw"": [[768, 576]], ""visual_tokens"": 432}",same_correct
train_1891.jpg,c,c,False,False,c,True,True,g_train_1891.jpg,number,"{""original_size"": [720, 960], ""grid_thw"": [[1, 48, 36]], ""processed_hw"": [[768, 576]], ""visual_tokens"": 432}",c,c,False,False,c,True,True,g_train_1891.jpg,number,"{""original_size"": [720, 960], ""grid_thw"": [[1, 48, 36]], ""processed_hw"": [[768, 576]], ""visual_tokens"": 432}",same_correct
train_1894.jpg,a,a,False,False,a,True,True,g_train_1894.jpg,text_other,"{""original_size"": [720, 960], ""grid_thw"": [[1, 48, 36]], ""processed_hw"": [[768, 576]], ""visual_tokens"": 432}",a,a,False,False,a,True,True,g_train_1894.jpg,text_other,"{""original_size"": [720, 960], ""grid_thw"": [[1, 48, 36]], ""processed_hw"": [[768, 576]], ""visual_tokens"": 432}",same_correct
train_1904.jpg,a,a,False,False,a,True,True,g_train_1904.jpg,price,"{""original_size"": [720, 960], ""grid_thw"": [[1, 48, 36]], ""processed_hw"": [[768, 576]], ""visual_tokens"": 432}",a,a,False,False,a,True,True,g_train_1904.jpg,price,"{""original_size"": [720, 960], ""grid_thw"": [[1, 48, 36]], ""processed_hw"": [[768, 576]], ""visual_tokens"": 432}",same_correct
train_1913.jpg,d,d,False,False,d,True,True,g_train_1913.jpg,text_other,"{""original_size"": [720, 1541], ""grid_thw"": [[1, 60, 28]], ""processed_hw"": [[960, 448]], ""visual_tokens"": 420}",b,b,False,False,d,False,False,g_train_1913.jpg,text_other,"{""original_size"": [720, 1541], ""grid_thw"": [[1, 60, 28]], ""processed_hw"": [[960, 448]], ""visual_tokens"": 420}",loss
train_1916.jpg,d,d,False,False,d,True,True,g_train_1916.jpg,text_other,"{""original_size"": [720, 960], ""grid_thw"": [[1, 48, 36]], ""processed_hw"": [[768, 576]], ""visual_tokens"": 432}",d,d,False,False,d,True,True,g_train_1916.jpg,text_other,"{""original_size"": [720, 960], ""grid_thw"": [[1, 48, 36]], ""processed_hw"": [[768, 576]], ""visual_tokens"": 432}",same_correct
train_1918.jpg,a,a,False,False,b,False,False,g_train_1918.jpg,text_other,"{""original_size"": [720, 960], ""grid_thw"": [[1, 48, 36]], ""processed_hw"": [[768, 576]], ""visual_tokens"": 432}",a,a,False,False,b,False,False,g_train_1918.jpg,text_other,"{""original_size"": [720, 960], ""grid_thw"": [[1, 48, 36]], ""processed_hw"": [[768, 576]], ""visual_tokens"": 432}",same_wrong
train_1919.jpg,d,d,False,False,d,True,True,g_train_1919.jpg,text_other,"{""original_size"": [1631, 720], ""grid_thw"": [[1, 26, 62]], ""processed_hw"": [[416, 992]], ""visual_tokens"": 403}",d,d,False,False,d,True,True,g_train_1919.jpg,text_other,"{""original_size"": [1631, 720], ""grid_thw"": [[1, 26, 62]], ""processed_hw"": [[416, 992]], ""visual_tokens"": 403}",same_correct
train_1927.jpg,b,b,False,False,b,True,True,g_train_1927.jpg,text_other,"{""original_size"": [720, 960], ""grid_thw"": [[1, 48, 36]], ""processed_hw"": [[768, 576]], ""visual_tokens"": 432}",b,b,False,False,b,True,True,g_train_1927.jpg,text_other,"{""original_size"": [720, 960], ""grid_thw"": [[1, 48, 36]], ""processed_hw"": [[768, 576]], ""visual_tokens"": 432}",same_correct
train_1946.jpg,d,d,False,False,d,True,True,g_train_1946.jpg,text_other,"{""original_size"": [1471, 720], ""grid_thw"": [[1, 28, 60]], ""processed_hw"": [[448, 960]], ""visual_tokens"": 420}",d,d,False,False,d,True,True,g_train_1946.jpg,text_other,"{""original_size"": [1471, 720], ""grid_thw"": [[1, 28, 60]], ""processed_hw"": [[448, 960]], ""visual_tokens"": 420}",same_correct
train_1948.jpg,a,a,False,False,a,True,True,g_train_1948.jpg,text_other,"{""original_size"": [720, 960], ""grid_thw"": [[1, 48, 36]], ""processed_hw"": [[768, 576]], ""visual_tokens"": 432}",a,a,False,False,a,True,True,g_train_1948.jpg,text_other,"{""original_size"": [720, 960], ""grid_thw"": [[1, 48, 36]], ""processed_hw"": [[768, 576]], ""visual_tokens"": 432}",same_correct
train_1994.jpg,a,a,False,False,a,True,True,g_train_1994.jpg,text_other,"{""original_size"": [960, 720], ""grid_thw"": [[1, 36, 48]], ""processed_hw"": [[576, 768]], ""visual_tokens"": 432}",a,a,False,False,a,True,True,g_train_1994.jpg,text_other,"{""original_size"": [960, 720], ""grid_thw"": [[1, 36, 48]], ""processed_hw"": [[576, 768]], ""visual_tokens"": 432}",same_correct
train_1998.jpg,a,a,False,False,a,True,True,g_train_1998.jpg,text_other,"{""original_size"": [720, 960], ""grid_thw"": [[1, 48, 36]], ""processed_hw"": [[768, 576]], ""visual_tokens"": 432}",a,a,False,False,a,True,True,g_train_1998.jpg,text_other,"{""original_size"": [720, 960], ""grid_thw"": [[1, 48, 36]], ""processed_hw"": [[768, 576]], ""visual_tokens"": 432}",same_correct
train_2001.jpg,b,b,False,False,b,True,True,g_train_2001.jpg,price,"{""original_size"": [720, 960], ""grid_thw"": [[1, 48, 36]], ""processed_hw"": [[768, 576]], ""visual_tokens"": 432}",b,b,False,False,b,True,True,g_train_2001.jpg,price,"{""original_size"": [720, 960], ""grid_thw"": [[1, 48, 36]], ""processed_hw"": [[768, 576]], ""visual_tokens"": 432}",same_correct
train_2002.jpg,a,a,False,False,a,True,True,g_train_2002.jpg,price,"{""original_size"": [720, 960], ""grid_thw"": [[1, 48, 36]], ""processed_hw"": [[768, 576]], ""visual_tokens"": 432}",a,a,False,False,a,True,True,g_train_2002.jpg,price,"{""original_size"": [720, 960], ""grid_thw"": [[1, 48, 36]], ""processed_hw"": [[768, 576]], ""visual_tokens"": 432}",same_correct
train_2062.jpg,c,c,False,False,c,True,True,g_train_2062.jpg,text_other,"{""original_size"": [720, 960], ""grid_thw"": [[1, 48, 36]], ""processed_hw"": [[768, 576]], ""visual_tokens"": 432}",c,c,False,False,c,True,True,g_train_2062.jpg,text_other,"{""original_size"": [720, 960], ""grid_thw"": [[1, 48, 36]], ""processed_hw"": [[768, 576]], ""visual_tokens"": 432}",same_correct
train_2069.jpg,d,d,False,False,d,True,True,g_train_2069.jpg,text_other,"{""original_size"": [720, 960], ""grid_thw"": [[1, 48, 36]], ""processed_hw"": [[768, 576]], ""visual_tokens"": 432}",d,d,False,False,d,True,True,g_train_2069.jpg,text_other,"{""original_size"": [720, 960], ""grid_thw"": [[1, 48, 36]], ""processed_hw"": [[768, 576]], ""visual_tokens"": 432}",same_correct
train_2071.jpg,b,b,False,False,b,True,True,g_train_2071.jpg,text_other,"{""original_size"": [720, 960], ""grid_thw"": [[1, 48, 36]], ""processed_hw"": [[768, 576]], ""visual_tokens"": 432}",b,b,False,False,b,True,True,g_train_2071.jpg,text_other,"{""original_size"": [720, 960], ""grid_thw"": [[1, 48, 36]], ""processed_hw"": [[768, 576]], ""visual_tokens"": 432}",same_correct
train_2080.jpg,a,a,False,False,a,True,True,g_train_2080.jpg,price,"{""original_size"": [1279, 720], ""grid_thw"": [[1, 30, 54]], ""processed_hw"": [[480, 864]], ""visual_tokens"": 405}",a,a,False,False,a,True,True,g_train_2080.jpg,price,"{""original_size"": [1279, 720], ""grid_thw"": [[1, 30, 54]], ""processed_hw"": [[480, 864]], ""visual_tokens"": 405}",same_correct
train_2105.jpg,c,c,False,False,c,True,True,g_train_2105.jpg,text_other,"{""original_size"": [720, 960], ""grid_thw"": [[1, 48, 36]], ""processed_hw"": [[768, 576]], ""visual_tokens"": 432}",c,c,False,False,c,True,True,g_train_2105.jpg,text_other,"{""original_size"": [720, 960], ""grid_thw"": [[1, 48, 36]], ""processed_hw"": [[768, 576]], ""visual_tokens"": 432}",same_correct
train_2106.jpg,b,b,False,False,b,True,True,g_train_2106.jpg,negation,"{""original_size"": [960, 720], ""grid_thw"": [[1, 36, 48]], ""processed_hw"": [[576, 768]], ""visual_tokens"": 432}",b,b,False,False,b,True,True,g_train_2106.jpg,negation,"{""original_size"": [960, 720], ""grid_thw"": [[1, 36, 48]], ""processed_hw"": [[576, 768]], ""visual_tokens"": 432}",same_correct
train_2135.jpg,c,c,False,False,c,True,True,g_train_2135.jpg,text_other,"{""original_size"": [720, 1280], ""grid_thw"": [[1, 56, 30]], ""processed_hw"": [[896, 480]], ""visual_tokens"": 420}",c,c,False,False,c,True,True,g_train_2135.jpg,text_other,"{""original_size"": [720, 1280], ""grid_thw"": [[1, 56, 30]], ""processed_hw"": [[896, 480]], ""visual_tokens"": 420}",same_correct
train_2155.jpg,c,c,False,False,c,True,True,g_train_2155.jpg,number,"{""original_size"": [720, 960], ""grid_thw"": [[1, 48, 36]], ""processed_hw"": [[768, 576]], ""visual_tokens"": 432}",c,c,False,False,c,True,True,g_train_2155.jpg,number,"{""original_size"": [720, 960], ""grid_thw"": [[1, 48, 36]], ""processed_hw"": [[768, 576]], ""visual_tokens"": 432}",same_correct
train_2157.jpg,a,a,False,False,a,True,True,g_train_2157.jpg,negation,"{""original_size"": [720, 1279], ""grid_thw"": [[1, 54, 30]], ""processed_hw"": [[864, 480]], ""visual_tokens"": 405}",a,a,False,False,a,True,True,g_train_2157.jpg,negation,"{""original_size"": [720, 1279], ""grid_thw"": [[1, 54, 30]], ""processed_hw"": [[864, 480]], ""visual_tokens"": 405}",same_correct
train_2160.jpg,b,b,False,False,b,True,True,g_train_2160.jpg,text_other,"{""original_size"": [720, 1279], ""grid_thw"": [[1, 54, 30]], ""processed_hw"": [[864, 480]], ""visual_tokens"": 405}",b,b,False,False,b,True,True,g_train_2160.jpg,text_other,"{""original_size"": [720, 1279], ""grid_thw"": [[1, 54, 30]], ""processed_hw"": [[864, 480]], ""visual_tokens"": 405}",same_correct
train_2162.jpg,c,c,False,False,c,True,True,g_train_2162.jpg,text_other,"{""original_size"": [720, 960], ""grid_thw"": [[1, 48, 36]], ""processed_hw"": [[768, 576]], ""visual_tokens"": 432}",c,c,False,False,c,True,True,g_train_2162.jpg,text_other,"{""original_size"": [720, 960], ""grid_thw"": [[1, 48, 36]], ""processed_hw"": [[768, 576]], ""visual_tokens"": 432}",same_correct
train_2180.jpg,a,a,False,False,a,True,True,g_train_2180.jpg,text_other,"{""original_size"": [720, 960], ""grid_thw"": [[1, 48, 36]], ""processed_hw"": [[768, 576]], ""visual_tokens"": 432}",a,a,False,False,a,True,True,g_train_2180.jpg,text_other,"{""original_size"": [720, 960], ""grid_thw"": [[1, 48, 36]], ""processed_hw"": [[768, 576]], ""visual_tokens"": 432}",same_correct
train_2217.jpg,a,a,False,False,a,True,True,g_train_2217.jpg,text_other,"{""original_size"": [720, 960], ""grid_thw"": [[1, 48, 36]], ""processed_hw"": [[768, 576]], ""visual_tokens"": 432}",a,a,False,False,a,True,True,g_train_2217.jpg,text_other,"{""original_size"": [720, 960], ""grid_thw"": [[1, 48, 36]], ""processed_hw"": [[768, 576]], ""visual_tokens"": 432}",same_correct
train_2226.jpg,d,d,False,False,d,True,True,g_train_2226.jpg,position,"{""original_size"": [720, 960], ""grid_thw"": [[1, 48, 36]], ""processed_hw"": [[768, 576]], ""visual_tokens"": 432}",d,d,False,False,d,True,True,g_train_2226.jpg,position,"{""original_size"": [720, 960], ""grid_thw"": [[1, 48, 36]], ""processed_hw"": [[768, 576]], ""visual_tokens"": 432}",same_correct
train_2241.jpg,a,a,False,False,a,True,True,g_train_2241.jpg,text_other,"{""original_size"": [720, 960], ""grid_thw"": [[1, 48, 36]], ""processed_hw"": [[768, 576]], ""visual_tokens"": 432}",a,a,False,False,a,True,True,g_train_2241.jpg,text_other,"{""original_size"": [720, 960], ""grid_thw"": [[1, 48, 36]], ""processed_hw"": [[768, 576]], ""visual_tokens"": 432}",same_correct
train_2242.jpg,a,a,False,False,a,True,True,g_train_2242.jpg,text_other,"{""original_size"": [720, 960], ""grid_thw"": [[1, 48, 36]], ""processed_hw"": [[768, 576]], ""visual_tokens"": 432}",a,a,False,False,a,True,True,g_train_2242.jpg,text_other,"{""original_size"": [720, 960], ""grid_thw"": [[1, 48, 36]], ""processed_hw"": [[768, 576]], ""visual_tokens"": 432}",same_correct
train_2255.jpg,c,c,False,False,c,True,True,g_train_2255.jpg,text_other,"{""original_size"": [960, 720], ""grid_thw"": [[1, 36, 48]], ""processed_hw"": [[576, 768]], ""visual_tokens"": 432}",d,d,False,False,c,False,False,g_train_2255.jpg,text_other,"{""original_size"": [960, 720], ""grid_thw"": [[1, 36, 48]], ""processed_hw"": [[576, 768]], ""visual_tokens"": 432}",loss
train_2260.jpg,b,b,False,False,b,True,True,g_train_2260.jpg,price,"{""original_size"": [960, 720], ""grid_thw"": [[1, 36, 48]], ""processed_hw"": [[576, 768]], ""visual_tokens"": 432}",b,b,False,False,b,True,True,g_train_2260.jpg,price,"{""original_size"": [960, 720], ""grid_thw"": [[1, 36, 48]], ""processed_hw"": [[576, 768]], ""visual_tokens"": 432}",same_correct
train_2273.jpg,a,a,False,False,a,True,True,g_train_2273.jpg,price,"{""original_size"": [720, 960], ""grid_thw"": [[1, 48, 36]], ""processed_hw"": [[768, 576]], ""visual_tokens"": 432}",a,a,False,False,a,True,True,g_train_2273.jpg,price,"{""original_size"": [720, 960], ""grid_thw"": [[1, 48, 36]], ""processed_hw"": [[768, 576]], ""visual_tokens"": 432}",same_correct
train_2280.jpg,b,b,False,False,b,True,True,g_train_2280.jpg,number,"{""original_size"": [720, 960], ""grid_thw"": [[1, 48, 36]], ""processed_hw"": [[768, 576]], ""visual_tokens"": 432}",b,b,False,False,b,True,True,g_train_2280.jpg,number,"{""original_size"": [720, 960], ""grid_thw"": [[1, 48, 36]], ""processed_hw"": [[768, 576]], ""visual_tokens"": 432}",same_correct
train_2281.jpg,c,c,False,False,c,True,True,g_train_2281.jpg,text_other,"{""original_size"": [720, 960], ""grid_thw"": [[1, 48, 36]], ""processed_hw"": [[768, 576]], ""visual_tokens"": 432}",c,c,False,False,c,True,True,g_train_2281.jpg,text_other,"{""original_size"": [720, 960], ""grid_thw"": [[1, 48, 36]], ""processed_hw"": [[768, 576]], ""visual_tokens"": 432}",same_correct
train_2290.jpg,c,c,False,False,c,True,True,g_train_2290.jpg,text_other,"{""original_size"": [720, 960], ""grid_thw"": [[1, 48, 36]], ""processed_hw"": [[768, 576]], ""visual_tokens"": 432}",c,c,False,False,c,True,True,g_train_2290.jpg,text_other,"{""original_size"": [720, 960], ""grid_thw"": [[1, 48, 36]], ""processed_hw"": [[768, 576]], ""visual_tokens"": 432}",same_correct
train_2297.jpg,b,b,False,False,d,False,False,g_train_2297.jpg,price,"{""original_size"": [960, 720], ""grid_thw"": [[1, 36, 48]], ""processed_hw"": [[576, 768]], ""visual_tokens"": 432}",a,a,False,False,d,False,False,g_train_2297.jpg,price,"{""original_size"": [960, 720], ""grid_thw"": [[1, 36, 48]], ""processed_hw"": [[576, 768]], ""visual_tokens"": 432}",same_wrong
train_2325.jpg,c,c,False,False,c,True,True,g_train_2325.jpg,price,"{""original_size"": [720, 960], ""grid_thw"": [[1, 48, 36]], ""processed_hw"": [[768, 576]], ""visual_tokens"": 432}",c,c,False,False,c,True,True,g_train_2325.jpg,price,"{""original_size"": [720, 960], ""grid_thw"": [[1, 48, 36]], ""processed_hw"": [[768, 576]], ""visual_tokens"": 432}",same_correct
train_2327.jpg,a,a,False,False,a,True,True,g_train_2327.jpg,text_other,"{""original_size"": [720, 960], ""grid_thw"": [[1, 48, 36]], ""processed_hw"": [[768, 576]], ""visual_tokens"": 432}",a,a,False,False,a,True,True,g_train_2327.jpg,text_other,"{""original_size"": [720, 960], ""grid_thw"": [[1, 48, 36]], ""processed_hw"": [[768, 576]], ""visual_tokens"": 432}",same_correct
train_2331.jpg,b,b,False,False,b,True,True,g_train_2331.jpg,text_other,"{""original_size"": [720, 720], ""grid_thw"": [[1, 42, 42]], ""processed_hw"": [[672, 672]], ""visual_tokens"": 441}",b,b,False,False,b,True,True,g_train_2331.jpg,text_other,"{""original_size"": [720, 720], ""grid_thw"": [[1, 42, 42]], ""processed_hw"": [[672, 672]], ""visual_tokens"": 441}",same_correct
train_2339.jpg,b,b,False,False,b,True,True,g_train_2339.jpg,negation,"{""original_size"": [1279, 720], ""grid_thw"": [[1, 30, 54]], ""processed_hw"": [[480, 864]], ""visual_tokens"": 405}",b,b,False,False,b,True,True,g_train_2339.jpg,negation,"{""original_size"": [1279, 720], ""grid_thw"": [[1, 30, 54]], ""processed_hw"": [[480, 864]], ""visual_tokens"": 405}",same_correct
train_2354.jpg,d,d,False,False,d,True,True,g_train_2354.jpg,text_other,"{""original_size"": [720, 960], ""grid_thw"": [[1, 48, 36]], ""processed_hw"": [[768, 576]], ""visual_tokens"": 432}",d,d,False,False,d,True,True,g_train_2354.jpg,text_other,"{""original_size"": [720, 960], ""grid_thw"": [[1, 48, 36]], ""processed_hw"": [[768, 576]], ""visual_tokens"": 432}",same_correct
train_2360.jpg,a,a,False,False,a,True,True,g_train_2360.jpg,text_other,"{""original_size"": [720, 960], ""grid_thw"": [[1, 48, 36]], ""processed_hw"": [[768, 576]], ""visual_tokens"": 432}",a,a,False,False,a,True,True,g_train_2360.jpg,text_other,"{""original_size"": [720, 960], ""grid_thw"": [[1, 48, 36]], ""processed_hw"": [[768, 576]], ""visual_tokens"": 432}",same_correct
train_2363.jpg,b,b,False,False,b,True,True,g_train_2363.jpg,text_other,"{""original_size"": [720, 960], ""grid_thw"": [[1, 48, 36]], ""processed_hw"": [[768, 576]], ""visual_tokens"": 432}",b,b,False,False,b,True,True,g_train_2363.jpg,text_other,"{""original_size"": [720, 960], ""grid_thw"": [[1, 48, 36]], ""processed_hw"": [[768, 576]], ""visual_tokens"": 432}",same_correct
train_2365.jpg,b,b,False,False,b,True,True,g_train_2365.jpg,price,"{""original_size"": [1279, 720], ""grid_thw"": [[1, 30, 54]], ""processed_hw"": [[480, 864]], ""visual_tokens"": 405}",b,b,False,False,b,True,True,g_train_2365.jpg,price,"{""original_size"": [1279, 720], ""grid_thw"": [[1, 30, 54]], ""processed_hw"": [[480, 864]], ""visual_tokens"": 405}",same_correct
train_2396.jpg,d,d,False,False,d,True,True,g_train_2396.jpg,price,"{""original_size"": [720, 960], ""grid_thw"": [[1, 48, 36]], ""processed_hw"": [[768, 576]], ""visual_tokens"": 432}",d,d,False,False,d,True,True,g_train_2396.jpg,price,"{""original_size"": [720, 960], ""grid_thw"": [[1, 48, 36]], ""processed_hw"": [[768, 576]], ""visual_tokens"": 432}",same_correct
train_2409.jpg,a,a,False,False,a,True,True,g_train_2409.jpg,text_other,"{""original_size"": [720, 960], ""grid_thw"": [[1, 48, 36]], ""processed_hw"": [[768, 576]], ""visual_tokens"": 432}",a,a,False,False,a,True,True,g_train_2409.jpg,text_other,"{""original_size"": [720, 960], ""grid_thw"": [[1, 48, 36]], ""processed_hw"": [[768, 576]], ""visual_tokens"": 432}",same_correct
train_2445.jpg,d,d,False,False,d,True,True,g_train_2445.jpg,text_other,"{""original_size"": [720, 1096], ""grid_thw"": [[1, 50, 34]], ""processed_hw"": [[800, 544]], ""visual_tokens"": 425}",d,d,False,False,d,True,True,g_train_2445.jpg,text_other,"{""original_size"": [720, 1096], ""grid_thw"": [[1, 50, 34]], ""processed_hw"": [[800, 544]], ""visual_tokens"": 425}",same_correct
train_2446.jpg,a,a,False,False,a,True,True,g_train_2446.jpg,price,"{""original_size"": [960, 720], ""grid_thw"": [[1, 36, 48]], ""processed_hw"": [[576, 768]], ""visual_tokens"": 432}",a,a,False,False,a,True,True,g_train_2446.jpg,price,"{""original_size"": [960, 720], ""grid_thw"": [[1, 36, 48]], ""processed_hw"": [[576, 768]], ""visual_tokens"": 432}",same_correct
train_2457.jpg,d,d,False,False,d,True,True,g_train_0214.jpg,position,"{""original_size"": [720, 960], ""grid_thw"": [[1, 48, 36]], ""processed_hw"": [[768, 576]], ""visual_tokens"": 432}",d,d,False,False,d,True,True,g_train_0214.jpg,position,"{""original_size"": [720, 960], ""grid_thw"": [[1, 48, 36]], ""processed_hw"": [[768, 576]], ""visual_tokens"": 432}",same_correct
train_2465.jpg,c,c,False,False,c,True,True,g_train_2465.jpg,text_other,"{""original_size"": [720, 1599], ""grid_thw"": [[1, 62, 28]], ""processed_hw"": [[992, 448]], ""visual_tokens"": 434}",c,c,False,False,c,True,True,g_train_2465.jpg,text_other,"{""original_size"": [720, 1599], ""grid_thw"": [[1, 62, 28]], ""processed_hw"": [[992, 448]], ""visual_tokens"": 434}",same_correct
train_2468.jpg,d,d,False,False,d,True,True,g_train_2468.jpg,text_other,"{""original_size"": [720, 960], ""grid_thw"": [[1, 48, 36]], ""processed_hw"": [[768, 576]], ""visual_tokens"": 432}",d,d,False,False,d,True,True,g_train_2468.jpg,text_other,"{""original_size"": [720, 960], ""grid_thw"": [[1, 48, 36]], ""processed_hw"": [[768, 576]], ""visual_tokens"": 432}",same_correct
train_2495.jpg,a,a,False,False,a,True,True,g_train_2495.jpg,text_other,"{""original_size"": [720, 960], ""grid_thw"": [[1, 48, 36]], ""processed_hw"": [[768, 576]], ""visual_tokens"": 432}",a,a,False,False,a,True,True,g_train_2495.jpg,text_other,"{""original_size"": [720, 960], ""grid_thw"": [[1, 48, 36]], ""processed_hw"": [[768, 576]], ""visual_tokens"": 432}",same_correct
train_2498.jpg,a,a,False,False,a,True,True,g_train_2498.jpg,price,"{""original_size"": [720, 1280], ""grid_thw"": [[1, 56, 30]], ""processed_hw"": [[896, 480]], ""visual_tokens"": 420}",a,a,False,False,a,True,True,g_train_2498.jpg,price,"{""original_size"": [720, 1280], ""grid_thw"": [[1, 56, 30]], ""processed_hw"": [[896, 480]], ""visual_tokens"": 420}",same_correct
train_2506.jpg,a,a,False,False,a,True,True,g_train_2506.jpg,text_other,"{""original_size"": [720, 960], ""grid_thw"": [[1, 48, 36]], ""processed_hw"": [[768, 576]], ""visual_tokens"": 432}",a,a,False,False,a,True,True,g_train_2506.jpg,text_other,"{""original_size"": [720, 960], ""grid_thw"": [[1, 48, 36]], ""processed_hw"": [[768, 576]], ""visual_tokens"": 432}",same_correct
train_2515.jpg,c,c,False,False,c,True,True,g_train_2515.jpg,text_other,"{""original_size"": [720, 960], ""grid_thw"": [[1, 48, 36]], ""processed_hw"": [[768, 576]], ""visual_tokens"": 432}",c,c,False,False,c,True,True,g_train_2515.jpg,text_other,"{""original_size"": [720, 960], ""grid_thw"": [[1, 48, 36]], ""processed_hw"": [[768, 576]], ""visual_tokens"": 432}",same_correct
train_2526.jpg,b,b,False,False,b,True,True,g_train_2526.jpg,text_other,"{""original_size"": [720, 1280], ""grid_thw"": [[1, 56, 30]], ""processed_hw"": [[896, 480]], ""visual_tokens"": 420}",b,b,False,False,b,True,True,g_train_2526.jpg,text_other,"{""original_size"": [720, 1280], ""grid_thw"": [[1, 56, 30]], ""processed_hw"": [[896, 480]], ""visual_tokens"": 420}",same_correct
train_2537.jpg,d,d,False,False,d,True,True,g_train_2537.jpg,text_other,"{""original_size"": [720, 960], ""grid_thw"": [[1, 48, 36]], ""processed_hw"": [[768, 576]], ""visual_tokens"": 432}",d,d,False,False,d,True,True,g_train_2537.jpg,text_other,"{""original_size"": [720, 960], ""grid_thw"": [[1, 48, 36]], ""processed_hw"": [[768, 576]], ""visual_tokens"": 432}",same_correct
train_2538.jpg,b,b,False,False,b,True,True,g_train_2538.jpg,number,"{""original_size"": [720, 960], ""grid_thw"": [[1, 48, 36]], ""processed_hw"": [[768, 576]], ""visual_tokens"": 432}",b,b,False,False,b,True,True,g_train_2538.jpg,number,"{""original_size"": [720, 960], ""grid_thw"": [[1, 48, 36]], ""processed_hw"": [[768, 576]], ""visual_tokens"": 432}",same_correct
train_2549.jpg,d,d,False,False,d,True,True,g_train_2549.jpg,text_other,"{""original_size"": [720, 960], ""grid_thw"": [[1, 48, 36]], ""processed_hw"": [[768, 576]], ""visual_tokens"": 432}",d,d,False,False,d,True,True,g_train_2549.jpg,text_other,"{""original_size"": [720, 960], ""grid_thw"": [[1, 48, 36]], ""processed_hw"": [[768, 576]], ""visual_tokens"": 432}",same_correct
train_2577.jpg,c,c,False,False,c,True,True,g_train_2577.jpg,text_other,"{""original_size"": [720, 1280], ""grid_thw"": [[1, 56, 30]], ""processed_hw"": [[896, 480]], ""visual_tokens"": 420}",c,c,False,False,c,True,True,g_train_2577.jpg,text_other,"{""original_size"": [720, 1280], ""grid_thw"": [[1, 56, 30]], ""processed_hw"": [[896, 480]], ""visual_tokens"": 420}",same_correct
train_2598.jpg,d,d,False,False,d,True,True,g_train_2598.jpg,text_other,"{""original_size"": [720, 960], ""grid_thw"": [[1, 48, 36]], ""processed_hw"": [[768, 576]], ""visual_tokens"": 432}",d,d,False,False,d,True,True,g_train_2598.jpg,text_other,"{""original_size"": [720, 960], ""grid_thw"": [[1, 48, 36]], ""processed_hw"": [[768, 576]], ""visual_tokens"": 432}",same_correct
train_2636.jpg,d,d,False,False,d,True,True,g_train_2636.jpg,text_other,"{""original_size"": [720, 959], ""grid_thw"": [[1, 48, 36]], ""processed_hw"": [[768, 576]], ""visual_tokens"": 432}",d,d,False,False,d,True,True,g_train_2636.jpg,text_other,"{""original_size"": [720, 959], ""grid_thw"": [[1, 48, 36]], ""processed_hw"": [[768, 576]], ""visual_tokens"": 432}",same_correct
train_2638.jpg,a,a,False,False,a,True,True,g_train_2638.jpg,price,"{""original_size"": [720, 960], ""grid_thw"": [[1, 48, 36]], ""processed_hw"": [[768, 576]], ""visual_tokens"": 432}",a,a,False,False,a,True,True,g_train_2638.jpg,price,"{""original_size"": [720, 960], ""grid_thw"": [[1, 48, 36]], ""processed_hw"": [[768, 576]], ""visual_tokens"": 432}",same_correct
train_2652.jpg,c,c,False,False,c,True,True,g_train_2652.jpg,text_other,"{""original_size"": [960, 720], ""grid_thw"": [[1, 36, 48]], ""processed_hw"": [[576, 768]], ""visual_tokens"": 432}",c,c,False,False,c,True,True,g_train_2652.jpg,text_other,"{""original_size"": [960, 720], ""grid_thw"": [[1, 36, 48]], ""processed_hw"": [[576, 768]], ""visual_tokens"": 432}",same_correct
train_2669.jpg,d,d,False,False,d,True,True,g_train_2669.jpg,text_other,"{""original_size"": [720, 960], ""grid_thw"": [[1, 48, 36]], ""processed_hw"": [[768, 576]], ""visual_tokens"": 432}",d,d,False,False,d,True,True,g_train_2669.jpg,text_other,"{""original_size"": [720, 960], ""grid_thw"": [[1, 48, 36]], ""processed_hw"": [[768, 576]], ""visual_tokens"": 432}",same_correct
train_2696.jpg,a,a,False,False,a,True,True,g_train_2696.jpg,text_other,"{""original_size"": [720, 960], ""grid_thw"": [[1, 48, 36]], ""processed_hw"": [[768, 576]], ""visual_tokens"": 432}",a,a,False,False,a,True,True,g_train_2696.jpg,text_other,"{""original_size"": [720, 960], ""grid_thw"": [[1, 48, 36]], ""processed_hw"": [[768, 576]], ""visual_tokens"": 432}",same_correct
train_2704.jpg,c,c,False,False,c,True,True,g_train_2704.jpg,text_other,"{""original_size"": [720, 809], ""grid_thw"": [[1, 44, 38]], ""processed_hw"": [[704, 608]], ""visual_tokens"": 418}",c,c,False,False,c,True,True,g_train_2704.jpg,text_other,"{""original_size"": [720, 809], ""grid_thw"": [[1, 44, 38]], ""processed_hw"": [[704, 608]], ""visual_tokens"": 418}",same_correct
train_2713.jpg,d,d,False,False,d,True,True,g_train_2713.jpg,text_other,"{""original_size"": [720, 1279], ""grid_thw"": [[1, 54, 30]], ""processed_hw"": [[864, 480]], ""visual_tokens"": 405}",d,d,False,False,d,True,True,g_train_2713.jpg,text_other,"{""original_size"": [720, 1279], ""grid_thw"": [[1, 54, 30]], ""processed_hw"": [[864, 480]], ""visual_tokens"": 405}",same_correct
train_2723.jpg,b,b,False,False,b,True,True,g_train_2723.jpg,text_other,"{""original_size"": [720, 960], ""grid_thw"": [[1, 48, 36]], ""processed_hw"": [[768, 576]], ""visual_tokens"": 432}",b,b,False,False,b,True,True,g_train_2723.jpg,text_other,"{""original_size"": [720, 960], ""grid_thw"": [[1, 48, 36]], ""processed_hw"": [[768, 576]], ""visual_tokens"": 432}",same_correct
train_2731.jpg,b,b,False,False,b,True,True,g_train_2731.jpg,text_other,"{""original_size"": [720, 960], ""grid_thw"": [[1, 48, 36]], ""processed_hw"": [[768, 576]], ""visual_tokens"": 432}",b,b,False,False,b,True,True,g_train_2731.jpg,text_other,"{""original_size"": [720, 960], ""grid_thw"": [[1, 48, 36]], ""processed_hw"": [[768, 576]], ""visual_tokens"": 432}",same_correct
train_2739.jpg,d,d,False,False,d,True,True,g_train_2739.jpg,text_other,"{""original_size"": [720, 960], ""grid_thw"": [[1, 48, 36]], ""processed_hw"": [[768, 576]], ""visual_tokens"": 432}",d,d,False,False,d,True,True,g_train_2739.jpg,text_other,"{""original_size"": [720, 960], ""grid_thw"": [[1, 48, 36]], ""processed_hw"": [[768, 576]], ""visual_tokens"": 432}",same_correct
train_2742.jpg,d,d,False,False,d,True,True,g_train_2742.jpg,number,"{""original_size"": [720, 960], ""grid_thw"": [[1, 48, 36]], ""processed_hw"": [[768, 576]], ""visual_tokens"": 432}",d,d,False,False,d,True,True,g_train_2742.jpg,number,"{""original_size"": [720, 960], ""grid_thw"": [[1, 48, 36]], ""processed_hw"": [[768, 576]], ""visual_tokens"": 432}",same_correct
train_2758.jpg,a,a,False,False,a,True,True,g_train_2758.jpg,text_other,"{""original_size"": [720, 960], ""grid_thw"": [[1, 48, 36]], ""processed_hw"": [[768, 576]], ""visual_tokens"": 432}",a,a,False,False,a,True,True,g_train_2758.jpg,text_other,"{""original_size"": [720, 960], ""grid_thw"": [[1, 48, 36]], ""processed_hw"": [[768, 576]], ""visual_tokens"": 432}",same_correct
train_2763.jpg,d,d,False,False,d,True,True,g_train_2763.jpg,text_other,"{""original_size"": [720, 960], ""grid_thw"": [[1, 48, 36]], ""processed_hw"": [[768, 576]], ""visual_tokens"": 432}",d,d,False,False,d,True,True,g_train_2763.jpg,text_other,"{""original_size"": [720, 960], ""grid_thw"": [[1, 48, 36]], ""processed_hw"": [[768, 576]], ""visual_tokens"": 432}",same_correct
train_2768.jpg,a,a,False,False,a,True,True,g_train_2768.jpg,text_other,"{""original_size"": [720, 960], ""grid_thw"": [[1, 48, 36]], ""processed_hw"": [[768, 576]], ""visual_tokens"": 432}",a,a,False,False,a,True,True,g_train_2768.jpg,text_other,"{""original_size"": [720, 960], ""grid_thw"": [[1, 48, 36]], ""processed_hw"": [[768, 576]], ""visual_tokens"": 432}",same_correct
train_2779.jpg,c,c,False,False,c,True,True,g_train_2779.jpg,number,"{""original_size"": [720, 960], ""grid_thw"": [[1, 48, 36]], ""processed_hw"": [[768, 576]], ""visual_tokens"": 432}",c,c,False,False,c,True,True,g_train_2779.jpg,number,"{""original_size"": [720, 960], ""grid_thw"": [[1, 48, 36]], ""processed_hw"": [[768, 576]], ""visual_tokens"": 432}",same_correct
train_2813.jpg,d,d,False,False,d,True,True,g_train_2813.jpg,text_other,"{""original_size"": [960, 720], ""grid_thw"": [[1, 36, 48]], ""processed_hw"": [[576, 768]], ""visual_tokens"": 432}",d,d,False,False,d,True,True,g_train_2813.jpg,text_other,"{""original_size"": [960, 720], ""grid_thw"": [[1, 36, 48]], ""processed_hw"": [[576, 768]], ""visual_tokens"": 432}",same_correct
train_2817.jpg,b,b,False,False,b,True,True,g_train_2817.jpg,number,"{""original_size"": [720, 960], ""grid_thw"": [[1, 48, 36]], ""processed_hw"": [[768, 576]], ""visual_tokens"": 432}",b,b,False,False,b,True,True,g_train_2817.jpg,number,"{""original_size"": [720, 960], ""grid_thw"": [[1, 48, 36]], ""processed_hw"": [[768, 576]], ""visual_tokens"": 432}",same_correct
train_2829.jpg,d,d,False,False,d,True,True,g_train_2829.jpg,number,"{""original_size"": [720, 960], ""grid_thw"": [[1, 48, 36]], ""processed_hw"": [[768, 576]], ""visual_tokens"": 432}",d,d,False,False,d,True,True,g_train_2829.jpg,number,"{""original_size"": [720, 960], ""grid_thw"": [[1, 48, 36]], ""processed_hw"": [[768, 576]], ""visual_tokens"": 432}",same_correct
train_2838.jpg,d,d,False,False,d,True,True,g_train_2838.jpg,text_other,"{""original_size"": [720, 960], ""grid_thw"": [[1, 48, 36]], ""processed_hw"": [[768, 576]], ""visual_tokens"": 432}",d,d,False,False,d,True,True,g_train_2838.jpg,text_other,"{""original_size"": [720, 960], ""grid_thw"": [[1, 48, 36]], ""processed_hw"": [[768, 576]], ""visual_tokens"": 432}",same_correct
train_2864.jpg,a,a,False,False,a,True,True,g_train_2864.jpg,text_other,"{""original_size"": [720, 960], ""grid_thw"": [[1, 48, 36]], ""processed_hw"": [[768, 576]], ""visual_tokens"": 432}",a,a,False,False,a,True,True,g_train_2864.jpg,text_other,"{""original_size"": [720, 960], ""grid_thw"": [[1, 48, 36]], ""processed_hw"": [[768, 576]], ""visual_tokens"": 432}",same_correct
train_2870.jpg,d,d,False,False,d,True,True,g_train_2870.jpg,price,"{""original_size"": [720, 960], ""grid_thw"": [[1, 48, 36]], ""processed_hw"": [[768, 576]], ""visual_tokens"": 432}",d,d,False,False,d,True,True,g_train_2870.jpg,price,"{""original_size"": [720, 960], ""grid_thw"": [[1, 48, 36]], ""processed_hw"": [[768, 576]], ""visual_tokens"": 432}",same_correct
train_2898.jpg,d,d,False,False,d,True,True,g_train_2898.jpg,price,"{""original_size"": [720, 960], ""grid_thw"": [[1, 48, 36]], ""processed_hw"": [[768, 576]], ""visual_tokens"": 432}",d,d,False,False,d,True,True,g_train_2898.jpg,price,"{""original_size"": [720, 960], ""grid_thw"": [[1, 48, 36]], ""processed_hw"": [[768, 576]], ""visual_tokens"": 432}",same_correct
train_2903.jpg,c,c,False,False,c,True,True,g_train_2903.jpg,number,"{""original_size"": [720, 960], ""grid_thw"": [[1, 48, 36]], ""processed_hw"": [[768, 576]], ""visual_tokens"": 432}",c,c,False,False,c,True,True,g_train_2903.jpg,number,"{""original_size"": [720, 960], ""grid_thw"": [[1, 48, 36]], ""processed_hw"": [[768, 576]], ""visual_tokens"": 432}",same_correct
train_2917.jpg,d,d,False,False,d,True,True,g_train_2917.jpg,text_other,"{""original_size"": [720, 960], ""grid_thw"": [[1, 48, 36]], ""processed_hw"": [[768, 576]], ""visual_tokens"": 432}",d,d,False,False,d,True,True,g_train_2917.jpg,text_other,"{""original_size"": [720, 960], ""grid_thw"": [[1, 48, 36]], ""processed_hw"": [[768, 576]], ""visual_tokens"": 432}",same_correct
train_2947.jpg,b,b,False,False,b,True,True,g_train_2947.jpg,text_other,"{""original_size"": [960, 720], ""grid_thw"": [[1, 36, 48]], ""processed_hw"": [[576, 768]], ""visual_tokens"": 432}",b,b,False,False,b,True,True,g_train_2947.jpg,text_other,"{""original_size"": [960, 720], ""grid_thw"": [[1, 36, 48]], ""processed_hw"": [[576, 768]], ""visual_tokens"": 432}",same_correct
train_2957.jpg,c,c,False,False,c,True,True,g_train_2957.jpg,text_other,"{""original_size"": [720, 960], ""grid_thw"": [[1, 48, 36]], ""processed_hw"": [[768, 576]], ""visual_tokens"": 432}",c,c,False,False,c,True,True,g_train_2957.jpg,text_other,"{""original_size"": [720, 960], ""grid_thw"": [[1, 48, 36]], ""processed_hw"": [[768, 576]], ""visual_tokens"": 432}",same_correct
train_2981.jpg,a,a,False,False,a,True,True,g_train_2981.jpg,text_other,"{""original_size"": [960, 720], ""grid_thw"": [[1, 36, 48]], ""processed_hw"": [[576, 768]], ""visual_tokens"": 432}",a,a,False,False,a,True,True,g_train_2981.jpg,text_other,"{""original_size"": [960, 720], ""grid_thw"": [[1, 36, 48]], ""processed_hw"": [[576, 768]], ""visual_tokens"": 432}",same_correct
train_2987.jpg,a,a,False,False,a,True,True,g_train_2987.jpg,text_other,"{""original_size"": [720, 960], ""grid_thw"": [[1, 48, 36]], ""processed_hw"": [[768, 576]], ""visual_tokens"": 432}",a,a,False,False,a,True,True,g_train_2987.jpg,text_other,"{""original_size"": [720, 960], ""grid_thw"": [[1, 48, 36]], ""processed_hw"": [[768, 576]], ""visual_tokens"": 432}",same_correct
train_2996.jpg,b,b,False,False,b,True,True,g_train_2996.jpg,text_other,"{""original_size"": [720, 960], ""grid_thw"": [[1, 48, 36]], ""processed_hw"": [[768, 576]], ""visual_tokens"": 432}",b,b,False,False,b,True,True,g_train_2996.jpg,text_other,"{""original_size"": [720, 960], ""grid_thw"": [[1, 48, 36]], ""processed_hw"": [[768, 576]], ""visual_tokens"": 432}",same_correct
train_3005.jpg,d,d,False,False,d,True,True,g_train_3005.jpg,number,"{""original_size"": [720, 960], ""grid_thw"": [[1, 48, 36]], ""processed_hw"": [[768, 576]], ""visual_tokens"": 432}",d,d,False,False,d,True,True,g_train_3005.jpg,number,"{""original_size"": [720, 960], ""grid_thw"": [[1, 48, 36]], ""processed_hw"": [[768, 576]], ""visual_tokens"": 432}",same_correct
train_3020.jpg,d,d,False,False,d,True,True,g_train_3020.jpg,text_other,"{""original_size"": [720, 1280], ""grid_thw"": [[1, 56, 30]], ""processed_hw"": [[896, 480]], ""visual_tokens"": 420}",d,d,False,False,d,True,True,g_train_3020.jpg,text_other,"{""original_size"": [720, 1280], ""grid_thw"": [[1, 56, 30]], ""processed_hw"": [[896, 480]], ""visual_tokens"": 420}",same_correct
train_3037.jpg,a,a,False,False,a,True,True,g_train_3037.jpg,price,"{""original_size"": [960, 720], ""grid_thw"": [[1, 36, 48]], ""processed_hw"": [[576, 768]], ""visual_tokens"": 432}",a,a,False,False,a,True,True,g_train_3037.jpg,price,"{""original_size"": [960, 720], ""grid_thw"": [[1, 36, 48]], ""processed_hw"": [[576, 768]], ""visual_tokens"": 432}",same_correct
train_3064.jpg,d,d,False,False,a,False,False,g_train_3064.jpg,text_other,"{""original_size"": [1906, 720], ""grid_thw"": [[1, 24, 68]], ""processed_hw"": [[384, 1088]], ""visual_tokens"": 408}",a,a,False,False,a,True,True,g_train_3064.jpg,text_other,"{""original_size"": [1906, 720], ""grid_thw"": [[1, 24, 68]], ""processed_hw"": [[384, 1088]], ""visual_tokens"": 408}",gain
train_3109.jpg,a,a,False,False,d,False,False,g_train_3109.jpg,number,"{""original_size"": [720, 960], ""grid_thw"": [[1, 48, 36]], ""processed_hw"": [[768, 576]], ""visual_tokens"": 432}",a,a,False,False,d,False,False,g_train_3109.jpg,number,"{""original_size"": [720, 960], ""grid_thw"": [[1, 48, 36]], ""processed_hw"": [[768, 576]], ""visual_tokens"": 432}",same_wrong
train_3114.jpg,d,d,False,False,b,False,False,g_train_3114.jpg,text_other,"{""original_size"": [720, 960], ""grid_thw"": [[1, 48, 36]], ""processed_hw"": [[768, 576]], ""visual_tokens"": 432}",d,d,False,False,b,False,False,g_train_3114.jpg,text_other,"{""original_size"": [720, 960], ""grid_thw"": [[1, 48, 36]], ""processed_hw"": [[768, 576]], ""visual_tokens"": 432}",same_wrong
train_3132.jpg,d,d,False,False,d,True,True,g_train_3132.jpg,number,"{""original_size"": [960, 720], ""grid_thw"": [[1, 36, 48]], ""processed_hw"": [[576, 768]], ""visual_tokens"": 432}",d,d,False,False,d,True,True,g_train_3132.jpg,number,"{""original_size"": [960, 720], ""grid_thw"": [[1, 36, 48]], ""processed_hw"": [[576, 768]], ""visual_tokens"": 432}",same_correct
train_3133.jpg,d,d,False,False,d,True,True,g_train_3133.jpg,text_other,"{""original_size"": [720, 960], ""grid_thw"": [[1, 48, 36]], ""processed_hw"": [[768, 576]], ""visual_tokens"": 432}",d,d,False,False,d,True,True,g_train_3133.jpg,text_other,"{""original_size"": [720, 960], ""grid_thw"": [[1, 48, 36]], ""processed_hw"": [[768, 576]], ""visual_tokens"": 432}",same_correct
train_3136.jpg,b,b,False,False,b,True,True,g_train_3136.jpg,number,"{""original_size"": [720, 960], ""grid_thw"": [[1, 48, 36]], ""processed_hw"": [[768, 576]], ""visual_tokens"": 432}",b,b,False,False,b,True,True,g_train_3136.jpg,number,"{""original_size"": [720, 960], ""grid_thw"": [[1, 48, 36]], ""processed_hw"": [[768, 576]], ""visual_tokens"": 432}",same_correct
train_3166.jpg,b,b,False,False,b,True,True,g_train_3166.jpg,text_other,"{""original_size"": [960, 720], ""grid_thw"": [[1, 36, 48]], ""processed_hw"": [[576, 768]], ""visual_tokens"": 432}",b,b,False,False,b,True,True,g_train_3166.jpg,text_other,"{""original_size"": [960, 720], ""grid_thw"": [[1, 36, 48]], ""processed_hw"": [[576, 768]], ""visual_tokens"": 432}",same_correct
train_3175.jpg,c,c,False,False,c,True,True,g_train_3175.jpg,price,"{""original_size"": [960, 720], ""grid_thw"": [[1, 36, 48]], ""processed_hw"": [[576, 768]], ""visual_tokens"": 432}",c,c,False,False,c,True,True,g_train_3175.jpg,price,"{""original_size"": [960, 720], ""grid_thw"": [[1, 36, 48]], ""processed_hw"": [[576, 768]], ""visual_tokens"": 432}",same_correct
train_3181.jpg,c,c,False,False,a,False,False,g_train_3181.jpg,negation,"{""original_size"": [960, 720], ""grid_thw"": [[1, 36, 48]], ""processed_hw"": [[576, 768]], ""visual_tokens"": 432}",c,c,False,False,a,False,False,g_train_3181.jpg,negation,"{""original_size"": [960, 720], ""grid_thw"": [[1, 36, 48]], ""processed_hw"": [[576, 768]], ""visual_tokens"": 432}",same_wrong
train_3202.jpg,a,a,False,False,a,True,True,g_train_3202.jpg,text_other,"{""original_size"": [720, 960], ""grid_thw"": [[1, 48, 36]], ""processed_hw"": [[768, 576]], ""visual_tokens"": 432}",a,a,False,False,a,True,True,g_train_3202.jpg,text_other,"{""original_size"": [720, 960], ""grid_thw"": [[1, 48, 36]], ""processed_hw"": [[768, 576]], ""visual_tokens"": 432}",same_correct
train_3226.jpg,a,a,False,False,a,True,True,g_train_3226.jpg,text_other,"{""original_size"": [720, 960], ""grid_thw"": [[1, 48, 36]], ""processed_hw"": [[768, 576]], ""visual_tokens"": 432}",a,a,False,False,a,True,True,g_train_3226.jpg,text_other,"{""original_size"": [720, 960], ""grid_thw"": [[1, 48, 36]], ""processed_hw"": [[768, 576]], ""visual_tokens"": 432}",same_correct
train_3241.jpg,b,b,False,False,b,True,True,g_train_3241.jpg,text_other,"{""original_size"": [1079, 720], ""grid_thw"": [[1, 34, 50]], ""processed_hw"": [[544, 800]], ""visual_tokens"": 425}",b,b,False,False,b,True,True,g_train_3241.jpg,text_other,"{""original_size"": [1079, 720], ""grid_thw"": [[1, 34, 50]], ""processed_hw"": [[544, 800]], ""visual_tokens"": 425}",same_correct
train_3252.jpg,c,c,False,False,c,True,True,g_train_3252.jpg,text_other,"{""original_size"": [720, 960], ""grid_thw"": [[1, 48, 36]], ""processed_hw"": [[768, 576]], ""visual_tokens"": 432}",c,c,False,False,c,True,True,g_train_3252.jpg,text_other,"{""original_size"": [720, 960], ""grid_thw"": [[1, 48, 36]], ""processed_hw"": [[768, 576]], ""visual_tokens"": 432}",same_correct
train_3293.jpg,b,b,False,False,b,True,True,g_train_3293.jpg,text_other,"{""original_size"": [720, 960], ""grid_thw"": [[1, 48, 36]], ""processed_hw"": [[768, 576]], ""visual_tokens"": 432}",b,b,False,False,b,True,True,g_train_3293.jpg,text_other,"{""original_size"": [720, 960], ""grid_thw"": [[1, 48, 36]], ""processed_hw"": [[768, 576]], ""visual_tokens"": 432}",same_correct
train_3296.jpg,c,c,False,False,c,True,True,g_train_3296.jpg,text_other,"{""original_size"": [960, 720], ""grid_thw"": [[1, 36, 48]], ""processed_hw"": [[576, 768]], ""visual_tokens"": 432}",c,c,False,False,c,True,True,g_train_3296.jpg,text_other,"{""original_size"": [960, 720], ""grid_thw"": [[1, 36, 48]], ""processed_hw"": [[576, 768]], ""visual_tokens"": 432}",same_correct
train_3356.jpg,a,a,False,False,d,False,False,g_train_3356.jpg,text_other,"{""original_size"": [1080, 720], ""grid_thw"": [[1, 34, 50]], ""processed_hw"": [[544, 800]], ""visual_tokens"": 425}",b,b,False,False,d,False,False,g_train_3356.jpg,text_other,"{""original_size"": [1080, 720], ""grid_thw"": [[1, 34, 50]], ""processed_hw"": [[544, 800]], ""visual_tokens"": 425}",same_wrong
train_3359.jpg,c,c,False,False,c,True,True,g_train_3359.jpg,text_other,"{""original_size"": [720, 960], ""grid_thw"": [[1, 48, 36]], ""processed_hw"": [[768, 576]], ""visual_tokens"": 432}",c,c,False,False,c,True,True,g_train_3359.jpg,text_other,"{""original_size"": [720, 960], ""grid_thw"": [[1, 48, 36]], ""processed_hw"": [[768, 576]], ""visual_tokens"": 432}",same_correct
train_3360.jpg,a,a,False,False,a,True,True,g_train_3360.jpg,price,"{""original_size"": [720, 960], ""grid_thw"": [[1, 48, 36]], ""processed_hw"": [[768, 576]], ""visual_tokens"": 432}",a,a,False,False,a,True,True,g_train_3360.jpg,price,"{""original_size"": [720, 960], ""grid_thw"": [[1, 48, 36]], ""processed_hw"": [[768, 576]], ""visual_tokens"": 432}",same_correct
train_3367.jpg,a,a,False,False,a,True,True,g_train_3367.jpg,text_other,"{""original_size"": [720, 960], ""grid_thw"": [[1, 48, 36]], ""processed_hw"": [[768, 576]], ""visual_tokens"": 432}",a,a,False,False,a,True,True,g_train_3367.jpg,text_other,"{""original_size"": [720, 960], ""grid_thw"": [[1, 48, 36]], ""processed_hw"": [[768, 576]], ""visual_tokens"": 432}",same_correct
train_3378.jpg,a,a,False,False,a,True,True,g_train_3378.jpg,text_other,"{""original_size"": [720, 960], ""grid_thw"": [[1, 48, 36]], ""processed_hw"": [[768, 576]], ""visual_tokens"": 432}",a,a,False,False,a,True,True,g_train_3378.jpg,text_other,"{""original_size"": [720, 960], ""grid_thw"": [[1, 48, 36]], ""processed_hw"": [[768, 576]], ""visual_tokens"": 432}",same_correct
train_3405.jpg,a,a,False,False,a,True,True,g_train_3405.jpg,text_other,"{""original_size"": [720, 960], ""grid_thw"": [[1, 48, 36]], ""processed_hw"": [[768, 576]], ""visual_tokens"": 432}",a,a,False,False,a,True,True,g_train_3405.jpg,text_other,"{""original_size"": [720, 960], ""grid_thw"": [[1, 48, 36]], ""processed_hw"": [[768, 576]], ""visual_tokens"": 432}",same_correct
train_3431.jpg,d,d,False,False,d,True,True,g_train_3431.jpg,text_other,"{""original_size"": [720, 960], ""grid_thw"": [[1, 48, 36]], ""processed_hw"": [[768, 576]], ""visual_tokens"": 432}",d,d,False,False,d,True,True,g_train_3431.jpg,text_other,"{""original_size"": [720, 960], ""grid_thw"": [[1, 48, 36]], ""processed_hw"": [[768, 576]], ""visual_tokens"": 432}",same_correct
train_3452.jpg,b,b,False,False,b,True,True,g_train_3452.jpg,number,"{""original_size"": [960, 720], ""grid_thw"": [[1, 36, 48]], ""processed_hw"": [[576, 768]], ""visual_tokens"": 432}",b,b,False,False,b,True,True,g_train_3452.jpg,number,"{""original_size"": [960, 720], ""grid_thw"": [[1, 36, 48]], ""processed_hw"": [[576, 768]], ""visual_tokens"": 432}",same_correct
train_3458.jpg,d,d,False,False,d,True,True,g_train_3458.jpg,price,"{""original_size"": [720, 960], ""grid_thw"": [[1, 48, 36]], ""processed_hw"": [[768, 576]], ""visual_tokens"": 432}",d,d,False,False,d,True,True,g_train_3458.jpg,price,"{""original_size"": [720, 960], ""grid_thw"": [[1, 48, 36]], ""processed_hw"": [[768, 576]], ""visual_tokens"": 432}",same_correct
train_3463.jpg,c,c,False,False,c,True,True,g_train_3463.jpg,price,"{""original_size"": [720, 960], ""grid_thw"": [[1, 48, 36]], ""processed_hw"": [[768, 576]], ""visual_tokens"": 432}",c,c,False,False,c,True,True,g_train_3463.jpg,price,"{""original_size"": [720, 960], ""grid_thw"": [[1, 48, 36]], ""processed_hw"": [[768, 576]], ""visual_tokens"": 432}",same_correct
train_3464.jpg,c,c,False,False,c,True,True,g_train_3464.jpg,text_other,"{""original_size"": [720, 1280], ""grid_thw"": [[1, 56, 30]], ""processed_hw"": [[896, 480]], ""visual_tokens"": 420}",c,c,False,False,c,True,True,g_train_3464.jpg,text_other,"{""original_size"": [720, 1280], ""grid_thw"": [[1, 56, 30]], ""processed_hw"": [[896, 480]], ""visual_tokens"": 420}",same_correct
train_3481.jpg,c,c,False,False,c,True,True,g_train_1894.jpg,text_other,"{""original_size"": [720, 960], ""grid_thw"": [[1, 48, 36]], ""processed_hw"": [[768, 576]], ""visual_tokens"": 432}",c,c,False,False,c,True,True,g_train_1894.jpg,text_other,"{""original_size"": [720, 960], ""grid_thw"": [[1, 48, 36]], ""processed_hw"": [[768, 576]], ""visual_tokens"": 432}",same_correct
train_3484.jpg,a,a,False,False,a,True,True,g_train_3484.jpg,price,"{""original_size"": [720, 960], ""grid_thw"": [[1, 48, 36]], ""processed_hw"": [[768, 576]], ""visual_tokens"": 432}",a,a,False,False,a,True,True,g_train_3484.jpg,price,"{""original_size"": [720, 960], ""grid_thw"": [[1, 48, 36]], ""processed_hw"": [[768, 576]], ""visual_tokens"": 432}",same_correct
train_3495.jpg,a,a,False,False,a,True,True,g_train_3495.jpg,text_other,"{""original_size"": [720, 960], ""grid_thw"": [[1, 48, 36]], ""processed_hw"": [[768, 576]], ""visual_tokens"": 432}",a,a,False,False,a,True,True,g_train_3495.jpg,text_other,"{""original_size"": [720, 960], ""grid_thw"": [[1, 48, 36]], ""processed_hw"": [[768, 576]], ""visual_tokens"": 432}",same_correct
train_3520.jpg,c,c,False,False,c,True,True,g_train_3520.jpg,position,"{""original_size"": [720, 960], ""grid_thw"": [[1, 48, 36]], ""processed_hw"": [[768, 576]], ""visual_tokens"": 432}",c,c,False,False,c,True,True,g_train_3520.jpg,position,"{""original_size"": [720, 960], ""grid_thw"": [[1, 48, 36]], ""processed_hw"": [[768, 576]], ""visual_tokens"": 432}",same_correct
train_3556.jpg,c,c,False,False,c,True,True,g_train_3556.jpg,text_other,"{""original_size"": [720, 960], ""grid_thw"": [[1, 48, 36]], ""processed_hw"": [[768, 576]], ""visual_tokens"": 432}",c,c,False,False,c,True,True,g_train_3556.jpg,text_other,"{""original_size"": [720, 960], ""grid_thw"": [[1, 48, 36]], ""processed_hw"": [[768, 576]], ""visual_tokens"": 432}",same_correct
train_3615.jpg,d,d,False,False,d,True,True,g_train_3615.jpg,text_other,"{""original_size"": [960, 720], ""grid_thw"": [[1, 36, 48]], ""processed_hw"": [[576, 768]], ""visual_tokens"": 432}",d,d,False,False,d,True,True,g_train_3615.jpg,text_other,"{""original_size"": [960, 720], ""grid_thw"": [[1, 36, 48]], ""processed_hw"": [[576, 768]], ""visual_tokens"": 432}",same_correct
train_3650.jpg,a,a,False,False,a,True,True,g_train_3650.jpg,number,"{""original_size"": [720, 960], ""grid_thw"": [[1, 48, 36]], ""processed_hw"": [[768, 576]], ""visual_tokens"": 432}",a,a,False,False,a,True,True,g_train_3650.jpg,number,"{""original_size"": [720, 960], ""grid_thw"": [[1, 48, 36]], ""processed_hw"": [[768, 576]], ""visual_tokens"": 432}",same_correct
train_3652.jpg,c,c,False,False,c,True,True,g_train_3652.jpg,price,"{""original_size"": [720, 1279], ""grid_thw"": [[1, 54, 30]], ""processed_hw"": [[864, 480]], ""visual_tokens"": 405}",c,c,False,False,c,True,True,g_train_3652.jpg,price,"{""original_size"": [720, 1279], ""grid_thw"": [[1, 54, 30]], ""processed_hw"": [[864, 480]], ""visual_tokens"": 405}",same_correct
train_3659.jpg,b,b,False,False,b,True,True,g_train_3659.jpg,text_other,"{""original_size"": [1280, 720], ""grid_thw"": [[1, 30, 56]], ""processed_hw"": [[480, 896]], ""visual_tokens"": 420}",b,b,False,False,b,True,True,g_train_3659.jpg,text_other,"{""original_size"": [1280, 720], ""grid_thw"": [[1, 30, 56]], ""processed_hw"": [[480, 896]], ""visual_tokens"": 420}",same_correct
train_3663.jpg,a,a,False,False,a,True,True,g_train_3663.jpg,text_other,"{""original_size"": [720, 960], ""grid_thw"": [[1, 48, 36]], ""processed_hw"": [[768, 576]], ""visual_tokens"": 432}",a,a,False,False,a,True,True,g_train_3663.jpg,text_other,"{""original_size"": [720, 960], ""grid_thw"": [[1, 48, 36]], ""processed_hw"": [[768, 576]], ""visual_tokens"": 432}",same_correct
train_3674.jpg,b,b,False,False,b,True,True,g_train_3674.jpg,text_other,"{""original_size"": [720, 960], ""grid_thw"": [[1, 48, 36]], ""processed_hw"": [[768, 576]], ""visual_tokens"": 432}",b,b,False,False,b,True,True,g_train_3674.jpg,text_other,"{""original_size"": [720, 960], ""grid_thw"": [[1, 48, 36]], ""processed_hw"": [[768, 576]], ""visual_tokens"": 432}",same_correct
train_3760.jpg,b,b,False,False,b,True,True,g_train_3760.jpg,negation,"{""original_size"": [960, 720], ""grid_thw"": [[1, 36, 48]], ""processed_hw"": [[576, 768]], ""visual_tokens"": 432}",b,b,False,False,b,True,True,g_train_3760.jpg,negation,"{""original_size"": [960, 720], ""grid_thw"": [[1, 36, 48]], ""processed_hw"": [[576, 768]], ""visual_tokens"": 432}",same_correct
train_3771.jpg,b,b,False,False,b,True,True,g_train_3771.jpg,text_other,"{""original_size"": [720, 1559], ""grid_thw"": [[1, 60, 28]], ""processed_hw"": [[960, 448]], ""visual_tokens"": 420}",b,b,False,False,b,True,True,g_train_3771.jpg,text_other,"{""original_size"": [720, 1559], ""grid_thw"": [[1, 60, 28]], ""processed_hw"": [[960, 448]], ""visual_tokens"": 420}",same_correct
train_3803.jpg,d,d,False,False,b,False,False,g_train_3803.jpg,text_other,"{""original_size"": [720, 960], ""grid_thw"": [[1, 48, 36]], ""processed_hw"": [[768, 576]], ""visual_tokens"": 432}",d,d,False,False,b,False,False,g_train_3803.jpg,text_other,"{""original_size"": [720, 960], ""grid_thw"": [[1, 48, 36]], ""processed_hw"": [[768, 576]], ""visual_tokens"": 432}",same_wrong
train_3825.jpg,d,d,False,False,d,True,True,g_train_3825.jpg,text_other,"{""original_size"": [720, 960], ""grid_thw"": [[1, 48, 36]], ""processed_hw"": [[768, 576]], ""visual_tokens"": 432}",d,d,False,False,d,True,True,g_train_3825.jpg,text_other,"{""original_size"": [720, 960], ""grid_thw"": [[1, 48, 36]], ""processed_hw"": [[768, 576]], ""visual_tokens"": 432}",same_correct
train_3831.jpg,a,a,False,False,a,True,True,g_train_3831.jpg,text_other,"{""original_size"": [720, 960], ""grid_thw"": [[1, 48, 36]], ""processed_hw"": [[768, 576]], ""visual_tokens"": 432}",a,a,False,False,a,True,True,g_train_3831.jpg,text_other,"{""original_size"": [720, 960], ""grid_thw"": [[1, 48, 36]], ""processed_hw"": [[768, 576]], ""visual_tokens"": 432}",same_correct
train_3841.jpg,b,b,False,False,b,True,True,g_train_3841.jpg,price,"{""original_size"": [720, 960], ""grid_thw"": [[1, 48, 36]], ""processed_hw"": [[768, 576]], ""visual_tokens"": 432}",b,b,False,False,b,True,True,g_train_3841.jpg,price,"{""original_size"": [720, 960], ""grid_thw"": [[1, 48, 36]], ""processed_hw"": [[768, 576]], ""visual_tokens"": 432}",same_correct
train_3846.jpg,a,a,False,False,a,True,True,g_train_3846.jpg,text_other,"{""original_size"": [960, 720], ""grid_thw"": [[1, 36, 48]], ""processed_hw"": [[576, 768]], ""visual_tokens"": 432}",a,a,False,False,a,True,True,g_train_3846.jpg,text_other,"{""original_size"": [960, 720], ""grid_thw"": [[1, 36, 48]], ""processed_hw"": [[576, 768]], ""visual_tokens"": 432}",same_correct
train_3856.jpg,c,c,False,False,c,True,True,g_train_3856.jpg,text_other,"{""original_size"": [720, 960], ""grid_thw"": [[1, 48, 36]], ""processed_hw"": [[768, 576]], ""visual_tokens"": 432}",c,c,False,False,c,True,True,g_train_3856.jpg,text_other,"{""original_size"": [720, 960], ""grid_thw"": [[1, 48, 36]], ""processed_hw"": [[768, 576]], ""visual_tokens"": 432}",same_correct
train_3863.jpg,d,d,False,False,d,True,True,g_train_3863.jpg,text_other,"{""original_size"": [960, 720], ""grid_thw"": [[1, 36, 48]], ""processed_hw"": [[576, 768]], ""visual_tokens"": 432}",d,d,False,False,d,True,True,g_train_3863.jpg,text_other,"{""original_size"": [960, 720], ""grid_thw"": [[1, 36, 48]], ""processed_hw"": [[576, 768]], ""visual_tokens"": 432}",same_correct
train_3866.jpg,d,d,False,False,d,True,True,g_train_3866.jpg,text_other,"{""original_size"": [720, 960], ""grid_thw"": [[1, 48, 36]], ""processed_hw"": [[768, 576]], ""visual_tokens"": 432}",d,d,False,False,d,True,True,g_train_3866.jpg,text_other,"{""original_size"": [720, 960], ""grid_thw"": [[1, 48, 36]], ""processed_hw"": [[768, 576]], ""visual_tokens"": 432}",same_correct
train_3883.jpg,a,a,False,False,a,True,True,g_train_3883.jpg,text_other,"{""original_size"": [960, 720], ""grid_thw"": [[1, 36, 48]], ""processed_hw"": [[576, 768]], ""visual_tokens"": 432}",a,a,False,False,a,True,True,g_train_3883.jpg,text_other,"{""original_size"": [960, 720], ""grid_thw"": [[1, 36, 48]], ""processed_hw"": [[576, 768]], ""visual_tokens"": 432}",same_correct
train_3887.jpg,d,d,False,False,d,True,True,g_train_3887.jpg,text_other,"{""original_size"": [720, 1481], ""grid_thw"": [[1, 60, 28]], ""processed_hw"": [[960, 448]], ""visual_tokens"": 420}",d,d,False,False,d,True,True,g_train_3887.jpg,text_other,"{""original_size"": [720, 1481], ""grid_thw"": [[1, 60, 28]], ""processed_hw"": [[960, 448]], ""visual_tokens"": 420}",same_correct
train_3888.jpg,a,a,False,False,a,True,True,g_train_3888.jpg,text_other,"{""original_size"": [720, 960], ""grid_thw"": [[1, 48, 36]], ""processed_hw"": [[768, 576]], ""visual_tokens"": 432}",a,a,False,False,a,True,True,g_train_3888.jpg,text_other,"{""original_size"": [720, 960], ""grid_thw"": [[1, 48, 36]], ""processed_hw"": [[768, 576]], ""visual_tokens"": 432}",same_correct
train_3892.jpg,d,d,False,False,d,True,True,g_train_3892.jpg,price,"{""original_size"": [960, 720], ""grid_thw"": [[1, 36, 48]], ""processed_hw"": [[576, 768]], ""visual_tokens"": 432}",d,d,False,False,d,True,True,g_train_3892.jpg,price,"{""original_size"": [960, 720], ""grid_thw"": [[1, 36, 48]], ""processed_hw"": [[576, 768]], ""visual_tokens"": 432}",same_correct
train_3899.jpg,a,a,False,False,a,True,True,g_train_3899.jpg,text_other,"{""original_size"": [720, 960], ""grid_thw"": [[1, 48, 36]], ""processed_hw"": [[768, 576]], ""visual_tokens"": 432}",a,a,False,False,a,True,True,g_train_3899.jpg,text_other,"{""original_size"": [720, 960], ""grid_thw"": [[1, 48, 36]], ""processed_hw"": [[768, 576]], ""visual_tokens"": 432}",same_correct
train_3913.jpg,d,d,False,False,d,True,True,g_train_3913.jpg,price,"{""original_size"": [720, 960], ""grid_thw"": [[1, 48, 36]], ""processed_hw"": [[768, 576]], ""visual_tokens"": 432}",a,a,False,False,d,False,False,g_train_3913.jpg,price,"{""original_size"": [720, 960], ""grid_thw"": [[1, 48, 36]], ""processed_hw"": [[768, 576]], ""visual_tokens"": 432}",loss
train_3927.jpg,b,b,False,False,b,True,True,g_train_3927.jpg,text_other,"{""original_size"": [720, 960], ""grid_thw"": [[1, 48, 36]], ""processed_hw"": [[768, 576]], ""visual_tokens"": 432}",b,b,False,False,b,True,True,g_train_3927.jpg,text_other,"{""original_size"": [720, 960], ""grid_thw"": [[1, 48, 36]], ""processed_hw"": [[768, 576]], ""visual_tokens"": 432}",same_correct
train_3946.jpg,c,c,False,False,c,True,True,g_train_3946.jpg,number,"{""original_size"": [720, 960], ""grid_thw"": [[1, 48, 36]], ""processed_hw"": [[768, 576]], ""visual_tokens"": 432}",c,c,False,False,c,True,True,g_train_3946.jpg,number,"{""original_size"": [720, 960], ""grid_thw"": [[1, 48, 36]], ""processed_hw"": [[768, 576]], ""visual_tokens"": 432}",same_correct
train_3972.jpg,b,b,False,False,b,True,True,g_train_3972.jpg,text_other,"{""original_size"": [960, 720], ""grid_thw"": [[1, 36, 48]], ""processed_hw"": [[576, 768]], ""visual_tokens"": 432}",b,b,False,False,b,True,True,g_train_3972.jpg,text_other,"{""original_size"": [960, 720], ""grid_thw"": [[1, 36, 48]], ""processed_hw"": [[576, 768]], ""visual_tokens"": 432}",same_correct
train_3976.jpg,c,c,False,False,c,True,True,g_train_3976.jpg,text_other,"{""original_size"": [720, 960], ""grid_thw"": [[1, 48, 36]], ""processed_hw"": [[768, 576]], ""visual_tokens"": 432}",c,c,False,False,c,True,True,g_train_3976.jpg,text_other,"{""original_size"": [720, 960], ""grid_thw"": [[1, 48, 36]], ""processed_hw"": [[768, 576]], ""visual_tokens"": 432}",same_correct
train_3989.jpg,b,b,False,False,b,True,True,g_train_3989.jpg,text_other,"{""original_size"": [1280, 720], ""grid_thw"": [[1, 30, 56]], ""processed_hw"": [[480, 896]], ""visual_tokens"": 420}",b,b,False,False,b,True,True,g_train_3989.jpg,text_other,"{""original_size"": [1280, 720], ""grid_thw"": [[1, 30, 56]], ""processed_hw"": [[480, 896]], ""visual_tokens"": 420}",same_correct
train_3992.jpg,b,b,False,False,b,True,True,g_train_3992.jpg,price,"{""original_size"": [720, 1282], ""grid_thw"": [[1, 56, 30]], ""processed_hw"": [[896, 480]], ""visual_tokens"": 420}",b,b,False,False,b,True,True,g_train_3992.jpg,price,"{""original_size"": [720, 1282], ""grid_thw"": [[1, 56, 30]], ""processed_hw"": [[896, 480]], ""visual_tokens"": 420}",same_correct
train_4007.jpg,c,c,False,False,c,True,True,g_train_4007.jpg,text_other,"{""original_size"": [720, 960], ""grid_thw"": [[1, 48, 36]], ""processed_hw"": [[768, 576]], ""visual_tokens"": 432}",c,c,False,False,c,True,True,g_train_4007.jpg,text_other,"{""original_size"": [720, 960], ""grid_thw"": [[1, 48, 36]], ""processed_hw"": [[768, 576]], ""visual_tokens"": 432}",same_correct
train_4014.jpg,c,c,False,False,c,True,True,g_train_4014.jpg,number,"{""original_size"": [1280, 720], ""grid_thw"": [[1, 30, 56]], ""processed_hw"": [[480, 896]], ""visual_tokens"": 420}",c,c,False,False,c,True,True,g_train_4014.jpg,number,"{""original_size"": [1280, 720], ""grid_thw"": [[1, 30, 56]], ""processed_hw"": [[480, 896]], ""visual_tokens"": 420}",same_correct
train_4016.jpg,c,c,False,False,c,True,True,g_train_4016.jpg,price,"{""original_size"": [720, 960], ""grid_thw"": [[1, 48, 36]], ""processed_hw"": [[768, 576]], ""visual_tokens"": 432}",c,c,False,False,c,True,True,g_train_4016.jpg,price,"{""original_size"": [720, 960], ""grid_thw"": [[1, 48, 36]], ""processed_hw"": [[768, 576]], ""visual_tokens"": 432}",same_correct
train_4032.jpg,b,b,False,False,b,True,True,g_train_4032.jpg,text_other,"{""original_size"": [960, 720], ""grid_thw"": [[1, 36, 48]], ""processed_hw"": [[576, 768]], ""visual_tokens"": 432}",b,b,False,False,b,True,True,g_train_4032.jpg,text_other,"{""original_size"": [960, 720], ""grid_thw"": [[1, 36, 48]], ""processed_hw"": [[576, 768]], ""visual_tokens"": 432}",same_correct
train_4049.jpg,a,a,False,False,a,True,True,g_train_4049.jpg,text_other,"{""original_size"": [720, 720], ""grid_thw"": [[1, 42, 42]], ""processed_hw"": [[672, 672]], ""visual_tokens"": 441}",a,a,False,False,a,True,True,g_train_4049.jpg,text_other,"{""original_size"": [720, 720], ""grid_thw"": [[1, 42, 42]], ""processed_hw"": [[672, 672]], ""visual_tokens"": 441}",same_correct
train_4052.jpg,d,d,False,False,d,True,True,g_train_4052.jpg,text_other,"{""original_size"": [720, 720], ""grid_thw"": [[1, 42, 42]], ""processed_hw"": [[672, 672]], ""visual_tokens"": 441}",d,d,False,False,d,True,True,g_train_4052.jpg,text_other,"{""original_size"": [720, 720], ""grid_thw"": [[1, 42, 42]], ""processed_hw"": [[672, 672]], ""visual_tokens"": 441}",same_correct
train_4113.jpg,b,b,False,False,b,True,True,g_train_4113.jpg,position,"{""original_size"": [720, 960], ""grid_thw"": [[1, 48, 36]], ""processed_hw"": [[768, 576]], ""visual_tokens"": 432}",b,b,False,False,b,True,True,g_train_4113.jpg,position,"{""original_size"": [720, 960], ""grid_thw"": [[1, 48, 36]], ""processed_hw"": [[768, 576]], ""visual_tokens"": 432}",same_correct
train_4123.jpg,a,a,False,False,a,True,True,g_train_4123.jpg,position,"{""original_size"": [720, 1279], ""grid_thw"": [[1, 54, 30]], ""processed_hw"": [[864, 480]], ""visual_tokens"": 405}",a,a,False,False,a,True,True,g_train_4123.jpg,position,"{""original_size"": [720, 1279], ""grid_thw"": [[1, 54, 30]], ""processed_hw"": [[864, 480]], ""visual_tokens"": 405}",same_correct
train_4126.jpg,a,a,False,False,a,True,True,g_train_4126.jpg,position,"{""original_size"": [720, 960], ""grid_thw"": [[1, 48, 36]], ""processed_hw"": [[768, 576]], ""visual_tokens"": 432}",a,a,False,False,a,True,True,g_train_4126.jpg,position,"{""original_size"": [720, 960], ""grid_thw"": [[1, 48, 36]], ""processed_hw"": [[768, 576]], ""visual_tokens"": 432}",same_correct
train_4171.jpg,d,d,False,False,d,True,True,g_train_4171.jpg,position,"{""original_size"": [720, 960], ""grid_thw"": [[1, 48, 36]], ""processed_hw"": [[768, 576]], ""visual_tokens"": 432}",d,d,False,False,d,True,True,g_train_4171.jpg,position,"{""original_size"": [720, 960], ""grid_thw"": [[1, 48, 36]], ""processed_hw"": [[768, 576]], ""visual_tokens"": 432}",same_correct
train_4172.jpg,a,a,False,False,a,True,True,g_train_4172.jpg,text_other,"{""original_size"": [720, 960], ""grid_thw"": [[1, 48, 36]], ""processed_hw"": [[768, 576]], ""visual_tokens"": 432}",a,a,False,False,a,True,True,g_train_4172.jpg,text_other,"{""original_size"": [720, 960], ""grid_thw"": [[1, 48, 36]], ""processed_hw"": [[768, 576]], ""visual_tokens"": 432}",same_correct
train_4176.jpg,b,b,False,False,b,True,True,g_train_4176.jpg,price,"{""original_size"": [720, 960], ""grid_thw"": [[1, 48, 36]], ""processed_hw"": [[768, 576]], ""visual_tokens"": 432}",b,b,False,False,b,True,True,g_train_4176.jpg,price,"{""original_size"": [720, 960], ""grid_thw"": [[1, 48, 36]], ""processed_hw"": [[768, 576]], ""visual_tokens"": 432}",same_correct
train_4185.jpg,a,a,False,False,a,True,True,g_train_4185.jpg,negation,"{""original_size"": [720, 960], ""grid_thw"": [[1, 48, 36]], ""processed_hw"": [[768, 576]], ""visual_tokens"": 432}",a,a,False,False,a,True,True,g_train_4185.jpg,negation,"{""original_size"": [720, 960], ""grid_thw"": [[1, 48, 36]], ""processed_hw"": [[768, 576]], ""visual_tokens"": 432}",same_correct
train_4224.jpg,a,a,False,False,a,True,True,g_train_4224.jpg,text_other,"{""original_size"": [960, 720], ""grid_thw"": [[1, 36, 48]], ""processed_hw"": [[576, 768]], ""visual_tokens"": 432}",a,a,False,False,a,True,True,g_train_4224.jpg,text_other,"{""original_size"": [960, 720], ""grid_thw"": [[1, 36, 48]], ""processed_hw"": [[576, 768]], ""visual_tokens"": 432}",same_correct
train_4249.jpg,c,c,False,False,c,True,True,g_train_4249.jpg,text_other,"{""original_size"": [960, 720], ""grid_thw"": [[1, 36, 48]], ""processed_hw"": [[576, 768]], ""visual_tokens"": 432}",c,c,False,False,c,True,True,g_train_4249.jpg,text_other,"{""original_size"": [960, 720], ""grid_thw"": [[1, 36, 48]], ""processed_hw"": [[576, 768]], ""visual_tokens"": 432}",same_correct
train_4294.jpg,b,b,False,False,b,True,True,g_train_4294.jpg,price,"{""original_size"": [960, 720], ""grid_thw"": [[1, 36, 48]], ""processed_hw"": [[576, 768]], ""visual_tokens"": 432}",b,b,False,False,b,True,True,g_train_4294.jpg,price,"{""original_size"": [960, 720], ""grid_thw"": [[1, 36, 48]], ""processed_hw"": [[576, 768]], ""visual_tokens"": 432}",same_correct
train_4316.jpg,a,a,False,False,a,True,True,g_train_4316.jpg,text_other,"{""original_size"": [720, 960], ""grid_thw"": [[1, 48, 36]], ""processed_hw"": [[768, 576]], ""visual_tokens"": 432}",a,a,False,False,a,True,True,g_train_4316.jpg,text_other,"{""original_size"": [720, 960], ""grid_thw"": [[1, 48, 36]], ""processed_hw"": [[768, 576]], ""visual_tokens"": 432}",same_correct
train_4353.jpg,b,b,False,False,b,True,True,g_train_4353.jpg,number,"{""original_size"": [720, 960], ""grid_thw"": [[1, 48, 36]], ""processed_hw"": [[768, 576]], ""visual_tokens"": 432}",b,b,False,False,b,True,True,g_train_4353.jpg,number,"{""original_size"": [720, 960], ""grid_thw"": [[1, 48, 36]], ""processed_hw"": [[768, 576]], ""visual_tokens"": 432}",same_correct
train_4381.jpg,d,d,False,False,d,True,True,g_train_4381.jpg,text_other,"{""original_size"": [720, 960], ""grid_thw"": [[1, 48, 36]], ""processed_hw"": [[768, 576]], ""visual_tokens"": 432}",d,d,False,False,d,True,True,g_train_4381.jpg,text_other,"{""original_size"": [720, 960], ""grid_thw"": [[1, 48, 36]], ""processed_hw"": [[768, 576]], ""visual_tokens"": 432}",same_correct
train_4407.jpg,a,a,False,False,a,True,True,g_train_4407.jpg,text_other,"{""original_size"": [960, 720], ""grid_thw"": [[1, 36, 48]], ""processed_hw"": [[576, 768]], ""visual_tokens"": 432}",a,a,False,False,a,True,True,g_train_4407.jpg,text_other,"{""original_size"": [960, 720], ""grid_thw"": [[1, 36, 48]], ""processed_hw"": [[576, 768]], ""visual_tokens"": 432}",same_correct
train_4410.jpg,b,b,False,False,b,True,True,g_train_4410.jpg,negation,"{""original_size"": [720, 960], ""grid_thw"": [[1, 48, 36]], ""processed_hw"": [[768, 576]], ""visual_tokens"": 432}",b,b,False,False,b,True,True,g_train_4410.jpg,negation,"{""original_size"": [720, 960], ""grid_thw"": [[1, 48, 36]], ""processed_hw"": [[768, 576]], ""visual_tokens"": 432}",same_correct
train_4436.jpg,c,c,False,False,c,True,True,g_train_4436.jpg,text_other,"{""original_size"": [960, 720], ""grid_thw"": [[1, 36, 48]], ""processed_hw"": [[576, 768]], ""visual_tokens"": 432}",c,c,False,False,c,True,True,g_train_4436.jpg,text_other,"{""original_size"": [960, 720], ""grid_thw"": [[1, 36, 48]], ""processed_hw"": [[576, 768]], ""visual_tokens"": 432}",same_correct
train_4459.jpg,d,d,False,False,d,True,True,g_train_4459.jpg,text_other,"{""original_size"": [720, 960], ""grid_thw"": [[1, 48, 36]], ""processed_hw"": [[768, 576]], ""visual_tokens"": 432}",d,d,False,False,d,True,True,g_train_4459.jpg,text_other,"{""original_size"": [720, 960], ""grid_thw"": [[1, 48, 36]], ""processed_hw"": [[768, 576]], ""visual_tokens"": 432}",same_correct
train_4467.jpg,a,a,False,False,a,True,True,g_train_4467.jpg,price,"{""original_size"": [720, 960], ""grid_thw"": [[1, 48, 36]], ""processed_hw"": [[768, 576]], ""visual_tokens"": 432}",a,a,False,False,a,True,True,g_train_4467.jpg,price,"{""original_size"": [720, 960], ""grid_thw"": [[1, 48, 36]], ""processed_hw"": [[768, 576]], ""visual_tokens"": 432}",same_correct
train_4487.jpg,c,c,False,False,c,True,True,g_train_4487.jpg,position,"{""original_size"": [720, 960], ""grid_thw"": [[1, 48, 36]], ""processed_hw"": [[768, 576]], ""visual_tokens"": 432}",c,c,False,False,c,True,True,g_train_4487.jpg,position,"{""original_size"": [720, 960], ""grid_thw"": [[1, 48, 36]], ""processed_hw"": [[768, 576]], ""visual_tokens"": 432}",same_correct
train_4494.jpg,b,b,False,False,b,True,True,g_train_4494.jpg,price,"{""original_size"": [720, 960], ""grid_thw"": [[1, 48, 36]], ""processed_hw"": [[768, 576]], ""visual_tokens"": 432}",b,b,False,False,b,True,True,g_train_4494.jpg,price,"{""original_size"": [720, 960], ""grid_thw"": [[1, 48, 36]], ""processed_hw"": [[768, 576]], ""visual_tokens"": 432}",same_correct
train_4504.jpg,c,c,False,False,c,True,True,g_train_4504.jpg,text_other,"{""original_size"": [960, 720], ""grid_thw"": [[1, 36, 48]], ""processed_hw"": [[576, 768]], ""visual_tokens"": 432}",c,c,False,False,c,True,True,g_train_4504.jpg,text_other,"{""original_size"": [960, 720], ""grid_thw"": [[1, 36, 48]], ""processed_hw"": [[576, 768]], ""visual_tokens"": 432}",same_correct
train_4505.jpg,d,d,False,False,a,False,False,g_train_4505.jpg,text_other,"{""original_size"": [720, 720], ""grid_thw"": [[1, 42, 42]], ""processed_hw"": [[672, 672]], ""visual_tokens"": 441}",d,d,False,False,a,False,False,g_train_4505.jpg,text_other,"{""original_size"": [720, 720], ""grid_thw"": [[1, 42, 42]], ""processed_hw"": [[672, 672]], ""visual_tokens"": 441}",same_wrong
train_4519.jpg,c,c,False,False,c,True,True,g_train_4519.jpg,position,"{""original_size"": [960, 720], ""grid_thw"": [[1, 36, 48]], ""processed_hw"": [[576, 768]], ""visual_tokens"": 432}",c,c,False,False,c,True,True,g_train_4519.jpg,position,"{""original_size"": [960, 720], ""grid_thw"": [[1, 36, 48]], ""processed_hw"": [[576, 768]], ""visual_tokens"": 432}",same_correct
train_4532.jpg,b,b,False,False,b,True,True,g_train_4532.jpg,price,"{""original_size"": [720, 960], ""grid_thw"": [[1, 48, 36]], ""processed_hw"": [[768, 576]], ""visual_tokens"": 432}",b,b,False,False,b,True,True,g_train_4532.jpg,price,"{""original_size"": [720, 960], ""grid_thw"": [[1, 48, 36]], ""processed_hw"": [[768, 576]], ""visual_tokens"": 432}",same_correct
train_4533.jpg,a,a,False,False,a,True,True,g_train_4533.jpg,number,"{""original_size"": [720, 960], ""grid_thw"": [[1, 48, 36]], ""processed_hw"": [[768, 576]], ""visual_tokens"": 432}",a,a,False,False,a,True,True,g_train_4533.jpg,number,"{""original_size"": [720, 960], ""grid_thw"": [[1, 48, 36]], ""processed_hw"": [[768, 576]], ""visual_tokens"": 432}",same_correct
train_4537.jpg,a,a,False,False,a,True,True,g_train_4537.jpg,position,"{""original_size"": [720, 960], ""grid_thw"": [[1, 48, 36]], ""processed_hw"": [[768, 576]], ""visual_tokens"": 432}",a,a,False,False,a,True,True,g_train_4537.jpg,position,"{""original_size"": [720, 960], ""grid_thw"": [[1, 48, 36]], ""processed_hw"": [[768, 576]], ""visual_tokens"": 432}",same_correct
train_4560.jpg,c,c,False,False,c,True,True,g_train_4560.jpg,text_other,"{""original_size"": [720, 960], ""grid_thw"": [[1, 48, 36]], ""processed_hw"": [[768, 576]], ""visual_tokens"": 432}",c,c,False,False,c,True,True,g_train_4560.jpg,text_other,"{""original_size"": [720, 960], ""grid_thw"": [[1, 48, 36]], ""processed_hw"": [[768, 576]], ""visual_tokens"": 432}",same_correct
train_4572.jpg,d,d,False,False,d,True,True,g_train_4572.jpg,text_other,"{""original_size"": [720, 960], ""grid_thw"": [[1, 48, 36]], ""processed_hw"": [[768, 576]], ""visual_tokens"": 432}",d,d,False,False,d,True,True,g_train_4572.jpg,text_other,"{""original_size"": [720, 960], ""grid_thw"": [[1, 48, 36]], ""processed_hw"": [[768, 576]], ""visual_tokens"": 432}",same_correct
train_4574.jpg,d,d,False,False,d,True,True,g_train_4574.jpg,text_other,"{""original_size"": [720, 959], ""grid_thw"": [[1, 48, 36]], ""processed_hw"": [[768, 576]], ""visual_tokens"": 432}",d,d,False,False,d,True,True,g_train_4574.jpg,text_other,"{""original_size"": [720, 959], ""grid_thw"": [[1, 48, 36]], ""processed_hw"": [[768, 576]], ""visual_tokens"": 432}",same_correct
train_4579.jpg,c,c,False,False,c,True,True,g_train_4579.jpg,text_other,"{""original_size"": [960, 720], ""grid_thw"": [[1, 36, 48]], ""processed_hw"": [[576, 768]], ""visual_tokens"": 432}",c,c,False,False,c,True,True,g_train_4579.jpg,text_other,"{""original_size"": [960, 720], ""grid_thw"": [[1, 36, 48]], ""processed_hw"": [[576, 768]], ""visual_tokens"": 432}",same_correct
train_4600.jpg,a,a,False,False,a,True,True,g_train_4600.jpg,price,"{""original_size"": [720, 960], ""grid_thw"": [[1, 48, 36]], ""processed_hw"": [[768, 576]], ""visual_tokens"": 432}",a,a,False,False,a,True,True,g_train_4600.jpg,price,"{""original_size"": [720, 960], ""grid_thw"": [[1, 48, 36]], ""processed_hw"": [[768, 576]], ""visual_tokens"": 432}",same_correct
train_4610.jpg,b,b,False,False,b,True,True,g_train_4610.jpg,text_other,"{""original_size"": [960, 720], ""grid_thw"": [[1, 36, 48]], ""processed_hw"": [[576, 768]], ""visual_tokens"": 432}",b,b,False,False,b,True,True,g_train_4610.jpg,text_other,"{""original_size"": [960, 720], ""grid_thw"": [[1, 36, 48]], ""processed_hw"": [[576, 768]], ""visual_tokens"": 432}",same_correct
train_4619.jpg,a,a,False,False,a,True,True,g_train_4619.jpg,text_other,"{""original_size"": [960, 720], ""grid_thw"": [[1, 36, 48]], ""processed_hw"": [[576, 768]], ""visual_tokens"": 432}",a,a,False,False,a,True,True,g_train_4619.jpg,text_other,"{""original_size"": [960, 720], ""grid_thw"": [[1, 36, 48]], ""processed_hw"": [[576, 768]], ""visual_tokens"": 432}",same_correct
train_4632.jpg,b,b,False,False,b,True,True,g_train_4632.jpg,price,"{""original_size"": [960, 720], ""grid_thw"": [[1, 36, 48]], ""processed_hw"": [[576, 768]], ""visual_tokens"": 432}",b,b,False,False,b,True,True,g_train_4632.jpg,price,"{""original_size"": [960, 720], ""grid_thw"": [[1, 36, 48]], ""processed_hw"": [[576, 768]], ""visual_tokens"": 432}",same_correct
train_4634.jpg,c,c,False,False,c,True,True,g_train_4634.jpg,text_other,"{""original_size"": [960, 720], ""grid_thw"": [[1, 36, 48]], ""processed_hw"": [[576, 768]], ""visual_tokens"": 432}",c,c,False,False,c,True,True,g_train_4634.jpg,text_other,"{""original_size"": [960, 720], ""grid_thw"": [[1, 36, 48]], ""processed_hw"": [[576, 768]], ""visual_tokens"": 432}",same_correct
train_4654.jpg,a,a,False,False,a,True,True,g_train_4654.jpg,price,"{""original_size"": [720, 1559], ""grid_thw"": [[1, 60, 28]], ""processed_hw"": [[960, 448]], ""visual_tokens"": 420}",a,a,False,False,a,True,True,g_train_4654.jpg,price,"{""original_size"": [720, 1559], ""grid_thw"": [[1, 60, 28]], ""processed_hw"": [[960, 448]], ""visual_tokens"": 420}",same_correct
train_4669.jpg,c,c,False,False,c,True,True,g_train_4669.jpg,text_other,"{""original_size"": [720, 960], ""grid_thw"": [[1, 48, 36]], ""processed_hw"": [[768, 576]], ""visual_tokens"": 432}",c,c,False,False,c,True,True,g_train_4669.jpg,text_other,"{""original_size"": [720, 960], ""grid_thw"": [[1, 48, 36]], ""processed_hw"": [[768, 576]], ""visual_tokens"": 432}",same_correct
train_4673.jpg,a,a,False,False,a,True,True,g_train_4673.jpg,text_other,"{""original_size"": [960, 720], ""grid_thw"": [[1, 36, 48]], ""processed_hw"": [[576, 768]], ""visual_tokens"": 432}",a,a,False,False,a,True,True,g_train_4673.jpg,text_other,"{""original_size"": [960, 720], ""grid_thw"": [[1, 36, 48]], ""processed_hw"": [[576, 768]], ""visual_tokens"": 432}",same_correct
train_4682.jpg,c,c,False,False,c,True,True,g_train_4682.jpg,text_other,"{""original_size"": [960, 720], ""grid_thw"": [[1, 36, 48]], ""processed_hw"": [[576, 768]], ""visual_tokens"": 432}",c,c,False,False,c,True,True,g_train_4682.jpg,text_other,"{""original_size"": [960, 720], ""grid_thw"": [[1, 36, 48]], ""processed_hw"": [[576, 768]], ""visual_tokens"": 432}",same_correct
train_4686.jpg,c,c,False,False,c,True,True,g_train_4686.jpg,price,"{""original_size"": [960, 720], ""grid_thw"": [[1, 36, 48]], ""processed_hw"": [[576, 768]], ""visual_tokens"": 432}",c,c,False,False,c,True,True,g_train_4686.jpg,price,"{""original_size"": [960, 720], ""grid_thw"": [[1, 36, 48]], ""processed_hw"": [[576, 768]], ""visual_tokens"": 432}",same_correct
train_4704.jpg,c,c,False,False,c,True,True,g_train_4704.jpg,text_other,"{""original_size"": [720, 960], ""grid_thw"": [[1, 48, 36]], ""processed_hw"": [[768, 576]], ""visual_tokens"": 432}",c,c,False,False,c,True,True,g_train_4704.jpg,text_other,"{""original_size"": [720, 960], ""grid_thw"": [[1, 48, 36]], ""processed_hw"": [[768, 576]], ""visual_tokens"": 432}",same_correct
train_4710.jpg,b,b,False,False,b,True,True,g_train_4710.jpg,number,"{""original_size"": [960, 720], ""grid_thw"": [[1, 36, 48]], ""processed_hw"": [[576, 768]], ""visual_tokens"": 432}",b,b,False,False,b,True,True,g_train_4710.jpg,number,"{""original_size"": [960, 720], ""grid_thw"": [[1, 36, 48]], ""processed_hw"": [[576, 768]], ""visual_tokens"": 432}",same_correct
train_4725.jpg,d,d,False,False,d,True,True,g_train_4725.jpg,position,"{""original_size"": [720, 960], ""grid_thw"": [[1, 48, 36]], ""processed_hw"": [[768, 576]], ""visual_tokens"": 432}",d,d,False,False,d,True,True,g_train_4725.jpg,position,"{""original_size"": [720, 960], ""grid_thw"": [[1, 48, 36]], ""processed_hw"": [[768, 576]], ""visual_tokens"": 432}",same_correct
train_4727.jpg,a,a,False,False,a,True,True,g_train_4727.jpg,text_other,"{""original_size"": [720, 960], ""grid_thw"": [[1, 48, 36]], ""processed_hw"": [[768, 576]], ""visual_tokens"": 432}",a,a,False,False,a,True,True,g_train_4727.jpg,text_other,"{""original_size"": [720, 960], ""grid_thw"": [[1, 48, 36]], ""processed_hw"": [[768, 576]], ""visual_tokens"": 432}",same_correct
train_4746.jpg,a,a,False,False,a,True,True,g_train_4746.jpg,text_other,"{""original_size"": [720, 960], ""grid_thw"": [[1, 48, 36]], ""processed_hw"": [[768, 576]], ""visual_tokens"": 432}",a,a,False,False,a,True,True,g_train_4746.jpg,text_other,"{""original_size"": [720, 960], ""grid_thw"": [[1, 48, 36]], ""processed_hw"": [[768, 576]], ""visual_tokens"": 432}",same_correct
train_4755.jpg,a,a,False,False,d,False,False,g_train_4755.jpg,number,"{""original_size"": [720, 720], ""grid_thw"": [[1, 42, 42]], ""processed_hw"": [[672, 672]], ""visual_tokens"": 441}",a,a,False,False,d,False,False,g_train_4755.jpg,number,"{""original_size"": [720, 720], ""grid_thw"": [[1, 42, 42]], ""processed_hw"": [[672, 672]], ""visual_tokens"": 441}",same_wrong
train_4761.jpg,c,c,False,False,c,True,True,g_train_4761.jpg,negation,"{""original_size"": [960, 720], ""grid_thw"": [[1, 36, 48]], ""processed_hw"": [[576, 768]], ""visual_tokens"": 432}",c,c,False,False,c,True,True,g_train_4761.jpg,negation,"{""original_size"": [960, 720], ""grid_thw"": [[1, 36, 48]], ""processed_hw"": [[576, 768]], ""visual_tokens"": 432}",same_correct
train_4767.jpg,d,d,False,False,d,True,True,g_train_4767.jpg,number,"{""original_size"": [720, 960], ""grid_thw"": [[1, 48, 36]], ""processed_hw"": [[768, 576]], ""visual_tokens"": 432}",d,d,False,False,d,True,True,g_train_4767.jpg,number,"{""original_size"": [720, 960], ""grid_thw"": [[1, 48, 36]], ""processed_hw"": [[768, 576]], ""visual_tokens"": 432}",same_correct
train_4808.jpg,d,d,False,False,d,True,True,g_train_4808.jpg,text_other,"{""original_size"": [960, 720], ""grid_thw"": [[1, 36, 48]], ""processed_hw"": [[576, 768]], ""visual_tokens"": 432}",d,d,False,False,d,True,True,g_train_4808.jpg,text_other,"{""original_size"": [960, 720], ""grid_thw"": [[1, 36, 48]], ""processed_hw"": [[576, 768]], ""visual_tokens"": 432}",same_correct
train_4811.jpg,a,a,False,False,a,True,True,g_train_4811.jpg,number,"{""original_size"": [720, 960], ""grid_thw"": [[1, 48, 36]], ""processed_hw"": [[768, 576]], ""visual_tokens"": 432}",a,a,False,False,a,True,True,g_train_4811.jpg,number,"{""original_size"": [720, 960], ""grid_thw"": [[1, 48, 36]], ""processed_hw"": [[768, 576]], ""visual_tokens"": 432}",same_correct
train_4826.jpg,d,d,False,False,d,True,True,g_train_4826.jpg,text_other,"{""original_size"": [1080, 720], ""grid_thw"": [[1, 34, 50]], ""processed_hw"": [[544, 800]], ""visual_tokens"": 425}",d,d,False,False,d,True,True,g_train_4826.jpg,text_other,"{""original_size"": [1080, 720], ""grid_thw"": [[1, 34, 50]], ""processed_hw"": [[544, 800]], ""visual_tokens"": 425}",same_correct
train_4840.jpg,b,b,False,False,b,True,True,g_train_4840.jpg,text_other,"{""original_size"": [720, 960], ""grid_thw"": [[1, 48, 36]], ""processed_hw"": [[768, 576]], ""visual_tokens"": 432}",b,b,False,False,b,True,True,g_train_4840.jpg,text_other,"{""original_size"": [720, 960], ""grid_thw"": [[1, 48, 36]], ""processed_hw"": [[768, 576]], ""visual_tokens"": 432}",same_correct
train_4862.jpg,c,c,False,False,c,True,True,g_train_4862.jpg,text_other,"{""original_size"": [960, 720], ""grid_thw"": [[1, 36, 48]], ""processed_hw"": [[576, 768]], ""visual_tokens"": 432}",c,c,False,False,c,True,True,g_train_4862.jpg,text_other,"{""original_size"": [960, 720], ""grid_thw"": [[1, 36, 48]], ""processed_hw"": [[576, 768]], ""visual_tokens"": 432}",same_correct
train_4863.jpg,a,a,False,False,a,True,True,g_train_4863.jpg,negation,"{""original_size"": [720, 960], ""grid_thw"": [[1, 48, 36]], ""processed_hw"": [[768, 576]], ""visual_tokens"": 432}",a,a,False,False,a,True,True,g_train_4863.jpg,negation,"{""original_size"": [720, 960], ""grid_thw"": [[1, 48, 36]], ""processed_hw"": [[768, 576]], ""visual_tokens"": 432}",same_correct
train_4887.jpg,b,b,False,False,b,True,True,g_train_4887.jpg,text_other,"{""original_size"": [720, 960], ""grid_thw"": [[1, 48, 36]], ""processed_hw"": [[768, 576]], ""visual_tokens"": 432}",b,b,False,False,b,True,True,g_train_4887.jpg,text_other,"{""original_size"": [720, 960], ""grid_thw"": [[1, 48, 36]], ""processed_hw"": [[768, 576]], ""visual_tokens"": 432}",same_correct
train_4902.jpg,d,d,False,False,d,True,True,g_train_4902.jpg,text_other,"{""original_size"": [720, 960], ""grid_thw"": [[1, 48, 36]], ""processed_hw"": [[768, 576]], ""visual_tokens"": 432}",d,d,False,False,d,True,True,g_train_4902.jpg,text_other,"{""original_size"": [720, 960], ""grid_thw"": [[1, 48, 36]], ""processed_hw"": [[768, 576]], ""visual_tokens"": 432}",same_correct
train_4938.jpg,d,d,False,False,d,True,True,g_train_4938.jpg,position,"{""original_size"": [960, 720], ""grid_thw"": [[1, 36, 48]], ""processed_hw"": [[576, 768]], ""visual_tokens"": 432}",d,d,False,False,d,True,True,g_train_4938.jpg,position,"{""original_size"": [960, 720], ""grid_thw"": [[1, 36, 48]], ""processed_hw"": [[576, 768]], ""visual_tokens"": 432}",same_correct
train_4941.jpg,d,d,False,False,d,True,True,g_train_4941.jpg,number,"{""original_size"": [960, 720], ""grid_thw"": [[1, 36, 48]], ""processed_hw"": [[576, 768]], ""visual_tokens"": 432}",d,d,False,False,d,True,True,g_train_4941.jpg,number,"{""original_size"": [960, 720], ""grid_thw"": [[1, 36, 48]], ""processed_hw"": [[576, 768]], ""visual_tokens"": 432}",same_correct
train_4976.jpg,c,c,False,False,c,True,True,g_train_4976.jpg,number,"{""original_size"": [720, 960], ""grid_thw"": [[1, 48, 36]], ""processed_hw"": [[768, 576]], ""visual_tokens"": 432}",c,c,False,False,c,True,True,g_train_4976.jpg,number,"{""original_size"": [720, 960], ""grid_thw"": [[1, 48, 36]], ""processed_hw"": [[768, 576]], ""visual_tokens"": 432}",same_correct
train_4994.jpg,b,b,False,False,b,True,True,g_train_4994.jpg,position,"{""original_size"": [720, 960], ""grid_thw"": [[1, 48, 36]], ""processed_hw"": [[768, 576]], ""visual_tokens"": 432}",b,b,False,False,b,True,True,g_train_4994.jpg,position,"{""original_size"": [720, 960], ""grid_thw"": [[1, 48, 36]], ""processed_hw"": [[768, 576]], ""visual_tokens"": 432}",same_correct
train_5007.jpg,a,a,False,False,a,True,True,g_train_5007.jpg,position,"{""original_size"": [960, 720], ""grid_thw"": [[1, 36, 48]], ""processed_hw"": [[576, 768]], ""visual_tokens"": 432}",a,a,False,False,a,True,True,g_train_5007.jpg,position,"{""original_size"": [960, 720], ""grid_thw"": [[1, 36, 48]], ""processed_hw"": [[576, 768]], ""visual_tokens"": 432}",same_correct
train_5070.jpg,a,a,False,False,a,True,True,g_train_5070.jpg,text_other,"{""original_size"": [720, 1560], ""grid_thw"": [[1, 60, 28]], ""processed_hw"": [[960, 448]], ""visual_tokens"": 420}",a,a,False,False,a,True,True,g_train_5070.jpg,text_other,"{""original_size"": [720, 1560], ""grid_thw"": [[1, 60, 28]], ""processed_hw"": [[960, 448]], ""visual_tokens"": 420}",same_correct
train_5073.jpg,b,b,False,False,b,True,True,g_train_5073.jpg,text_other,"{""original_size"": [1280, 720], ""grid_thw"": [[1, 30, 56]], ""processed_hw"": [[480, 896]], ""visual_tokens"": 420}",b,b,False,False,b,True,True,g_train_5073.jpg,text_other,"{""original_size"": [1280, 720], ""grid_thw"": [[1, 30, 56]], ""processed_hw"": [[480, 896]], ""visual_tokens"": 420}",same_correct
train_5082.jpg,d,d,False,False,d,True,True,g_train_5082.jpg,text_other,"{""original_size"": [960, 720], ""grid_thw"": [[1, 36, 48]], ""processed_hw"": [[576, 768]], ""visual_tokens"": 432}",d,d,False,False,d,True,True,g_train_5082.jpg,text_other,"{""original_size"": [960, 720], ""grid_thw"": [[1, 36, 48]], ""processed_hw"": [[576, 768]], ""visual_tokens"": 432}",same_correct
train_5084.jpg,b,b,False,False,b,True,True,g_train_5084.jpg,negation,"{""original_size"": [720, 1280], ""grid_thw"": [[1, 56, 30]], ""processed_hw"": [[896, 480]], ""visual_tokens"": 420}",b,b,False,False,b,True,True,g_train_5084.jpg,negation,"{""original_size"": [720, 1280], ""grid_thw"": [[1, 56, 30]], ""processed_hw"": [[896, 480]], ""visual_tokens"": 420}",same_correct
train_5089.jpg,d,d,False,False,d,True,True,g_train_5089.jpg,number,"{""original_size"": [720, 960], ""grid_thw"": [[1, 48, 36]], ""processed_hw"": [[768, 576]], ""visual_tokens"": 432}",d,d,False,False,d,True,True,g_train_5089.jpg,number,"{""original_size"": [720, 960], ""grid_thw"": [[1, 48, 36]], ""processed_hw"": [[768, 576]], ""visual_tokens"": 432}",same_correct
train_5091.jpg,c,c,False,False,c,True,True,g_train_5091.jpg,text_other,"{""original_size"": [720, 960], ""grid_thw"": [[1, 48, 36]], ""processed_hw"": [[768, 576]], ""visual_tokens"": 432}",c,c,False,False,c,True,True,g_train_5091.jpg,text_other,"{""original_size"": [720, 960], ""grid_thw"": [[1, 48, 36]], ""processed_hw"": [[768, 576]], ""visual_tokens"": 432}",same_correct
train_5105.jpg,c,c,False,False,c,True,True,g_train_5105.jpg,negation,"{""original_size"": [720, 1279], ""grid_thw"": [[1, 54, 30]], ""processed_hw"": [[864, 480]], ""visual_tokens"": 405}",c,c,False,False,c,True,True,g_train_5105.jpg,negation,"{""original_size"": [720, 1279], ""grid_thw"": [[1, 54, 30]], ""processed_hw"": [[864, 480]], ""visual_tokens"": 405}",same_correct
train_5111.jpg,c,c,False,False,c,True,True,g_train_5111.jpg,text_other,"{""original_size"": [720, 960], ""grid_thw"": [[1, 48, 36]], ""processed_hw"": [[768, 576]], ""visual_tokens"": 432}",c,c,False,False,c,True,True,g_train_5111.jpg,text_other,"{""original_size"": [720, 960], ""grid_thw"": [[1, 48, 36]], ""processed_hw"": [[768, 576]], ""visual_tokens"": 432}",same_correct
train_5120.jpg,a,a,False,False,a,True,True,g_train_5120.jpg,text_other,"{""original_size"": [960, 720], ""grid_thw"": [[1, 36, 48]], ""processed_hw"": [[576, 768]], ""visual_tokens"": 432}",a,a,False,False,a,True,True,g_train_5120.jpg,text_other,"{""original_size"": [960, 720], ""grid_thw"": [[1, 36, 48]], ""processed_hw"": [[576, 768]], ""visual_tokens"": 432}",same_correct
train_5176.jpg,a,a,False,False,c,False,False,g_train_5176.jpg,text_other,"{""original_size"": [720, 720], ""grid_thw"": [[1, 42, 42]], ""processed_hw"": [[672, 672]], ""visual_tokens"": 441}",a,a,False,False,c,False,False,g_train_5176.jpg,text_other,"{""original_size"": [720, 720], ""grid_thw"": [[1, 42, 42]], ""processed_hw"": [[672, 672]], ""visual_tokens"": 441}",same_wrong
train_5189.jpg,c,c,False,False,c,True,True,g_train_5189.jpg,text_other,"{""original_size"": [1280, 720], ""grid_thw"": [[1, 30, 56]], ""processed_hw"": [[480, 896]], ""visual_tokens"": 420}",c,c,False,False,c,True,True,g_train_5189.jpg,text_other,"{""original_size"": [1280, 720], ""grid_thw"": [[1, 30, 56]], ""processed_hw"": [[480, 896]], ""visual_tokens"": 420}",same_correct
train_5198.jpg,d,d,False,False,d,True,True,g_train_5198.jpg,position,"{""original_size"": [720, 960], ""grid_thw"": [[1, 48, 36]], ""processed_hw"": [[768, 576]], ""visual_tokens"": 432}",d,d,False,False,d,True,True,g_train_5198.jpg,position,"{""original_size"": [720, 960], ""grid_thw"": [[1, 48, 36]], ""processed_hw"": [[768, 576]], ""visual_tokens"": 432}",same_correct
train_5210.jpg,c,c,False,False,c,True,True,g_train_5210.jpg,text_other,"{""original_size"": [960, 720], ""grid_thw"": [[1, 36, 48]], ""processed_hw"": [[576, 768]], ""visual_tokens"": 432}",c,c,False,False,c,True,True,g_train_5210.jpg,text_other,"{""original_size"": [960, 720], ""grid_thw"": [[1, 36, 48]], ""processed_hw"": [[576, 768]], ""visual_tokens"": 432}",same_correct
train_5222.jpg,c,c,False,False,a,False,False,g_train_5222.jpg,position,"{""original_size"": [720, 960], ""grid_thw"": [[1, 48, 36]], ""processed_hw"": [[768, 576]], ""visual_tokens"": 432}",a,a,False,False,a,True,True,g_train_5222.jpg,position,"{""original_size"": [720, 960], ""grid_thw"": [[1, 48, 36]], ""processed_hw"": [[768, 576]], ""visual_tokens"": 432}",gain
train_5237.jpg,d,d,False,False,d,True,True,g_train_5237.jpg,text_other,"{""original_size"": [720, 960], ""grid_thw"": [[1, 48, 36]], ""processed_hw"": [[768, 576]], ""visual_tokens"": 432}",d,d,False,False,d,True,True,g_train_5237.jpg,text_other,"{""original_size"": [720, 960], ""grid_thw"": [[1, 48, 36]], ""processed_hw"": [[768, 576]], ""visual_tokens"": 432}",same_correct
train_5247.jpg,d,d,False,False,c,False,False,g_train_5247.jpg,price,"{""original_size"": [720, 960], ""grid_thw"": [[1, 48, 36]], ""processed_hw"": [[768, 576]], ""visual_tokens"": 432}",d,d,False,False,c,False,False,g_train_5247.jpg,price,"{""original_size"": [720, 960], ""grid_thw"": [[1, 48, 36]], ""processed_hw"": [[768, 576]], ""visual_tokens"": 432}",same_wrong
train_5250.jpg,d,d,False,False,d,True,True,g_train_5250.jpg,text_other,"{""original_size"": [720, 960], ""grid_thw"": [[1, 48, 36]], ""processed_hw"": [[768, 576]], ""visual_tokens"": 432}",d,d,False,False,d,True,True,g_train_5250.jpg,text_other,"{""original_size"": [720, 960], ""grid_thw"": [[1, 48, 36]], ""processed_hw"": [[768, 576]], ""visual_tokens"": 432}",same_correct
train_5266.jpg,d,d,False,False,d,True,True,g_train_5266.jpg,text_other,"{""original_size"": [720, 960], ""grid_thw"": [[1, 48, 36]], ""processed_hw"": [[768, 576]], ""visual_tokens"": 432}",d,d,False,False,d,True,True,g_train_5266.jpg,text_other,"{""original_size"": [720, 960], ""grid_thw"": [[1, 48, 36]], ""processed_hw"": [[768, 576]], ""visual_tokens"": 432}",same_correct
train_5282.jpg,b,b,False,False,c,False,False,g_train_5282.jpg,text_other,"{""original_size"": [720, 960], ""grid_thw"": [[1, 48, 36]], ""processed_hw"": [[768, 576]], ""visual_tokens"": 432}",b,b,False,False,c,False,False,g_train_5282.jpg,text_other,"{""original_size"": [720, 960], ""grid_thw"": [[1, 48, 36]], ""processed_hw"": [[768, 576]], ""visual_tokens"": 432}",same_wrong
train_5292.jpg,d,d,False,False,d,True,True,g_train_5292.jpg,number,"{""original_size"": [720, 1280], ""grid_thw"": [[1, 56, 30]], ""processed_hw"": [[896, 480]], ""visual_tokens"": 420}",d,d,False,False,d,True,True,g_train_5292.jpg,number,"{""original_size"": [720, 1280], ""grid_thw"": [[1, 56, 30]], ""processed_hw"": [[896, 480]], ""visual_tokens"": 420}",same_correct
train_5302.jpg,d,d,False,False,d,True,True,g_train_5302.jpg,position,"{""original_size"": [720, 960], ""grid_thw"": [[1, 48, 36]], ""processed_hw"": [[768, 576]], ""visual_tokens"": 432}",d,d,False,False,d,True,True,g_train_5302.jpg,position,"{""original_size"": [720, 960], ""grid_thw"": [[1, 48, 36]], ""processed_hw"": [[768, 576]], ""visual_tokens"": 432}",same_correct
train_5304.jpg,a,a,False,False,a,True,True,g_train_5304.jpg,text_other,"{""original_size"": [720, 720], ""grid_thw"": [[1, 42, 42]], ""processed_hw"": [[672, 672]], ""visual_tokens"": 441}",a,a,False,False,a,True,True,g_train_5304.jpg,text_other,"{""original_size"": [720, 720], ""grid_thw"": [[1, 42, 42]], ""processed_hw"": [[672, 672]], ""visual_tokens"": 441}",same_correct
train_5325.jpg,c,c,False,False,c,True,True,g_train_5325.jpg,text_other,"{""original_size"": [720, 1138], ""grid_thw"": [[1, 52, 32]], ""processed_hw"": [[832, 512]], ""visual_tokens"": 416}",c,c,False,False,c,True,True,g_train_5325.jpg,text_other,"{""original_size"": [720, 1138], ""grid_thw"": [[1, 52, 32]], ""processed_hw"": [[832, 512]], ""visual_tokens"": 416}",same_correct
train_5350.jpg,b,b,False,False,b,True,True,g_train_5350.jpg,price,"{""original_size"": [720, 960], ""grid_thw"": [[1, 48, 36]], ""processed_hw"": [[768, 576]], ""visual_tokens"": 432}",b,b,False,False,b,True,True,g_train_5350.jpg,price,"{""original_size"": [720, 960], ""grid_thw"": [[1, 48, 36]], ""processed_hw"": [[768, 576]], ""visual_tokens"": 432}",same_correct
train_5362.jpg,d,d,False,False,d,True,True,g_train_5362.jpg,text_other,"{""original_size"": [720, 960], ""grid_thw"": [[1, 48, 36]], ""processed_hw"": [[768, 576]], ""visual_tokens"": 432}",d,d,False,False,d,True,True,g_train_5362.jpg,text_other,"{""original_size"": [720, 960], ""grid_thw"": [[1, 48, 36]], ""processed_hw"": [[768, 576]], ""visual_tokens"": 432}",same_correct
train_5393.jpg,a,a,False,False,a,True,True,g_train_5393.jpg,price,"{""original_size"": [720, 960], ""grid_thw"": [[1, 48, 36]], ""processed_hw"": [[768, 576]], ""visual_tokens"": 432}",a,a,False,False,a,True,True,g_train_5393.jpg,price,"{""original_size"": [720, 960], ""grid_thw"": [[1, 48, 36]], ""processed_hw"": [[768, 576]], ""visual_tokens"": 432}",same_correct
train_5458.jpg,a,a,False,False,a,True,True,g_train_5458.jpg,text_other,"{""original_size"": [720, 1558], ""grid_thw"": [[1, 60, 28]], ""processed_hw"": [[960, 448]], ""visual_tokens"": 420}",a,a,False,False,a,True,True,g_train_5458.jpg,text_other,"{""original_size"": [720, 1558], ""grid_thw"": [[1, 60, 28]], ""processed_hw"": [[960, 448]], ""visual_tokens"": 420}",same_correct
train_5461.jpg,a,a,False,False,a,True,True,g_train_5461.jpg,position,"{""original_size"": [720, 960], ""grid_thw"": [[1, 48, 36]], ""processed_hw"": [[768, 576]], ""visual_tokens"": 432}",a,a,False,False,a,True,True,g_train_5461.jpg,position,"{""original_size"": [720, 960], ""grid_thw"": [[1, 48, 36]], ""processed_hw"": [[768, 576]], ""visual_tokens"": 432}",same_correct
train_5475.jpg,b,b,False,False,b,True,True,g_train_5475.jpg,text_other,"{""original_size"": [960, 720], ""grid_thw"": [[1, 36, 48]], ""processed_hw"": [[576, 768]], ""visual_tokens"": 432}",b,b,False,False,b,True,True,g_train_5475.jpg,text_other,"{""original_size"": [960, 720], ""grid_thw"": [[1, 36, 48]], ""processed_hw"": [[576, 768]], ""visual_tokens"": 432}",same_correct
train_5503.jpg,b,b,False,False,b,True,True,g_train_5503.jpg,text_other,"{""original_size"": [720, 960], ""grid_thw"": [[1, 48, 36]], ""processed_hw"": [[768, 576]], ""visual_tokens"": 432}",b,b,False,False,b,True,True,g_train_5503.jpg,text_other,"{""original_size"": [720, 960], ""grid_thw"": [[1, 48, 36]], ""processed_hw"": [[768, 576]], ""visual_tokens"": 432}",same_correct
train_5517.jpg,d,d,False,False,d,True,True,g_train_5517.jpg,text_other,"{""original_size"": [720, 960], ""grid_thw"": [[1, 48, 36]], ""processed_hw"": [[768, 576]], ""visual_tokens"": 432}",d,d,False,False,d,True,True,g_train_5517.jpg,text_other,"{""original_size"": [720, 960], ""grid_thw"": [[1, 48, 36]], ""processed_hw"": [[768, 576]], ""visual_tokens"": 432}",same_correct
train_5536.jpg,b,b,False,False,b,True,True,g_train_5536.jpg,number,"{""original_size"": [1547, 720], ""grid_thw"": [[1, 28, 60]], ""processed_hw"": [[448, 960]], ""visual_tokens"": 420}",b,b,False,False,b,True,True,g_train_5536.jpg,number,"{""original_size"": [1547, 720], ""grid_thw"": [[1, 28, 60]], ""processed_hw"": [[448, 960]], ""visual_tokens"": 420}",same_correct
train_5542.jpg,c,c,False,False,c,True,True,g_train_5542.jpg,number,"{""original_size"": [720, 720], ""grid_thw"": [[1, 42, 42]], ""processed_hw"": [[672, 672]], ""visual_tokens"": 441}",c,c,False,False,c,True,True,g_train_5542.jpg,number,"{""original_size"": [720, 720], ""grid_thw"": [[1, 42, 42]], ""processed_hw"": [[672, 672]], ""visual_tokens"": 441}",same_correct
train_5555.jpg,a,a,False,False,a,True,True,g_train_5555.jpg,text_other,"{""original_size"": [1440, 720], ""grid_thw"": [[1, 28, 58]], ""processed_hw"": [[448, 928]], ""visual_tokens"": 406}",b,b,False,False,a,False,False,g_train_5555.jpg,text_other,"{""original_size"": [1440, 720], ""grid_thw"": [[1, 28, 58]], ""processed_hw"": [[448, 928]], ""visual_tokens"": 406}",loss
train_5561.jpg,d,d,False,False,d,True,True,g_train_5561.jpg,price,"{""original_size"": [960, 720], ""grid_thw"": [[1, 36, 48]], ""processed_hw"": [[576, 768]], ""visual_tokens"": 432}",d,d,False,False,d,True,True,g_train_5561.jpg,price,"{""original_size"": [960, 720], ""grid_thw"": [[1, 36, 48]], ""processed_hw"": [[576, 768]], ""visual_tokens"": 432}",same_correct
train_5575.jpg,c,c,False,False,c,True,True,g_train_5575.jpg,price,"{""original_size"": [720, 960], ""grid_thw"": [[1, 48, 36]], ""processed_hw"": [[768, 576]], ""visual_tokens"": 432}",c,c,False,False,c,True,True,g_train_5575.jpg,price,"{""original_size"": [720, 960], ""grid_thw"": [[1, 48, 36]], ""processed_hw"": [[768, 576]], ""visual_tokens"": 432}",same_correct
train_5577.jpg,b,b,False,False,b,True,True,g_train_5577.jpg,text_other,"{""original_size"": [720, 960], ""grid_thw"": [[1, 48, 36]], ""processed_hw"": [[768, 576]], ""visual_tokens"": 432}",b,b,False,False,b,True,True,g_train_5577.jpg,text_other,"{""original_size"": [720, 960], ""grid_thw"": [[1, 48, 36]], ""processed_hw"": [[768, 576]], ""visual_tokens"": 432}",same_correct
train_5585.jpg,b,b,False,False,b,True,True,g_train_5585.jpg,text_other,"{""original_size"": [1279, 720], ""grid_thw"": [[1, 30, 54]], ""processed_hw"": [[480, 864]], ""visual_tokens"": 405}",b,b,False,False,b,True,True,g_train_5585.jpg,text_other,"{""original_size"": [1279, 720], ""grid_thw"": [[1, 30, 54]], ""processed_hw"": [[480, 864]], ""visual_tokens"": 405}",same_correct
train_5588.jpg,c,c,False,False,c,True,True,g_train_5588.jpg,text_other,"{""original_size"": [720, 960], ""grid_thw"": [[1, 48, 36]], ""processed_hw"": [[768, 576]], ""visual_tokens"": 432}",c,c,False,False,c,True,True,g_train_5588.jpg,text_other,"{""original_size"": [720, 960], ""grid_thw"": [[1, 48, 36]], ""processed_hw"": [[768, 576]], ""visual_tokens"": 432}",same_correct
train_5604.jpg,a,a,False,False,a,True,True,g_train_5604.jpg,text_other,"{""original_size"": [720, 960], ""grid_thw"": [[1, 48, 36]], ""processed_hw"": [[768, 576]], ""visual_tokens"": 432}",a,a,False,False,a,True,True,g_train_5604.jpg,text_other,"{""original_size"": [720, 960], ""grid_thw"": [[1, 48, 36]], ""processed_hw"": [[768, 576]], ""visual_tokens"": 432}",same_correct
train_5607.jpg,c,c,False,False,c,True,True,g_train_5607.jpg,text_other,"{""original_size"": [720, 960], ""grid_thw"": [[1, 48, 36]], ""processed_hw"": [[768, 576]], ""visual_tokens"": 432}",c,c,False,False,c,True,True,g_train_5607.jpg,text_other,"{""original_size"": [720, 960], ""grid_thw"": [[1, 48, 36]], ""processed_hw"": [[768, 576]], ""visual_tokens"": 432}",same_correct
train_5609.jpg,b,b,False,False,b,True,True,g_train_5609.jpg,text_other,"{""original_size"": [1013, 720], ""grid_thw"": [[1, 34, 48]], ""processed_hw"": [[544, 768]], ""visual_tokens"": 408}",b,b,False,False,b,True,True,g_train_5609.jpg,text_other,"{""original_size"": [1013, 720], ""grid_thw"": [[1, 34, 48]], ""processed_hw"": [[544, 768]], ""visual_tokens"": 408}",same_correct
train_5627.jpg,d,d,False,False,b,False,False,g_train_5627.jpg,text_other,"{""original_size"": [720, 960], ""grid_thw"": [[1, 48, 36]], ""processed_hw"": [[768, 576]], ""visual_tokens"": 432}",d,d,False,False,b,False,False,g_train_5627.jpg,text_other,"{""original_size"": [720, 960], ""grid_thw"": [[1, 48, 36]], ""processed_hw"": [[768, 576]], ""visual_tokens"": 432}",same_wrong
train_5632.jpg,a,a,False,False,a,True,True,g_train_5632.jpg,text_other,"{""original_size"": [960, 720], ""grid_thw"": [[1, 36, 48]], ""processed_hw"": [[576, 768]], ""visual_tokens"": 432}",a,a,False,False,a,True,True,g_train_5632.jpg,text_other,"{""original_size"": [960, 720], ""grid_thw"": [[1, 36, 48]], ""processed_hw"": [[576, 768]], ""visual_tokens"": 432}",same_correct
train_5647.jpg,c,c,False,False,c,True,True,g_train_5647.jpg,text_other,"{""original_size"": [720, 960], ""grid_thw"": [[1, 48, 36]], ""processed_hw"": [[768, 576]], ""visual_tokens"": 432}",c,c,False,False,c,True,True,g_train_5647.jpg,text_other,"{""original_size"": [720, 960], ""grid_thw"": [[1, 48, 36]], ""processed_hw"": [[768, 576]], ""visual_tokens"": 432}",same_correct
train_5649.jpg,c,c,False,False,c,True,True,g_train_5649.jpg,text_other,"{""original_size"": [1280, 720], ""grid_thw"": [[1, 30, 56]], ""processed_hw"": [[480, 896]], ""visual_tokens"": 420}",c,c,False,False,c,True,True,g_train_5649.jpg,text_other,"{""original_size"": [1280, 720], ""grid_thw"": [[1, 30, 56]], ""processed_hw"": [[480, 896]], ""visual_tokens"": 420}",same_correct
train_5659.jpg,c,c,False,False,c,True,True,g_train_5659.jpg,text_other,"{""original_size"": [720, 960], ""grid_thw"": [[1, 48, 36]], ""processed_hw"": [[768, 576]], ""visual_tokens"": 432}",c,c,False,False,c,True,True,g_train_5659.jpg,text_other,"{""original_size"": [720, 960], ""grid_thw"": [[1, 48, 36]], ""processed_hw"": [[768, 576]], ""visual_tokens"": 432}",same_correct
train_5676.jpg,d,d,False,False,d,True,True,g_train_5676.jpg,text_other,"{""original_size"": [720, 960], ""grid_thw"": [[1, 48, 36]], ""processed_hw"": [[768, 576]], ""visual_tokens"": 432}",d,d,False,False,d,True,True,g_train_5676.jpg,text_other,"{""original_size"": [720, 960], ""grid_thw"": [[1, 48, 36]], ""processed_hw"": [[768, 576]], ""visual_tokens"": 432}",same_correct
train_5678.jpg,b,b,False,False,b,True,True,g_train_5678.jpg,text_other,"{""original_size"": [720, 960], ""grid_thw"": [[1, 48, 36]], ""processed_hw"": [[768, 576]], ""visual_tokens"": 432}",b,b,False,False,b,True,True,g_train_5678.jpg,text_other,"{""original_size"": [720, 960], ""grid_thw"": [[1, 48, 36]], ""processed_hw"": [[768, 576]], ""visual_tokens"": 432}",same_correct
train_5687.jpg,c,c,False,False,c,True,True,g_train_5687.jpg,text_other,"{""original_size"": [720, 960], ""grid_thw"": [[1, 48, 36]], ""processed_hw"": [[768, 576]], ""visual_tokens"": 432}",c,c,False,False,c,True,True,g_train_5687.jpg,text_other,"{""original_size"": [720, 960], ""grid_thw"": [[1, 48, 36]], ""processed_hw"": [[768, 576]], ""visual_tokens"": 432}",same_correct
train_5699.jpg,d,d,False,False,d,True,True,g_train_5699.jpg,price,"{""original_size"": [960, 720], ""grid_thw"": [[1, 36, 48]], ""processed_hw"": [[576, 768]], ""visual_tokens"": 432}",d,d,False,False,d,True,True,g_train_5699.jpg,price,"{""original_size"": [960, 720], ""grid_thw"": [[1, 36, 48]], ""processed_hw"": [[576, 768]], ""visual_tokens"": 432}",same_correct
train_5706.jpg,d,d,False,False,d,True,True,g_train_5706.jpg,text_other,"{""original_size"": [720, 960], ""grid_thw"": [[1, 48, 36]], ""processed_hw"": [[768, 576]], ""visual_tokens"": 432}",d,d,False,False,d,True,True,g_train_5706.jpg,text_other,"{""original_size"": [720, 960], ""grid_thw"": [[1, 48, 36]], ""processed_hw"": [[768, 576]], ""visual_tokens"": 432}",same_correct
train_5710.jpg,c,c,False,False,c,True,True,g_train_5710.jpg,text_other,"{""original_size"": [720, 960], ""grid_thw"": [[1, 48, 36]], ""processed_hw"": [[768, 576]], ""visual_tokens"": 432}",c,c,False,False,c,True,True,g_train_5710.jpg,text_other,"{""original_size"": [720, 960], ""grid_thw"": [[1, 48, 36]], ""processed_hw"": [[768, 576]], ""visual_tokens"": 432}",same_correct
train_5758.jpg,a,a,False,False,a,True,True,g_train_5758.jpg,text_other,"{""original_size"": [720, 960], ""grid_thw"": [[1, 48, 36]], ""processed_hw"": [[768, 576]], ""visual_tokens"": 432}",a,a,False,False,a,True,True,g_train_5758.jpg,text_other,"{""original_size"": [720, 960], ""grid_thw"": [[1, 48, 36]], ""processed_hw"": [[768, 576]], ""visual_tokens"": 432}",same_correct
train_5768.jpg,a,a,False,False,a,True,True,g_train_5768.jpg,text_other,"{""original_size"": [720, 960], ""grid_thw"": [[1, 48, 36]], ""processed_hw"": [[768, 576]], ""visual_tokens"": 432}",a,a,False,False,a,True,True,g_train_5768.jpg,text_other,"{""original_size"": [720, 960], ""grid_thw"": [[1, 48, 36]], ""processed_hw"": [[768, 576]], ""visual_tokens"": 432}",same_correct
train_5783.jpg,d,d,False,False,d,True,True,g_train_5783.jpg,text_other,"{""original_size"": [720, 960], ""grid_thw"": [[1, 48, 36]], ""processed_hw"": [[768, 576]], ""visual_tokens"": 432}",d,d,False,False,d,True,True,g_train_5783.jpg,text_other,"{""original_size"": [720, 960], ""grid_thw"": [[1, 48, 36]], ""processed_hw"": [[768, 576]], ""visual_tokens"": 432}",same_correct
train_5839.jpg,c,c,False,False,b,False,False,g_train_5839.jpg,text_other,"{""original_size"": [960, 720], ""grid_thw"": [[1, 36, 48]], ""processed_hw"": [[576, 768]], ""visual_tokens"": 432}",c,c,False,False,b,False,False,g_train_5839.jpg,text_other,"{""original_size"": [960, 720], ""grid_thw"": [[1, 36, 48]], ""processed_hw"": [[576, 768]], ""visual_tokens"": 432}",same_wrong
train_5840.jpg,b,b,False,False,b,True,True,g_train_5840.jpg,text_other,"{""original_size"": [720, 960], ""grid_thw"": [[1, 48, 36]], ""processed_hw"": [[768, 576]], ""visual_tokens"": 432}",b,b,False,False,b,True,True,g_train_5840.jpg,text_other,"{""original_size"": [720, 960], ""grid_thw"": [[1, 48, 36]], ""processed_hw"": [[768, 576]], ""visual_tokens"": 432}",same_correct
train_5862.jpg,a,a,False,False,a,True,True,g_train_5862.jpg,text_other,"{""original_size"": [960, 720], ""grid_thw"": [[1, 36, 48]], ""processed_hw"": [[576, 768]], ""visual_tokens"": 432}",a,a,False,False,a,True,True,g_train_5862.jpg,text_other,"{""original_size"": [960, 720], ""grid_thw"": [[1, 36, 48]], ""processed_hw"": [[576, 768]], ""visual_tokens"": 432}",same_correct
train_5873.jpg,c,c,False,False,a,False,False,g_train_5873.jpg,text_other,"{""original_size"": [960, 720], ""grid_thw"": [[1, 36, 48]], ""processed_hw"": [[576, 768]], ""visual_tokens"": 432}",c,c,False,False,a,False,False,g_train_5873.jpg,text_other,"{""original_size"": [960, 720], ""grid_thw"": [[1, 36, 48]], ""processed_hw"": [[576, 768]], ""visual_tokens"": 432}",same_wrong
train_5883.jpg,b,b,False,False,b,True,True,g_train_5883.jpg,number,"{""original_size"": [720, 960], ""grid_thw"": [[1, 48, 36]], ""processed_hw"": [[768, 576]], ""visual_tokens"": 432}",b,b,False,False,b,True,True,g_train_5883.jpg,number,"{""original_size"": [720, 960], ""grid_thw"": [[1, 48, 36]], ""processed_hw"": [[768, 576]], ""visual_tokens"": 432}",same_correct
train_5889.jpg,b,b,False,False,b,True,True,g_train_5889.jpg,text_other,"{""original_size"": [720, 1279], ""grid_thw"": [[1, 54, 30]], ""processed_hw"": [[864, 480]], ""visual_tokens"": 405}",b,b,False,False,b,True,True,g_train_5889.jpg,text_other,"{""original_size"": [720, 1279], ""grid_thw"": [[1, 54, 30]], ""processed_hw"": [[864, 480]], ""visual_tokens"": 405}",same_correct
train_5892.jpg,d,d,False,False,d,True,True,g_train_5892.jpg,text_other,"{""original_size"": [720, 960], ""grid_thw"": [[1, 48, 36]], ""processed_hw"": [[768, 576]], ""visual_tokens"": 432}",d,d,False,False,d,True,True,g_train_5892.jpg,text_other,"{""original_size"": [720, 960], ""grid_thw"": [[1, 48, 36]], ""processed_hw"": [[768, 576]], ""visual_tokens"": 432}",same_correct
train_5905.jpg,a,a,False,False,a,True,True,g_train_5905.jpg,text_other,"{""original_size"": [720, 960], ""grid_thw"": [[1, 48, 36]], ""processed_hw"": [[768, 576]], ""visual_tokens"": 432}",a,a,False,False,a,True,True,g_train_5905.jpg,text_other,"{""original_size"": [720, 960], ""grid_thw"": [[1, 48, 36]], ""processed_hw"": [[768, 576]], ""visual_tokens"": 432}",same_correct
train_5906.jpg,d,d,False,False,d,True,True,g_train_5906.jpg,negation,"{""original_size"": [720, 1080], ""grid_thw"": [[1, 50, 34]], ""processed_hw"": [[800, 544]], ""visual_tokens"": 425}",d,d,False,False,d,True,True,g_train_5906.jpg,negation,"{""original_size"": [720, 1080], ""grid_thw"": [[1, 50, 34]], ""processed_hw"": [[800, 544]], ""visual_tokens"": 425}",same_correct
train_5917.jpg,d,d,False,False,d,True,True,g_train_5917.jpg,position,"{""original_size"": [720, 960], ""grid_thw"": [[1, 48, 36]], ""processed_hw"": [[768, 576]], ""visual_tokens"": 432}",d,d,False,False,d,True,True,g_train_5917.jpg,position,"{""original_size"": [720, 960], ""grid_thw"": [[1, 48, 36]], ""processed_hw"": [[768, 576]], ""visual_tokens"": 432}",same_correct
train_5924.jpg,c,c,False,False,c,True,True,g_train_5924.jpg,number,"{""original_size"": [720, 960], ""grid_thw"": [[1, 48, 36]], ""processed_hw"": [[768, 576]], ""visual_tokens"": 432}",c,c,False,False,c,True,True,g_train_5924.jpg,number,"{""original_size"": [720, 960], ""grid_thw"": [[1, 48, 36]], ""processed_hw"": [[768, 576]], ""visual_tokens"": 432}",same_correct
train_5933.jpg,b,b,False,False,b,True,True,g_train_5933.jpg,number,"{""original_size"": [720, 720], ""grid_thw"": [[1, 42, 42]], ""processed_hw"": [[672, 672]], ""visual_tokens"": 441}",b,b,False,False,b,True,True,g_train_5933.jpg,number,"{""original_size"": [720, 720], ""grid_thw"": [[1, 42, 42]], ""processed_hw"": [[672, 672]], ""visual_tokens"": 441}",same_correct
train_5938.jpg,a,a,False,False,a,True,True,g_train_5938.jpg,text_other,"{""original_size"": [960, 720], ""grid_thw"": [[1, 36, 48]], ""processed_hw"": [[576, 768]], ""visual_tokens"": 432}",a,a,False,False,a,True,True,g_train_5938.jpg,text_other,"{""original_size"": [960, 720], ""grid_thw"": [[1, 36, 48]], ""processed_hw"": [[576, 768]], ""visual_tokens"": 432}",same_correct
train_5958.jpg,a,a,False,False,a,True,True,g_train_5958.jpg,text_other,"{""original_size"": [3033, 720], ""grid_thw"": [[1, 20, 86]], ""processed_hw"": [[320, 1376]], ""visual_tokens"": 430}",a,a,False,False,a,True,True,g_train_5958.jpg,text_other,"{""original_size"": [3033, 720], ""grid_thw"": [[1, 20, 86]], ""processed_hw"": [[320, 1376]], ""visual_tokens"": 430}",same_correct
train_5959.jpg,b,b,False,False,b,True,True,g_train_5959.jpg,text_other,"{""original_size"": [720, 950], ""grid_thw"": [[1, 48, 36]], ""processed_hw"": [[768, 576]], ""visual_tokens"": 432}",b,b,False,False,b,True,True,g_train_5959.jpg,text_other,"{""original_size"": [720, 950], ""grid_thw"": [[1, 48, 36]], ""processed_hw"": [[768, 576]], ""visual_tokens"": 432}",same_correct
train_5960.jpg,d,d,False,False,d,True,True,g_train_5960.jpg,price,"{""original_size"": [960, 720], ""grid_thw"": [[1, 36, 48]], ""processed_hw"": [[576, 768]], ""visual_tokens"": 432}",d,d,False,False,d,True,True,g_train_5960.jpg,price,"{""original_size"": [960, 720], ""grid_thw"": [[1, 36, 48]], ""processed_hw"": [[576, 768]], ""visual_tokens"": 432}",same_correct
train_5966.jpg,b,b,False,False,b,True,True,g_train_5966.jpg,text_other,"{""original_size"": [720, 960], ""grid_thw"": [[1, 48, 36]], ""processed_hw"": [[768, 576]], ""visual_tokens"": 432}",b,b,False,False,b,True,True,g_train_5966.jpg,text_other,"{""original_size"": [720, 960], ""grid_thw"": [[1, 48, 36]], ""processed_hw"": [[768, 576]], ""visual_tokens"": 432}",same_correct
train_5979.jpg,a,a,False,False,a,True,True,g_train_5979.jpg,text_other,"{""original_size"": [960, 720], ""grid_thw"": [[1, 36, 48]], ""processed_hw"": [[576, 768]], ""visual_tokens"": 432}",a,a,False,False,a,True,True,g_train_5979.jpg,text_other,"{""original_size"": [960, 720], ""grid_thw"": [[1, 36, 48]], ""processed_hw"": [[576, 768]], ""visual_tokens"": 432}",same_correct
train_5999.jpg,c,c,False,False,c,True,True,g_train_5999.jpg,text_other,"{""original_size"": [960, 720], ""grid_thw"": [[1, 36, 48]], ""processed_hw"": [[576, 768]], ""visual_tokens"": 432}",c,c,False,False,c,True,True,g_train_5999.jpg,text_other,"{""original_size"": [960, 720], ""grid_thw"": [[1, 36, 48]], ""processed_hw"": [[576, 768]], ""visual_tokens"": 432}",same_correct
train_6029.jpg,a,a,False,False,a,True,True,g_train_6029.jpg,text_other,"{""original_size"": [720, 960], ""grid_thw"": [[1, 48, 36]], ""processed_hw"": [[768, 576]], ""visual_tokens"": 432}",a,a,False,False,a,True,True,g_train_6029.jpg,text_other,"{""original_size"": [720, 960], ""grid_thw"": [[1, 48, 36]], ""processed_hw"": [[768, 576]], ""visual_tokens"": 432}",same_correct
train_6038.jpg,d,d,False,False,d,True,True,g_train_6038.jpg,text_other,"{""original_size"": [720, 960], ""grid_thw"": [[1, 48, 36]], ""processed_hw"": [[768, 576]], ""visual_tokens"": 432}",d,d,False,False,d,True,True,g_train_6038.jpg,text_other,"{""original_size"": [720, 960], ""grid_thw"": [[1, 48, 36]], ""processed_hw"": [[768, 576]], ""visual_tokens"": 432}",same_correct
train_6046.jpg,b,b,False,False,b,True,True,g_train_6046.jpg,text_other,"{""original_size"": [720, 960], ""grid_thw"": [[1, 48, 36]], ""processed_hw"": [[768, 576]], ""visual_tokens"": 432}",b,b,False,False,b,True,True,g_train_6046.jpg,text_other,"{""original_size"": [720, 960], ""grid_thw"": [[1, 48, 36]], ""processed_hw"": [[768, 576]], ""visual_tokens"": 432}",same_correct
train_6049.jpg,c,c,False,False,c,True,True,g_train_6049.jpg,text_other,"{""original_size"": [720, 960], ""grid_thw"": [[1, 48, 36]], ""processed_hw"": [[768, 576]], ""visual_tokens"": 432}",c,c,False,False,c,True,True,g_train_6049.jpg,text_other,"{""original_size"": [720, 960], ""grid_thw"": [[1, 48, 36]], ""processed_hw"": [[768, 576]], ""visual_tokens"": 432}",same_correct
train_6061.jpg,a,a,False,False,a,True,True,g_train_6061.jpg,text_other,"{""original_size"": [720, 960], ""grid_thw"": [[1, 48, 36]], ""processed_hw"": [[768, 576]], ""visual_tokens"": 432}",a,a,False,False,a,True,True,g_train_6061.jpg,text_other,"{""original_size"": [720, 960], ""grid_thw"": [[1, 48, 36]], ""processed_hw"": [[768, 576]], ""visual_tokens"": 432}",same_correct
train_6075.jpg,a,a,False,False,a,True,True,g_train_6075.jpg,text_other,"{""original_size"": [720, 769], ""grid_thw"": [[1, 42, 40]], ""processed_hw"": [[672, 640]], ""visual_tokens"": 420}",a,a,False,False,a,True,True,g_train_6075.jpg,text_other,"{""original_size"": [720, 769], ""grid_thw"": [[1, 42, 40]], ""processed_hw"": [[672, 640]], ""visual_tokens"": 420}",same_correct
train_6107.jpg,c,c,False,False,c,True,True,g_train_6107.jpg,text_other,"{""original_size"": [720, 1559], ""grid_thw"": [[1, 60, 28]], ""processed_hw"": [[960, 448]], ""visual_tokens"": 420}",c,c,False,False,c,True,True,g_train_6107.jpg,text_other,"{""original_size"": [720, 1559], ""grid_thw"": [[1, 60, 28]], ""processed_hw"": [[960, 448]], ""visual_tokens"": 420}",same_correct
train_6115.jpg,d,d,False,False,d,True,True,g_train_6115.jpg,price,"{""original_size"": [858, 720], ""grid_thw"": [[1, 38, 44]], ""processed_hw"": [[608, 704]], ""visual_tokens"": 418}",d,d,False,False,d,True,True,g_train_6115.jpg,price,"{""original_size"": [858, 720], ""grid_thw"": [[1, 38, 44]], ""processed_hw"": [[608, 704]], ""visual_tokens"": 418}",same_correct
train_6126.jpg,c,c,False,False,c,True,True,g_train_6126.jpg,text_other,"{""original_size"": [720, 960], ""grid_thw"": [[1, 48, 36]], ""processed_hw"": [[768, 576]], ""visual_tokens"": 432}",c,c,False,False,c,True,True,g_train_6126.jpg,text_other,"{""original_size"": [720, 960], ""grid_thw"": [[1, 48, 36]], ""processed_hw"": [[768, 576]], ""visual_tokens"": 432}",same_correct
train_6130.jpg,b,b,False,False,c,False,False,g_train_6130.jpg,position,"{""original_size"": [720, 960], ""grid_thw"": [[1, 48, 36]], ""processed_hw"": [[768, 576]], ""visual_tokens"": 432}",b,b,False,False,c,False,False,g_train_6130.jpg,position,"{""original_size"": [720, 960], ""grid_thw"": [[1, 48, 36]], ""processed_hw"": [[768, 576]], ""visual_tokens"": 432}",same_wrong
train_6131.jpg,a,a,False,False,a,True,True,g_train_6131.jpg,text_other,"{""original_size"": [720, 960], ""grid_thw"": [[1, 48, 36]], ""processed_hw"": [[768, 576]], ""visual_tokens"": 432}",a,a,False,False,a,True,True,g_train_6131.jpg,text_other,"{""original_size"": [720, 960], ""grid_thw"": [[1, 48, 36]], ""processed_hw"": [[768, 576]], ""visual_tokens"": 432}",same_correct
train_6132.jpg,b,b,False,False,b,True,True,g_train_6132.jpg,price,"{""original_size"": [720, 960], ""grid_thw"": [[1, 48, 36]], ""processed_hw"": [[768, 576]], ""visual_tokens"": 432}",b,b,False,False,b,True,True,g_train_6132.jpg,price,"{""original_size"": [720, 960], ""grid_thw"": [[1, 48, 36]], ""processed_hw"": [[768, 576]], ""visual_tokens"": 432}",same_correct
train_6137.jpg,d,d,False,False,d,True,True,g_train_6137.jpg,text_other,"{""original_size"": [1279, 720], ""grid_thw"": [[1, 30, 54]], ""processed_hw"": [[480, 864]], ""visual_tokens"": 405}",d,d,False,False,d,True,True,g_train_6137.jpg,text_other,"{""original_size"": [1279, 720], ""grid_thw"": [[1, 30, 54]], ""processed_hw"": [[480, 864]], ""visual_tokens"": 405}",same_correct
train_6138.jpg,a,a,False,False,a,True,True,g_train_6138.jpg,text_other,"{""original_size"": [720, 960], ""grid_thw"": [[1, 48, 36]], ""processed_hw"": [[768, 576]], ""visual_tokens"": 432}",a,a,False,False,a,True,True,g_train_6138.jpg,text_other,"{""original_size"": [720, 960], ""grid_thw"": [[1, 48, 36]], ""processed_hw"": [[768, 576]], ""visual_tokens"": 432}",same_correct
train_6154.jpg,c,c,False,False,c,True,True,g_train_6154.jpg,negation,"{""original_size"": [720, 960], ""grid_thw"": [[1, 48, 36]], ""processed_hw"": [[768, 576]], ""visual_tokens"": 432}",c,c,False,False,c,True,True,g_train_6154.jpg,negation,"{""original_size"": [720, 960], ""grid_thw"": [[1, 48, 36]], ""processed_hw"": [[768, 576]], ""visual_tokens"": 432}",same_correct
train_6182.jpg,b,b,False,False,b,True,True,g_train_6182.jpg,negation,"{""original_size"": [960, 720], ""grid_thw"": [[1, 36, 48]], ""processed_hw"": [[576, 768]], ""visual_tokens"": 432}",b,b,False,False,b,True,True,g_train_6182.jpg,negation,"{""original_size"": [960, 720], ""grid_thw"": [[1, 36, 48]], ""processed_hw"": [[576, 768]], ""visual_tokens"": 432}",same_correct
train_6185.jpg,a,a,False,False,a,True,True,g_train_6185.jpg,text_other,"{""original_size"": [1280, 720], ""grid_thw"": [[1, 30, 56]], ""processed_hw"": [[480, 896]], ""visual_tokens"": 420}",a,a,False,False,a,True,True,g_train_6185.jpg,text_other,"{""original_size"": [1280, 720], ""grid_thw"": [[1, 30, 56]], ""processed_hw"": [[480, 896]], ""visual_tokens"": 420}",same_correct
train_6196.jpg,d,d,False,False,d,True,True,g_train_6196.jpg,price,"{""original_size"": [720, 960], ""grid_thw"": [[1, 48, 36]], ""processed_hw"": [[768, 576]], ""visual_tokens"": 432}",d,d,False,False,d,True,True,g_train_6196.jpg,price,"{""original_size"": [720, 960], ""grid_thw"": [[1, 48, 36]], ""processed_hw"": [[768, 576]], ""visual_tokens"": 432}",same_correct
train_6205.jpg,c,c,False,False,c,True,True,g_train_6205.jpg,text_other,"{""original_size"": [720, 1034], ""grid_thw"": [[1, 50, 34]], ""processed_hw"": [[800, 544]], ""visual_tokens"": 425}",c,c,False,False,c,True,True,g_train_6205.jpg,text_other,"{""original_size"": [720, 1034], ""grid_thw"": [[1, 50, 34]], ""processed_hw"": [[800, 544]], ""visual_tokens"": 425}",same_correct
train_6206.jpg,c,c,False,False,c,True,True,g_train_6206.jpg,price,"{""original_size"": [720, 960], ""grid_thw"": [[1, 48, 36]], ""processed_hw"": [[768, 576]], ""visual_tokens"": 432}",c,c,False,False,c,True,True,g_train_6206.jpg,price,"{""original_size"": [720, 960], ""grid_thw"": [[1, 48, 36]], ""processed_hw"": [[768, 576]], ""visual_tokens"": 432}",same_correct
train_6211.jpg,c,c,False,False,b,False,False,g_train_6211.jpg,text_other,"{""original_size"": [720, 960], ""grid_thw"": [[1, 48, 36]], ""processed_hw"": [[768, 576]], ""visual_tokens"": 432}",c,c,False,False,b,False,False,g_train_6211.jpg,text_other,"{""original_size"": [720, 960], ""grid_thw"": [[1, 48, 36]], ""processed_hw"": [[768, 576]], ""visual_tokens"": 432}",same_wrong
train_6233.jpg,b,b,False,False,b,True,True,g_train_6233.jpg,position,"{""original_size"": [720, 960], ""grid_thw"": [[1, 48, 36]], ""processed_hw"": [[768, 576]], ""visual_tokens"": 432}",b,b,False,False,b,True,True,g_train_6233.jpg,position,"{""original_size"": [720, 960], ""grid_thw"": [[1, 48, 36]], ""processed_hw"": [[768, 576]], ""visual_tokens"": 432}",same_correct
train_6236.jpg,c,c,False,False,c,True,True,g_train_6236.jpg,text_other,"{""original_size"": [720, 960], ""grid_thw"": [[1, 48, 36]], ""processed_hw"": [[768, 576]], ""visual_tokens"": 432}",c,c,False,False,c,True,True,g_train_6236.jpg,text_other,"{""original_size"": [720, 960], ""grid_thw"": [[1, 48, 36]], ""processed_hw"": [[768, 576]], ""visual_tokens"": 432}",same_correct
train_6239.jpg,a,a,False,False,a,True,True,g_train_6239.jpg,negation,"{""original_size"": [720, 960], ""grid_thw"": [[1, 48, 36]], ""processed_hw"": [[768, 576]], ""visual_tokens"": 432}",a,a,False,False,a,True,True,g_train_6239.jpg,negation,"{""original_size"": [720, 960], ""grid_thw"": [[1, 48, 36]], ""processed_hw"": [[768, 576]], ""visual_tokens"": 432}",same_correct
train_6249.jpg,c,c,False,False,c,True,True,g_train_6249.jpg,text_other,"{""original_size"": [720, 720], ""grid_thw"": [[1, 42, 42]], ""processed_hw"": [[672, 672]], ""visual_tokens"": 441}",c,c,False,False,c,True,True,g_train_6249.jpg,text_other,"{""original_size"": [720, 720], ""grid_thw"": [[1, 42, 42]], ""processed_hw"": [[672, 672]], ""visual_tokens"": 441}",same_correct
train_6251.jpg,a,a,False,False,a,True,True,g_train_6251.jpg,text_other,"{""original_size"": [720, 960], ""grid_thw"": [[1, 48, 36]], ""processed_hw"": [[768, 576]], ""visual_tokens"": 432}",a,a,False,False,a,True,True,g_train_6251.jpg,text_other,"{""original_size"": [720, 960], ""grid_thw"": [[1, 48, 36]], ""processed_hw"": [[768, 576]], ""visual_tokens"": 432}",same_correct
train_6285.jpg,b,b,False,False,b,True,True,g_train_6285.jpg,number,"{""original_size"": [720, 960], ""grid_thw"": [[1, 48, 36]], ""processed_hw"": [[768, 576]], ""visual_tokens"": 432}",b,b,False,False,b,True,True,g_train_6285.jpg,number,"{""original_size"": [720, 960], ""grid_thw"": [[1, 48, 36]], ""processed_hw"": [[768, 576]], ""visual_tokens"": 432}",same_correct
train_6294.jpg,c,c,False,False,c,True,True,g_train_6294.jpg,text_other,"{""original_size"": [720, 960], ""grid_thw"": [[1, 48, 36]], ""processed_hw"": [[768, 576]], ""visual_tokens"": 432}",c,c,False,False,c,True,True,g_train_6294.jpg,text_other,"{""original_size"": [720, 960], ""grid_thw"": [[1, 48, 36]], ""processed_hw"": [[768, 576]], ""visual_tokens"": 432}",same_correct
train_6305.jpg,c,c,False,False,c,True,True,g_train_6305.jpg,text_other,"{""original_size"": [720, 960], ""grid_thw"": [[1, 48, 36]], ""processed_hw"": [[768, 576]], ""visual_tokens"": 432}",c,c,False,False,c,True,True,g_train_6305.jpg,text_other,"{""original_size"": [720, 960], ""grid_thw"": [[1, 48, 36]], ""processed_hw"": [[768, 576]], ""visual_tokens"": 432}",same_correct
train_6308.jpg,c,c,False,False,c,True,True,g_train_6308.jpg,negation,"{""original_size"": [720, 960], ""grid_thw"": [[1, 48, 36]], ""processed_hw"": [[768, 576]], ""visual_tokens"": 432}",c,c,False,False,c,True,True,g_train_6308.jpg,negation,"{""original_size"": [720, 960], ""grid_thw"": [[1, 48, 36]], ""processed_hw"": [[768, 576]], ""visual_tokens"": 432}",same_correct
train_6309.jpg,c,c,False,False,c,True,True,g_train_6309.jpg,text_other,"{""original_size"": [720, 960], ""grid_thw"": [[1, 48, 36]], ""processed_hw"": [[768, 576]], ""visual_tokens"": 432}",c,c,False,False,c,True,True,g_train_6309.jpg,text_other,"{""original_size"": [720, 960], ""grid_thw"": [[1, 48, 36]], ""processed_hw"": [[768, 576]], ""visual_tokens"": 432}",same_correct
train_6317.jpg,c,c,False,False,c,True,True,g_train_6317.jpg,text_other,"{""original_size"": [720, 960], ""grid_thw"": [[1, 48, 36]], ""processed_hw"": [[768, 576]], ""visual_tokens"": 432}",c,c,False,False,c,True,True,g_train_6317.jpg,text_other,"{""original_size"": [720, 960], ""grid_thw"": [[1, 48, 36]], ""processed_hw"": [[768, 576]], ""visual_tokens"": 432}",same_correct
train_6318.jpg,b,b,False,False,b,True,True,g_train_6318.jpg,price,"{""original_size"": [720, 960], ""grid_thw"": [[1, 48, 36]], ""processed_hw"": [[768, 576]], ""visual_tokens"": 432}",b,b,False,False,b,True,True,g_train_6318.jpg,price,"{""original_size"": [720, 960], ""grid_thw"": [[1, 48, 36]], ""processed_hw"": [[768, 576]], ""visual_tokens"": 432}",same_correct
train_6321.jpg,c,c,False,False,c,True,True,g_train_6321.jpg,text_other,"{""original_size"": [720, 960], ""grid_thw"": [[1, 48, 36]], ""processed_hw"": [[768, 576]], ""visual_tokens"": 432}",c,c,False,False,c,True,True,g_train_6321.jpg,text_other,"{""original_size"": [720, 960], ""grid_thw"": [[1, 48, 36]], ""processed_hw"": [[768, 576]], ""visual_tokens"": 432}",same_correct
train_6330.jpg,d,d,False,False,a,False,False,g_train_6330.jpg,number,"{""original_size"": [720, 1279], ""grid_thw"": [[1, 54, 30]], ""processed_hw"": [[864, 480]], ""visual_tokens"": 405}",d,d,False,False,a,False,False,g_train_6330.jpg,number,"{""original_size"": [720, 1279], ""grid_thw"": [[1, 54, 30]], ""processed_hw"": [[864, 480]], ""visual_tokens"": 405}",same_wrong
train_6332.jpg,b,b,False,False,b,True,True,g_train_6332.jpg,text_other,"{""original_size"": [960, 720], ""grid_thw"": [[1, 36, 48]], ""processed_hw"": [[576, 768]], ""visual_tokens"": 432}",b,b,False,False,b,True,True,g_train_6332.jpg,text_other,"{""original_size"": [960, 720], ""grid_thw"": [[1, 36, 48]], ""processed_hw"": [[576, 768]], ""visual_tokens"": 432}",same_correct
train_6377.jpg,c,c,False,False,c,True,True,g_train_6377.jpg,price,"{""original_size"": [720, 1279], ""grid_thw"": [[1, 54, 30]], ""processed_hw"": [[864, 480]], ""visual_tokens"": 405}",c,c,False,False,c,True,True,g_train_6377.jpg,price,"{""original_size"": [720, 1279], ""grid_thw"": [[1, 54, 30]], ""processed_hw"": [[864, 480]], ""visual_tokens"": 405}",same_correct
train_6386.jpg,c,c,False,False,c,True,True,g_train_6386.jpg,text_other,"{""original_size"": [720, 960], ""grid_thw"": [[1, 48, 36]], ""processed_hw"": [[768, 576]], ""visual_tokens"": 432}",c,c,False,False,c,True,True,g_train_6386.jpg,text_other,"{""original_size"": [720, 960], ""grid_thw"": [[1, 48, 36]], ""processed_hw"": [[768, 576]], ""visual_tokens"": 432}",same_correct
train_6421.jpg,d,d,False,False,d,True,True,g_train_6421.jpg,text_other,"{""original_size"": [720, 960], ""grid_thw"": [[1, 48, 36]], ""processed_hw"": [[768, 576]], ""visual_tokens"": 432}",d,d,False,False,d,True,True,g_train_6421.jpg,text_other,"{""original_size"": [720, 960], ""grid_thw"": [[1, 48, 36]], ""processed_hw"": [[768, 576]], ""visual_tokens"": 432}",same_correct
train_6425.jpg,a,a,False,False,a,True,True,g_train_6425.jpg,number,"{""original_size"": [720, 960], ""grid_thw"": [[1, 48, 36]], ""processed_hw"": [[768, 576]], ""visual_tokens"": 432}",a,a,False,False,a,True,True,g_train_6425.jpg,number,"{""original_size"": [720, 960], ""grid_thw"": [[1, 48, 36]], ""processed_hw"": [[768, 576]], ""visual_tokens"": 432}",same_correct
train_6451.jpg,a,a,False,False,a,True,True,g_train_6451.jpg,text_other,"{""original_size"": [720, 960], ""grid_thw"": [[1, 48, 36]], ""processed_hw"": [[768, 576]], ""visual_tokens"": 432}",a,a,False,False,a,True,True,g_train_6451.jpg,text_other,"{""original_size"": [720, 960], ""grid_thw"": [[1, 48, 36]], ""processed_hw"": [[768, 576]], ""visual_tokens"": 432}",same_correct
train_6454.jpg,c,c,False,False,c,True,True,g_train_6454.jpg,text_other,"{""original_size"": [1279, 720], ""grid_thw"": [[1, 30, 54]], ""processed_hw"": [[480, 864]], ""visual_tokens"": 405}",c,c,False,False,c,True,True,g_train_6454.jpg,text_other,"{""original_size"": [1279, 720], ""grid_thw"": [[1, 30, 54]], ""processed_hw"": [[480, 864]], ""visual_tokens"": 405}",same_correct
train_6469.jpg,b,b,False,False,b,True,True,g_train_6469.jpg,price,"{""original_size"": [720, 960], ""grid_thw"": [[1, 48, 36]], ""processed_hw"": [[768, 576]], ""visual_tokens"": 432}",b,b,False,False,b,True,True,g_train_6469.jpg,price,"{""original_size"": [720, 960], ""grid_thw"": [[1, 48, 36]], ""processed_hw"": [[768, 576]], ""visual_tokens"": 432}",same_correct
train_6470.jpg,a,a,False,False,a,True,True,g_train_6470.jpg,number,"{""original_size"": [720, 960], ""grid_thw"": [[1, 48, 36]], ""processed_hw"": [[768, 576]], ""visual_tokens"": 432}",a,a,False,False,a,True,True,g_train_6470.jpg,number,"{""original_size"": [720, 960], ""grid_thw"": [[1, 48, 36]], ""processed_hw"": [[768, 576]], ""visual_tokens"": 432}",same_correct
train_6474.jpg,b,b,False,False,c,False,False,g_train_6474.jpg,text_other,"{""original_size"": [720, 960], ""grid_thw"": [[1, 48, 36]], ""processed_hw"": [[768, 576]], ""visual_tokens"": 432}",b,b,False,False,c,False,False,g_train_6474.jpg,text_other,"{""original_size"": [720, 960], ""grid_thw"": [[1, 48, 36]], ""processed_hw"": [[768, 576]], ""visual_tokens"": 432}",same_wrong
train_6482.jpg,b,b,False,False,b,True,True,g_train_6482.jpg,text_other,"{""original_size"": [720, 960], ""grid_thw"": [[1, 48, 36]], ""processed_hw"": [[768, 576]], ""visual_tokens"": 432}",b,b,False,False,b,True,True,g_train_6482.jpg,text_other,"{""original_size"": [720, 960], ""grid_thw"": [[1, 48, 36]], ""processed_hw"": [[768, 576]], ""visual_tokens"": 432}",same_correct
train_6536.jpg,d,d,False,False,d,True,True,g_train_6536.jpg,text_other,"{""original_size"": [720, 960], ""grid_thw"": [[1, 48, 36]], ""processed_hw"": [[768, 576]], ""visual_tokens"": 432}",d,d,False,False,d,True,True,g_train_6536.jpg,text_other,"{""original_size"": [720, 960], ""grid_thw"": [[1, 48, 36]], ""processed_hw"": [[768, 576]], ""visual_tokens"": 432}",same_correct
train_6543.jpg,a,a,False,False,a,True,True,g_train_6543.jpg,price,"{""original_size"": [1279, 720], ""grid_thw"": [[1, 30, 54]], ""processed_hw"": [[480, 864]], ""visual_tokens"": 405}",a,a,False,False,a,True,True,g_train_6543.jpg,price,"{""original_size"": [1279, 720], ""grid_thw"": [[1, 30, 54]], ""processed_hw"": [[480, 864]], ""visual_tokens"": 405}",same_correct
train_6568.jpg,b,b,False,False,b,True,True,g_train_6568.jpg,text_other,"{""original_size"": [720, 789], ""grid_thw"": [[1, 42, 40]], ""processed_hw"": [[672, 640]], ""visual_tokens"": 420}",b,b,False,False,b,True,True,g_train_6568.jpg,text_other,"{""original_size"": [720, 789], ""grid_thw"": [[1, 42, 40]], ""processed_hw"": [[672, 640]], ""visual_tokens"": 420}",same_correct
train_6599.jpg,b,b,False,False,b,True,True,g_train_6599.jpg,price,"{""original_size"": [960, 720], ""grid_thw"": [[1, 36, 48]], ""processed_hw"": [[576, 768]], ""visual_tokens"": 432}",b,b,False,False,b,True,True,g_train_6599.jpg,price,"{""original_size"": [960, 720], ""grid_thw"": [[1, 36, 48]], ""processed_hw"": [[576, 768]], ""visual_tokens"": 432}",same_correct
train_6643.jpg,c,c,False,False,c,True,True,g_train_6643.jpg,text_other,"{""original_size"": [720, 960], ""grid_thw"": [[1, 48, 36]], ""processed_hw"": [[768, 576]], ""visual_tokens"": 432}",c,c,False,False,c,True,True,g_train_6643.jpg,text_other,"{""original_size"": [720, 960], ""grid_thw"": [[1, 48, 36]], ""processed_hw"": [[768, 576]], ""visual_tokens"": 432}",same_correct
train_6647.jpg,a,a,False,False,a,True,True,g_train_6647.jpg,price,"{""original_size"": [720, 960], ""grid_thw"": [[1, 48, 36]], ""processed_hw"": [[768, 576]], ""visual_tokens"": 432}",a,a,False,False,a,True,True,g_train_6647.jpg,price,"{""original_size"": [720, 960], ""grid_thw"": [[1, 48, 36]], ""processed_hw"": [[768, 576]], ""visual_tokens"": 432}",same_correct
train_6653.jpg,a,a,False,False,a,True,True,g_train_6653.jpg,text_other,"{""original_size"": [720, 960], ""grid_thw"": [[1, 48, 36]], ""processed_hw"": [[768, 576]], ""visual_tokens"": 432}",a,a,False,False,a,True,True,g_train_6653.jpg,text_other,"{""original_size"": [720, 960], ""grid_thw"": [[1, 48, 36]], ""processed_hw"": [[768, 576]], ""visual_tokens"": 432}",same_correct
train_6683.jpg,b,b,False,False,b,True,True,g_train_6683.jpg,text_other,"{""original_size"": [720, 960], ""grid_thw"": [[1, 48, 36]], ""processed_hw"": [[768, 576]], ""visual_tokens"": 432}",b,b,False,False,b,True,True,g_train_6683.jpg,text_other,"{""original_size"": [720, 960], ""grid_thw"": [[1, 48, 36]], ""processed_hw"": [[768, 576]], ""visual_tokens"": 432}",same_correct
train_6684.jpg,c,c,False,False,c,True,True,g_train_6684.jpg,text_other,"{""original_size"": [960, 720], ""grid_thw"": [[1, 36, 48]], ""processed_hw"": [[576, 768]], ""visual_tokens"": 432}",c,c,False,False,c,True,True,g_train_6684.jpg,text_other,"{""original_size"": [960, 720], ""grid_thw"": [[1, 36, 48]], ""processed_hw"": [[576, 768]], ""visual_tokens"": 432}",same_correct
train_6686.jpg,d,d,False,False,d,True,True,g_train_6686.jpg,price,"{""original_size"": [720, 960], ""grid_thw"": [[1, 48, 36]], ""processed_hw"": [[768, 576]], ""visual_tokens"": 432}",d,d,False,False,d,True,True,g_train_6686.jpg,price,"{""original_size"": [720, 960], ""grid_thw"": [[1, 48, 36]], ""processed_hw"": [[768, 576]], ""visual_tokens"": 432}",same_correct
train_6690.jpg,b,b,False,False,b,True,True,g_train_6690.jpg,number,"{""original_size"": [720, 960], ""grid_thw"": [[1, 48, 36]], ""processed_hw"": [[768, 576]], ""visual_tokens"": 432}",b,b,False,False,b,True,True,g_train_6690.jpg,number,"{""original_size"": [720, 960], ""grid_thw"": [[1, 48, 36]], ""processed_hw"": [[768, 576]], ""visual_tokens"": 432}",same_correct
train_6697.jpg,c,c,False,False,c,True,True,g_train_6697.jpg,text_other,"{""original_size"": [720, 960], ""grid_thw"": [[1, 48, 36]], ""processed_hw"": [[768, 576]], ""visual_tokens"": 432}",c,c,False,False,c,True,True,g_train_6697.jpg,text_other,"{""original_size"": [720, 960], ""grid_thw"": [[1, 48, 36]], ""processed_hw"": [[768, 576]], ""visual_tokens"": 432}",same_correct
train_6711.jpg,b,b,False,False,b,True,True,g_train_6711.jpg,text_other,"{""original_size"": [720, 960], ""grid_thw"": [[1, 48, 36]], ""processed_hw"": [[768, 576]], ""visual_tokens"": 432}",b,b,False,False,b,True,True,g_train_6711.jpg,text_other,"{""original_size"": [720, 960], ""grid_thw"": [[1, 48, 36]], ""processed_hw"": [[768, 576]], ""visual_tokens"": 432}",same_correct
